date,gw,player_id,player_name,team,team_short,team_norm,position,is_home,minutes,total_points,goals,assists,clean_sheets,goals_conceded,saves,bonus,bps,xG,xA,defcon,yellow_cards,red_cards,starts,value,defcon_raw
2026-08-21,1,5,J.Timber,Arsenal,ARS,arsenal,DEF,1,0.0,0.0,0.0,0.0,0.0,0.0,0.0,0.0,0.0,0.0,0.0,0.0,0.0,0.0,0.0,65.0,0.0
2026-08-31,2,5,J.Timber,Arsenal,ARS,arsenal,DEF,0,0.0,0.0,0.0,0.0,0.0,0.0,0.0,0.0,0.0,0.0,0.0,0.0,0.0,0.0,0.0,65.0,0.0
2026-09-06,3,5,J.Timber,Arsenal,ARS,arsenal,DEF,1,0.0,0.0,0.0,0.0,0.0,0.0,0.0,0.0,0.0,0.0,0.0,0.0,0.0,0.0,0.0,65.0,0.0
2026-09-12,4,5,J.Timber,Arsenal,ARS,arsenal,DEF,0,45.0,1.0,0.0,0.0,0.0,0.0,0.0,0.0,3.0,0.0,0.01,3.0,0.0,0.0,0.0,65.0,3.0
2026-09-19,5,5,J.Timber,Arsenal,ARS,arsenal,DEF,0,59.0,0.0,0.0,0.0,0.0,3.0,0.0,0.0,-6.0,0.0,0.02,2.0,0.0,0.0,1.0,65.0,2.0
2026-08-21,1,9,Hincapie,Arsenal,ARS,arsenal,DEF,1,9.0,1.0,0.0,0.0,0.0,0.0,0.0,0.0,3.0,0.0,0.0,0.0,0.0,0.0,0.0,55.0,0.0
2026-08-31,2,9,Hincapie,Arsenal,ARS,arsenal,DEF,0,0.0,0.0,0.0,0.0,0.0,0.0,0.0,0.0,0.0,0.0,0.0,0.0,0.0,0.0,0.0,54.0,0.0
2026-09-06,3,9,Hincapie,Arsenal,ARS,arsenal,DEF,1,23.0,1.0,0.0,0.0,0.0,0.0,0.0,0.0,3.0,0.0,0.0,3.0,0.0,0.0,0.0,54.0,3.0
2026-09-12,4,9,Hincapie,Arsenal,ARS,arsenal,DEF,0,0.0,0.0,0.0,0.0,0.0,0.0,0.0,0.0,0.0,0.0,0.0,0.0,0.0,0.0,0.0,53.0,0.0
2026-09-19,5,9,Hincapie,Arsenal,ARS,arsenal,DEF,0,0.0,0.0,0.0,0.0,0.0,0.0,0.0,0.0,0.0,0.0,0.0,0.0,0.0,0.0,0.0,53.0,0.0
2026-08-21,1,11,Mosquera,Arsenal,ARS,arsenal,DEF,1,90.0,6.0,0.0,0.0,1.0,0.0,0.0,0.0,27.0,0.0,0.0,6.0,0.0,0.0,1.0,55.0,6.0
2026-08-31,2,11,Mosquera,Arsenal,ARS,arsenal,DEF,0,78.0,6.0,0.0,0.0,1.0,0.0,0.0,0.0,25.0,0.0,0.01,4.0,0.0,0.0,1.0,55.0,4.0
2026-09-06,3,11,Mosquera,Arsenal,ARS,arsenal,DEF,1,0.0,0.0,0.0,0.0,0.0,0.0,0.0,0.0,0.0,0.0,0.0,0.0,0.0,0.0,0.0,55.0,0.0
2026-09-12,4,11,Mosquera,Arsenal,ARS,arsenal,DEF,0,0.0,0.0,0.0,0.0,0.0,0.0,0.0,0.0,0.0,0.0,0.0,0.0,0.0,0.0,0.0,54.0,0.0
2026-09-19,5,11,Mosquera,Arsenal,ARS,arsenal,DEF,0,0.0,0.0,0.0,0.0,0.0,0.0,0.0,0.0,0.0,0.0,0.0,0.0,0.0,0.0,0.0,53.0,0.0
2026-08-21,1,1,Raya,Arsenal,ARS,arsenal,GKP,1,90.0,6.0,0.0,0.0,1.0,0.0,1.0,0.0,24.0,0.0,0.0,0.0,0.0,0.0,1.0,60.0,0.0
2026-08-31,2,1,Raya,Arsenal,ARS,arsenal,GKP,0,90.0,6.0,0.0,0.0,1.0,0.0,0.0,0.0,21.0,0.0,0.0,0.0,0.0,0.0,1.0,60.0,0.0
2026-09-06,3,1,Raya,Arsenal,ARS,arsenal,GKP,1,90.0,3.0,0.0,0.0,0.0,1.0,4.0,0.0,15.0,0.0,0.01,0.0,0.0,0.0,1.0,60.0,0.0
2026-09-12,4,1,Raya,Arsenal,ARS,arsenal,GKP,0,90.0,14.0,0.0,0.0,1.0,0.0,2.0,3.0,38.0,0.0,0.0,0.0,0.0,0.0,1.0,60.0,0.0
2026-09-19,5,1,Raya,Arsenal,ARS,arsenal,GKP,0,90.0,1.0,0.0,0.0,0.0,3.0,2.0,0.0,6.0,0.0,0.0,0.0,0.0,0.0,1.0,60.0,0.0
2026-08-21,1,12,Saka,Arsenal,ARS,arsenal,MID,1,67.0,9.0,1.0,0.0,1.0,0.0,0.0,1.0,36.0,0.64,0.08,7.0,0.0,0.0,1.0,95.0,7.0
2026-08-31,2,12,Saka,Arsenal,ARS,arsenal,MID,0,90.0,11.0,1.0,0.0,1.0,0.0,0.0,3.0,46.0,0.63,0.04,11.0,0.0,0.0,1.0,95.0,11.0
2026-09-06,3,12,Saka,Arsenal,ARS,arsenal,MID,1,89.0,2.0,0.0,0.0,0.0,1.0,0.0,0.0,13.0,0.23,0.23,4.0,0.0,0.0,1.0,95.0,4.0
2026-09-12,4,12,Saka,Arsenal,ARS,arsenal,MID,0,90.0,8.0,1.0,0.0,1.0,0.0,0.0,0.0,28.0,1.38,0.08,7.0,0.0,0.0,1.0,95.0,7.0
2026-09-19,5,12,Saka,Arsenal,ARS,arsenal,MID,0,80.0,2.0,0.0,0.0,0.0,3.0,0.0,0.0,14.0,0.34,0.55,2.0,0.0,0.0,1.0,95.0,2.0
2026-08-21,1,4,Gabriel,Arsenal,ARS,arsenal,DEF,1,90.0,5.0,0.0,0.0,1.0,0.0,0.0,0.0,21.0,0.05,0.01,4.0,1.0,0.0,1.0,80.0,4.0
2026-08-31,2,4,Gabriel,Arsenal,ARS,arsenal,DEF,0,90.0,8.0,0.0,0.0,1.0,0.0,0.0,0.0,23.0,0.13,0.02,10.0,0.0,0.0,1.0,80.0,10.0
2026-09-06,3,4,Gabriel,Arsenal,ARS,arsenal,DEF,1,90.0,2.0,0.0,0.0,0.0,1.0,0.0,0.0,10.0,0.31,0.02,7.0,0.0,0.0,1.0,80.0,7.0
2026-09-12,4,4,Gabriel,Arsenal,ARS,arsenal,DEF,0,90.0,9.0,0.0,0.0,1.0,0.0,0.0,2.0,30.0,0.02,0.01,11.0,1.0,0.0,1.0,80.0,11.0
2026-09-19,5,4,Gabriel,Arsenal,ARS,arsenal,DEF,0,90.0,1.0,0.0,0.0,0.0,3.0,0.0,0.0,6.0,0.0,0.14,9.0,0.0,0.0,1.0,80.0,9.0
2026-08-21,1,8,Calafiori,Arsenal,ARS,arsenal,DEF,1,80.0,9.0,0.0,1.0,1.0,0.0,0.0,0.0,31.0,0.04,0.09,5.0,0.0,0.0,1.0,55.0,5.0
2026-08-31,2,8,Calafiori,Arsenal,ARS,arsenal,DEF,0,90.0,11.0,0.0,1.0,1.0,0.0,0.0,2.0,30.0,0.11,0.46,3.0,0.0,0.0,1.0,56.0,3.0
2026-09-06,3,8,Calafiori,Arsenal,ARS,arsenal,DEF,1,66.0,2.0,0.0,0.0,0.0,1.0,0.0,0.0,0.0,0.39,0.03,1.0,0.0,0.0,1.0,57.0,1.0
2026-09-12,4,8,Calafiori,Arsenal,ARS,arsenal,DEF,0,90.0,6.0,0.0,0.0,1.0,0.0,0.0,0.0,18.0,0.06,0.01,4.0,0.0,0.0,1.0,58.0,4.0
2026-09-19,5,8,Calafiori,Arsenal,ARS,arsenal,DEF,0,90.0,1.0,0.0,0.0,0.0,3.0,0.0,0.0,-3.0,0.07,0.03,5.0,0.0,0.0,1.0,58.0,5.0
2026-08-21,1,10,White,Arsenal,ARS,arsenal,DEF,1,90.0,11.0,0.0,1.0,1.0,0.0,0.0,2.0,37.0,0.18,0.21,5.0,0.0,0.0,1.0,55.0,5.0
2026-08-31,2,10,White,Arsenal,ARS,arsenal,DEF,0,90.0,7.0,0.0,0.0,1.0,0.0,0.0,1.0,26.0,0.0,0.05,4.0,0.0,0.0,1.0,55.0,4.0
2026-09-06,3,10,White,Arsenal,ARS,arsenal,DEF,1,90.0,2.0,0.0,0.0,0.0,1.0,0.0,0.0,11.0,0.0,0.03,6.0,0.0,0.0,1.0,55.0,6.0
2026-09-12,4,10,White,Arsenal,ARS,arsenal,DEF,0,45.0,1.0,0.0,0.0,0.0,0.0,0.0,0.0,4.0,0.0,0.0,3.0,0.0,0.0,1.0,55.0,3.0
2026-09-19,5,10,White,Arsenal,ARS,arsenal,DEF,0,0.0,0.0,0.0,0.0,0.0,0.0,0.0,0.0,0.0,0.0,0.0,0.0,0.0,0.0,0.0,55.0,0.0
2026-08-21,1,6,Saliba,Arsenal,ARS,arsenal,DEF,1,0.0,0.0,0.0,0.0,0.0,0.0,0.0,0.0,0.0,0.0,0.0,0.0,0.0,0.0,0.0,60.0,0.0
2026-08-31,2,6,Saliba,Arsenal,ARS,arsenal,DEF,0,0.0,0.0,0.0,0.0,0.0,0.0,0.0,0.0,0.0,0.0,0.0,0.0,0.0,0.0,0.0,60.0,0.0
2026-09-06,3,6,Saliba,Arsenal,ARS,arsenal,DEF,1,0.0,0.0,0.0,0.0,0.0,0.0,0.0,0.0,0.0,0.0,0.0,0.0,0.0,0.0,0.0,60.0,0.0
2026-09-12,4,6,Saliba,Arsenal,ARS,arsenal,DEF,0,0.0,0.0,0.0,0.0,0.0,0.0,0.0,0.0,0.0,0.0,0.0,0.0,0.0,0.0,0.0,59.0,0.0
2026-09-19,5,6,Saliba,Arsenal,ARS,arsenal,DEF,0,0.0,0.0,0.0,0.0,0.0,0.0,0.0,0.0,0.0,0.0,0.0,0.0,0.0,0.0,0.0,59.0,0.0
2026-08-21,1,3,Meslier,Arsenal,ARS,arsenal,GKP,1,0.0,0.0,0.0,0.0,0.0,0.0,0.0,0.0,0.0,0.0,0.0,0.0,0.0,0.0,0.0,50.0,0.0
2026-08-31,2,3,Meslier,Arsenal,ARS,arsenal,GKP,0,0.0,0.0,0.0,0.0,0.0,0.0,0.0,0.0,0.0,0.0,0.0,0.0,0.0,0.0,0.0,50.0,0.0
2026-09-06,3,3,Meslier,Arsenal,ARS,arsenal,GKP,1,0.0,0.0,0.0,0.0,0.0,0.0,0.0,0.0,0.0,0.0,0.0,0.0,0.0,0.0,0.0,50.0,0.0
2026-09-12,4,3,Meslier,Arsenal,ARS,arsenal,GKP,0,0.0,0.0,0.0,0.0,0.0,0.0,0.0,0.0,0.0,0.0,0.0,0.0,0.0,0.0,0.0,49.0,0.0
2026-09-19,5,3,Meslier,Arsenal,ARS,arsenal,GKP,0,0.0,0.0,0.0,0.0,0.0,0.0,0.0,0.0,0.0,0.0,0.0,0.0,0.0,0.0,0.0,49.0,0.0
2026-08-21,1,2,Arrizabalaga,Arsenal,ARS,arsenal,GKP,1,0.0,0.0,0.0,0.0,0.0,0.0,0.0,0.0,0.0,0.0,0.0,0.0,0.0,0.0,0.0,50.0,0.0
2026-08-31,2,2,Arrizabalaga,Arsenal,ARS,arsenal,GKP,0,0.0,0.0,0.0,0.0,0.0,0.0,0.0,0.0,0.0,0.0,0.0,0.0,0.0,0.0,0.0,50.0,0.0
2026-09-06,3,2,Arrizabalaga,Arsenal,ARS,arsenal,GKP,1,0.0,0.0,0.0,0.0,0.0,0.0,0.0,0.0,0.0,0.0,0.0,0.0,0.0,0.0,0.0,50.0,0.0
2026-09-12,4,2,Arrizabalaga,Arsenal,ARS,arsenal,GKP,0,0.0,0.0,0.0,0.0,0.0,0.0,0.0,0.0,0.0,0.0,0.0,0.0,0.0,0.0,0.0,49.0,0.0
2026-09-19,5,2,Arrizabalaga,Arsenal,ARS,arsenal,GKP,0,0.0,0.0,0.0,0.0,0.0,0.0,0.0,0.0,0.0,0.0,0.0,0.0,0.0,0.0,0.0,49.0,0.0
2026-08-21,1,7,Lewis-Skelly,Arsenal,ARS,arsenal,MID,1,90.0,3.0,0.0,0.0,1.0,0.0,0.0,0.0,15.0,0.06,0.11,7.0,0.0,0.0,1.0,55.0,7.0
2026-08-31,2,7,Lewis-Skelly,Arsenal,ARS,arsenal,MID,0,70.0,3.0,0.0,0.0,1.0,0.0,0.0,0.0,15.0,0.07,0.02,5.0,0.0,0.0,1.0,55.0,5.0
2026-09-06,3,7,Lewis-Skelly,Arsenal,ARS,arsenal,MID,1,66.0,2.0,0.0,0.0,0.0,1.0,0.0,0.0,5.0,0.03,0.1,2.0,0.0,0.0,1.0,55.0,2.0
2026-09-12,4,7,Lewis-Skelly,Arsenal,ARS,arsenal,MID,0,45.0,1.0,0.0,0.0,0.0,0.0,0.0,0.0,2.0,0.0,0.0,0.0,0.0,0.0,1.0,55.0,0.0
2026-09-19,5,7,Lewis-Skelly,Arsenal,ARS,arsenal,MID,0,0.0,0.0,0.0,0.0,0.0,0.0,0.0,0.0,0.0,0.0,0.0,0.0,0.0,0.0,0.0,55.0,0.0
2026-08-21,1,15,Ødegaard,Arsenal,ARS,arsenal,MID,1,75.0,11.0,1.0,0.0,1.0,0.0,0.0,3.0,41.0,0.21,0.1,8.0,0.0,0.0,1.0,65.0,8.0
2026-08-31,2,15,Ødegaard,Arsenal,ARS,arsenal,MID,0,70.0,3.0,0.0,0.0,1.0,0.0,0.0,0.0,13.0,0.08,0.07,5.0,0.0,0.0,1.0,66.0,5.0
2026-09-06,3,15,Ødegaard,Arsenal,ARS,arsenal,MID,1,76.0,10.0,1.0,0.0,0.0,1.0,0.0,3.0,47.0,0.72,0.88,3.0,0.0,0.0,1.0,66.0,3.0
2026-09-12,4,15,Ødegaard,Arsenal,ARS,arsenal,MID,0,84.0,3.0,0.0,0.0,1.0,0.0,0.0,0.0,26.0,0.0,0.25,5.0,0.0,0.0,1.0,67.0,5.0
2026-09-19,5,15,Ødegaard,Arsenal,ARS,arsenal,MID,0,72.0,2.0,0.0,0.0,0.0,3.0,0.0,0.0,10.0,0.07,0.02,2.0,0.0,0.0,1.0,68.0,2.0
2026-08-21,1,13,Rice,Arsenal,ARS,arsenal,MID,1,67.0,3.0,0.0,0.0,1.0,0.0,0.0,0.0,10.0,0.07,0.08,6.0,0.0,0.0,1.0,75.0,6.0
2026-08-31,2,13,Rice,Arsenal,ARS,arsenal,MID,0,84.0,5.0,0.0,0.0,1.0,0.0,0.0,0.0,19.0,0.0,0.1,12.0,0.0,0.0,1.0,75.0,12.0
2026-09-06,3,13,Rice,Arsenal,ARS,arsenal,MID,1,90.0,5.0,0.0,1.0,0.0,1.0,0.0,0.0,22.0,0.03,0.08,6.0,0.0,0.0,1.0,75.0,6.0
2026-09-12,4,13,Rice,Arsenal,ARS,arsenal,MID,0,80.0,6.0,0.0,1.0,1.0,0.0,0.0,0.0,27.0,0.0,0.37,10.0,0.0,0.0,1.0,74.0,10.0
2026-09-19,5,13,Rice,Arsenal,ARS,arsenal,MID,0,90.0,1.0,0.0,0.0,0.0,3.0,0.0,0.0,13.0,0.02,0.06,8.0,1.0,0.0,1.0,74.0,8.0
2026-08-21,1,14,Eze,Arsenal,ARS,arsenal,MID,1,14.0,1.0,0.0,0.0,0.0,0.0,0.0,0.0,4.0,0.04,0.0,2.0,0.0,0.0,0.0,65.0,2.0
2026-08-31,2,14,Eze,Arsenal,ARS,arsenal,MID,0,45.0,1.0,0.0,0.0,0.0,0.0,0.0,0.0,6.0,0.0,0.07,3.0,0.0,0.0,0.0,65.0,3.0
2026-09-06,3,14,Eze,Arsenal,ARS,arsenal,MID,1,0.0,0.0,0.0,0.0,0.0,0.0,0.0,0.0,0.0,0.0,0.0,0.0,0.0,0.0,0.0,64.0,0.0
2026-09-12,4,14,Eze,Arsenal,ARS,arsenal,MID,0,9.0,1.0,0.0,0.0,0.0,0.0,0.0,0.0,3.0,0.0,0.0,0.0,0.0,0.0,0.0,63.0,0.0
2026-09-19,5,14,Eze,Arsenal,ARS,arsenal,MID,0,17.0,1.0,0.0,0.0,0.0,0.0,0.0,0.0,5.0,0.0,0.02,0.0,0.0,0.0,0.0,63.0,0.0
2026-08-21,1,19,Zubimendi,Arsenal,ARS,arsenal,MID,1,22.0,1.0,0.0,0.0,0.0,0.0,0.0,0.0,3.0,0.0,0.02,3.0,0.0,0.0,0.0,55.0,3.0
2026-08-31,2,19,Zubimendi,Arsenal,ARS,arsenal,MID,0,5.0,1.0,0.0,0.0,0.0,0.0,0.0,0.0,5.0,0.0,0.0,2.0,0.0,0.0,0.0,55.0,2.0
2026-09-06,3,19,Zubimendi,Arsenal,ARS,arsenal,MID,1,23.0,1.0,0.0,0.0,0.0,0.0,0.0,0.0,1.0,0.08,0.02,4.0,0.0,0.0,0.0,54.0,4.0
2026-09-12,4,19,Zubimendi,Arsenal,ARS,arsenal,MID,0,9.0,1.0,0.0,0.0,0.0,0.0,0.0,0.0,5.0,0.0,0.0,2.0,0.0,0.0,0.0,54.0,2.0
2026-09-19,5,19,Zubimendi,Arsenal,ARS,arsenal,MID,0,30.0,1.0,0.0,0.0,0.0,0.0,0.0,0.0,2.0,0.13,0.0,1.0,0.0,0.0,0.0,53.0,1.0
2026-08-21,1,26,Havertz,Arsenal,ARS,arsenal,FWD,1,90.0,6.0,1.0,0.0,1.0,0.0,0.0,0.0,34.0,0.26,0.03,2.0,0.0,0.0,1.0,75.0,2.0
2026-08-31,2,26,Havertz,Arsenal,ARS,arsenal,FWD,0,90.0,2.0,0.0,0.0,1.0,0.0,0.0,0.0,5.0,0.02,0.03,5.0,0.0,0.0,1.0,75.0,5.0
2026-09-06,3,26,Havertz,Arsenal,ARS,arsenal,FWD,1,77.0,8.0,1.0,0.0,0.0,1.0,0.0,2.0,38.0,0.27,0.27,1.0,0.0,0.0,1.0,75.0,1.0
2026-09-12,4,26,Havertz,Arsenal,ARS,arsenal,FWD,0,90.0,1.0,0.0,0.0,1.0,0.0,0.0,0.0,0.0,0.34,0.02,2.0,1.0,0.0,1.0,75.0,2.0
2026-09-19,5,26,Havertz,Arsenal,ARS,arsenal,FWD,0,90.0,2.0,0.0,0.0,0.0,3.0,0.0,0.0,5.0,0.78,0.02,3.0,0.0,0.0,1.0,76.0,3.0
2026-08-21,1,17,Merino,Arsenal,ARS,arsenal,MID,1,14.0,1.0,0.0,0.0,0.0,0.0,0.0,0.0,5.0,0.14,0.02,2.0,0.0,0.0,0.0,60.0,2.0
2026-08-31,2,17,Merino,Arsenal,ARS,arsenal,MID,0,19.0,1.0,0.0,0.0,0.0,0.0,0.0,0.0,7.0,0.0,0.0,4.0,0.0,0.0,0.0,60.0,4.0
2026-09-06,3,17,Merino,Arsenal,ARS,arsenal,MID,1,13.0,0.0,0.0,0.0,0.0,0.0,0.0,0.0,0.0,0.0,0.0,0.0,1.0,0.0,0.0,59.0,0.0
2026-09-12,4,17,Merino,Arsenal,ARS,arsenal,MID,0,5.0,1.0,0.0,0.0,0.0,0.0,0.0,0.0,3.0,0.0,0.0,0.0,0.0,0.0,0.0,58.0,0.0
2026-09-19,5,17,Merino,Arsenal,ARS,arsenal,MID,0,30.0,1.0,0.0,0.0,0.0,0.0,0.0,0.0,4.0,0.0,0.13,4.0,0.0,0.0,0.0,58.0,4.0
2026-08-21,1,18,Martinelli,Arsenal,ARS,arsenal,MID,1,0.0,0.0,0.0,0.0,0.0,0.0,0.0,0.0,0.0,0.0,0.0,0.0,0.0,0.0,0.0,65.0,0.0
2026-08-31,2,18,Martinelli,Arsenal,ARS,arsenal,MID,0,0.0,0.0,0.0,0.0,0.0,0.0,0.0,0.0,0.0,0.0,0.0,0.0,0.0,0.0,0.0,64.0,0.0
2026-09-06,3,18,Martinelli,Arsenal,ARS,arsenal,MID,1,0.0,0.0,0.0,0.0,0.0,0.0,0.0,0.0,0.0,0.0,0.0,0.0,0.0,0.0,0.0,63.0,0.0
2026-09-12,4,18,Martinelli,Arsenal,ARS,arsenal,MID,0,0.0,0.0,0.0,0.0,0.0,0.0,0.0,0.0,0.0,0.0,0.0,0.0,0.0,0.0,0.0,63.0,0.0
2026-09-19,5,18,Martinelli,Arsenal,ARS,arsenal,MID,0,0.0,0.0,0.0,0.0,0.0,0.0,0.0,0.0,0.0,0.0,0.0,0.0,0.0,0.0,0.0,63.0,0.0
2026-08-21,1,16,Madueke,Arsenal,ARS,arsenal,MID,1,22.0,1.0,0.0,0.0,0.0,0.0,0.0,0.0,8.0,0.0,0.04,2.0,0.0,0.0,0.0,65.0,2.0
2026-08-31,2,16,Madueke,Arsenal,ARS,arsenal,MID,0,0.0,0.0,0.0,0.0,0.0,0.0,0.0,0.0,0.0,0.0,0.0,0.0,0.0,0.0,0.0,64.0,0.0
2026-09-06,3,16,Madueke,Arsenal,ARS,arsenal,MID,1,1.0,1.0,0.0,0.0,0.0,0.0,0.0,0.0,3.0,0.0,0.01,1.0,0.0,0.0,0.0,63.0,1.0
2026-09-12,4,16,Madueke,Arsenal,ARS,arsenal,MID,0,0.0,0.0,0.0,0.0,0.0,0.0,0.0,0.0,0.0,0.0,0.0,0.0,0.0,0.0,0.0,63.0,0.0
2026-09-19,5,16,Madueke,Arsenal,ARS,arsenal,MID,0,0.0,0.0,0.0,0.0,0.0,0.0,0.0,0.0,0.0,0.0,0.0,0.0,0.0,0.0,0.0,62.0,0.0
2026-08-21,1,31,Konsa,Arsenal,ARS,arsenal,DEF,1,0.0,0.0,0.0,0.0,0.0,0.0,0.0,0.0,0.0,0.0,0.0,0.0,0.0,0.0,0.0,45.0,0.0
2026-08-31,2,31,Konsa,Arsenal,ARS,arsenal,DEF,0,11.0,1.0,0.0,0.0,0.0,0.0,0.0,0.0,3.0,0.0,0.0,1.0,0.0,0.0,0.0,45.0,1.0
2026-09-06,3,31,Konsa,Arsenal,ARS,arsenal,DEF,1,90.0,4.0,0.0,0.0,0.0,1.0,0.0,0.0,15.0,0.0,0.01,10.0,0.0,0.0,1.0,44.0,10.0
2026-09-12,4,31,Konsa,Arsenal,ARS,arsenal,DEF,0,90.0,6.0,0.0,0.0,1.0,0.0,0.0,0.0,16.0,0.0,0.0,8.0,0.0,0.0,1.0,45.0,8.0
2026-09-19,5,31,Konsa,Arsenal,ARS,arsenal,DEF,0,90.0,1.0,0.0,0.0,0.0,3.0,0.0,0.0,2.0,0.23,0.01,4.0,0.0,0.0,1.0,45.0,4.0
2026-08-21,1,22,Nwaneri,Arsenal,ARS,arsenal,MID,1,0.0,0.0,0.0,0.0,0.0,0.0,0.0,0.0,0.0,0.0,0.0,0.0,0.0,0.0,0.0,55.0,0.0
2026-08-31,2,22,Nwaneri,Arsenal,ARS,arsenal,MID,0,0.0,0.0,0.0,0.0,0.0,0.0,0.0,0.0,0.0,0.0,0.0,0.0,0.0,0.0,0.0,55.0,0.0
2026-09-06,3,22,Nwaneri,Arsenal,ARS,arsenal,MID,1,0.0,0.0,0.0,0.0,0.0,0.0,0.0,0.0,0.0,0.0,0.0,0.0,0.0,0.0,0.0,54.0,0.0
2026-09-12,4,22,Nwaneri,Arsenal,ARS,arsenal,MID,0,0.0,0.0,0.0,0.0,0.0,0.0,0.0,0.0,0.0,0.0,0.0,0.0,0.0,0.0,0.0,54.0,0.0
2026-09-19,5,22,Nwaneri,Arsenal,ARS,arsenal,MID,0,0.0,0.0,0.0,0.0,0.0,0.0,0.0,0.0,0.0,0.0,0.0,0.0,0.0,0.0,0.0,54.0,0.0
2026-08-21,1,20,Dowman,Arsenal,ARS,arsenal,MID,1,0.0,0.0,0.0,0.0,0.0,0.0,0.0,0.0,0.0,0.0,0.0,0.0,0.0,0.0,0.0,55.0,0.0
2026-08-31,2,20,Dowman,Arsenal,ARS,arsenal,MID,0,0.0,0.0,0.0,0.0,0.0,0.0,0.0,0.0,0.0,0.0,0.0,0.0,0.0,0.0,0.0,54.0,0.0
2026-09-06,3,20,Dowman,Arsenal,ARS,arsenal,MID,1,0.0,0.0,0.0,0.0,0.0,0.0,0.0,0.0,0.0,0.0,0.0,0.0,0.0,0.0,0.0,54.0,0.0
2026-09-12,4,20,Dowman,Arsenal,ARS,arsenal,MID,0,0.0,0.0,0.0,0.0,0.0,0.0,0.0,0.0,0.0,0.0,0.0,0.0,0.0,0.0,0.0,53.0,0.0
2026-09-19,5,20,Dowman,Arsenal,ARS,arsenal,MID,0,9.0,1.0,0.0,0.0,0.0,0.0,0.0,0.0,4.0,0.0,0.08,0.0,0.0,0.0,0.0,53.0,0.0
2026-08-21,1,24,Nelson,Arsenal,ARS,arsenal,MID,1,0.0,0.0,0.0,0.0,0.0,0.0,0.0,0.0,0.0,0.0,0.0,0.0,0.0,0.0,0.0,55.0,0.0
2026-08-31,2,24,Nelson,Arsenal,ARS,arsenal,MID,0,0.0,0.0,0.0,0.0,0.0,0.0,0.0,0.0,0.0,0.0,0.0,0.0,0.0,0.0,0.0,55.0,0.0
2026-09-06,3,24,Nelson,Arsenal,ARS,arsenal,MID,1,0.0,0.0,0.0,0.0,0.0,0.0,0.0,0.0,0.0,0.0,0.0,0.0,0.0,0.0,0.0,55.0,0.0
2026-09-12,4,24,Nelson,Arsenal,ARS,arsenal,MID,0,0.0,0.0,0.0,0.0,0.0,0.0,0.0,0.0,0.0,0.0,0.0,0.0,0.0,0.0,0.0,55.0,0.0
2026-09-19,5,24,Nelson,Arsenal,ARS,arsenal,MID,0,0.0,0.0,0.0,0.0,0.0,0.0,0.0,0.0,0.0,0.0,0.0,0.0,0.0,0.0,0.0,55.0,0.0
2026-08-21,1,23,Fábio Vieira,Arsenal,ARS,arsenal,MID,1,0.0,0.0,0.0,0.0,0.0,0.0,0.0,0.0,0.0,0.0,0.0,0.0,0.0,0.0,0.0,55.0,0.0
2026-08-31,2,23,Fábio Vieira,Arsenal,ARS,arsenal,MID,0,0.0,0.0,0.0,0.0,0.0,0.0,0.0,0.0,0.0,0.0,0.0,0.0,0.0,0.0,0.0,55.0,0.0
2026-09-06,3,23,Fábio Vieira,Arsenal,ARS,arsenal,MID,1,0.0,0.0,0.0,0.0,0.0,0.0,0.0,0.0,0.0,0.0,0.0,0.0,0.0,0.0,0.0,55.0,0.0
2026-09-12,4,23,Fábio Vieira,Arsenal,ARS,arsenal,MID,0,0.0,0.0,0.0,0.0,0.0,0.0,0.0,0.0,0.0,0.0,0.0,0.0,0.0,0.0,0.0,55.0,0.0
2026-09-19,5,23,Fábio Vieira,Arsenal,ARS,arsenal,MID,0,0.0,0.0,0.0,0.0,0.0,0.0,0.0,0.0,0.0,0.0,0.0,0.0,0.0,0.0,0.0,55.0,0.0
2026-08-21,1,25,Gyökeres,Arsenal,ARS,arsenal,FWD,1,0.0,0.0,0.0,0.0,0.0,0.0,0.0,0.0,0.0,0.0,0.0,0.0,0.0,0.0,0.0,75.0,0.0
2026-08-31,2,25,Gyökeres,Arsenal,ARS,arsenal,FWD,0,0.0,0.0,0.0,0.0,0.0,0.0,0.0,0.0,0.0,0.0,0.0,0.0,0.0,0.0,0.0,74.0,0.0
2026-09-06,3,25,Gyökeres,Arsenal,ARS,arsenal,FWD,1,12.0,1.0,0.0,0.0,0.0,0.0,0.0,0.0,2.0,0.0,0.0,1.0,0.0,0.0,0.0,73.0,1.0
2026-09-12,4,25,Gyökeres,Arsenal,ARS,arsenal,FWD,0,0.0,0.0,0.0,0.0,0.0,0.0,0.0,0.0,0.0,0.0,0.0,0.0,0.0,0.0,0.0,72.0,0.0
2026-09-19,5,25,Gyökeres,Arsenal,ARS,arsenal,FWD,0,17.0,1.0,0.0,0.0,0.0,0.0,0.0,0.0,5.0,0.0,0.23,0.0,0.0,0.0,0.0,72.0,0.0
2026-08-21,1,557,Tzolis,Arsenal,ARS,arsenal,MID,1,75.0,6.0,0.0,1.0,1.0,0.0,0.0,0.0,30.0,0.19,0.14,6.0,0.0,0.0,1.0,65.0,6.0
2026-08-31,2,557,Tzolis,Arsenal,ARS,arsenal,MID,0,45.0,0.0,0.0,0.0,0.0,0.0,0.0,0.0,1.0,0.0,0.01,3.0,1.0,0.0,1.0,65.0,3.0
2026-09-06,3,557,Tzolis,Arsenal,ARS,arsenal,MID,1,90.0,5.0,0.0,1.0,0.0,1.0,0.0,1.0,31.0,0.0,0.2,8.0,1.0,0.0,1.0,65.0,8.0
2026-09-12,4,557,Tzolis,Arsenal,ARS,arsenal,MID,0,80.0,3.0,0.0,0.0,1.0,0.0,0.0,0.0,10.0,0.0,0.13,3.0,0.0,0.0,1.0,64.0,3.0
2026-09-19,5,557,Tzolis,Arsenal,ARS,arsenal,MID,0,72.0,2.0,0.0,0.0,0.0,3.0,0.0,0.0,9.0,0.0,0.07,3.0,0.0,0.0,1.0,64.0,3.0
2026-08-21,1,27,G.Jesus,Arsenal,ARS,arsenal,FWD,1,0.0,0.0,0.0,0.0,0.0,0.0,0.0,0.0,0.0,0.0,0.0,0.0,0.0,0.0,0.0,60.0,0.0
2026-08-31,2,27,G.Jesus,Arsenal,ARS,arsenal,FWD,0,0.0,0.0,0.0,0.0,0.0,0.0,0.0,0.0,0.0,0.0,0.0,0.0,0.0,0.0,0.0,60.0,0.0
2026-09-06,3,27,G.Jesus,Arsenal,ARS,arsenal,FWD,1,0.0,0.0,0.0,0.0,0.0,0.0,0.0,0.0,0.0,0.0,0.0,0.0,0.0,0.0,0.0,59.0,0.0
2026-09-12,4,27,G.Jesus,Arsenal,ARS,arsenal,FWD,0,0.0,0.0,0.0,0.0,0.0,0.0,0.0,0.0,0.0,0.0,0.0,0.0,0.0,0.0,0.0,59.0,0.0
2026-09-19,5,27,G.Jesus,Arsenal,ARS,arsenal,FWD,0,0.0,0.0,0.0,0.0,0.0,0.0,0.0,0.0,0.0,0.0,0.0,0.0,0.0,0.0,0.0,59.0,0.0
2026-08-21,1,452,Bruno G.,Arsenal,ARS,arsenal,MID,1,0.0,0.0,0.0,0.0,0.0,0.0,0.0,0.0,0.0,0.0,0.0,0.0,0.0,0.0,0.0,70.0,0.0
2026-08-31,2,452,Bruno G.,Arsenal,ARS,arsenal,MID,0,19.0,1.0,0.0,0.0,0.0,0.0,0.0,0.0,4.0,0.0,0.01,3.0,0.0,0.0,0.0,69.0,3.0
2026-09-06,3,452,Bruno G.,Arsenal,ARS,arsenal,MID,1,0.0,0.0,0.0,0.0,0.0,0.0,0.0,0.0,0.0,0.0,0.0,0.0,0.0,0.0,0.0,68.0,0.0
2026-09-12,4,452,Bruno G.,Arsenal,ARS,arsenal,MID,0,45.0,7.0,1.0,0.0,0.0,0.0,0.0,1.0,29.0,0.09,0.14,3.0,0.0,0.0,0.0,68.0,3.0
2026-09-19,5,452,Bruno G.,Arsenal,ARS,arsenal,MID,0,59.0,1.0,0.0,0.0,0.0,3.0,0.0,0.0,12.0,0.0,0.01,6.0,0.0,0.0,1.0,67.0,6.0
2026-08-23,1,33,Mings,Aston Villa,AVL,aston villa,DEF,0,16.0,1.0,0.0,0.0,0.0,0.0,0.0,0.0,5.0,0.0,0.0,1.0,0.0,0.0,0.0,45.0,1.0
2026-08-31,2,33,Mings,Aston Villa,AVL,aston villa,DEF,1,0.0,0.0,0.0,0.0,0.0,0.0,0.0,0.0,0.0,0.0,0.0,0.0,0.0,0.0,0.0,45.0,0.0
2026-09-05,3,33,Mings,Aston Villa,AVL,aston villa,DEF,0,90.0,6.0,0.0,0.0,1.0,0.0,0.0,0.0,28.0,0.11,0.02,5.0,0.0,0.0,1.0,45.0,5.0
2026-09-12,4,33,Mings,Aston Villa,AVL,aston villa,DEF,1,65.0,0.0,0.0,0.0,0.0,2.0,0.0,0.0,0.0,0.09,0.0,5.0,1.0,0.0,0.0,45.0,5.0
2026-09-19,5,33,Mings,Aston Villa,AVL,aston villa,DEF,0,90.0,3.0,0.0,0.0,0.0,2.0,0.0,0.0,10.0,0.0,0.0,13.0,0.0,0.0,1.0,45.0,13.0
2026-08-23,1,29,M.Bizot,Aston Villa,AVL,aston villa,GKP,0,90.0,1.0,0.0,0.0,0.0,4.0,3.0,0.0,1.0,0.0,0.0,0.0,0.0,0.0,1.0,45.0,0.0
2026-08-31,2,29,M.Bizot,Aston Villa,AVL,aston villa,GKP,1,0.0,0.0,0.0,0.0,0.0,0.0,0.0,0.0,0.0,0.0,0.0,0.0,0.0,0.0,0.0,45.0,0.0
2026-09-05,3,29,M.Bizot,Aston Villa,AVL,aston villa,GKP,0,0.0,0.0,0.0,0.0,0.0,0.0,0.0,0.0,0.0,0.0,0.0,0.0,0.0,0.0,0.0,45.0,0.0
2026-09-12,4,29,M.Bizot,Aston Villa,AVL,aston villa,GKP,1,0.0,0.0,0.0,0.0,0.0,0.0,0.0,0.0,0.0,0.0,0.0,0.0,0.0,0.0,0.0,45.0,0.0
2026-09-19,5,29,M.Bizot,Aston Villa,AVL,aston villa,GKP,0,0.0,0.0,0.0,0.0,0.0,0.0,0.0,0.0,0.0,0.0,0.0,0.0,0.0,0.0,0.0,45.0,0.0
2026-08-23,1,32,Cash,Aston Villa,AVL,aston villa,DEF,0,90.0,-1.0,0.0,0.0,0.0,4.0,0.0,0.0,-8.0,0.0,0.0,7.0,1.0,0.0,1.0,45.0,7.0
2026-08-31,2,32,Cash,Aston Villa,AVL,aston villa,DEF,1,77.0,2.0,0.0,0.0,0.0,1.0,0.0,0.0,8.0,0.15,0.01,6.0,0.0,0.0,1.0,45.0,6.0
2026-09-05,3,32,Cash,Aston Villa,AVL,aston villa,DEF,0,84.0,6.0,0.0,0.0,1.0,0.0,0.0,0.0,23.0,0.0,0.03,1.0,0.0,0.0,1.0,45.0,1.0
2026-09-12,4,32,Cash,Aston Villa,AVL,aston villa,DEF,1,0.0,0.0,0.0,0.0,0.0,0.0,0.0,0.0,0.0,0.0,0.0,0.0,0.0,0.0,0.0,45.0,0.0
2026-09-19,5,32,Cash,Aston Villa,AVL,aston villa,DEF,0,45.0,-1.0,0.0,0.0,0.0,2.0,0.0,0.0,-7.0,0.0,0.0,3.0,1.0,0.0,0.0,44.0,3.0
2026-08-23,1,41,Buendía,Aston Villa,AVL,aston villa,MID,0,85.0,2.0,0.0,0.0,0.0,4.0,0.0,0.0,4.0,0.13,0.09,7.0,0.0,0.0,1.0,60.0,7.0
2026-08-31,2,41,Buendía,Aston Villa,AVL,aston villa,MID,1,90.0,2.0,0.0,0.0,0.0,1.0,0.0,0.0,9.0,0.04,0.02,5.0,0.0,0.0,1.0,60.0,5.0
2026-09-05,3,41,Buendía,Aston Villa,AVL,aston villa,MID,0,74.0,3.0,0.0,0.0,1.0,0.0,0.0,0.0,2.0,0.61,0.05,2.0,0.0,0.0,1.0,60.0,2.0
2026-09-12,4,41,Buendía,Aston Villa,AVL,aston villa,MID,1,62.0,2.0,0.0,0.0,0.0,1.0,0.0,0.0,8.0,0.0,0.01,5.0,0.0,0.0,1.0,59.0,5.0
2026-09-19,5,41,Buendía,Aston Villa,AVL,aston villa,MID,0,90.0,12.0,1.0,0.0,0.0,2.0,0.0,3.0,50.0,0.14,0.07,15.0,0.0,0.0,1.0,59.0,15.0
2026-08-23,1,36,Maatsen,Aston Villa,AVL,aston villa,DEF,0,81.0,0.0,0.0,0.0,0.0,4.0,0.0,0.0,-9.0,0.03,0.0,9.0,0.0,0.0,1.0,45.0,9.0
2026-08-31,2,36,Maatsen,Aston Villa,AVL,aston villa,DEF,1,90.0,1.0,0.0,0.0,0.0,1.0,0.0,0.0,-5.0,0.07,0.0,8.0,1.0,0.0,1.0,45.0,8.0
2026-09-05,3,36,Maatsen,Aston Villa,AVL,aston villa,DEF,0,74.0,7.0,0.0,0.0,1.0,0.0,0.0,1.0,29.0,0.0,0.42,3.0,0.0,0.0,1.0,45.0,3.0
2026-09-12,4,36,Maatsen,Aston Villa,AVL,aston villa,DEF,1,90.0,1.0,0.0,0.0,0.0,2.0,0.0,0.0,7.0,0.18,0.03,4.0,0.0,0.0,1.0,45.0,4.0
2026-09-19,5,36,Maatsen,Aston Villa,AVL,aston villa,DEF,0,0.0,0.0,0.0,0.0,0.0,0.0,0.0,0.0,0.0,0.0,0.0,0.0,0.0,0.0,0.0,45.0,0.0
2026-08-23,1,45,McGinn,Aston Villa,AVL,aston villa,MID,0,81.0,1.0,0.0,0.0,0.0,4.0,0.0,0.0,8.0,0.04,0.01,6.0,1.0,0.0,1.0,55.0,6.0
2026-08-31,2,45,McGinn,Aston Villa,AVL,aston villa,MID,1,90.0,1.0,0.0,0.0,0.0,1.0,0.0,0.0,2.0,0.05,0.05,4.0,1.0,0.0,1.0,55.0,4.0
2026-09-05,3,45,McGinn,Aston Villa,AVL,aston villa,MID,0,90.0,3.0,0.0,0.0,1.0,0.0,0.0,0.0,6.0,0.68,0.03,5.0,0.0,0.0,1.0,54.0,5.0
2026-09-12,4,45,McGinn,Aston Villa,AVL,aston villa,MID,1,90.0,6.0,0.0,1.0,0.0,2.0,0.0,1.0,30.0,0.0,0.11,9.0,0.0,0.0,1.0,54.0,9.0
2026-09-19,5,45,McGinn,Aston Villa,AVL,aston villa,MID,0,83.0,6.0,0.0,1.0,1.0,0.0,0.0,0.0,19.0,0.0,0.04,6.0,0.0,0.0,1.0,54.0,6.0
2026-08-23,1,46,Barkley,Aston Villa,AVL,aston villa,MID,0,73.0,2.0,0.0,0.0,0.0,4.0,0.0,0.0,11.0,0.1,0.02,1.0,0.0,0.0,1.0,50.0,1.0
2026-08-31,2,46,Barkley,Aston Villa,AVL,aston villa,MID,1,77.0,2.0,0.0,0.0,0.0,1.0,0.0,0.0,23.0,0.03,0.02,10.0,0.0,0.0,1.0,50.0,10.0
2026-09-05,3,46,Barkley,Aston Villa,AVL,aston villa,MID,0,90.0,3.0,0.0,0.0,1.0,0.0,0.0,0.0,15.0,0.22,0.09,6.0,0.0,0.0,1.0,50.0,6.0
2026-09-12,4,46,Barkley,Aston Villa,AVL,aston villa,MID,1,62.0,2.0,0.0,0.0,0.0,1.0,0.0,0.0,14.0,0.03,0.01,7.0,0.0,0.0,1.0,50.0,7.0
2026-09-19,5,46,Barkley,Aston Villa,AVL,aston villa,MID,0,6.0,1.0,0.0,0.0,0.0,2.0,0.0,0.0,3.0,0.0,0.0,4.0,0.0,0.0,0.0,50.0,4.0
2026-08-23,1,35,Bogarde,Aston Villa,AVL,aston villa,MID,0,16.0,1.0,0.0,0.0,0.0,0.0,0.0,0.0,3.0,0.0,0.0,1.0,0.0,0.0,0.0,50.0,1.0
2026-08-31,2,35,Bogarde,Aston Villa,AVL,aston villa,MID,1,0.0,0.0,0.0,0.0,0.0,0.0,0.0,0.0,0.0,0.0,0.0,0.0,0.0,0.0,0.0,50.0,0.0
2026-09-05,3,35,Bogarde,Aston Villa,AVL,aston villa,MID,0,0.0,0.0,0.0,0.0,0.0,0.0,0.0,0.0,0.0,0.0,0.0,0.0,0.0,0.0,0.0,50.0,0.0
2026-09-12,4,35,Bogarde,Aston Villa,AVL,aston villa,MID,1,0.0,0.0,0.0,0.0,0.0,0.0,0.0,0.0,0.0,0.0,0.0,0.0,0.0,0.0,0.0,50.0,0.0
2026-09-19,5,35,Bogarde,Aston Villa,AVL,aston villa,MID,0,0.0,0.0,0.0,0.0,0.0,0.0,0.0,0.0,0.0,0.0,0.0,0.0,0.0,0.0,0.0,50.0,0.0
2026-08-23,1,38,A.García,Aston Villa,AVL,aston villa,DEF,0,0.0,0.0,0.0,0.0,0.0,0.0,0.0,0.0,0.0,0.0,0.0,0.0,0.0,0.0,0.0,40.0,0.0
2026-08-31,2,38,A.García,Aston Villa,AVL,aston villa,DEF,1,0.0,0.0,0.0,0.0,0.0,0.0,0.0,0.0,0.0,0.0,0.0,0.0,0.0,0.0,0.0,40.0,0.0
2026-09-05,3,38,A.García,Aston Villa,AVL,aston villa,DEF,0,0.0,0.0,0.0,0.0,0.0,0.0,0.0,0.0,0.0,0.0,0.0,0.0,0.0,0.0,0.0,40.0,0.0
2026-09-12,4,38,A.García,Aston Villa,AVL,aston villa,DEF,1,0.0,0.0,0.0,0.0,0.0,0.0,0.0,0.0,0.0,0.0,0.0,0.0,0.0,0.0,0.0,40.0,0.0
2026-09-19,5,38,A.García,Aston Villa,AVL,aston villa,DEF,0,0.0,0.0,0.0,0.0,0.0,0.0,0.0,0.0,0.0,0.0,0.0,0.0,0.0,0.0,0.0,40.0,0.0
2026-08-23,1,47,Kamara,Aston Villa,AVL,aston villa,MID,0,90.0,2.0,0.0,0.0,0.0,4.0,0.0,0.0,9.0,0.0,0.0,7.0,0.0,0.0,1.0,50.0,7.0
2026-08-31,2,47,Kamara,Aston Villa,AVL,aston villa,MID,1,90.0,2.0,0.0,0.0,0.0,1.0,0.0,0.0,13.0,0.0,0.03,8.0,0.0,0.0,1.0,50.0,8.0
2026-09-05,3,47,Kamara,Aston Villa,AVL,aston villa,MID,0,90.0,3.0,0.0,0.0,1.0,0.0,0.0,0.0,20.0,0.0,0.07,10.0,0.0,0.0,1.0,50.0,10.0
2026-09-12,4,47,Kamara,Aston Villa,AVL,aston villa,MID,1,90.0,2.0,0.0,0.0,0.0,2.0,0.0,0.0,17.0,0.0,0.05,5.0,0.0,0.0,1.0,50.0,5.0
2026-09-19,5,47,Kamara,Aston Villa,AVL,aston villa,MID,0,83.0,6.0,0.0,1.0,1.0,0.0,0.0,0.0,26.0,0.12,0.01,6.0,0.0,0.0,1.0,50.0,6.0
2026-08-23,1,34,Pau,Aston Villa,AVL,aston villa,DEF,0,73.0,0.0,0.0,0.0,0.0,4.0,0.0,0.0,-14.0,0.0,0.0,5.0,0.0,0.0,1.0,45.0,5.0
2026-08-31,2,34,Pau,Aston Villa,AVL,aston villa,DEF,1,90.0,2.0,0.0,0.0,0.0,1.0,0.0,0.0,6.0,0.0,0.01,4.0,0.0,0.0,1.0,45.0,4.0
2026-09-05,3,34,Pau,Aston Villa,AVL,aston villa,DEF,0,0.0,0.0,0.0,0.0,0.0,0.0,0.0,0.0,0.0,0.0,0.0,0.0,0.0,0.0,0.0,45.0,0.0
2026-09-12,4,34,Pau,Aston Villa,AVL,aston villa,DEF,1,24.0,1.0,0.0,0.0,0.0,0.0,0.0,0.0,4.0,0.0,0.0,0.0,0.0,0.0,1.0,45.0,0.0
2026-09-19,5,34,Pau,Aston Villa,AVL,aston villa,DEF,0,0.0,0.0,0.0,0.0,0.0,0.0,0.0,0.0,0.0,0.0,0.0,0.0,0.0,0.0,0.0,45.0,0.0
2026-08-23,1,37,Lindelöf,Aston Villa,AVL,aston villa,DEF,0,90.0,-2.0,0.0,0.0,0.0,4.0,0.0,0.0,-13.0,0.0,0.0,3.0,0.0,0.0,1.0,45.0,3.0
2026-08-31,2,37,Lindelöf,Aston Villa,AVL,aston villa,DEF,1,90.0,2.0,0.0,0.0,0.0,1.0,0.0,0.0,10.0,0.0,0.08,7.0,0.0,0.0,1.0,45.0,7.0
2026-09-05,3,37,Lindelöf,Aston Villa,AVL,aston villa,DEF,0,90.0,6.0,0.0,0.0,1.0,0.0,0.0,0.0,28.0,0.0,0.08,4.0,0.0,0.0,1.0,45.0,4.0
2026-09-12,4,37,Lindelöf,Aston Villa,AVL,aston villa,DEF,1,90.0,1.0,0.0,0.0,0.0,2.0,0.0,0.0,2.0,0.44,0.01,2.0,0.0,0.0,1.0,45.0,2.0
2026-09-19,5,37,Lindelöf,Aston Villa,AVL,aston villa,DEF,0,90.0,1.0,0.0,0.0,0.0,2.0,0.0,0.0,1.0,0.0,0.0,6.0,0.0,0.0,1.0,45.0,6.0
2026-08-23,1,30,Digne,Aston Villa,AVL,aston villa,DEF,0,0.0,0.0,0.0,0.0,0.0,0.0,0.0,0.0,0.0,0.0,0.0,0.0,0.0,0.0,0.0,45.0,0.0
2026-08-31,2,30,Digne,Aston Villa,AVL,aston villa,DEF,1,0.0,0.0,0.0,0.0,0.0,0.0,0.0,0.0,0.0,0.0,0.0,0.0,0.0,0.0,0.0,45.0,0.0
2026-09-05,3,30,Digne,Aston Villa,AVL,aston villa,DEF,0,0.0,0.0,0.0,0.0,0.0,0.0,0.0,0.0,0.0,0.0,0.0,0.0,0.0,0.0,0.0,45.0,0.0
2026-09-12,4,30,Digne,Aston Villa,AVL,aston villa,DEF,1,0.0,0.0,0.0,0.0,0.0,0.0,0.0,0.0,0.0,0.0,0.0,0.0,0.0,0.0,0.0,45.0,0.0
2026-09-19,5,30,Digne,Aston Villa,AVL,aston villa,DEF,0,0.0,0.0,0.0,0.0,0.0,0.0,0.0,0.0,0.0,0.0,0.0,0.0,0.0,0.0,0.0,45.0,0.0
2026-08-23,1,39,Nedeljkovic,Aston Villa,AVL,aston villa,DEF,0,0.0,0.0,0.0,0.0,0.0,0.0,0.0,0.0,0.0,0.0,0.0,0.0,0.0,0.0,0.0,40.0,0.0
2026-08-31,2,39,Nedeljkovic,Aston Villa,AVL,aston villa,DEF,1,0.0,0.0,0.0,0.0,0.0,0.0,0.0,0.0,0.0,0.0,0.0,0.0,0.0,0.0,0.0,40.0,0.0
2026-09-05,3,39,Nedeljkovic,Aston Villa,AVL,aston villa,DEF,0,0.0,0.0,0.0,0.0,0.0,0.0,0.0,0.0,0.0,0.0,0.0,0.0,0.0,0.0,0.0,40.0,0.0
2026-09-12,4,39,Nedeljkovic,Aston Villa,AVL,aston villa,DEF,1,0.0,0.0,0.0,0.0,0.0,0.0,0.0,0.0,0.0,0.0,0.0,0.0,0.0,0.0,0.0,40.0,0.0
2026-09-19,5,39,Nedeljkovic,Aston Villa,AVL,aston villa,DEF,0,0.0,0.0,0.0,0.0,0.0,0.0,0.0,0.0,0.0,0.0,0.0,0.0,0.0,0.0,0.0,40.0,0.0
2026-08-23,1,44,Bailey,Aston Villa,AVL,aston villa,MID,0,0.0,0.0,0.0,0.0,0.0,0.0,0.0,0.0,0.0,0.0,0.0,0.0,0.0,0.0,0.0,55.0,0.0
2026-08-31,2,44,Bailey,Aston Villa,AVL,aston villa,MID,1,0.0,0.0,0.0,0.0,0.0,0.0,0.0,0.0,0.0,0.0,0.0,0.0,0.0,0.0,0.0,55.0,0.0
2026-09-05,3,44,Bailey,Aston Villa,AVL,aston villa,MID,0,0.0,0.0,0.0,0.0,0.0,0.0,0.0,0.0,0.0,0.0,0.0,0.0,0.0,0.0,0.0,54.0,0.0
2026-09-12,4,44,Bailey,Aston Villa,AVL,aston villa,MID,1,0.0,0.0,0.0,0.0,0.0,0.0,0.0,0.0,0.0,0.0,0.0,0.0,0.0,0.0,0.0,54.0,0.0
2026-09-19,5,44,Bailey,Aston Villa,AVL,aston villa,MID,0,0.0,0.0,0.0,0.0,0.0,0.0,0.0,0.0,0.0,0.0,0.0,0.0,0.0,0.0,0.0,54.0,0.0
2026-08-23,1,48,Onana,Aston Villa,AVL,aston villa,MID,0,0.0,0.0,0.0,0.0,0.0,0.0,0.0,0.0,0.0,0.0,0.0,0.0,0.0,0.0,0.0,50.0,0.0
2026-08-31,2,48,Onana,Aston Villa,AVL,aston villa,MID,1,0.0,0.0,0.0,0.0,0.0,0.0,0.0,0.0,0.0,0.0,0.0,0.0,0.0,0.0,0.0,50.0,0.0
2026-09-05,3,48,Onana,Aston Villa,AVL,aston villa,MID,0,0.0,0.0,0.0,0.0,0.0,0.0,0.0,0.0,0.0,0.0,0.0,0.0,0.0,0.0,0.0,50.0,0.0
2026-09-12,4,48,Onana,Aston Villa,AVL,aston villa,MID,1,0.0,0.0,0.0,0.0,0.0,0.0,0.0,0.0,0.0,0.0,0.0,0.0,0.0,0.0,0.0,50.0,0.0
2026-09-19,5,48,Onana,Aston Villa,AVL,aston villa,MID,0,0.0,0.0,0.0,0.0,0.0,0.0,0.0,0.0,0.0,0.0,0.0,0.0,0.0,0.0,0.0,49.0,0.0
2026-08-23,1,51,George Hemmings,Aston Villa,AVL,aston villa,MID,0,90.0,2.0,0.0,0.0,0.0,4.0,0.0,0.0,12.0,0.0,0.0,5.0,0.0,0.0,1.0,45.0,5.0
2026-08-31,2,51,George Hemmings,Aston Villa,AVL,aston villa,MID,1,70.0,2.0,0.0,0.0,0.0,1.0,0.0,0.0,5.0,0.0,0.01,6.0,0.0,0.0,1.0,45.0,6.0
2026-09-05,3,51,George Hemmings,Aston Villa,AVL,aston villa,MID,0,74.0,3.0,0.0,0.0,1.0,0.0,0.0,0.0,12.0,0.07,0.14,7.0,0.0,0.0,1.0,45.0,7.0
2026-09-12,4,51,George Hemmings,Aston Villa,AVL,aston villa,MID,1,45.0,1.0,0.0,0.0,0.0,0.0,0.0,0.0,3.0,0.0,0.01,1.0,0.0,0.0,1.0,45.0,1.0
2026-09-19,5,51,George Hemmings,Aston Villa,AVL,aston villa,MID,0,18.0,1.0,0.0,0.0,0.0,2.0,0.0,0.0,2.0,0.0,0.0,0.0,0.0,0.0,0.0,45.0,0.0
2026-08-23,1,49,Iling Jr,Aston Villa,AVL,aston villa,MID,0,0.0,0.0,0.0,0.0,0.0,0.0,0.0,0.0,0.0,0.0,0.0,0.0,0.0,0.0,0.0,50.0,0.0
2026-08-31,2,49,Iling Jr,Aston Villa,AVL,aston villa,MID,1,0.0,0.0,0.0,0.0,0.0,0.0,0.0,0.0,0.0,0.0,0.0,0.0,0.0,0.0,0.0,50.0,0.0
2026-09-05,3,49,Iling Jr,Aston Villa,AVL,aston villa,MID,0,0.0,0.0,0.0,0.0,0.0,0.0,0.0,0.0,0.0,0.0,0.0,0.0,0.0,0.0,0.0,50.0,0.0
2026-09-12,4,49,Iling Jr,Aston Villa,AVL,aston villa,MID,1,0.0,0.0,0.0,0.0,0.0,0.0,0.0,0.0,0.0,0.0,0.0,0.0,0.0,0.0,0.0,50.0,0.0
2026-09-19,5,49,Iling Jr,Aston Villa,AVL,aston villa,MID,0,0.0,0.0,0.0,0.0,0.0,0.0,0.0,0.0,0.0,0.0,0.0,0.0,0.0,0.0,0.0,50.0,0.0
2026-08-23,1,52,Alysson,Aston Villa,AVL,aston villa,MID,0,8.0,1.0,0.0,0.0,0.0,0.0,0.0,0.0,5.0,0.0,0.0,3.0,0.0,0.0,0.0,50.0,3.0
2026-08-31,2,52,Alysson,Aston Villa,AVL,aston villa,MID,1,19.0,0.0,0.0,0.0,0.0,0.0,0.0,0.0,2.0,0.0,0.0,2.0,1.0,0.0,0.0,50.0,2.0
2026-09-05,3,52,Alysson,Aston Villa,AVL,aston villa,MID,0,15.0,1.0,0.0,0.0,0.0,0.0,0.0,0.0,3.0,0.0,0.0,1.0,0.0,0.0,0.0,50.0,1.0
2026-09-12,4,52,Alysson,Aston Villa,AVL,aston villa,MID,1,45.0,6.0,1.0,0.0,0.0,2.0,0.0,0.0,24.0,0.06,0.0,2.0,0.0,0.0,0.0,50.0,2.0
2026-09-19,5,52,Alysson,Aston Villa,AVL,aston villa,MID,0,0.0,0.0,0.0,0.0,0.0,0.0,0.0,0.0,0.0,0.0,0.0,0.0,0.0,0.0,0.0,50.0,0.0
2026-08-23,1,50,Burrowes,Aston Villa,AVL,aston villa,MID,0,0.0,0.0,0.0,0.0,0.0,0.0,0.0,0.0,0.0,0.0,0.0,0.0,0.0,0.0,0.0,45.0,0.0
2026-08-31,2,50,Burrowes,Aston Villa,AVL,aston villa,MID,1,0.0,0.0,0.0,0.0,0.0,0.0,0.0,0.0,0.0,0.0,0.0,0.0,0.0,0.0,0.0,45.0,0.0
2026-09-05,3,50,Burrowes,Aston Villa,AVL,aston villa,MID,0,0.0,0.0,0.0,0.0,0.0,0.0,0.0,0.0,0.0,0.0,0.0,0.0,0.0,0.0,0.0,45.0,0.0
2026-09-12,4,50,Burrowes,Aston Villa,AVL,aston villa,MID,1,0.0,0.0,0.0,0.0,0.0,0.0,0.0,0.0,0.0,0.0,0.0,0.0,0.0,0.0,0.0,45.0,0.0
2026-09-19,5,50,Burrowes,Aston Villa,AVL,aston villa,MID,0,0.0,0.0,0.0,0.0,0.0,0.0,0.0,0.0,0.0,0.0,0.0,0.0,0.0,0.0,0.0,45.0,0.0
2026-08-23,1,56,Abraham,Aston Villa,AVL,aston villa,FWD,0,0.0,0.0,0.0,0.0,0.0,0.0,0.0,0.0,0.0,0.0,0.0,0.0,0.0,0.0,0.0,55.0,0.0
2026-08-31,2,56,Abraham,Aston Villa,AVL,aston villa,FWD,1,19.0,1.0,0.0,0.0,0.0,0.0,0.0,0.0,3.0,0.0,0.0,0.0,0.0,0.0,0.0,55.0,0.0
2026-09-05,3,56,Abraham,Aston Villa,AVL,aston villa,FWD,0,5.0,1.0,0.0,0.0,0.0,0.0,0.0,0.0,3.0,0.0,0.0,1.0,0.0,0.0,0.0,55.0,1.0
2026-09-12,4,56,Abraham,Aston Villa,AVL,aston villa,FWD,1,45.0,1.0,0.0,0.0,0.0,2.0,0.0,0.0,4.0,0.0,0.0,1.0,0.0,0.0,0.0,55.0,1.0
2026-09-19,5,56,Abraham,Aston Villa,AVL,aston villa,FWD,0,2.0,1.0,0.0,0.0,0.0,1.0,0.0,0.0,3.0,0.0,0.0,0.0,0.0,0.0,0.0,55.0,0.0
2026-08-23,1,53,Manzambi,Aston Villa,AVL,aston villa,MID,0,0.0,0.0,0.0,0.0,0.0,0.0,0.0,0.0,0.0,0.0,0.0,0.0,0.0,0.0,0.0,60.0,0.0
2026-08-31,2,53,Manzambi,Aston Villa,AVL,aston villa,MID,1,0.0,0.0,0.0,0.0,0.0,0.0,0.0,0.0,0.0,0.0,0.0,0.0,0.0,0.0,0.0,60.0,0.0
2026-09-05,3,53,Manzambi,Aston Villa,AVL,aston villa,MID,0,0.0,0.0,0.0,0.0,0.0,0.0,0.0,0.0,0.0,0.0,0.0,0.0,0.0,0.0,0.0,59.0,0.0
2026-09-12,4,53,Manzambi,Aston Villa,AVL,aston villa,MID,1,27.0,1.0,0.0,0.0,0.0,1.0,0.0,0.0,3.0,0.0,0.08,2.0,0.0,0.0,0.0,59.0,2.0
2026-09-19,5,53,Manzambi,Aston Villa,AVL,aston villa,MID,0,71.0,13.0,1.0,1.0,1.0,0.0,0.0,2.0,45.0,0.44,0.16,7.0,0.0,0.0,1.0,59.0,7.0
2026-08-23,1,54,Gomes,Aston Villa,AVL,aston villa,MID,0,39.0,-2.0,0.0,0.0,0.0,4.0,0.0,0.0,-2.0,0.0,0.01,7.0,0.0,1.0,1.0,55.0,7.0
2026-08-31,2,54,Gomes,Aston Villa,AVL,aston villa,MID,1,0.0,0.0,0.0,0.0,0.0,0.0,0.0,0.0,0.0,0.0,0.0,0.0,0.0,0.0,0.0,55.0,0.0
2026-09-05,3,54,Gomes,Aston Villa,AVL,aston villa,MID,0,0.0,0.0,0.0,0.0,0.0,0.0,0.0,0.0,0.0,0.0,0.0,0.0,0.0,0.0,0.0,55.0,0.0
2026-09-12,4,54,Gomes,Aston Villa,AVL,aston villa,MID,1,0.0,0.0,0.0,0.0,0.0,0.0,0.0,0.0,0.0,0.0,0.0,0.0,0.0,0.0,0.0,55.0,0.0
2026-09-19,5,54,Gomes,Aston Villa,AVL,aston villa,MID,0,90.0,4.0,0.0,0.0,0.0,2.0,0.0,0.0,13.0,0.0,0.02,13.0,0.0,0.0,1.0,55.0,13.0
2026-08-24,1,166,N.Jackson,Chelsea,CHE,chelsea,FWD,0,0.0,0.0,0.0,0.0,0.0,0.0,0.0,0.0,0.0,0.0,0.0,0.0,0.0,0.0,0.0,65.0,0.0
2026-08-31,2,166,N.Jackson,Aston Villa,AVL,aston villa,FWD,1,70.0,2.0,0.0,0.0,0.0,1.0,0.0,0.0,11.0,0.0,0.1,3.0,0.0,0.0,1.0,65.0,3.0
2026-09-05,3,166,N.Jackson,Aston Villa,AVL,aston villa,FWD,0,84.0,2.0,0.0,0.0,1.0,0.0,0.0,0.0,10.0,0.24,0.44,2.0,0.0,0.0,1.0,65.0,2.0
2026-09-12,4,166,N.Jackson,Aston Villa,AVL,aston villa,FWD,1,45.0,0.0,0.0,0.0,0.0,0.0,0.0,0.0,0.0,0.0,0.04,0.0,1.0,0.0,1.0,65.0,0.0
2026-09-19,5,166,N.Jackson,Aston Villa,AVL,aston villa,FWD,0,87.0,6.0,1.0,0.0,0.0,1.0,0.0,1.0,31.0,0.44,0.02,4.0,1.0,0.0,1.0,65.0,4.0
2026-08-23,1,160,Garnacho,Aston Villa,AVL,aston villa,MID,0,4.0,1.0,0.0,0.0,0.0,0.0,0.0,0.0,2.0,0.0,0.0,0.0,0.0,0.0,0.0,60.0,0.0
2026-08-31,2,160,Garnacho,Aston Villa,AVL,aston villa,MID,1,12.0,1.0,0.0,0.0,0.0,0.0,0.0,0.0,3.0,0.0,0.0,2.0,0.0,0.0,0.0,60.0,2.0
2026-09-05,3,160,Garnacho,Aston Villa,AVL,aston villa,MID,0,15.0,1.0,0.0,0.0,0.0,0.0,0.0,0.0,4.0,0.0,0.0,0.0,0.0,0.0,0.0,59.0,0.0
2026-09-12,4,160,Garnacho,Aston Villa,AVL,aston villa,MID,1,0.0,0.0,0.0,0.0,0.0,0.0,0.0,0.0,0.0,0.0,0.0,0.0,0.0,0.0,0.0,59.0,0.0
2026-09-19,5,160,Garnacho,Aston Villa,AVL,aston villa,MID,0,0.0,0.0,0.0,0.0,0.0,0.0,0.0,0.0,0.0,0.0,0.0,0.0,0.0,0.0,0.0,58.0,0.0
2026-08-23,1,596,Ruggeri,Aston Villa,AVL,aston villa,DEF,0,8.0,1.0,0.0,0.0,0.0,0.0,0.0,0.0,3.0,0.0,0.0,2.0,0.0,0.0,0.0,45.0,2.0
2026-08-31,2,596,Ruggeri,Aston Villa,AVL,aston villa,DEF,1,0.0,0.0,0.0,0.0,0.0,0.0,0.0,0.0,0.0,0.0,0.0,0.0,0.0,0.0,0.0,45.0,0.0
2026-09-05,3,596,Ruggeri,Aston Villa,AVL,aston villa,DEF,0,15.0,1.0,0.0,0.0,0.0,0.0,0.0,0.0,3.0,0.0,0.01,1.0,0.0,0.0,0.0,45.0,1.0
2026-09-12,4,596,Ruggeri,Aston Villa,AVL,aston villa,DEF,1,0.0,0.0,0.0,0.0,0.0,0.0,0.0,0.0,0.0,0.0,0.0,0.0,0.0,0.0,0.0,45.0,0.0
2026-09-19,5,596,Ruggeri,Aston Villa,AVL,aston villa,DEF,0,90.0,3.0,0.0,0.0,0.0,2.0,0.0,0.0,11.0,0.03,0.01,13.0,0.0,0.0,1.0,45.0,13.0
2026-08-23,1,597,Suzuki,Aston Villa,AVL,aston villa,GKP,0,0.0,0.0,0.0,0.0,0.0,0.0,0.0,0.0,0.0,0.0,0.0,0.0,0.0,0.0,0.0,50.0,0.0
2026-08-31,2,597,Suzuki,Aston Villa,AVL,aston villa,GKP,1,90.0,2.0,0.0,0.0,0.0,1.0,1.0,0.0,8.0,0.0,0.0,0.0,0.0,0.0,1.0,50.0,0.0
2026-09-05,3,597,Suzuki,Aston Villa,AVL,aston villa,GKP,0,90.0,10.0,0.0,0.0,1.0,0.0,4.0,3.0,38.0,0.0,0.0,0.0,0.0,0.0,1.0,50.0,0.0
2026-09-12,4,597,Suzuki,Aston Villa,AVL,aston villa,GKP,1,90.0,2.0,0.0,0.0,0.0,2.0,5.0,0.0,17.0,0.0,0.01,0.0,0.0,0.0,1.0,50.0,0.0
2026-09-19,5,597,Suzuki,Aston Villa,AVL,aston villa,GKP,0,90.0,2.0,0.0,0.0,0.0,2.0,5.0,0.0,17.0,0.0,0.0,0.0,0.0,0.0,1.0,50.0,0.0
2026-08-23,1,55,Watkins,Aston Villa,AVL,aston villa,FWD,0,0.0,0.0,0.0,0.0,0.0,0.0,0.0,0.0,0.0,0.0,0.0,0.0,0.0,0.0,0.0,80.0,0.0
2026-08-31,2,55,Watkins,Aston Villa,AVL,aston villa,FWD,1,0.0,0.0,0.0,0.0,0.0,0.0,0.0,0.0,0.0,0.0,0.0,0.0,0.0,0.0,0.0,79.0,0.0
2026-09-05,3,55,Watkins,Aston Villa,AVL,aston villa,FWD,0,0.0,0.0,0.0,0.0,0.0,0.0,0.0,0.0,0.0,0.0,0.0,0.0,0.0,0.0,0.0,78.0,0.0
2026-09-12,4,55,Watkins,Aston Villa,AVL,aston villa,FWD,1,0.0,0.0,0.0,0.0,0.0,0.0,0.0,0.0,0.0,0.0,0.0,0.0,0.0,0.0,0.0,78.0,0.0
2026-09-19,5,55,Watkins,Aston Villa,AVL,aston villa,FWD,0,0.0,0.0,0.0,0.0,0.0,0.0,0.0,0.0,0.0,0.0,0.0,0.0,0.0,0.0,0.0,78.0,0.0
2026-08-23,1,582,Madjo,Aston Villa,AVL,aston villa,FWD,0,0.0,0.0,0.0,0.0,0.0,0.0,0.0,0.0,0.0,0.0,0.0,0.0,0.0,0.0,0.0,55.0,0.0
2026-08-31,2,582,Madjo,Aston Villa,AVL,aston villa,FWD,1,0.0,0.0,0.0,0.0,0.0,0.0,0.0,0.0,0.0,0.0,0.0,0.0,0.0,0.0,0.0,55.0,0.0
2026-09-05,3,582,Madjo,Aston Villa,AVL,aston villa,FWD,0,0.0,0.0,0.0,0.0,0.0,0.0,0.0,0.0,0.0,0.0,0.0,0.0,0.0,0.0,0.0,55.0,0.0
2026-09-12,4,582,Madjo,Aston Villa,AVL,aston villa,FWD,1,0.0,0.0,0.0,0.0,0.0,0.0,0.0,0.0,0.0,0.0,0.0,0.0,0.0,0.0,0.0,55.0,0.0
2026-09-19,5,582,Madjo,Aston Villa,AVL,aston villa,FWD,0,0.0,0.0,0.0,0.0,0.0,0.0,0.0,0.0,0.0,0.0,0.0,0.0,0.0,0.0,0.0,54.0,0.0
2026-08-23,1,607,Lynch,Aston Villa,AVL,aston villa,MID,0,0.0,0.0,0.0,0.0,0.0,0.0,0.0,0.0,0.0,0.0,0.0,0.0,0.0,0.0,0.0,45.0,0.0
2026-08-31,2,607,Lynch,Aston Villa,AVL,aston villa,MID,1,0.0,0.0,0.0,0.0,0.0,0.0,0.0,0.0,0.0,0.0,0.0,0.0,0.0,0.0,0.0,45.0,0.0
2026-09-05,3,607,Lynch,Aston Villa,AVL,aston villa,MID,0,0.0,0.0,0.0,0.0,0.0,0.0,0.0,0.0,0.0,0.0,0.0,0.0,0.0,0.0,0.0,45.0,0.0
2026-09-12,4,607,Lynch,Aston Villa,AVL,aston villa,MID,1,0.0,0.0,0.0,0.0,0.0,0.0,0.0,0.0,0.0,0.0,0.0,0.0,0.0,0.0,0.0,45.0,0.0
2026-09-19,5,607,Lynch,Aston Villa,AVL,aston villa,MID,0,0.0,0.0,0.0,0.0,0.0,0.0,0.0,0.0,0.0,0.0,0.0,0.0,0.0,0.0,0.0,45.0,0.0
2026-08-31,2,611,Wan-Bissaka,Aston Villa,AVL,aston villa,DEF,1,12.0,1.0,0.0,0.0,0.0,0.0,0.0,0.0,4.0,0.0,0.0,2.0,0.0,0.0,0.0,45.0,2.0
2026-09-05,3,611,Wan-Bissaka,Aston Villa,AVL,aston villa,DEF,0,5.0,1.0,0.0,0.0,0.0,0.0,0.0,0.0,3.0,0.0,0.0,1.0,0.0,0.0,0.0,45.0,1.0
2026-09-12,4,611,Wan-Bissaka,Aston Villa,AVL,aston villa,DEF,1,90.0,3.0,0.0,0.0,0.0,2.0,0.0,0.0,11.0,0.0,0.06,12.0,0.0,0.0,1.0,45.0,12.0
2026-09-19,5,611,Wan-Bissaka,Aston Villa,AVL,aston villa,DEF,0,45.0,1.0,0.0,0.0,0.0,0.0,0.0,0.0,6.0,0.0,0.01,6.0,0.0,0.0,1.0,45.0,6.0
2026-08-23,1,57,Petrović,Bournemouth,BOU,bournemouth,GKP,0,90.0,2.0,0.0,0.0,0.0,2.0,4.0,0.0,13.0,0.0,0.0,0.0,0.0,0.0,1.0,45.0,0.0
2026-08-29,2,57,Petrović,Bournemouth,BOU,bournemouth,GKP,1,90.0,3.0,0.0,0.0,0.0,1.0,5.0,0.0,20.0,0.0,0.0,0.0,0.0,0.0,1.0,45.0,0.0
2026-09-05,3,57,Petrović,Bournemouth,BOU,bournemouth,GKP,0,90.0,1.0,0.0,0.0,0.0,2.0,0.0,0.0,0.0,0.0,0.0,0.0,0.0,0.0,1.0,45.0,0.0
2026-09-12,4,57,Petrović,Bournemouth,BOU,bournemouth,GKP,1,90.0,1.0,0.0,0.0,0.0,2.0,0.0,0.0,0.0,0.0,0.0,0.0,0.0,0.0,1.0,45.0,0.0
2026-09-20,5,57,Petrović,Bournemouth,BOU,bournemouth,GKP,1,90.0,2.0,0.0,0.0,0.0,1.0,2.0,0.0,12.0,0.0,0.0,0.0,0.0,0.0,1.0,45.0,0.0
2026-08-23,1,60,Hill,Bournemouth,BOU,bournemouth,DEF,0,90.0,1.0,0.0,0.0,0.0,2.0,0.0,0.0,0.0,0.0,0.0,6.0,0.0,0.0,1.0,55.0,6.0
2026-08-29,2,60,Hill,Bournemouth,BOU,bournemouth,DEF,1,90.0,4.0,0.0,0.0,0.0,1.0,0.0,0.0,19.0,0.0,0.74,12.0,0.0,0.0,1.0,55.0,12.0
2026-09-05,3,60,Hill,Bournemouth,BOU,bournemouth,DEF,0,90.0,1.0,0.0,0.0,0.0,2.0,0.0,0.0,4.0,0.0,0.02,6.0,0.0,0.0,1.0,55.0,6.0
2026-09-12,4,60,Hill,Bournemouth,BOU,bournemouth,DEF,1,90.0,2.0,0.0,0.0,0.0,2.0,0.0,0.0,5.0,0.0,0.01,11.0,1.0,0.0,1.0,55.0,11.0
2026-09-20,5,60,Hill,Bournemouth,BOU,bournemouth,DEF,1,90.0,4.0,0.0,0.0,0.0,1.0,0.0,0.0,15.0,0.0,0.02,15.0,0.0,0.0,1.0,55.0,15.0
2026-08-23,1,606,Rowe,Aston Villa,AVL,aston villa,DEF,0,0.0,0.0,0.0,0.0,0.0,0.0,0.0,0.0,0.0,0.0,0.0,0.0,0.0,0.0,0.0,40.0,0.0
2026-08-31,2,606,Rowe,Aston Villa,AVL,aston villa,DEF,1,0.0,0.0,0.0,0.0,0.0,0.0,0.0,0.0,0.0,0.0,0.0,0.0,0.0,0.0,0.0,40.0,0.0
2026-09-05,3,606,Rowe,Aston Villa,AVL,aston villa,DEF,0,0.0,0.0,0.0,0.0,0.0,0.0,0.0,0.0,0.0,0.0,0.0,0.0,0.0,0.0,0.0,40.0,0.0
2026-09-12,4,606,Rowe,Aston Villa,AVL,aston villa,DEF,1,0.0,0.0,0.0,0.0,0.0,0.0,0.0,0.0,0.0,0.0,0.0,0.0,0.0,0.0,0.0,40.0,0.0
2026-09-19,5,606,Rowe,Aston Villa,AVL,aston villa,DEF,0,0.0,0.0,0.0,0.0,0.0,0.0,0.0,0.0,0.0,0.0,0.0,0.0,0.0,0.0,0.0,40.0,0.0
2026-08-23,1,61,Truffert,Bournemouth,BOU,bournemouth,DEF,0,90.0,1.0,0.0,0.0,0.0,2.0,0.0,0.0,0.0,0.0,0.0,7.0,0.0,0.0,1.0,55.0,7.0
2026-08-29,2,61,Truffert,Bournemouth,BOU,bournemouth,DEF,1,90.0,4.0,0.0,0.0,0.0,1.0,0.0,2.0,27.0,0.0,0.07,9.0,0.0,0.0,1.0,55.0,9.0
2026-09-05,3,61,Truffert,Bournemouth,BOU,bournemouth,DEF,0,90.0,0.0,0.0,0.0,0.0,2.0,0.0,0.0,-3.0,0.01,0.06,6.0,1.0,0.0,1.0,55.0,6.0
2026-09-12,4,61,Truffert,Bournemouth,BOU,bournemouth,DEF,1,90.0,3.0,0.0,0.0,0.0,2.0,0.0,0.0,23.0,0.08,0.1,16.0,0.0,0.0,1.0,55.0,16.0
2026-09-20,5,61,Truffert,Bournemouth,BOU,bournemouth,DEF,1,90.0,2.0,0.0,0.0,0.0,1.0,0.0,0.0,6.0,0.02,0.06,7.0,0.0,0.0,1.0,55.0,7.0
2026-09-05,3,631,Mbaye,Aston Villa,AVL,aston villa,MID,0,0.0,0.0,0.0,0.0,0.0,0.0,0.0,0.0,0.0,0.0,0.0,0.0,0.0,0.0,0.0,60.0,0.0
2026-09-12,4,631,Mbaye,Aston Villa,AVL,aston villa,MID,1,27.0,1.0,0.0,0.0,0.0,1.0,0.0,0.0,6.0,0.02,0.13,2.0,0.0,0.0,0.0,60.0,2.0
2026-09-19,5,631,Mbaye,Aston Villa,AVL,aston villa,MID,0,6.0,1.0,0.0,0.0,0.0,2.0,0.0,0.0,2.0,0.0,0.0,0.0,0.0,0.0,0.0,60.0,0.0
2026-08-23,1,62,Diakité,Bournemouth,BOU,bournemouth,DEF,0,0.0,0.0,0.0,0.0,0.0,0.0,0.0,0.0,0.0,0.0,0.0,0.0,0.0,0.0,0.0,50.0,0.0
2026-08-29,2,62,Diakité,Bournemouth,BOU,bournemouth,DEF,1,0.0,0.0,0.0,0.0,0.0,0.0,0.0,0.0,0.0,0.0,0.0,0.0,0.0,0.0,0.0,50.0,0.0
2026-09-05,3,62,Diakité,Bournemouth,BOU,bournemouth,DEF,0,0.0,0.0,0.0,0.0,0.0,0.0,0.0,0.0,0.0,0.0,0.0,0.0,0.0,0.0,0.0,50.0,0.0
2026-09-12,4,62,Diakité,Bournemouth,BOU,bournemouth,DEF,1,0.0,0.0,0.0,0.0,0.0,0.0,0.0,0.0,0.0,0.0,0.0,0.0,0.0,0.0,0.0,50.0,0.0
2026-09-20,5,62,Diakité,Bournemouth,BOU,bournemouth,DEF,1,0.0,0.0,0.0,0.0,0.0,0.0,0.0,0.0,0.0,0.0,0.0,0.0,0.0,0.0,0.0,50.0,0.0
2026-08-23,1,63,Milosavljević,Bournemouth,BOU,bournemouth,DEF,0,0.0,0.0,0.0,0.0,0.0,0.0,0.0,0.0,0.0,0.0,0.0,0.0,0.0,0.0,0.0,50.0,0.0
2026-08-29,2,63,Milosavljević,Bournemouth,BOU,bournemouth,DEF,1,0.0,0.0,0.0,0.0,0.0,0.0,0.0,0.0,0.0,0.0,0.0,0.0,0.0,0.0,0.0,50.0,0.0
2026-09-05,3,63,Milosavljević,Bournemouth,BOU,bournemouth,DEF,0,0.0,0.0,0.0,0.0,0.0,0.0,0.0,0.0,0.0,0.0,0.0,0.0,0.0,0.0,0.0,50.0,0.0
2026-09-12,4,63,Milosavljević,Bournemouth,BOU,bournemouth,DEF,1,0.0,0.0,0.0,0.0,0.0,0.0,0.0,0.0,0.0,0.0,0.0,0.0,0.0,0.0,0.0,50.0,0.0
2026-09-20,5,63,Milosavljević,Bournemouth,BOU,bournemouth,DEF,1,0.0,0.0,0.0,0.0,0.0,0.0,0.0,0.0,0.0,0.0,0.0,0.0,0.0,0.0,0.0,49.0,0.0
2026-08-31,2,618,Goretzka,Aston Villa,AVL,aston villa,MID,1,0.0,0.0,0.0,0.0,0.0,0.0,0.0,0.0,0.0,0.0,0.0,0.0,0.0,0.0,0.0,60.0,0.0
2026-09-05,3,618,Goretzka,Aston Villa,AVL,aston villa,MID,0,0.0,0.0,0.0,0.0,0.0,0.0,0.0,0.0,0.0,0.0,0.0,0.0,0.0,0.0,0.0,60.0,0.0
2026-09-12,4,618,Goretzka,Aston Villa,AVL,aston villa,MID,1,0.0,0.0,0.0,0.0,0.0,0.0,0.0,0.0,0.0,0.0,0.0,0.0,0.0,0.0,0.0,60.0,0.0
2026-09-19,5,618,Goretzka,Aston Villa,AVL,aston villa,MID,0,0.0,0.0,0.0,0.0,0.0,0.0,0.0,0.0,0.0,0.0,0.0,0.0,0.0,0.0,0.0,59.0,0.0
2026-09-19,5,667,Wright,Aston Villa,AVL,aston villa,GKP,0,0.0,0.0,0.0,0.0,0.0,0.0,0.0,0.0,0.0,0.0,0.0,0.0,0.0,0.0,0.0,40.0,0.0
2026-09-05,3,630,Harwood-Bellis,Aston Villa,AVL,aston villa,DEF,0,0.0,0.0,0.0,0.0,0.0,0.0,0.0,0.0,0.0,0.0,0.0,0.0,0.0,0.0,0.0,45.0,0.0
2026-09-12,4,630,Harwood-Bellis,Aston Villa,AVL,aston villa,DEF,1,0.0,0.0,0.0,0.0,0.0,0.0,0.0,0.0,0.0,0.0,0.0,0.0,0.0,0.0,0.0,45.0,0.0
2026-09-19,5,630,Harwood-Bellis,Aston Villa,AVL,aston villa,DEF,0,0.0,0.0,0.0,0.0,0.0,0.0,0.0,0.0,0.0,0.0,0.0,0.0,0.0,0.0,0.0,45.0,0.0
2026-08-23,1,64,Smith,Bournemouth,BOU,bournemouth,DEF,0,90.0,1.0,0.0,0.0,0.0,2.0,0.0,0.0,4.0,0.0,0.0,5.0,0.0,0.0,1.0,45.0,5.0
2026-08-29,2,64,Smith,Bournemouth,BOU,bournemouth,DEF,1,90.0,1.0,0.0,0.0,0.0,1.0,0.0,0.0,5.0,0.0,0.02,6.0,1.0,0.0,1.0,45.0,6.0
2026-09-05,3,64,Smith,Bournemouth,BOU,bournemouth,DEF,0,90.0,0.0,0.0,0.0,0.0,2.0,0.0,0.0,3.0,0.01,0.04,4.0,1.0,0.0,1.0,45.0,4.0
2026-09-12,4,64,Smith,Bournemouth,BOU,bournemouth,DEF,1,90.0,0.0,0.0,0.0,0.0,2.0,0.0,0.0,-1.0,0.0,0.01,6.0,1.0,0.0,1.0,45.0,6.0
2026-09-20,5,64,Smith,Bournemouth,BOU,bournemouth,DEF,1,74.0,2.0,0.0,0.0,0.0,1.0,0.0,0.0,3.0,0.0,0.02,0.0,0.0,0.0,1.0,45.0,0.0
2026-08-23,1,59,Dennis,Bournemouth,BOU,bournemouth,GKP,0,0.0,0.0,0.0,0.0,0.0,0.0,0.0,0.0,0.0,0.0,0.0,0.0,0.0,0.0,0.0,40.0,0.0
2026-08-29,2,59,Dennis,Bournemouth,BOU,bournemouth,GKP,1,0.0,0.0,0.0,0.0,0.0,0.0,0.0,0.0,0.0,0.0,0.0,0.0,0.0,0.0,0.0,40.0,0.0
2026-09-05,3,59,Dennis,Bournemouth,BOU,bournemouth,GKP,0,0.0,0.0,0.0,0.0,0.0,0.0,0.0,0.0,0.0,0.0,0.0,0.0,0.0,0.0,0.0,40.0,0.0
2026-09-12,4,59,Dennis,Bournemouth,BOU,bournemouth,GKP,1,0.0,0.0,0.0,0.0,0.0,0.0,0.0,0.0,0.0,0.0,0.0,0.0,0.0,0.0,0.0,40.0,0.0
2026-09-20,5,59,Dennis,Bournemouth,BOU,bournemouth,GKP,1,0.0,0.0,0.0,0.0,0.0,0.0,0.0,0.0,0.0,0.0,0.0,0.0,0.0,0.0,0.0,40.0,0.0
2026-08-23,1,65,J.Araujo,Bournemouth,BOU,bournemouth,DEF,0,0.0,0.0,0.0,0.0,0.0,0.0,0.0,0.0,0.0,0.0,0.0,0.0,0.0,0.0,0.0,45.0,0.0
2026-08-29,2,65,J.Araujo,Bournemouth,BOU,bournemouth,DEF,1,0.0,0.0,0.0,0.0,0.0,0.0,0.0,0.0,0.0,0.0,0.0,0.0,0.0,0.0,0.0,45.0,0.0
2026-09-05,3,65,J.Araujo,Bournemouth,BOU,bournemouth,DEF,0,0.0,0.0,0.0,0.0,0.0,0.0,0.0,0.0,0.0,0.0,0.0,0.0,0.0,0.0,0.0,45.0,0.0
2026-09-12,4,65,J.Araujo,Bournemouth,BOU,bournemouth,DEF,1,0.0,0.0,0.0,0.0,0.0,0.0,0.0,0.0,0.0,0.0,0.0,0.0,0.0,0.0,0.0,44.0,0.0
2026-09-20,5,65,J.Araujo,Bournemouth,BOU,bournemouth,DEF,1,0.0,0.0,0.0,0.0,0.0,0.0,0.0,0.0,0.0,0.0,0.0,0.0,0.0,0.0,0.0,44.0,0.0
2026-08-23,1,58,Forster,Bournemouth,BOU,bournemouth,GKP,0,0.0,0.0,0.0,0.0,0.0,0.0,0.0,0.0,0.0,0.0,0.0,0.0,0.0,0.0,0.0,40.0,0.0
2026-08-29,2,58,Forster,Bournemouth,BOU,bournemouth,GKP,1,0.0,0.0,0.0,0.0,0.0,0.0,0.0,0.0,0.0,0.0,0.0,0.0,0.0,0.0,0.0,40.0,0.0
2026-09-05,3,58,Forster,Bournemouth,BOU,bournemouth,GKP,0,0.0,0.0,0.0,0.0,0.0,0.0,0.0,0.0,0.0,0.0,0.0,0.0,0.0,0.0,0.0,40.0,0.0
2026-09-12,4,58,Forster,Bournemouth,BOU,bournemouth,GKP,1,0.0,0.0,0.0,0.0,0.0,0.0,0.0,0.0,0.0,0.0,0.0,0.0,0.0,0.0,0.0,40.0,0.0
2026-09-20,5,58,Forster,Bournemouth,BOU,bournemouth,GKP,1,0.0,0.0,0.0,0.0,0.0,0.0,0.0,0.0,0.0,0.0,0.0,0.0,0.0,0.0,0.0,40.0,0.0
2026-08-23,1,66,Soler,Bournemouth,BOU,bournemouth,DEF,0,0.0,0.0,0.0,0.0,0.0,0.0,0.0,0.0,0.0,0.0,0.0,0.0,0.0,0.0,0.0,40.0,0.0
2026-08-29,2,66,Soler,Bournemouth,BOU,bournemouth,DEF,1,0.0,0.0,0.0,0.0,0.0,0.0,0.0,0.0,0.0,0.0,0.0,0.0,0.0,0.0,0.0,40.0,0.0
2026-09-05,3,66,Soler,Bournemouth,BOU,bournemouth,DEF,0,0.0,0.0,0.0,0.0,0.0,0.0,0.0,0.0,0.0,0.0,0.0,0.0,0.0,0.0,0.0,40.0,0.0
2026-09-12,4,66,Soler,Bournemouth,BOU,bournemouth,DEF,1,0.0,0.0,0.0,0.0,0.0,0.0,0.0,0.0,0.0,0.0,0.0,0.0,0.0,0.0,0.0,40.0,0.0
2026-09-20,5,66,Soler,Bournemouth,BOU,bournemouth,DEF,1,0.0,0.0,0.0,0.0,0.0,0.0,0.0,0.0,0.0,0.0,0.0,0.0,0.0,0.0,0.0,40.0,0.0
2026-08-23,1,67,Rayan,Bournemouth,BOU,bournemouth,MID,0,88.0,2.0,0.0,0.0,0.0,1.0,0.0,0.0,9.0,0.04,0.03,1.0,0.0,0.0,1.0,65.0,1.0
2026-08-29,2,67,Rayan,Bournemouth,BOU,bournemouth,MID,1,90.0,2.0,0.0,0.0,0.0,1.0,0.0,0.0,4.0,0.4,0.02,5.0,0.0,0.0,1.0,65.0,5.0
2026-09-05,3,67,Rayan,Bournemouth,BOU,bournemouth,MID,0,88.0,2.0,0.0,0.0,0.0,2.0,0.0,0.0,8.0,0.04,0.01,2.0,0.0,0.0,1.0,65.0,2.0
2026-09-12,4,67,Rayan,Bournemouth,BOU,bournemouth,MID,1,81.0,2.0,0.0,0.0,0.0,2.0,0.0,0.0,7.0,0.39,0.02,3.0,0.0,0.0,1.0,64.0,3.0
2026-09-20,5,67,Rayan,Bournemouth,BOU,bournemouth,MID,1,87.0,2.0,0.0,0.0,0.0,1.0,0.0,0.0,17.0,0.0,0.35,4.0,0.0,0.0,1.0,64.0,4.0
2026-08-23,1,69,Scott,Bournemouth,BOU,bournemouth,MID,0,90.0,2.0,0.0,0.0,0.0,2.0,0.0,0.0,17.0,0.0,0.01,11.0,0.0,0.0,1.0,60.0,11.0
2026-08-29,2,69,Scott,Bournemouth,BOU,bournemouth,MID,1,86.0,12.0,1.0,0.0,1.0,0.0,0.0,3.0,39.0,0.26,0.27,15.0,1.0,0.0,1.0,60.0,15.0
2026-09-05,3,69,Scott,Bournemouth,BOU,bournemouth,MID,0,90.0,10.0,0.0,2.0,0.0,2.0,0.0,2.0,37.0,0.07,0.02,11.0,0.0,0.0,1.0,60.0,11.0
2026-09-12,4,69,Scott,Bournemouth,BOU,bournemouth,MID,1,90.0,4.0,0.0,0.0,0.0,2.0,0.0,0.0,19.0,0.19,0.05,15.0,0.0,0.0,1.0,61.0,15.0
2026-09-20,5,69,Scott,Bournemouth,BOU,bournemouth,MID,1,90.0,2.0,0.0,0.0,0.0,1.0,0.0,0.0,17.0,0.12,0.07,8.0,0.0,0.0,1.0,61.0,8.0
2026-08-23,1,73,Adams,Bournemouth,BOU,bournemouth,MID,0,15.0,1.0,0.0,0.0,0.0,2.0,0.0,0.0,4.0,0.0,0.0,3.0,0.0,0.0,0.0,50.0,3.0
2026-08-29,2,73,Adams,Bournemouth,BOU,bournemouth,MID,1,21.0,1.0,0.0,0.0,0.0,1.0,0.0,0.0,4.0,0.0,0.0,3.0,0.0,0.0,0.0,50.0,3.0
2026-09-05,3,73,Adams,Bournemouth,BOU,bournemouth,MID,0,75.0,4.0,0.0,0.0,0.0,1.0,0.0,0.0,15.0,0.0,0.01,12.0,0.0,0.0,1.0,50.0,12.0
2026-09-12,4,73,Adams,Bournemouth,BOU,bournemouth,MID,1,81.0,2.0,0.0,0.0,0.0,2.0,0.0,0.0,16.0,0.03,0.02,10.0,0.0,0.0,1.0,50.0,10.0
2026-09-20,5,73,Adams,Bournemouth,BOU,bournemouth,MID,1,87.0,4.0,0.0,0.0,0.0,1.0,0.0,0.0,13.0,0.0,0.04,13.0,0.0,0.0,1.0,50.0,13.0
2026-08-23,1,68,Tavernier,Bournemouth,BOU,bournemouth,MID,0,90.0,10.0,1.0,0.0,0.0,2.0,0.0,3.0,32.0,0.4,0.08,8.0,0.0,0.0,1.0,60.0,8.0
2026-08-29,2,68,Tavernier,Bournemouth,BOU,bournemouth,MID,1,90.0,1.0,0.0,0.0,0.0,1.0,0.0,0.0,20.0,0.09,0.21,11.0,1.0,0.0,1.0,60.0,11.0
2026-09-05,3,68,Tavernier,Bournemouth,BOU,bournemouth,MID,0,88.0,10.0,1.0,0.0,0.0,2.0,0.0,3.0,43.0,1.01,0.05,9.0,0.0,0.0,1.0,60.0,9.0
2026-09-12,4,68,Tavernier,Bournemouth,BOU,bournemouth,MID,1,82.0,8.0,1.0,0.0,0.0,2.0,0.0,2.0,44.0,0.2,0.47,8.0,1.0,0.0,1.0,60.0,8.0
2026-09-20,5,68,Tavernier,Bournemouth,BOU,bournemouth,MID,1,74.0,2.0,0.0,0.0,0.0,1.0,0.0,0.0,14.0,0.0,0.11,6.0,0.0,0.0,1.0,61.0,6.0
2026-08-23,1,72,Gannon-Doak,Bournemouth,BOU,bournemouth,MID,0,1.0,1.0,0.0,0.0,0.0,1.0,0.0,0.0,3.0,0.0,0.0,1.0,0.0,0.0,0.0,50.0,1.0
2026-08-29,2,72,Gannon-Doak,Bournemouth,BOU,bournemouth,MID,1,0.0,0.0,0.0,0.0,0.0,0.0,0.0,0.0,0.0,0.0,0.0,0.0,0.0,0.0,0.0,50.0,0.0
2026-09-05,3,72,Gannon-Doak,Bournemouth,BOU,bournemouth,MID,0,1.0,1.0,0.0,0.0,0.0,0.0,0.0,0.0,3.0,0.02,0.0,2.0,0.0,0.0,0.0,50.0,2.0
2026-09-12,4,72,Gannon-Doak,Bournemouth,BOU,bournemouth,MID,1,8.0,1.0,0.0,0.0,0.0,0.0,0.0,0.0,6.0,0.1,0.03,4.0,0.0,0.0,0.0,49.0,4.0
2026-09-20,5,72,Gannon-Doak,Bournemouth,BOU,bournemouth,MID,1,2.0,1.0,0.0,0.0,0.0,0.0,0.0,0.0,3.0,0.0,0.02,0.0,0.0,0.0,0.0,49.0,0.0
2026-08-23,1,71,Cook,Bournemouth,BOU,bournemouth,MID,0,75.0,3.0,0.0,0.0,1.0,0.0,0.0,0.0,8.0,0.0,0.0,7.0,0.0,0.0,1.0,50.0,7.0
2026-08-29,2,71,Cook,Bournemouth,BOU,bournemouth,MID,1,68.0,3.0,0.0,0.0,1.0,0.0,0.0,0.0,13.0,0.0,0.01,2.0,0.0,0.0,1.0,50.0,2.0
2026-09-05,3,71,Cook,Bournemouth,BOU,bournemouth,MID,0,14.0,1.0,0.0,0.0,0.0,1.0,0.0,0.0,2.0,0.0,0.0,1.0,0.0,0.0,0.0,50.0,1.0
2026-09-12,4,71,Cook,Bournemouth,BOU,bournemouth,MID,1,8.0,0.0,0.0,0.0,0.0,0.0,0.0,0.0,-1.0,0.0,0.0,2.0,1.0,0.0,0.0,50.0,2.0
2026-09-20,5,71,Cook,Bournemouth,BOU,bournemouth,MID,1,15.0,1.0,0.0,0.0,0.0,0.0,0.0,0.0,3.0,0.0,0.0,2.0,0.0,0.0,0.0,50.0,2.0
2026-08-23,1,74,Brooks,Bournemouth,BOU,bournemouth,MID,0,0.0,0.0,0.0,0.0,0.0,0.0,0.0,0.0,0.0,0.0,0.0,0.0,0.0,0.0,0.0,50.0,0.0
2026-08-29,2,74,Brooks,Bournemouth,BOU,bournemouth,MID,1,9.0,1.0,0.0,0.0,0.0,1.0,0.0,0.0,3.0,0.0,0.01,0.0,0.0,0.0,0.0,50.0,0.0
2026-09-05,3,74,Brooks,Bournemouth,BOU,bournemouth,MID,0,14.0,1.0,0.0,0.0,0.0,1.0,0.0,0.0,2.0,0.0,0.0,0.0,0.0,0.0,0.0,50.0,0.0
2026-09-12,4,74,Brooks,Bournemouth,BOU,bournemouth,MID,1,7.0,0.0,0.0,0.0,0.0,0.0,0.0,0.0,-1.0,0.0,0.0,3.0,1.0,0.0,0.0,50.0,3.0
2026-09-20,5,74,Brooks,Bournemouth,BOU,bournemouth,MID,1,15.0,1.0,0.0,0.0,0.0,0.0,0.0,0.0,4.0,0.0,0.06,2.0,0.0,0.0,0.0,50.0,2.0
2026-08-23,1,76,Tóth.A,Bournemouth,BOU,bournemouth,MID,0,15.0,1.0,0.0,0.0,0.0,2.0,0.0,0.0,5.0,0.0,0.0,2.0,0.0,0.0,0.0,50.0,2.0
2026-08-29,2,76,Tóth.A,Bournemouth,BOU,bournemouth,MID,1,0.0,0.0,0.0,0.0,0.0,0.0,0.0,0.0,0.0,0.0,0.0,0.0,0.0,0.0,0.0,50.0,0.0
2026-09-05,3,76,Tóth.A,Bournemouth,BOU,bournemouth,MID,0,0.0,0.0,0.0,0.0,0.0,0.0,0.0,0.0,0.0,0.0,0.0,0.0,0.0,0.0,0.0,50.0,0.0
2026-09-12,4,76,Tóth.A,Bournemouth,BOU,bournemouth,MID,1,0.0,0.0,0.0,0.0,0.0,0.0,0.0,0.0,0.0,0.0,0.0,0.0,0.0,0.0,0.0,50.0,0.0
2026-09-20,5,76,Tóth.A,Bournemouth,BOU,bournemouth,MID,1,2.0,1.0,0.0,0.0,0.0,0.0,0.0,0.0,3.0,0.0,0.0,0.0,0.0,0.0,0.0,49.0,0.0
2026-08-23,1,75,Christie,Bournemouth,BOU,bournemouth,MID,0,0.0,0.0,0.0,0.0,0.0,0.0,0.0,0.0,0.0,0.0,0.0,0.0,0.0,0.0,0.0,50.0,0.0
2026-08-29,2,75,Christie,Bournemouth,BOU,bournemouth,MID,1,3.0,1.0,0.0,0.0,0.0,1.0,0.0,0.0,5.0,0.0,0.0,2.0,0.0,0.0,0.0,50.0,2.0
2026-09-05,3,75,Christie,Bournemouth,BOU,bournemouth,MID,0,1.0,1.0,0.0,0.0,0.0,0.0,0.0,0.0,3.0,0.0,0.0,0.0,0.0,0.0,0.0,50.0,0.0
2026-09-12,4,75,Christie,Bournemouth,BOU,bournemouth,MID,1,24.0,1.0,0.0,0.0,0.0,0.0,0.0,0.0,7.0,0.0,0.12,7.0,0.0,0.0,0.0,50.0,7.0
2026-09-20,5,75,Christie,Bournemouth,BOU,bournemouth,MID,1,74.0,2.0,0.0,0.0,0.0,1.0,0.0,0.0,0.0,0.5,0.01,5.0,0.0,0.0,1.0,50.0,5.0
2026-08-23,1,70,Kluivert,Bournemouth,BOU,bournemouth,MID,0,74.0,3.0,0.0,0.0,1.0,0.0,0.0,0.0,15.0,0.11,0.0,9.0,0.0,0.0,1.0,60.0,9.0
2026-08-29,2,70,Kluivert,Bournemouth,BOU,bournemouth,MID,1,80.0,3.0,0.0,0.0,1.0,0.0,0.0,0.0,12.0,0.61,0.05,5.0,0.0,0.0,1.0,60.0,5.0
2026-09-05,3,70,Kluivert,Bournemouth,BOU,bournemouth,MID,0,75.0,1.0,0.0,0.0,0.0,1.0,0.0,0.0,6.0,0.06,0.01,4.0,1.0,0.0,1.0,60.0,4.0
2026-09-12,4,70,Kluivert,Bournemouth,BOU,bournemouth,MID,1,65.0,8.0,1.0,0.0,0.0,2.0,0.0,1.0,31.0,0.21,0.02,4.0,0.0,0.0,1.0,60.0,4.0
2026-09-20,5,70,Kluivert,Bournemouth,BOU,bournemouth,MID,1,0.0,0.0,0.0,0.0,0.0,0.0,0.0,0.0,0.0,0.0,0.0,0.0,0.0,0.0,0.0,60.0,0.0
2026-08-23,1,79,Evanilson,Bournemouth,BOU,bournemouth,FWD,0,74.0,4.0,0.0,1.0,1.0,0.0,0.0,0.0,17.0,0.0,0.21,8.0,1.0,0.0,1.0,60.0,8.0
2026-08-29,2,79,Evanilson,Bournemouth,BOU,bournemouth,FWD,1,80.0,5.0,0.0,1.0,1.0,0.0,0.0,0.0,11.0,0.58,0.04,3.0,0.0,0.0,1.0,60.0,3.0
2026-09-05,3,79,Evanilson,Bournemouth,BOU,bournemouth,FWD,0,90.0,2.0,0.0,0.0,0.0,2.0,0.0,0.0,4.0,0.13,0.01,7.0,0.0,0.0,1.0,60.0,7.0
2026-09-12,4,79,Evanilson,Bournemouth,BOU,bournemouth,FWD,1,90.0,5.0,0.0,1.0,0.0,2.0,0.0,0.0,22.0,0.0,0.25,4.0,0.0,0.0,1.0,60.0,4.0
2026-09-20,5,79,Evanilson,Bournemouth,BOU,bournemouth,FWD,1,90.0,2.0,0.0,0.0,0.0,1.0,0.0,0.0,12.0,0.16,0.01,5.0,0.0,0.0,1.0,60.0,5.0
2026-08-23,1,78,Kroupi.Jr,Bournemouth,BOU,bournemouth,MID,0,0.0,0.0,0.0,0.0,0.0,0.0,0.0,0.0,0.0,0.0,0.0,0.0,0.0,0.0,0.0,75.0,0.0
2026-08-29,2,78,Kroupi.Jr,Bournemouth,BOU,bournemouth,MID,1,0.0,0.0,0.0,0.0,0.0,0.0,0.0,0.0,0.0,0.0,0.0,0.0,0.0,0.0,0.0,75.0,0.0
2026-09-05,3,78,Kroupi.Jr,Bournemouth,BOU,bournemouth,MID,0,0.0,0.0,0.0,0.0,0.0,0.0,0.0,0.0,0.0,0.0,0.0,0.0,0.0,0.0,0.0,74.0,0.0
2026-09-12,4,78,Kroupi.Jr,Bournemouth,BOU,bournemouth,MID,1,0.0,0.0,0.0,0.0,0.0,0.0,0.0,0.0,0.0,0.0,0.0,0.0,0.0,0.0,0.0,74.0,0.0
2026-09-20,5,78,Kroupi.Jr,Bournemouth,BOU,bournemouth,MID,1,0.0,0.0,0.0,0.0,0.0,0.0,0.0,0.0,0.0,0.0,0.0,0.0,0.0,0.0,0.0,74.0,0.0
2026-08-23,1,81,Rodríguez,Bournemouth,BOU,bournemouth,FWD,0,0.0,0.0,0.0,0.0,0.0,0.0,0.0,0.0,0.0,0.0,0.0,0.0,0.0,0.0,0.0,60.0,0.0
2026-08-29,2,81,Rodríguez,Bournemouth,BOU,bournemouth,FWD,1,9.0,1.0,0.0,0.0,0.0,1.0,0.0,0.0,4.0,0.0,0.0,1.0,0.0,0.0,0.0,60.0,1.0
2026-09-05,3,81,Rodríguez,Bournemouth,BOU,bournemouth,FWD,0,0.0,0.0,0.0,0.0,0.0,0.0,0.0,0.0,0.0,0.0,0.0,0.0,0.0,0.0,0.0,60.0,0.0
2026-09-12,4,81,Rodríguez,Bournemouth,BOU,bournemouth,FWD,1,1.0,1.0,0.0,0.0,0.0,0.0,0.0,0.0,3.0,0.0,0.0,0.0,0.0,0.0,0.0,60.0,0.0
2026-09-20,5,81,Rodríguez,Bournemouth,BOU,bournemouth,FWD,1,0.0,0.0,0.0,0.0,0.0,0.0,0.0,0.0,0.0,0.0,0.0,0.0,0.0,0.0,0.0,60.0,0.0
2026-08-23,1,573,Sanchez,Bournemouth,BOU,bournemouth,DEF,0,0.0,0.0,0.0,0.0,0.0,0.0,0.0,0.0,0.0,0.0,0.0,0.0,0.0,0.0,0.0,45.0,0.0
2026-08-29,2,573,Sanchez,Bournemouth,BOU,bournemouth,DEF,1,0.0,0.0,0.0,0.0,0.0,0.0,0.0,0.0,0.0,0.0,0.0,0.0,0.0,0.0,0.0,45.0,0.0
2026-09-05,3,573,Sanchez,Bournemouth,BOU,bournemouth,DEF,0,0.0,0.0,0.0,0.0,0.0,0.0,0.0,0.0,0.0,0.0,0.0,0.0,0.0,0.0,0.0,45.0,0.0
2026-09-12,4,573,Sanchez,Bournemouth,BOU,bournemouth,DEF,1,0.0,0.0,0.0,0.0,0.0,0.0,0.0,0.0,0.0,0.0,0.0,0.0,0.0,0.0,0.0,45.0,0.0
2026-09-20,5,573,Sanchez,Bournemouth,BOU,bournemouth,DEF,1,0.0,0.0,0.0,0.0,0.0,0.0,0.0,0.0,0.0,0.0,0.0,0.0,0.0,0.0,0.0,44.0,0.0
2026-08-23,1,80,Enes Ünal,Bournemouth,BOU,bournemouth,FWD,0,0.0,0.0,0.0,0.0,0.0,0.0,0.0,0.0,0.0,0.0,0.0,0.0,0.0,0.0,0.0,55.0,0.0
2026-08-29,2,80,Enes Ünal,Bournemouth,BOU,bournemouth,FWD,1,0.0,0.0,0.0,0.0,0.0,0.0,0.0,0.0,0.0,0.0,0.0,0.0,0.0,0.0,0.0,55.0,0.0
2026-09-05,3,80,Enes Ünal,Bournemouth,BOU,bournemouth,FWD,0,0.0,0.0,0.0,0.0,0.0,0.0,0.0,0.0,0.0,0.0,0.0,0.0,0.0,0.0,0.0,55.0,0.0
2026-09-12,4,80,Enes Ünal,Bournemouth,BOU,bournemouth,FWD,1,0.0,0.0,0.0,0.0,0.0,0.0,0.0,0.0,0.0,0.0,0.0,0.0,0.0,0.0,0.0,55.0,0.0
2026-09-20,5,80,Enes Ünal,Bournemouth,BOU,bournemouth,FWD,1,0.0,0.0,0.0,0.0,0.0,0.0,0.0,0.0,0.0,0.0,0.0,0.0,0.0,0.0,0.0,55.0,0.0
2026-08-23,1,77,Adli,Bournemouth,BOU,bournemouth,MID,0,0.0,0.0,0.0,0.0,0.0,0.0,0.0,0.0,0.0,0.0,0.0,0.0,0.0,0.0,0.0,50.0,0.0
2026-08-29,2,77,Adli,Bournemouth,BOU,bournemouth,MID,1,0.0,0.0,0.0,0.0,0.0,0.0,0.0,0.0,0.0,0.0,0.0,0.0,0.0,0.0,0.0,50.0,0.0
2026-09-05,3,77,Adli,Bournemouth,BOU,bournemouth,MID,0,0.0,0.0,0.0,0.0,0.0,0.0,0.0,0.0,0.0,0.0,0.0,0.0,0.0,0.0,0.0,49.0,0.0
2026-09-12,4,77,Adli,Bournemouth,BOU,bournemouth,MID,1,0.0,0.0,0.0,0.0,0.0,0.0,0.0,0.0,0.0,0.0,0.0,0.0,0.0,0.0,0.0,49.0,0.0
2026-09-20,5,77,Adli,Bournemouth,BOU,bournemouth,MID,1,0.0,0.0,0.0,0.0,0.0,0.0,0.0,0.0,0.0,0.0,0.0,0.0,0.0,0.0,0.0,49.0,0.0
2026-08-23,1,566,Silva,Bournemouth,BOU,bournemouth,DEF,0,90.0,2.0,0.0,0.0,0.0,2.0,0.0,0.0,5.0,0.0,0.0,13.0,1.0,0.0,1.0,50.0,13.0
2026-08-29,2,566,Silva,Bournemouth,BOU,bournemouth,DEF,1,90.0,4.0,0.0,0.0,0.0,1.0,0.0,0.0,11.0,0.25,0.03,10.0,0.0,0.0,1.0,50.0,10.0
2026-09-05,3,566,Silva,Bournemouth,BOU,bournemouth,DEF,0,90.0,1.0,0.0,0.0,0.0,2.0,0.0,0.0,8.0,0.02,0.01,8.0,0.0,0.0,1.0,50.0,8.0
2026-09-12,4,566,Silva,Bournemouth,BOU,bournemouth,DEF,1,90.0,3.0,0.0,0.0,0.0,2.0,0.0,0.0,-2.0,0.58,0.23,10.0,0.0,0.0,1.0,50.0,10.0
2026-09-20,5,566,Silva,Bournemouth,BOU,bournemouth,DEF,1,90.0,3.0,0.0,0.0,0.0,1.0,0.0,0.0,8.0,0.0,0.02,15.0,1.0,0.0,1.0,50.0,15.0
2026-08-29,2,615,Di Gregorio,Bournemouth,BOU,bournemouth,GKP,1,0.0,0.0,0.0,0.0,0.0,0.0,0.0,0.0,0.0,0.0,0.0,0.0,0.0,0.0,0.0,45.0,0.0
2026-09-05,3,615,Di Gregorio,Bournemouth,BOU,bournemouth,GKP,0,0.0,0.0,0.0,0.0,0.0,0.0,0.0,0.0,0.0,0.0,0.0,0.0,0.0,0.0,0.0,45.0,0.0
2026-09-12,4,615,Di Gregorio,Bournemouth,BOU,bournemouth,GKP,1,0.0,0.0,0.0,0.0,0.0,0.0,0.0,0.0,0.0,0.0,0.0,0.0,0.0,0.0,0.0,45.0,0.0
2026-09-20,5,615,Di Gregorio,Bournemouth,BOU,bournemouth,GKP,1,0.0,0.0,0.0,0.0,0.0,0.0,0.0,0.0,0.0,0.0,0.0,0.0,0.0,0.0,0.0,45.0,0.0
2026-08-22,1,85,Van den Berg,Brentford,BRE,brentford,DEF,1,0.0,0.0,0.0,0.0,0.0,0.0,0.0,0.0,0.0,0.0,0.0,0.0,0.0,0.0,0.0,50.0,0.0
2026-08-30,2,85,Van den Berg,Brentford,BRE,brentford,DEF,0,0.0,0.0,0.0,0.0,0.0,0.0,0.0,0.0,0.0,0.0,0.0,0.0,0.0,0.0,0.0,50.0,0.0
2026-09-05,3,85,Van den Berg,Brentford,BRE,brentford,DEF,1,0.0,0.0,0.0,0.0,0.0,0.0,0.0,0.0,0.0,0.0,0.0,0.0,0.0,0.0,0.0,49.0,0.0
2026-09-12,4,85,Van den Berg,Brentford,BRE,brentford,DEF,0,0.0,0.0,0.0,0.0,0.0,0.0,0.0,0.0,0.0,0.0,0.0,0.0,0.0,0.0,0.0,49.0,0.0
2026-09-18,5,85,Van den Berg,Brentford,BRE,brentford,DEF,1,0.0,0.0,0.0,0.0,0.0,0.0,0.0,0.0,0.0,0.0,0.0,0.0,0.0,0.0,0.0,49.0,0.0
2026-08-23,1,608,Jebbison,Bournemouth,BOU,bournemouth,FWD,0,15.0,1.0,0.0,0.0,0.0,2.0,0.0,0.0,6.0,0.1,0.0,1.0,0.0,0.0,0.0,50.0,1.0
2026-08-29,2,608,Jebbison,Bournemouth,BOU,bournemouth,FWD,1,0.0,0.0,0.0,0.0,0.0,0.0,0.0,0.0,0.0,0.0,0.0,0.0,0.0,0.0,0.0,50.0,0.0
2026-09-05,3,608,Jebbison,Bournemouth,BOU,bournemouth,FWD,0,1.0,1.0,0.0,0.0,0.0,0.0,0.0,0.0,4.0,0.0,0.0,0.0,0.0,0.0,0.0,50.0,0.0
2026-09-12,4,608,Jebbison,Bournemouth,BOU,bournemouth,FWD,1,0.0,0.0,0.0,0.0,0.0,0.0,0.0,0.0,0.0,0.0,0.0,0.0,0.0,0.0,0.0,50.0,0.0
2026-09-20,5,608,Jebbison,Bournemouth,BOU,bournemouth,FWD,1,15.0,1.0,0.0,0.0,0.0,0.0,0.0,0.0,3.0,0.0,0.0,0.0,0.0,0.0,0.0,50.0,0.0
2026-08-22,1,84,Collins,Brentford,BRE,brentford,DEF,1,90.0,6.0,0.0,0.0,1.0,0.0,0.0,0.0,21.0,0.34,0.04,3.0,0.0,0.0,1.0,55.0,3.0
2026-08-30,2,84,Collins,Brentford,BRE,brentford,DEF,0,90.0,3.0,0.0,0.0,0.0,1.0,0.0,0.0,14.0,0.17,0.01,13.0,1.0,0.0,1.0,55.0,13.0
2026-09-05,3,84,Collins,Brentford,BRE,brentford,DEF,1,16.0,1.0,0.0,0.0,0.0,0.0,0.0,0.0,4.0,0.0,0.0,1.0,0.0,0.0,1.0,55.0,1.0
2026-09-12,4,84,Collins,Brentford,BRE,brentford,DEF,0,0.0,0.0,0.0,0.0,0.0,0.0,0.0,0.0,0.0,0.0,0.0,0.0,0.0,0.0,0.0,55.0,0.0
2026-09-18,5,84,Collins,Brentford,BRE,brentford,DEF,1,0.0,0.0,0.0,0.0,0.0,0.0,0.0,0.0,0.0,0.0,0.0,0.0,0.0,0.0,0.0,54.0,0.0
2026-08-22,1,82,Kelleher,Brentford,BRE,brentford,GKP,1,90.0,7.0,0.0,0.0,1.0,0.0,4.0,0.0,34.0,0.0,0.01,0.0,0.0,0.0,1.0,50.0,0.0
2026-08-30,2,82,Kelleher,Brentford,BRE,brentford,GKP,0,90.0,2.0,0.0,0.0,0.0,1.0,1.0,0.0,7.0,0.0,0.0,0.0,0.0,0.0,1.0,50.0,0.0
2026-09-05,3,82,Kelleher,Brentford,BRE,brentford,GKP,1,90.0,2.0,0.0,0.0,0.0,1.0,2.0,0.0,10.0,0.0,0.0,0.0,0.0,0.0,1.0,50.0,0.0
2026-09-12,4,82,Kelleher,Brentford,BRE,brentford,GKP,0,90.0,3.0,0.0,0.0,0.0,2.0,8.0,0.0,19.0,0.0,0.0,0.0,0.0,0.0,1.0,50.0,0.0
2026-09-18,5,82,Kelleher,Brentford,BRE,brentford,GKP,1,90.0,6.0,0.0,0.0,1.0,0.0,2.0,0.0,27.0,0.0,0.0,0.0,0.0,0.0,1.0,50.0,0.0
2026-08-22,1,87,Ajer,Brentford,BRE,brentford,DEF,1,90.0,8.0,0.0,0.0,1.0,0.0,0.0,0.0,29.0,0.11,0.02,10.0,0.0,0.0,1.0,45.0,10.0
2026-08-30,2,87,Ajer,Brentford,BRE,brentford,DEF,0,90.0,3.0,0.0,0.0,0.0,1.0,0.0,0.0,7.0,0.0,0.01,17.0,1.0,0.0,1.0,45.0,17.0
2026-09-05,3,87,Ajer,Brentford,BRE,brentford,DEF,1,90.0,2.0,0.0,0.0,0.0,1.0,0.0,0.0,8.0,0.0,0.0,5.0,0.0,0.0,1.0,45.0,5.0
2026-09-12,4,87,Ajer,Brentford,BRE,brentford,DEF,0,90.0,1.0,0.0,0.0,0.0,2.0,0.0,0.0,0.0,0.02,0.0,9.0,0.0,0.0,1.0,45.0,9.0
2026-09-18,5,87,Ajer,Brentford,BRE,brentford,DEF,1,90.0,7.0,0.0,0.0,1.0,0.0,0.0,1.0,29.0,0.0,0.05,9.0,0.0,0.0,1.0,45.0,9.0
2026-08-22,1,86,Lewis-Potter,Brentford,BRE,brentford,MID,1,90.0,10.0,1.0,0.0,1.0,0.0,0.0,2.0,37.0,0.77,0.12,10.0,0.0,0.0,1.0,55.0,10.0
2026-08-30,2,86,Lewis-Potter,Brentford,BRE,brentford,MID,0,87.0,6.0,0.0,1.0,0.0,1.0,0.0,1.0,29.0,0.02,0.13,11.0,0.0,0.0,1.0,55.0,11.0
2026-09-05,3,86,Lewis-Potter,Brentford,BRE,brentford,MID,1,90.0,2.0,0.0,0.0,0.0,1.0,0.0,0.0,4.0,0.24,0.4,6.0,0.0,0.0,1.0,55.0,6.0
2026-09-12,4,86,Lewis-Potter,Brentford,BRE,brentford,MID,0,59.0,1.0,0.0,0.0,0.0,2.0,0.0,0.0,0.0,0.03,0.13,2.0,0.0,0.0,1.0,55.0,2.0
2026-09-18,5,86,Lewis-Potter,Brentford,BRE,brentford,MID,1,80.0,3.0,0.0,0.0,1.0,0.0,0.0,0.0,15.0,0.15,0.01,9.0,0.0,0.0,1.0,55.0,9.0
2026-08-22,1,83,Valdimarsson,Brentford,BRE,brentford,GKP,1,0.0,0.0,0.0,0.0,0.0,0.0,0.0,0.0,0.0,0.0,0.0,0.0,0.0,0.0,0.0,45.0,0.0
2026-08-30,2,83,Valdimarsson,Brentford,BRE,brentford,GKP,0,0.0,0.0,0.0,0.0,0.0,0.0,0.0,0.0,0.0,0.0,0.0,0.0,0.0,0.0,0.0,45.0,0.0
2026-09-05,3,83,Valdimarsson,Brentford,BRE,brentford,GKP,1,0.0,0.0,0.0,0.0,0.0,0.0,0.0,0.0,0.0,0.0,0.0,0.0,0.0,0.0,0.0,45.0,0.0
2026-09-12,4,83,Valdimarsson,Brentford,BRE,brentford,GKP,0,0.0,0.0,0.0,0.0,0.0,0.0,0.0,0.0,0.0,0.0,0.0,0.0,0.0,0.0,0.0,45.0,0.0
2026-09-18,5,83,Valdimarsson,Brentford,BRE,brentford,GKP,1,0.0,0.0,0.0,0.0,0.0,0.0,0.0,0.0,0.0,0.0,0.0,0.0,0.0,0.0,0.0,45.0,0.0
2026-08-22,1,88,Kayode,Brentford,BRE,brentford,DEF,1,75.0,13.0,1.0,0.0,1.0,0.0,0.0,1.0,36.0,0.5,0.0,4.0,0.0,0.0,1.0,45.0,4.0
2026-08-30,2,88,Kayode,Brentford,BRE,brentford,DEF,0,87.0,2.0,0.0,0.0,0.0,1.0,0.0,0.0,9.0,0.02,0.21,4.0,0.0,0.0,1.0,46.0,4.0
2026-09-05,3,88,Kayode,Brentford,BRE,brentford,DEF,1,45.0,1.0,0.0,0.0,0.0,0.0,0.0,0.0,2.0,0.03,0.0,5.0,0.0,0.0,1.0,46.0,5.0
2026-09-12,4,88,Kayode,Brentford,BRE,brentford,DEF,0,19.0,1.0,0.0,0.0,0.0,0.0,0.0,0.0,5.0,0.0,0.15,1.0,0.0,0.0,0.0,46.0,1.0
2026-09-18,5,88,Kayode,Brentford,BRE,brentford,DEF,1,68.0,6.0,0.0,0.0,1.0,0.0,0.0,0.0,20.0,0.0,0.07,2.0,0.0,0.0,1.0,46.0,2.0
2026-08-22,1,90,Hickey,Brentford,BRE,brentford,DEF,1,14.0,1.0,0.0,0.0,0.0,0.0,0.0,0.0,2.0,0.0,0.0,0.0,0.0,0.0,0.0,45.0,0.0
2026-08-30,2,90,Hickey,Brentford,BRE,brentford,DEF,0,2.0,1.0,0.0,0.0,0.0,0.0,0.0,0.0,6.0,0.0,0.02,1.0,0.0,0.0,0.0,45.0,1.0
2026-09-05,3,90,Hickey,Brentford,BRE,brentford,DEF,1,45.0,1.0,0.0,0.0,0.0,1.0,0.0,0.0,0.0,0.0,0.0,5.0,0.0,0.0,0.0,45.0,5.0
2026-09-12,4,90,Hickey,Brentford,BRE,brentford,DEF,0,70.0,1.0,0.0,0.0,0.0,2.0,0.0,0.0,4.0,0.03,0.03,7.0,0.0,0.0,1.0,45.0,7.0
2026-09-18,5,90,Hickey,Brentford,BRE,brentford,DEF,1,21.0,1.0,0.0,0.0,0.0,0.0,0.0,0.0,5.0,0.0,0.01,4.0,0.0,0.0,0.0,45.0,4.0
2026-08-22,1,89,Henry,Brentford,BRE,brentford,DEF,1,0.0,0.0,0.0,0.0,0.0,0.0,0.0,0.0,0.0,0.0,0.0,0.0,0.0,0.0,0.0,45.0,0.0
2026-08-30,2,89,Henry,Brentford,BRE,brentford,DEF,0,2.0,1.0,0.0,0.0,0.0,0.0,0.0,0.0,3.0,0.0,0.0,0.0,0.0,0.0,0.0,45.0,0.0
2026-09-05,3,89,Henry,Brentford,BRE,brentford,DEF,1,0.0,0.0,0.0,0.0,0.0,0.0,0.0,0.0,0.0,0.0,0.0,0.0,0.0,0.0,0.0,45.0,0.0
2026-09-12,4,89,Henry,Brentford,BRE,brentford,DEF,0,0.0,0.0,0.0,0.0,0.0,0.0,0.0,0.0,0.0,0.0,0.0,0.0,0.0,0.0,0.0,45.0,0.0
2026-09-18,5,89,Henry,Brentford,BRE,brentford,DEF,1,0.0,0.0,0.0,0.0,0.0,0.0,0.0,0.0,0.0,0.0,0.0,0.0,0.0,0.0,0.0,44.0,0.0
2026-08-22,1,92,Ji-soo,Brentford,BRE,brentford,DEF,1,0.0,0.0,0.0,0.0,0.0,0.0,0.0,0.0,0.0,0.0,0.0,0.0,0.0,0.0,0.0,45.0,0.0
2026-08-30,2,92,Ji-soo,Brentford,BRE,brentford,DEF,0,0.0,0.0,0.0,0.0,0.0,0.0,0.0,0.0,0.0,0.0,0.0,0.0,0.0,0.0,0.0,45.0,0.0
2026-09-05,3,92,Ji-soo,Brentford,BRE,brentford,DEF,1,0.0,0.0,0.0,0.0,0.0,0.0,0.0,0.0,0.0,0.0,0.0,0.0,0.0,0.0,0.0,45.0,0.0
2026-09-12,4,92,Ji-soo,Brentford,BRE,brentford,DEF,0,0.0,0.0,0.0,0.0,0.0,0.0,0.0,0.0,0.0,0.0,0.0,0.0,0.0,0.0,0.0,45.0,0.0
2026-09-18,5,92,Ji-soo,Brentford,BRE,brentford,DEF,1,0.0,0.0,0.0,0.0,0.0,0.0,0.0,0.0,0.0,0.0,0.0,0.0,0.0,0.0,0.0,45.0,0.0
2026-08-22,1,94,Schade,Brentford,BRE,brentford,MID,1,90.0,3.0,0.0,0.0,1.0,0.0,0.0,0.0,17.0,0.52,0.01,9.0,0.0,0.0,1.0,60.0,9.0
2026-08-30,2,94,Schade,Brentford,BRE,brentford,MID,0,87.0,10.0,1.0,0.0,0.0,1.0,0.0,3.0,34.0,0.25,0.02,9.0,0.0,0.0,1.0,60.0,9.0
2026-09-05,3,94,Schade,Brentford,BRE,brentford,MID,1,90.0,2.0,0.0,0.0,0.0,1.0,0.0,0.0,11.0,0.0,0.17,5.0,0.0,0.0,1.0,60.0,5.0
2026-09-12,4,94,Schade,Brentford,BRE,brentford,MID,0,90.0,15.0,2.0,0.0,0.0,2.0,0.0,3.0,49.0,0.21,0.1,4.0,0.0,0.0,1.0,60.0,4.0
2026-09-18,5,94,Schade,Brentford,BRE,brentford,MID,1,90.0,9.0,0.0,2.0,1.0,0.0,0.0,0.0,27.0,0.54,0.02,7.0,0.0,0.0,1.0,61.0,7.0
2026-08-22,1,93,Schuster,Brentford,BRE,brentford,DEF,1,0.0,0.0,0.0,0.0,0.0,0.0,0.0,0.0,0.0,0.0,0.0,0.0,0.0,0.0,0.0,45.0,0.0
2026-08-30,2,93,Schuster,Brentford,BRE,brentford,DEF,0,0.0,0.0,0.0,0.0,0.0,0.0,0.0,0.0,0.0,0.0,0.0,0.0,0.0,0.0,0.0,45.0,0.0
2026-09-05,3,93,Schuster,Brentford,BRE,brentford,DEF,1,73.0,4.0,0.0,0.0,0.0,1.0,0.0,0.0,11.0,0.1,0.01,10.0,0.0,0.0,0.0,45.0,10.0
2026-09-12,4,93,Schuster,Brentford,BRE,brentford,DEF,0,90.0,3.0,0.0,0.0,0.0,2.0,0.0,0.0,5.0,0.0,0.01,12.0,0.0,0.0,1.0,45.0,12.0
2026-09-18,5,93,Schuster,Brentford,BRE,brentford,DEF,1,90.0,14.0,0.0,1.0,1.0,0.0,0.0,3.0,43.0,0.0,0.52,16.0,0.0,0.0,1.0,45.0,16.0
2026-08-22,1,95,O.Dango,Brentford,BRE,brentford,MID,1,66.0,3.0,0.0,0.0,1.0,0.0,0.0,0.0,6.0,0.05,0.29,6.0,0.0,0.0,1.0,65.0,6.0
2026-08-30,2,95,O.Dango,Brentford,BRE,brentford,MID,0,29.0,1.0,0.0,0.0,0.0,1.0,0.0,0.0,16.0,0.02,0.08,7.0,0.0,0.0,0.0,65.0,7.0
2026-09-05,3,95,O.Dango,Brentford,BRE,brentford,MID,1,45.0,1.0,0.0,0.0,0.0,0.0,0.0,0.0,6.0,0.0,0.01,11.0,0.0,0.0,1.0,65.0,11.0
2026-09-12,4,95,O.Dango,Brentford,BRE,brentford,MID,0,30.0,1.0,0.0,0.0,0.0,0.0,0.0,0.0,4.0,0.02,0.01,4.0,0.0,0.0,0.0,64.0,4.0
2026-09-18,5,95,O.Dango,Brentford,BRE,brentford,MID,1,9.0,1.0,0.0,0.0,0.0,0.0,0.0,0.0,2.0,0.0,0.0,0.0,0.0,0.0,0.0,63.0,0.0
2026-08-22,1,102,Yarmoliuk,Brentford,BRE,brentford,MID,1,23.0,1.0,0.0,0.0,0.0,0.0,0.0,0.0,7.0,0.04,0.0,6.0,0.0,0.0,0.0,50.0,6.0
2026-08-30,2,102,Yarmoliuk,Brentford,BRE,brentford,MID,0,21.0,1.0,0.0,0.0,0.0,1.0,0.0,0.0,4.0,0.0,0.01,0.0,0.0,0.0,0.0,50.0,0.0
2026-09-05,3,102,Yarmoliuk,Brentford,BRE,brentford,MID,1,45.0,0.0,0.0,0.0,0.0,1.0,0.0,0.0,1.0,0.03,0.02,5.0,1.0,0.0,0.0,49.0,5.0
2026-09-12,4,102,Yarmoliuk,Brentford,BRE,brentford,MID,0,59.0,4.0,0.0,1.0,0.0,2.0,0.0,0.0,19.0,0.0,0.21,5.0,0.0,0.0,1.0,49.0,5.0
2026-09-18,5,102,Yarmoliuk,Brentford,BRE,brentford,MID,1,68.0,3.0,0.0,0.0,1.0,0.0,0.0,0.0,19.0,0.03,0.06,10.0,0.0,0.0,1.0,48.0,10.0
2026-08-22,1,96,Damsgaard,Brentford,BRE,brentford,MID,1,14.0,1.0,0.0,0.0,0.0,0.0,0.0,0.0,6.0,0.0,0.11,4.0,0.0,0.0,0.0,55.0,4.0
2026-08-30,2,96,Damsgaard,Brentford,BRE,brentford,MID,0,68.0,3.0,0.0,0.0,1.0,0.0,0.0,0.0,20.0,0.03,0.13,9.0,0.0,0.0,1.0,55.0,9.0
2026-09-05,3,96,Damsgaard,Brentford,BRE,brentford,MID,1,85.0,8.0,0.0,1.0,0.0,1.0,0.0,3.0,30.0,0.0,0.21,4.0,0.0,0.0,1.0,55.0,4.0
2026-09-12,4,96,Damsgaard,Brentford,BRE,brentford,MID,0,30.0,1.0,0.0,0.0,0.0,0.0,0.0,0.0,3.0,0.1,0.0,4.0,0.0,0.0,0.0,55.0,4.0
2026-09-18,5,96,Damsgaard,Brentford,BRE,brentford,MID,1,86.0,3.0,0.0,0.0,1.0,0.0,0.0,0.0,15.0,0.04,0.28,10.0,0.0,0.0,1.0,54.0,10.0
2026-08-22,1,99,Milambo,Brentford,BRE,brentford,MID,1,0.0,0.0,0.0,0.0,0.0,0.0,0.0,0.0,0.0,0.0,0.0,0.0,0.0,0.0,0.0,50.0,0.0
2026-08-30,2,99,Milambo,Brentford,BRE,brentford,MID,0,0.0,0.0,0.0,0.0,0.0,0.0,0.0,0.0,0.0,0.0,0.0,0.0,0.0,0.0,0.0,50.0,0.0
2026-09-05,3,99,Milambo,Brentford,BRE,brentford,MID,1,0.0,0.0,0.0,0.0,0.0,0.0,0.0,0.0,0.0,0.0,0.0,0.0,0.0,0.0,0.0,50.0,0.0
2026-09-12,4,99,Milambo,Brentford,BRE,brentford,MID,0,0.0,0.0,0.0,0.0,0.0,0.0,0.0,0.0,0.0,0.0,0.0,0.0,0.0,0.0,0.0,50.0,0.0
2026-09-18,5,99,Milambo,Brentford,BRE,brentford,MID,1,0.0,0.0,0.0,0.0,0.0,0.0,0.0,0.0,0.0,0.0,0.0,0.0,0.0,0.0,0.0,50.0,0.0
2026-08-22,1,98,Janelt,Brentford,BRE,brentford,MID,1,90.0,9.0,1.0,0.0,1.0,0.0,0.0,0.0,35.0,0.39,0.17,13.0,1.0,0.0,1.0,50.0,13.0
2026-08-30,2,98,Janelt,Brentford,BRE,brentford,MID,0,90.0,1.0,0.0,0.0,0.0,1.0,0.0,0.0,11.0,0.0,0.14,10.0,1.0,0.0,1.0,50.0,10.0
2026-09-05,3,98,Janelt,Brentford,BRE,brentford,MID,1,90.0,11.0,1.0,0.0,0.0,1.0,0.0,3.0,30.0,0.11,0.01,12.0,1.0,0.0,1.0,50.0,12.0
2026-09-12,4,98,Janelt,Brentford,BRE,brentford,MID,0,90.0,4.0,0.0,0.0,0.0,2.0,0.0,0.0,20.0,0.0,0.08,20.0,0.0,0.0,1.0,50.0,20.0
2026-09-18,5,98,Janelt,Brentford,BRE,brentford,MID,1,90.0,3.0,0.0,0.0,1.0,0.0,0.0,0.0,13.0,0.03,0.04,9.0,0.0,0.0,1.0,50.0,9.0
2026-08-22,1,100,Carvalho,Brentford,BRE,brentford,MID,1,0.0,0.0,0.0,0.0,0.0,0.0,0.0,0.0,0.0,0.0,0.0,0.0,0.0,0.0,0.0,50.0,0.0
2026-08-30,2,100,Carvalho,Brentford,BRE,brentford,MID,0,0.0,0.0,0.0,0.0,0.0,0.0,0.0,0.0,0.0,0.0,0.0,0.0,0.0,0.0,0.0,50.0,0.0
2026-09-05,3,100,Carvalho,Brentford,BRE,brentford,MID,1,0.0,0.0,0.0,0.0,0.0,0.0,0.0,0.0,0.0,0.0,0.0,0.0,0.0,0.0,0.0,50.0,0.0
2026-09-12,4,100,Carvalho,Brentford,BRE,brentford,MID,0,0.0,0.0,0.0,0.0,0.0,0.0,0.0,0.0,0.0,0.0,0.0,0.0,0.0,0.0,0.0,50.0,0.0
2026-09-18,5,100,Carvalho,Brentford,BRE,brentford,MID,1,3.0,6.0,1.0,0.0,0.0,0.0,0.0,0.0,23.0,0.43,0.0,0.0,0.0,0.0,0.0,50.0,0.0
2026-08-22,1,97,Jensen,Brentford,BRE,brentford,MID,1,66.0,6.0,0.0,1.0,1.0,0.0,0.0,0.0,22.0,0.08,0.34,5.0,0.0,0.0,1.0,55.0,5.0
2026-08-30,2,97,Jensen,Brentford,BRE,brentford,MID,0,0.0,0.0,0.0,0.0,0.0,0.0,0.0,0.0,0.0,0.0,0.0,0.0,0.0,0.0,0.0,55.0,0.0
2026-09-05,3,97,Jensen,Brentford,BRE,brentford,MID,1,0.0,0.0,0.0,0.0,0.0,0.0,0.0,0.0,0.0,0.0,0.0,0.0,0.0,0.0,0.0,55.0,0.0
2026-09-12,4,97,Jensen,Brentford,BRE,brentford,MID,0,0.0,0.0,0.0,0.0,0.0,0.0,0.0,0.0,0.0,0.0,0.0,0.0,0.0,0.0,0.0,54.0,0.0
2026-09-18,5,97,Jensen,Brentford,BRE,brentford,MID,1,0.0,0.0,0.0,0.0,0.0,0.0,0.0,0.0,0.0,0.0,0.0,0.0,0.0,0.0,0.0,54.0,0.0
2026-08-22,1,103,Dasilva,Brentford,BRE,brentford,MID,1,0.0,0.0,0.0,0.0,0.0,0.0,0.0,0.0,0.0,0.0,0.0,0.0,0.0,0.0,0.0,50.0,0.0
2026-08-30,2,103,Dasilva,Brentford,BRE,brentford,MID,0,0.0,0.0,0.0,0.0,0.0,0.0,0.0,0.0,0.0,0.0,0.0,0.0,0.0,0.0,0.0,50.0,0.0
2026-09-05,3,103,Dasilva,Brentford,BRE,brentford,MID,1,0.0,0.0,0.0,0.0,0.0,0.0,0.0,0.0,0.0,0.0,0.0,0.0,0.0,0.0,0.0,50.0,0.0
2026-09-12,4,103,Dasilva,Brentford,BRE,brentford,MID,0,0.0,0.0,0.0,0.0,0.0,0.0,0.0,0.0,0.0,0.0,0.0,0.0,0.0,0.0,0.0,49.0,0.0
2026-09-18,5,103,Dasilva,Brentford,BRE,brentford,MID,1,0.0,0.0,0.0,0.0,0.0,0.0,0.0,0.0,0.0,0.0,0.0,0.0,0.0,0.0,0.0,49.0,0.0
2026-08-22,1,105,Anthony,Brentford,BRE,brentford,MID,1,23.0,1.0,0.0,0.0,0.0,0.0,0.0,0.0,9.0,0.03,0.35,8.0,0.0,0.0,0.0,60.0,8.0
2026-08-30,2,105,Anthony,Brentford,BRE,brentford,MID,0,60.0,2.0,0.0,0.0,1.0,0.0,0.0,0.0,4.0,0.11,0.06,1.0,1.0,0.0,1.0,60.0,1.0
2026-09-05,3,105,Anthony,Brentford,BRE,brentford,MID,1,45.0,1.0,0.0,0.0,0.0,1.0,0.0,0.0,3.0,0.05,0.01,4.0,0.0,0.0,0.0,60.0,4.0
2026-09-12,4,105,Anthony,Brentford,BRE,brentford,MID,0,59.0,1.0,0.0,0.0,0.0,2.0,0.0,0.0,12.0,0.0,0.1,11.0,0.0,0.0,1.0,60.0,11.0
2026-09-18,5,105,Anthony,Brentford,BRE,brentford,MID,1,80.0,10.0,1.0,0.0,1.0,0.0,0.0,2.0,31.0,0.96,0.02,2.0,0.0,0.0,1.0,59.0,2.0
2026-08-22,1,108,Wilson,Brentford,BRE,brentford,FWD,1,7.0,1.0,0.0,0.0,0.0,0.0,0.0,0.0,4.0,0.03,0.04,0.0,0.0,0.0,0.0,55.0,0.0
2026-08-30,2,108,Wilson,Brentford,BRE,brentford,FWD,0,2.0,1.0,0.0,0.0,0.0,0.0,0.0,0.0,3.0,0.04,0.0,1.0,0.0,0.0,0.0,55.0,1.0
2026-09-05,3,108,Wilson,Brentford,BRE,brentford,FWD,1,4.0,1.0,0.0,0.0,0.0,0.0,0.0,0.0,2.0,0.0,0.0,1.0,0.0,0.0,0.0,55.0,1.0
2026-09-12,4,108,Wilson,Brentford,BRE,brentford,FWD,0,0.0,0.0,0.0,0.0,0.0,0.0,0.0,0.0,0.0,0.0,0.0,0.0,0.0,0.0,0.0,55.0,0.0
2026-09-18,5,108,Wilson,Brentford,BRE,brentford,FWD,1,0.0,0.0,0.0,0.0,0.0,0.0,0.0,0.0,0.0,0.0,0.0,0.0,0.0,0.0,0.0,55.0,0.0
2026-08-22,1,106,Thiago,Brentford,BRE,brentford,FWD,1,82.0,0.0,0.0,0.0,1.0,0.0,0.0,0.0,-3.0,1.0,0.08,5.0,0.0,0.0,1.0,80.0,5.0
2026-08-30,2,106,Thiago,Brentford,BRE,brentford,FWD,0,90.0,2.0,0.0,0.0,0.0,1.0,0.0,0.0,2.0,0.8,0.01,4.0,0.0,0.0,1.0,80.0,4.0
2026-09-05,3,106,Thiago,Brentford,BRE,brentford,FWD,1,90.0,2.0,0.0,0.0,0.0,1.0,0.0,0.0,9.0,0.5,0.01,6.0,0.0,0.0,1.0,80.0,6.0
2026-09-12,4,106,Thiago,Brentford,BRE,brentford,FWD,0,90.0,1.0,0.0,0.0,0.0,2.0,0.0,0.0,3.0,0.11,0.03,1.0,1.0,0.0,1.0,79.0,1.0
2026-09-18,5,106,Thiago,Brentford,BRE,brentford,FWD,1,90.0,5.0,1.0,0.0,1.0,0.0,0.0,0.0,26.0,0.72,0.03,3.0,1.0,0.0,1.0,78.0,3.0
2026-08-22,1,107,Furo,Brentford,BRE,brentford,FWD,1,0.0,0.0,0.0,0.0,0.0,0.0,0.0,0.0,0.0,0.0,0.0,0.0,0.0,0.0,0.0,45.0,0.0
2026-08-30,2,107,Furo,Brentford,BRE,brentford,FWD,0,0.0,0.0,0.0,0.0,0.0,0.0,0.0,0.0,0.0,0.0,0.0,0.0,0.0,0.0,0.0,45.0,0.0
2026-09-05,3,107,Furo,Brentford,BRE,brentford,FWD,1,0.0,0.0,0.0,0.0,0.0,0.0,0.0,0.0,0.0,0.0,0.0,0.0,0.0,0.0,0.0,45.0,0.0
2026-09-12,4,107,Furo,Brentford,BRE,brentford,FWD,0,0.0,0.0,0.0,0.0,0.0,0.0,0.0,0.0,0.0,0.0,0.0,0.0,0.0,0.0,0.0,45.0,0.0
2026-09-18,5,107,Furo,Brentford,BRE,brentford,FWD,1,0.0,0.0,0.0,0.0,0.0,0.0,0.0,0.0,0.0,0.0,0.0,0.0,0.0,0.0,0.0,45.0,0.0
2026-08-30,2,620,Diouf,Brentford,BRE,brentford,DEF,0,0.0,0.0,0.0,0.0,0.0,0.0,0.0,0.0,0.0,0.0,0.0,0.0,0.0,0.0,0.0,45.0,0.0
2026-09-05,3,620,Diouf,Brentford,BRE,brentford,DEF,1,0.0,0.0,0.0,0.0,0.0,0.0,0.0,0.0,0.0,0.0,0.0,0.0,0.0,0.0,0.0,45.0,0.0
2026-09-12,4,620,Diouf,Brentford,BRE,brentford,DEF,0,30.0,1.0,0.0,0.0,0.0,0.0,0.0,0.0,4.0,0.0,0.01,1.0,0.0,0.0,0.0,45.0,1.0
2026-09-18,5,620,Diouf,Brentford,BRE,brentford,DEF,1,9.0,1.0,0.0,0.0,0.0,0.0,0.0,0.0,3.0,0.0,0.0,1.0,0.0,0.0,0.0,45.0,1.0
2026-08-22,1,565,M.Sangaré,Brentford,BRE,brentford,MID,1,75.0,14.0,0.0,2.0,1.0,0.0,0.0,3.0,41.0,0.05,0.33,13.0,0.0,0.0,1.0,55.0,13.0
2026-08-30,2,565,M.Sangaré,Brentford,BRE,brentford,MID,0,90.0,4.0,0.0,0.0,0.0,1.0,0.0,0.0,16.0,0.21,0.03,14.0,0.0,0.0,1.0,56.0,14.0
2026-09-05,3,565,M.Sangaré,Brentford,BRE,brentford,MID,1,45.0,0.0,0.0,0.0,0.0,0.0,0.0,0.0,0.0,0.15,0.01,5.0,1.0,0.0,1.0,57.0,5.0
2026-09-12,4,565,M.Sangaré,Brentford,BRE,brentford,MID,0,90.0,4.0,0.0,0.0,0.0,2.0,0.0,0.0,19.0,0.0,0.28,13.0,0.0,0.0,1.0,57.0,13.0
2026-09-18,5,565,M.Sangaré,Brentford,BRE,brentford,MID,1,21.0,0.0,0.0,0.0,0.0,0.0,0.0,0.0,0.0,0.0,0.0,3.0,1.0,0.0,0.0,57.0,3.0
2026-09-18,5,660,Fredrick,Brentford,BRE,brentford,DEF,1,0.0,0.0,0.0,0.0,0.0,0.0,0.0,0.0,0.0,0.0,0.0,0.0,0.0,0.0,0.0,40.0,0.0
2026-09-12,4,657,Nunes,Brentford,BRE,brentford,MID,0,0.0,0.0,0.0,0.0,0.0,0.0,0.0,0.0,0.0,0.0,0.0,0.0,0.0,0.0,0.0,45.0,0.0
2026-09-18,5,657,Nunes,Brentford,BRE,brentford,MID,1,0.0,0.0,0.0,0.0,0.0,0.0,0.0,0.0,0.0,0.0,0.0,0.0,0.0,0.0,0.0,45.0,0.0
2026-08-23,1,109,Verbruggen,Brighton,BHA,brighton,GKP,1,90.0,6.0,0.0,0.0,1.0,0.0,0.0,0.0,25.0,0.0,0.0,0.0,0.0,0.0,1.0,45.0,0.0
2026-08-30,2,109,Verbruggen,Brighton,BHA,brighton,GKP,0,90.0,0.0,0.0,0.0,0.0,4.0,1.0,0.0,-1.0,0.0,0.0,0.0,0.0,0.0,1.0,45.0,0.0
2026-09-05,3,109,Verbruggen,Brighton,BHA,brighton,GKP,1,90.0,3.0,0.0,0.0,0.0,1.0,3.0,0.0,17.0,0.0,0.2,0.0,0.0,0.0,1.0,45.0,0.0
2026-09-13,4,109,Verbruggen,Brighton,BHA,brighton,GKP,0,90.0,8.0,0.0,0.0,1.0,0.0,6.0,0.0,39.0,0.0,0.0,0.0,0.0,0.0,1.0,45.0,0.0
2026-09-19,5,109,Verbruggen,Brighton,BHA,brighton,GKP,1,90.0,6.0,0.0,0.0,1.0,0.0,2.0,0.0,27.0,0.0,0.0,0.0,0.0,0.0,1.0,45.0,0.0
2026-08-23,1,111,Steele,Brighton,BHA,brighton,GKP,1,0.0,0.0,0.0,0.0,0.0,0.0,0.0,0.0,0.0,0.0,0.0,0.0,0.0,0.0,0.0,40.0,0.0
2026-08-30,2,111,Steele,Brighton,BHA,brighton,GKP,0,0.0,0.0,0.0,0.0,0.0,0.0,0.0,0.0,0.0,0.0,0.0,0.0,0.0,0.0,0.0,40.0,0.0
2026-09-05,3,111,Steele,Brighton,BHA,brighton,GKP,1,0.0,0.0,0.0,0.0,0.0,0.0,0.0,0.0,0.0,0.0,0.0,0.0,0.0,0.0,0.0,40.0,0.0
2026-09-13,4,111,Steele,Brighton,BHA,brighton,GKP,0,0.0,0.0,0.0,0.0,0.0,0.0,0.0,0.0,0.0,0.0,0.0,0.0,0.0,0.0,0.0,40.0,0.0
2026-09-19,5,111,Steele,Brighton,BHA,brighton,GKP,1,0.0,0.0,0.0,0.0,0.0,0.0,0.0,0.0,0.0,0.0,0.0,0.0,0.0,0.0,0.0,40.0,0.0
2026-08-23,1,113,F.Kadıoğlu,Brighton,BHA,brighton,DEF,1,0.0,0.0,0.0,0.0,0.0,0.0,0.0,0.0,0.0,0.0,0.0,0.0,0.0,0.0,0.0,45.0,0.0
2026-08-30,2,113,F.Kadıoğlu,Brighton,BHA,brighton,DEF,0,90.0,0.0,0.0,0.0,0.0,4.0,0.0,0.0,-4.0,0.02,0.01,0.0,0.0,0.0,1.0,45.0,0.0
2026-09-05,3,113,F.Kadıoğlu,Brighton,BHA,brighton,DEF,1,77.0,2.0,0.0,0.0,0.0,1.0,0.0,0.0,8.0,0.06,0.01,5.0,0.0,0.0,1.0,44.0,5.0
2026-09-13,4,113,F.Kadıoğlu,Brighton,BHA,brighton,DEF,0,90.0,6.0,0.0,0.0,1.0,0.0,0.0,0.0,24.0,0.0,0.09,2.0,0.0,0.0,1.0,44.0,2.0
2026-09-19,5,113,F.Kadıoğlu,Brighton,BHA,brighton,DEF,1,75.0,5.0,0.0,0.0,1.0,0.0,0.0,0.0,18.0,0.04,0.02,3.0,1.0,0.0,1.0,44.0,3.0
2026-09-18,5,661,Balcombe,Brentford,BRE,brentford,GKP,1,0.0,0.0,0.0,0.0,0.0,0.0,0.0,0.0,0.0,0.0,0.0,0.0,0.0,0.0,0.0,40.0,0.0
2026-08-23,1,115,De Cuyper,Brighton,BHA,brighton,DEF,1,77.0,17.0,1.0,1.0,1.0,0.0,0.0,2.0,46.0,1.47,0.21,4.0,0.0,0.0,1.0,45.0,4.0
2026-08-30,2,115,De Cuyper,Brighton,BHA,brighton,DEF,0,90.0,0.0,0.0,0.0,0.0,4.0,0.0,0.0,-2.0,0.03,0.05,2.0,0.0,0.0,1.0,46.0,2.0
2026-09-05,3,115,De Cuyper,Brighton,BHA,brighton,DEF,1,76.0,4.0,0.0,1.0,0.0,1.0,0.0,0.0,17.0,0.0,0.14,2.0,1.0,0.0,1.0,47.0,2.0
2026-09-13,4,115,De Cuyper,Brighton,BHA,brighton,DEF,0,90.0,11.0,0.0,1.0,1.0,0.0,0.0,2.0,41.0,0.03,0.04,1.0,0.0,0.0,1.0,48.0,1.0
2026-09-19,5,115,De Cuyper,Brighton,BHA,brighton,DEF,1,90.0,6.0,0.0,0.0,1.0,0.0,0.0,1.0,30.0,0.02,0.23,7.0,1.0,0.0,1.0,49.0,7.0
2026-08-23,1,116,Dunk,Brighton,BHA,brighton,DEF,1,90.0,6.0,0.0,0.0,1.0,0.0,0.0,0.0,24.0,0.0,0.04,2.0,0.0,0.0,1.0,45.0,2.0
2026-08-30,2,116,Dunk,Brighton,BHA,brighton,DEF,0,90.0,-1.0,0.0,0.0,0.0,4.0,0.0,0.0,-4.0,0.0,0.01,3.0,1.0,0.0,1.0,45.0,3.0
2026-09-05,3,116,Dunk,Brighton,BHA,brighton,DEF,1,90.0,5.0,0.0,0.0,0.0,1.0,0.0,1.0,20.0,0.0,0.01,12.0,0.0,0.0,1.0,45.0,12.0
2026-09-13,4,116,Dunk,Brighton,BHA,brighton,DEF,0,90.0,12.0,1.0,0.0,1.0,0.0,0.0,0.0,39.0,0.03,0.03,6.0,0.0,0.0,1.0,45.0,6.0
2026-09-19,5,116,Dunk,Brighton,BHA,brighton,DEF,1,0.0,0.0,0.0,0.0,0.0,0.0,0.0,0.0,0.0,0.0,0.0,0.0,0.0,0.0,0.0,45.0,0.0
2026-08-23,1,114,Boscagli,Brighton,BHA,brighton,DEF,1,90.0,6.0,0.0,0.0,1.0,0.0,0.0,0.0,29.0,0.0,0.04,6.0,0.0,0.0,1.0,45.0,6.0
2026-08-30,2,114,Boscagli,Brighton,BHA,brighton,DEF,0,90.0,-1.0,0.0,0.0,0.0,4.0,0.0,0.0,-2.0,0.05,0.11,3.0,1.0,0.0,1.0,45.0,3.0
2026-09-05,3,114,Boscagli,Brighton,BHA,brighton,DEF,1,90.0,2.0,0.0,0.0,0.0,1.0,0.0,0.0,17.0,0.0,0.33,4.0,0.0,0.0,1.0,45.0,4.0
2026-09-13,4,114,Boscagli,Brighton,BHA,brighton,DEF,0,77.0,6.0,0.0,0.0,1.0,0.0,0.0,0.0,25.0,0.01,0.03,9.0,0.0,0.0,1.0,45.0,9.0
2026-09-19,5,114,Boscagli,Brighton,BHA,brighton,DEF,1,90.0,6.0,0.0,0.0,1.0,0.0,0.0,0.0,24.0,0.01,0.02,7.0,0.0,0.0,1.0,45.0,7.0
2026-08-23,1,117,Coppola,Brighton,BHA,brighton,DEF,1,0.0,0.0,0.0,0.0,0.0,0.0,0.0,0.0,0.0,0.0,0.0,0.0,0.0,0.0,0.0,45.0,0.0
2026-08-30,2,117,Coppola,Brighton,BHA,brighton,DEF,0,0.0,0.0,0.0,0.0,0.0,0.0,0.0,0.0,0.0,0.0,0.0,0.0,0.0,0.0,0.0,45.0,0.0
2026-09-05,3,117,Coppola,Brighton,BHA,brighton,DEF,1,0.0,0.0,0.0,0.0,0.0,0.0,0.0,0.0,0.0,0.0,0.0,0.0,0.0,0.0,0.0,45.0,0.0
2026-09-13,4,117,Coppola,Brighton,BHA,brighton,DEF,0,0.0,0.0,0.0,0.0,0.0,0.0,0.0,0.0,0.0,0.0,0.0,0.0,0.0,0.0,0.0,45.0,0.0
2026-09-19,5,117,Coppola,Brighton,BHA,brighton,DEF,1,0.0,0.0,0.0,0.0,0.0,0.0,0.0,0.0,0.0,0.0,0.0,0.0,0.0,0.0,0.0,45.0,0.0
2026-08-23,1,120,Svoboda,Brighton,BHA,brighton,DEF,1,0.0,0.0,0.0,0.0,0.0,0.0,0.0,0.0,0.0,0.0,0.0,0.0,0.0,0.0,0.0,50.0,0.0
2026-08-30,2,120,Svoboda,Brighton,BHA,brighton,DEF,0,0.0,0.0,0.0,0.0,0.0,0.0,0.0,0.0,0.0,0.0,0.0,0.0,0.0,0.0,0.0,50.0,0.0
2026-09-05,3,120,Svoboda,Brighton,BHA,brighton,DEF,1,0.0,0.0,0.0,0.0,0.0,0.0,0.0,0.0,0.0,0.0,0.0,0.0,0.0,0.0,0.0,50.0,0.0
2026-09-13,4,120,Svoboda,Brighton,BHA,brighton,DEF,0,0.0,0.0,0.0,0.0,0.0,0.0,0.0,0.0,0.0,0.0,0.0,0.0,0.0,0.0,0.0,50.0,0.0
2026-09-19,5,120,Svoboda,Brighton,BHA,brighton,DEF,1,4.0,1.0,0.0,0.0,0.0,0.0,0.0,0.0,5.0,0.0,0.0,1.0,0.0,0.0,0.0,50.0,1.0
2026-08-23,1,119,Costinha,Brighton,BHA,brighton,DEF,1,26.0,1.0,0.0,0.0,0.0,0.0,0.0,0.0,7.0,0.12,0.0,4.0,0.0,0.0,0.0,45.0,4.0
2026-08-30,2,119,Costinha,Brighton,BHA,brighton,DEF,0,10.0,0.0,0.0,0.0,0.0,0.0,0.0,0.0,-1.0,0.0,0.0,0.0,1.0,0.0,0.0,45.0,0.0
2026-09-05,3,119,Costinha,Brighton,BHA,brighton,DEF,1,12.0,1.0,0.0,0.0,0.0,0.0,0.0,0.0,7.0,0.0,0.16,1.0,0.0,0.0,0.0,45.0,1.0
2026-09-13,4,119,Costinha,Brighton,BHA,brighton,DEF,0,6.0,1.0,0.0,0.0,0.0,0.0,0.0,0.0,3.0,0.0,0.0,1.0,0.0,0.0,0.0,45.0,1.0
2026-09-19,5,119,Costinha,Brighton,BHA,brighton,DEF,1,14.0,1.0,0.0,0.0,0.0,0.0,0.0,0.0,2.0,0.0,0.14,1.0,0.0,0.0,0.0,45.0,1.0
2026-08-23,1,121,Mitoma,Brighton,BHA,brighton,MID,1,0.0,0.0,0.0,0.0,0.0,0.0,0.0,0.0,0.0,0.0,0.0,0.0,0.0,0.0,0.0,60.0,0.0
2026-08-30,2,121,Mitoma,Brighton,BHA,brighton,MID,0,0.0,0.0,0.0,0.0,0.0,0.0,0.0,0.0,0.0,0.0,0.0,0.0,0.0,0.0,0.0,60.0,0.0
2026-09-05,3,121,Mitoma,Brighton,BHA,brighton,MID,1,0.0,0.0,0.0,0.0,0.0,0.0,0.0,0.0,0.0,0.0,0.0,0.0,0.0,0.0,0.0,60.0,0.0
2026-09-13,4,121,Mitoma,Brighton,BHA,brighton,MID,0,0.0,0.0,0.0,0.0,0.0,0.0,0.0,0.0,0.0,0.0,0.0,0.0,0.0,0.0,0.0,59.0,0.0
2026-09-19,5,121,Mitoma,Brighton,BHA,brighton,MID,1,0.0,0.0,0.0,0.0,0.0,0.0,0.0,0.0,0.0,0.0,0.0,0.0,0.0,0.0,0.0,59.0,0.0
2026-08-23,1,123,Hinshelwood,Brighton,BHA,brighton,MID,1,63.0,16.0,2.0,0.0,1.0,0.0,0.0,3.0,54.0,1.41,0.02,3.0,0.0,0.0,1.0,60.0,3.0
2026-08-30,2,123,Hinshelwood,Brighton,BHA,brighton,MID,0,0.0,0.0,0.0,0.0,0.0,0.0,0.0,0.0,0.0,0.0,0.0,0.0,0.0,0.0,0.0,60.0,0.0
2026-09-05,3,123,Hinshelwood,Brighton,BHA,brighton,MID,1,0.0,0.0,0.0,0.0,0.0,0.0,0.0,0.0,0.0,0.0,0.0,0.0,0.0,0.0,0.0,60.0,0.0
2026-09-13,4,123,Hinshelwood,Brighton,BHA,brighton,MID,0,0.0,0.0,0.0,0.0,0.0,0.0,0.0,0.0,0.0,0.0,0.0,0.0,0.0,0.0,0.0,60.0,0.0
2026-09-19,5,123,Hinshelwood,Brighton,BHA,brighton,MID,1,0.0,0.0,0.0,0.0,0.0,0.0,0.0,0.0,0.0,0.0,0.0,0.0,0.0,0.0,0.0,59.0,0.0
2026-08-23,1,124,Groß,Brighton,BHA,brighton,MID,1,90.0,2.0,0.0,0.0,1.0,0.0,0.0,0.0,18.0,0.0,0.27,5.0,1.0,0.0,1.0,55.0,5.0
2026-08-30,2,124,Groß,Brighton,BHA,brighton,MID,0,90.0,13.0,1.0,1.0,0.0,4.0,0.0,3.0,46.0,0.05,0.11,6.0,0.0,0.0,1.0,55.0,6.0
2026-09-05,3,124,Groß,Brighton,BHA,brighton,MID,1,90.0,1.0,0.0,0.0,0.0,1.0,0.0,0.0,-1.0,0.79,0.04,4.0,1.0,0.0,1.0,55.0,4.0
2026-09-13,4,124,Groß,Brighton,BHA,brighton,MID,0,90.0,17.0,1.0,2.0,1.0,0.0,0.0,3.0,56.0,0.82,0.19,6.0,0.0,0.0,1.0,56.0,6.0
2026-09-19,5,124,Groß,Brighton,BHA,brighton,MID,1,90.0,14.0,1.0,1.0,1.0,0.0,0.0,3.0,47.0,0.11,0.25,5.0,0.0,0.0,1.0,57.0,5.0
2026-08-23,1,122,Minteh,Brighton,BHA,brighton,MID,1,0.0,0.0,0.0,0.0,0.0,0.0,0.0,0.0,0.0,0.0,0.0,0.0,0.0,0.0,0.0,60.0,0.0
2026-08-30,2,122,Minteh,Brighton,BHA,brighton,MID,0,0.0,0.0,0.0,0.0,0.0,0.0,0.0,0.0,0.0,0.0,0.0,0.0,0.0,0.0,0.0,60.0,0.0
2026-09-05,3,122,Minteh,Brighton,BHA,brighton,MID,1,0.0,0.0,0.0,0.0,0.0,0.0,0.0,0.0,0.0,0.0,0.0,0.0,0.0,0.0,0.0,59.0,0.0
2026-09-13,4,122,Minteh,Brighton,BHA,brighton,MID,0,0.0,0.0,0.0,0.0,0.0,0.0,0.0,0.0,0.0,0.0,0.0,0.0,0.0,0.0,0.0,59.0,0.0
2026-09-19,5,122,Minteh,Brighton,BHA,brighton,MID,1,0.0,0.0,0.0,0.0,0.0,0.0,0.0,0.0,0.0,0.0,0.0,0.0,0.0,0.0,0.0,59.0,0.0
2026-08-23,1,125,Georginio,Brighton,BHA,brighton,FWD,1,90.0,5.0,0.0,1.0,1.0,0.0,0.0,0.0,22.0,0.08,0.44,7.0,0.0,0.0,1.0,55.0,7.0
2026-08-30,2,125,Georginio,Brighton,BHA,brighton,FWD,0,0.0,0.0,0.0,0.0,0.0,0.0,0.0,0.0,0.0,0.0,0.0,0.0,0.0,0.0,0.0,55.0,0.0
2026-09-05,3,125,Georginio,Brighton,BHA,brighton,FWD,1,0.0,0.0,0.0,0.0,0.0,0.0,0.0,0.0,0.0,0.0,0.0,0.0,0.0,0.0,0.0,55.0,0.0
2026-09-13,4,125,Georginio,Brighton,BHA,brighton,FWD,0,0.0,0.0,0.0,0.0,0.0,0.0,0.0,0.0,0.0,0.0,0.0,0.0,0.0,0.0,0.0,54.0,0.0
2026-09-19,5,125,Georginio,Brighton,BHA,brighton,FWD,1,14.0,1.0,0.0,0.0,0.0,0.0,0.0,0.0,2.0,0.09,0.01,2.0,0.0,0.0,0.0,54.0,2.0
2026-08-23,1,129,Ayari,Brighton,BHA,brighton,MID,1,63.0,2.0,0.0,0.0,1.0,0.0,0.0,0.0,8.0,0.11,0.03,4.0,1.0,0.0,1.0,55.0,4.0
2026-08-30,2,129,Ayari,Brighton,BHA,brighton,MID,0,0.0,0.0,0.0,0.0,0.0,0.0,0.0,0.0,0.0,0.0,0.0,0.0,0.0,0.0,0.0,55.0,0.0
2026-09-05,3,129,Ayari,Brighton,BHA,brighton,MID,1,90.0,2.0,0.0,0.0,0.0,1.0,0.0,0.0,18.0,0.17,0.04,3.0,0.0,0.0,1.0,54.0,3.0
2026-09-13,4,129,Ayari,Brighton,BHA,brighton,MID,0,90.0,8.0,1.0,0.0,1.0,0.0,0.0,0.0,38.0,0.31,0.03,7.0,0.0,0.0,1.0,54.0,7.0
2026-09-19,5,129,Ayari,Brighton,BHA,brighton,MID,1,90.0,3.0,0.0,0.0,1.0,0.0,0.0,0.0,7.0,0.11,0.08,7.0,0.0,0.0,1.0,54.0,7.0
2026-08-23,1,126,O'Riley,Brighton,BHA,brighton,MID,1,0.0,0.0,0.0,0.0,0.0,0.0,0.0,0.0,0.0,0.0,0.0,0.0,0.0,0.0,0.0,55.0,0.0
2026-08-30,2,126,O'Riley,Brighton,BHA,brighton,MID,0,0.0,0.0,0.0,0.0,0.0,0.0,0.0,0.0,0.0,0.0,0.0,0.0,0.0,0.0,0.0,55.0,0.0
2026-09-05,3,126,O'Riley,Brighton,BHA,brighton,MID,1,0.0,0.0,0.0,0.0,0.0,0.0,0.0,0.0,0.0,0.0,0.0,0.0,0.0,0.0,0.0,55.0,0.0
2026-09-13,4,126,O'Riley,Brighton,BHA,brighton,MID,0,6.0,1.0,0.0,0.0,0.0,0.0,0.0,0.0,4.0,0.0,0.01,1.0,0.0,0.0,0.0,55.0,1.0
2026-09-19,5,126,O'Riley,Brighton,BHA,brighton,MID,1,4.0,1.0,0.0,0.0,0.0,0.0,0.0,0.0,2.0,0.28,0.0,2.0,0.0,0.0,0.0,54.0,2.0
2026-08-23,1,128,Buonanotte,Brighton,BHA,brighton,MID,1,0.0,0.0,0.0,0.0,0.0,0.0,0.0,0.0,0.0,0.0,0.0,0.0,0.0,0.0,0.0,50.0,0.0
2026-08-30,2,128,Buonanotte,Brighton,BHA,brighton,MID,0,0.0,0.0,0.0,0.0,0.0,0.0,0.0,0.0,0.0,0.0,0.0,0.0,0.0,0.0,0.0,50.0,0.0
2026-09-05,3,128,Buonanotte,Brighton,BHA,brighton,MID,1,0.0,0.0,0.0,0.0,0.0,0.0,0.0,0.0,0.0,0.0,0.0,0.0,0.0,0.0,0.0,50.0,0.0
2026-09-13,4,128,Buonanotte,Brighton,BHA,brighton,MID,0,0.0,0.0,0.0,0.0,0.0,0.0,0.0,0.0,0.0,0.0,0.0,0.0,0.0,0.0,0.0,50.0,0.0
2026-09-19,5,128,Buonanotte,Brighton,BHA,brighton,MID,1,0.0,0.0,0.0,0.0,0.0,0.0,0.0,0.0,0.0,0.0,0.0,0.0,0.0,0.0,0.0,50.0,0.0
2026-08-23,1,127,Gomez,Brighton,BHA,brighton,MID,1,85.0,6.0,0.0,1.0,1.0,0.0,0.0,0.0,27.0,0.18,0.48,6.0,0.0,0.0,1.0,50.0,6.0
2026-08-30,2,127,Gomez,Brighton,BHA,brighton,MID,0,90.0,5.0,0.0,1.0,0.0,4.0,0.0,0.0,15.0,0.38,0.17,5.0,0.0,0.0,1.0,50.0,5.0
2026-09-05,3,127,Gomez,Brighton,BHA,brighton,MID,1,90.0,2.0,0.0,0.0,0.0,1.0,0.0,0.0,13.0,0.09,0.05,9.0,0.0,0.0,1.0,50.0,9.0
2026-09-13,4,127,Gomez,Brighton,BHA,brighton,MID,0,83.0,3.0,0.0,0.0,1.0,0.0,0.0,0.0,6.0,0.14,0.06,3.0,0.0,0.0,1.0,50.0,3.0
2026-09-19,5,127,Gomez,Brighton,BHA,brighton,MID,1,85.0,8.0,0.0,1.0,1.0,0.0,0.0,0.0,19.0,0.0,0.02,13.0,0.0,0.0,1.0,50.0,13.0
2026-08-23,1,130,Wieffer,Brighton,BHA,brighton,DEF,1,77.0,7.0,0.0,0.0,1.0,0.0,0.0,1.0,32.0,0.09,0.05,8.0,0.0,0.0,1.0,50.0,8.0
2026-08-30,2,130,Wieffer,Brighton,BHA,brighton,DEF,0,79.0,0.0,0.0,0.0,0.0,4.0,0.0,0.0,6.0,0.03,0.08,7.0,0.0,0.0,1.0,50.0,7.0
2026-09-05,3,130,Wieffer,Brighton,BHA,brighton,DEF,1,0.0,0.0,0.0,0.0,0.0,0.0,0.0,0.0,0.0,0.0,0.0,0.0,0.0,0.0,0.0,50.0,0.0
2026-09-13,4,130,Wieffer,Brighton,BHA,brighton,DEF,0,0.0,0.0,0.0,0.0,0.0,0.0,0.0,0.0,0.0,0.0,0.0,0.0,0.0,0.0,0.0,50.0,0.0
2026-09-19,5,130,Wieffer,Brighton,BHA,brighton,DEF,1,0.0,0.0,0.0,0.0,0.0,0.0,0.0,0.0,0.0,0.0,0.0,0.0,0.0,0.0,0.0,49.0,0.0
2026-08-23,1,118,Igor,Brighton,BHA,brighton,DEF,1,0.0,0.0,0.0,0.0,0.0,0.0,0.0,0.0,0.0,0.0,0.0,0.0,0.0,0.0,0.0,45.0,0.0
2026-08-30,2,118,Igor,Brighton,BHA,brighton,DEF,0,0.0,0.0,0.0,0.0,0.0,0.0,0.0,0.0,0.0,0.0,0.0,0.0,0.0,0.0,0.0,45.0,0.0
2026-09-05,3,118,Igor,Brighton,BHA,brighton,DEF,1,0.0,0.0,0.0,0.0,0.0,0.0,0.0,0.0,0.0,0.0,0.0,0.0,0.0,0.0,0.0,45.0,0.0
2026-09-13,4,118,Igor,Brighton,BHA,brighton,DEF,0,0.0,0.0,0.0,0.0,0.0,0.0,0.0,0.0,0.0,0.0,0.0,0.0,0.0,0.0,0.0,45.0,0.0
2026-09-19,5,118,Igor,Brighton,BHA,brighton,DEF,1,0.0,0.0,0.0,0.0,0.0,0.0,0.0,0.0,0.0,0.0,0.0,0.0,0.0,0.0,0.0,45.0,0.0
2026-08-23,1,132,Howell,Brighton,BHA,brighton,MID,1,0.0,0.0,0.0,0.0,0.0,0.0,0.0,0.0,0.0,0.0,0.0,0.0,0.0,0.0,0.0,45.0,0.0
2026-08-30,2,132,Howell,Brighton,BHA,brighton,MID,0,0.0,0.0,0.0,0.0,0.0,0.0,0.0,0.0,0.0,0.0,0.0,0.0,0.0,0.0,0.0,45.0,0.0
2026-09-05,3,132,Howell,Brighton,BHA,brighton,MID,1,0.0,0.0,0.0,0.0,0.0,0.0,0.0,0.0,0.0,0.0,0.0,0.0,0.0,0.0,0.0,45.0,0.0
2026-09-13,4,132,Howell,Brighton,BHA,brighton,MID,0,0.0,0.0,0.0,0.0,0.0,0.0,0.0,0.0,0.0,0.0,0.0,0.0,0.0,0.0,0.0,45.0,0.0
2026-09-19,5,132,Howell,Brighton,BHA,brighton,MID,1,0.0,0.0,0.0,0.0,0.0,0.0,0.0,0.0,0.0,0.0,0.0,0.0,0.0,0.0,0.0,45.0,0.0
2026-08-23,1,133,Watson,Brighton,BHA,brighton,MID,1,0.0,0.0,0.0,0.0,0.0,0.0,0.0,0.0,0.0,0.0,0.0,0.0,0.0,0.0,0.0,50.0,0.0
2026-08-30,2,133,Watson,Brighton,BHA,brighton,MID,0,0.0,0.0,0.0,0.0,0.0,0.0,0.0,0.0,0.0,0.0,0.0,0.0,0.0,0.0,0.0,50.0,0.0
2026-09-05,3,133,Watson,Brighton,BHA,brighton,MID,1,0.0,0.0,0.0,0.0,0.0,0.0,0.0,0.0,0.0,0.0,0.0,0.0,0.0,0.0,0.0,50.0,0.0
2026-09-13,4,133,Watson,Brighton,BHA,brighton,MID,0,0.0,0.0,0.0,0.0,0.0,0.0,0.0,0.0,0.0,0.0,0.0,0.0,0.0,0.0,0.0,50.0,0.0
2026-09-19,5,133,Watson,Brighton,BHA,brighton,MID,1,0.0,0.0,0.0,0.0,0.0,0.0,0.0,0.0,0.0,0.0,0.0,0.0,0.0,0.0,0.0,50.0,0.0
2026-08-23,1,135,Yohanna,Brighton,BHA,brighton,MID,1,12.0,1.0,0.0,0.0,0.0,0.0,0.0,0.0,3.0,0.0,0.03,0.0,0.0,0.0,0.0,50.0,0.0
2026-08-30,2,135,Yohanna,Brighton,BHA,brighton,MID,0,0.0,0.0,0.0,0.0,0.0,0.0,0.0,0.0,0.0,0.0,0.0,0.0,0.0,0.0,0.0,50.0,0.0
2026-09-05,3,135,Yohanna,Brighton,BHA,brighton,MID,1,0.0,0.0,0.0,0.0,0.0,0.0,0.0,0.0,0.0,0.0,0.0,0.0,0.0,0.0,0.0,50.0,0.0
2026-09-13,4,135,Yohanna,Brighton,BHA,brighton,MID,0,0.0,0.0,0.0,0.0,0.0,0.0,0.0,0.0,0.0,0.0,0.0,0.0,0.0,0.0,0.0,49.0,0.0
2026-09-19,5,135,Yohanna,Brighton,BHA,brighton,MID,1,0.0,0.0,0.0,0.0,0.0,0.0,0.0,0.0,0.0,0.0,0.0,0.0,0.0,0.0,0.0,49.0,0.0
2026-08-23,1,600,Osman,Brighton,BHA,brighton,MID,1,12.0,1.0,0.0,0.0,0.0,0.0,0.0,0.0,7.0,0.0,0.05,2.0,0.0,0.0,0.0,50.0,2.0
2026-08-30,2,600,Osman,Brighton,BHA,brighton,MID,0,16.0,1.0,0.0,0.0,0.0,1.0,0.0,0.0,6.0,0.0,0.01,1.0,0.0,0.0,0.0,50.0,1.0
2026-09-05,3,600,Osman,Brighton,BHA,brighton,MID,1,0.0,0.0,0.0,0.0,0.0,0.0,0.0,0.0,0.0,0.0,0.0,0.0,0.0,0.0,0.0,50.0,0.0
2026-09-13,4,600,Osman,Brighton,BHA,brighton,MID,0,12.0,1.0,0.0,0.0,0.0,0.0,0.0,0.0,2.0,0.05,0.01,1.0,0.0,0.0,0.0,50.0,1.0
2026-09-19,5,600,Osman,Brighton,BHA,brighton,MID,1,0.0,0.0,0.0,0.0,0.0,0.0,0.0,0.0,0.0,0.0,0.0,0.0,0.0,0.0,0.0,50.0,0.0
2026-08-23,1,137,Tzimas,Brighton,BHA,brighton,FWD,1,0.0,0.0,0.0,0.0,0.0,0.0,0.0,0.0,0.0,0.0,0.0,0.0,0.0,0.0,0.0,55.0,0.0
2026-08-30,2,137,Tzimas,Brighton,BHA,brighton,FWD,0,0.0,0.0,0.0,0.0,0.0,0.0,0.0,0.0,0.0,0.0,0.0,0.0,0.0,0.0,0.0,55.0,0.0
2026-09-05,3,137,Tzimas,Brighton,BHA,brighton,FWD,1,0.0,0.0,0.0,0.0,0.0,0.0,0.0,0.0,0.0,0.0,0.0,0.0,0.0,0.0,0.0,55.0,0.0
2026-09-13,4,137,Tzimas,Brighton,BHA,brighton,FWD,0,0.0,0.0,0.0,0.0,0.0,0.0,0.0,0.0,0.0,0.0,0.0,0.0,0.0,0.0,0.0,55.0,0.0
2026-09-19,5,137,Tzimas,Brighton,BHA,brighton,FWD,1,0.0,0.0,0.0,0.0,0.0,0.0,0.0,0.0,0.0,0.0,0.0,0.0,0.0,0.0,0.0,54.0,0.0
2026-08-23,1,328,Struijk,Brighton,BHA,brighton,DEF,1,0.0,0.0,0.0,0.0,0.0,0.0,0.0,0.0,0.0,0.0,0.0,0.0,0.0,0.0,0.0,50.0,0.0
2026-08-30,2,328,Struijk,Brighton,BHA,brighton,DEF,0,0.0,0.0,0.0,0.0,0.0,0.0,0.0,0.0,0.0,0.0,0.0,0.0,0.0,0.0,0.0,50.0,0.0
2026-09-05,3,328,Struijk,Brighton,BHA,brighton,DEF,1,1.0,1.0,0.0,0.0,0.0,0.0,0.0,0.0,3.0,0.0,0.0,0.0,0.0,0.0,0.0,50.0,0.0
2026-09-13,4,328,Struijk,Brighton,BHA,brighton,DEF,0,12.0,1.0,0.0,0.0,0.0,0.0,0.0,0.0,4.0,0.0,0.01,4.0,0.0,0.0,0.0,50.0,4.0
2026-09-19,5,328,Struijk,Brighton,BHA,brighton,DEF,1,85.0,5.0,0.0,0.0,1.0,0.0,0.0,0.0,24.0,0.16,0.0,6.0,1.0,0.0,1.0,49.0,6.0
2026-08-23,1,138,Kostoulas,Brighton,BHA,brighton,FWD,1,26.0,1.0,0.0,0.0,0.0,0.0,0.0,0.0,-1.0,0.18,0.0,2.0,0.0,0.0,0.0,55.0,2.0
2026-08-30,2,138,Kostoulas,Brighton,BHA,brighton,FWD,0,79.0,5.0,0.0,1.0,0.0,4.0,0.0,0.0,17.0,0.17,0.02,6.0,0.0,0.0,1.0,55.0,6.0
2026-09-05,3,138,Kostoulas,Brighton,BHA,brighton,FWD,1,90.0,2.0,0.0,0.0,0.0,1.0,0.0,0.0,9.0,0.43,0.02,8.0,0.0,0.0,1.0,55.0,8.0
2026-09-13,4,138,Kostoulas,Brighton,BHA,brighton,FWD,0,83.0,10.0,1.0,1.0,1.0,0.0,0.0,1.0,40.0,0.39,0.01,7.0,0.0,0.0,1.0,55.0,7.0
2026-09-19,5,138,Kostoulas,Brighton,BHA,brighton,FWD,1,75.0,10.0,1.0,1.0,1.0,0.0,0.0,2.0,40.0,0.18,0.01,4.0,1.0,0.0,1.0,55.0,4.0
2026-08-23,1,134,Oriola,Brighton,BHA,brighton,MID,1,0.0,0.0,0.0,0.0,0.0,0.0,0.0,0.0,0.0,0.0,0.0,0.0,0.0,0.0,0.0,45.0,0.0
2026-08-30,2,134,Oriola,Brighton,BHA,brighton,MID,0,0.0,0.0,0.0,0.0,0.0,0.0,0.0,0.0,0.0,0.0,0.0,0.0,0.0,0.0,0.0,45.0,0.0
2026-09-05,3,134,Oriola,Brighton,BHA,brighton,MID,1,0.0,0.0,0.0,0.0,0.0,0.0,0.0,0.0,0.0,0.0,0.0,0.0,0.0,0.0,0.0,45.0,0.0
2026-09-13,4,134,Oriola,Brighton,BHA,brighton,MID,0,0.0,0.0,0.0,0.0,0.0,0.0,0.0,0.0,0.0,0.0,0.0,0.0,0.0,0.0,0.0,45.0,0.0
2026-09-19,5,134,Oriola,Brighton,BHA,brighton,MID,1,0.0,0.0,0.0,0.0,0.0,0.0,0.0,0.0,0.0,0.0,0.0,0.0,0.0,0.0,0.0,45.0,0.0
2026-08-23,1,605,Yalcouyé,Brighton,BHA,brighton,MID,1,4.0,1.0,0.0,0.0,0.0,0.0,0.0,0.0,3.0,0.0,0.01,0.0,0.0,0.0,0.0,45.0,0.0
2026-08-30,2,605,Yalcouyé,Brighton,BHA,brighton,MID,0,73.0,8.0,1.0,0.0,0.0,3.0,0.0,1.0,39.0,0.7,0.16,7.0,0.0,0.0,1.0,45.0,7.0
2026-09-05,3,605,Yalcouyé,Brighton,BHA,brighton,MID,1,90.0,2.0,0.0,0.0,0.0,1.0,0.0,0.0,16.0,0.05,0.09,5.0,0.0,0.0,1.0,45.0,5.0
2026-09-13,4,605,Yalcouyé,Brighton,BHA,brighton,MID,0,64.0,8.0,1.0,0.0,1.0,0.0,0.0,0.0,29.0,0.67,0.01,6.0,0.0,0.0,1.0,45.0,6.0
2026-09-19,5,605,Yalcouyé,Brighton,BHA,brighton,MID,1,5.0,1.0,0.0,0.0,0.0,0.0,0.0,0.0,9.0,0.04,0.18,1.0,0.0,0.0,0.0,45.0,1.0
2026-08-23,1,504,Vuskovic,Brighton,BHA,brighton,DEF,1,90.0,6.0,0.0,0.0,1.0,0.0,0.0,0.0,19.0,0.13,0.03,4.0,0.0,0.0,1.0,50.0,4.0
2026-08-30,2,504,Vuskovic,Brighton,BHA,brighton,DEF,0,90.0,0.0,0.0,0.0,0.0,4.0,0.0,0.0,-2.0,0.03,0.02,8.0,0.0,0.0,1.0,50.0,8.0
2026-09-05,3,504,Vuskovic,Brighton,BHA,brighton,DEF,1,90.0,12.0,1.0,0.0,0.0,1.0,0.0,2.0,27.0,0.19,0.01,10.0,0.0,0.0,1.0,50.0,10.0
2026-09-13,4,504,Vuskovic,Brighton,BHA,brighton,DEF,0,77.0,6.0,0.0,0.0,1.0,0.0,0.0,0.0,27.0,0.11,0.01,9.0,0.0,0.0,1.0,50.0,9.0
2026-09-19,5,504,Vuskovic,Brighton,BHA,brighton,DEF,1,90.0,8.0,0.0,0.0,1.0,0.0,0.0,0.0,27.0,0.0,0.0,12.0,0.0,0.0,1.0,50.0,12.0
2026-08-30,2,614,Hadjam,Brighton,BHA,brighton,DEF,0,0.0,0.0,0.0,0.0,0.0,0.0,0.0,0.0,0.0,0.0,0.0,0.0,0.0,0.0,0.0,45.0,0.0
2026-09-05,3,614,Hadjam,Brighton,BHA,brighton,DEF,1,0.0,0.0,0.0,0.0,0.0,0.0,0.0,0.0,0.0,0.0,0.0,0.0,0.0,0.0,0.0,45.0,0.0
2026-09-13,4,614,Hadjam,Brighton,BHA,brighton,DEF,0,0.0,0.0,0.0,0.0,0.0,0.0,0.0,0.0,0.0,0.0,0.0,0.0,0.0,0.0,0.0,45.0,0.0
2026-09-19,5,614,Hadjam,Brighton,BHA,brighton,DEF,1,0.0,0.0,0.0,0.0,0.0,0.0,0.0,0.0,0.0,0.0,0.0,0.0,0.0,0.0,0.0,45.0,0.0
2026-09-05,3,639,Andrés,Brighton,BHA,brighton,MID,1,0.0,0.0,0.0,0.0,0.0,0.0,0.0,0.0,0.0,0.0,0.0,0.0,0.0,0.0,0.0,55.0,0.0
2026-09-13,4,639,Andrés,Brighton,BHA,brighton,MID,0,25.0,4.0,0.0,1.0,0.0,0.0,0.0,0.0,10.0,0.24,0.01,4.0,0.0,0.0,0.0,55.0,4.0
2026-09-19,5,639,Andrés,Brighton,BHA,brighton,MID,1,84.0,8.0,1.0,0.0,1.0,0.0,0.0,0.0,27.0,0.28,0.11,9.0,0.0,0.0,1.0,55.0,9.0
2026-08-23,1,594,David,Brighton,BHA,brighton,FWD,1,0.0,0.0,0.0,0.0,0.0,0.0,0.0,0.0,0.0,0.0,0.0,0.0,0.0,0.0,0.0,60.0,0.0
2026-08-30,2,594,David,Brighton,BHA,brighton,FWD,0,10.0,1.0,0.0,0.0,0.0,0.0,0.0,0.0,3.0,0.0,0.0,0.0,0.0,0.0,0.0,60.0,0.0
2026-09-05,3,594,David,Brighton,BHA,brighton,FWD,1,13.0,0.0,0.0,0.0,0.0,0.0,0.0,0.0,-7.0,0.42,0.0,0.0,1.0,0.0,0.0,60.0,0.0
2026-09-13,4,594,David,Brighton,BHA,brighton,FWD,0,0.0,0.0,0.0,0.0,0.0,0.0,0.0,0.0,0.0,0.0,0.0,0.0,0.0,0.0,0.0,60.0,0.0
2026-09-19,5,594,David,Brighton,BHA,brighton,FWD,1,0.0,0.0,0.0,0.0,0.0,0.0,0.0,0.0,0.0,0.0,0.0,0.0,0.0,0.0,0.0,60.0,0.0
2026-08-23,1,139,Ferguson,Brighton,BHA,brighton,FWD,1,0.0,0.0,0.0,0.0,0.0,0.0,0.0,0.0,0.0,0.0,0.0,0.0,0.0,0.0,0.0,50.0,0.0
2026-08-30,2,139,Ferguson,Brighton,BHA,brighton,FWD,0,0.0,0.0,0.0,0.0,0.0,0.0,0.0,0.0,0.0,0.0,0.0,0.0,0.0,0.0,0.0,50.0,0.0
2026-09-05,3,139,Ferguson,Brighton,BHA,brighton,FWD,1,0.0,0.0,0.0,0.0,0.0,0.0,0.0,0.0,0.0,0.0,0.0,0.0,0.0,0.0,0.0,50.0,0.0
2026-09-13,4,139,Ferguson,Brighton,BHA,brighton,FWD,0,0.0,0.0,0.0,0.0,0.0,0.0,0.0,0.0,0.0,0.0,0.0,0.0,0.0,0.0,0.0,50.0,0.0
2026-09-19,5,139,Ferguson,Brighton,BHA,brighton,FWD,1,0.0,0.0,0.0,0.0,0.0,0.0,0.0,0.0,0.0,0.0,0.0,0.0,0.0,0.0,0.0,50.0,0.0
2026-08-30,2,624,Cozier-Duberry,Brighton,BHA,brighton,MID,0,0.0,0.0,0.0,0.0,0.0,0.0,0.0,0.0,0.0,0.0,0.0,0.0,0.0,0.0,0.0,50.0,0.0
2026-09-05,3,624,Cozier-Duberry,Brighton,BHA,brighton,MID,1,0.0,0.0,0.0,0.0,0.0,0.0,0.0,0.0,0.0,0.0,0.0,0.0,0.0,0.0,0.0,50.0,0.0
2026-09-13,4,624,Cozier-Duberry,Brighton,BHA,brighton,MID,0,0.0,0.0,0.0,0.0,0.0,0.0,0.0,0.0,0.0,0.0,0.0,0.0,0.0,0.0,0.0,50.0,0.0
2026-09-19,5,624,Cozier-Duberry,Brighton,BHA,brighton,MID,1,0.0,0.0,0.0,0.0,0.0,0.0,0.0,0.0,0.0,0.0,0.0,0.0,0.0,0.0,0.0,50.0,0.0
2026-09-13,4,658,Ibrahim,Brighton,BHA,brighton,MID,0,0.0,0.0,0.0,0.0,0.0,0.0,0.0,0.0,0.0,0.0,0.0,0.0,0.0,0.0,0.0,45.0,0.0
2026-09-19,5,658,Ibrahim,Brighton,BHA,brighton,MID,1,0.0,0.0,0.0,0.0,0.0,0.0,0.0,0.0,0.0,0.0,0.0,0.0,0.0,0.0,0.0,45.0,0.0
2026-09-05,3,652,Azeez,Brighton,BHA,brighton,MID,1,0.0,0.0,0.0,0.0,0.0,0.0,0.0,0.0,0.0,0.0,0.0,0.0,0.0,0.0,0.0,55.0,0.0
2026-09-13,4,652,Azeez,Brighton,BHA,brighton,MID,0,0.0,0.0,0.0,0.0,0.0,0.0,0.0,0.0,0.0,0.0,0.0,0.0,0.0,0.0,0.0,55.0,0.0
2026-09-19,5,652,Azeez,Brighton,BHA,brighton,MID,1,0.0,0.0,0.0,0.0,0.0,0.0,0.0,0.0,0.0,0.0,0.0,0.0,0.0,0.0,0.0,55.0,0.0
2026-08-24,1,101,Henderson,Chelsea,CHE,chelsea,MID,0,0.0,0.0,0.0,0.0,0.0,0.0,0.0,0.0,0.0,0.0,0.0,0.0,0.0,0.0,0.0,50.0,0.0
2026-08-30,2,101,Henderson,Chelsea,CHE,chelsea,MID,1,0.0,0.0,0.0,0.0,0.0,0.0,0.0,0.0,0.0,0.0,0.0,0.0,0.0,0.0,0.0,50.0,0.0
2026-09-06,3,101,Henderson,Chelsea,CHE,chelsea,MID,0,0.0,0.0,0.0,0.0,0.0,0.0,0.0,0.0,0.0,0.0,0.0,0.0,0.0,0.0,0.0,50.0,0.0
2026-09-12,4,101,Henderson,Chelsea,CHE,chelsea,MID,1,0.0,0.0,0.0,0.0,0.0,0.0,0.0,0.0,0.0,0.0,0.0,0.0,0.0,0.0,0.0,49.0,0.0
2026-09-18,5,101,Henderson,Chelsea,CHE,chelsea,MID,0,90.0,2.0,0.0,0.0,0.0,3.0,0.0,0.0,16.0,0.0,0.08,10.0,0.0,0.0,1.0,49.0,10.0
2026-08-24,1,136,Welbeck,Chelsea,CHE,chelsea,FWD,0,0.0,0.0,0.0,0.0,0.0,0.0,0.0,0.0,0.0,0.0,0.0,0.0,0.0,0.0,0.0,60.0,0.0
2026-08-30,2,136,Welbeck,Chelsea,CHE,chelsea,FWD,1,0.0,0.0,0.0,0.0,0.0,0.0,0.0,0.0,0.0,0.0,0.0,0.0,0.0,0.0,0.0,60.0,0.0
2026-09-06,3,136,Welbeck,Chelsea,CHE,chelsea,FWD,0,3.0,1.0,0.0,0.0,0.0,0.0,0.0,0.0,3.0,0.0,0.0,0.0,0.0,0.0,0.0,59.0,0.0
2026-09-12,4,136,Welbeck,Chelsea,CHE,chelsea,FWD,1,12.0,1.0,0.0,0.0,0.0,0.0,0.0,0.0,4.0,0.0,0.06,1.0,0.0,0.0,0.0,59.0,1.0
2026-09-18,5,136,Welbeck,Chelsea,CHE,chelsea,FWD,0,70.0,2.0,0.0,0.0,0.0,1.0,0.0,0.0,8.0,0.0,0.08,4.0,0.0,0.0,1.0,59.0,4.0
2026-08-23,1,28,Martinez,Aston Villa,AVL,aston villa,GKP,0,0.0,0.0,0.0,0.0,0.0,0.0,0.0,0.0,0.0,0.0,0.0,0.0,0.0,0.0,0.0,50.0,0.0
2026-08-30,2,28,Martinez,Chelsea,CHE,chelsea,GKP,1,90.0,2.0,0.0,0.0,0.0,3.0,4.0,0.0,18.0,0.0,0.01,0.0,0.0,0.0,1.0,50.0,0.0
2026-09-06,3,28,Martinez,Chelsea,CHE,chelsea,GKP,0,90.0,3.0,0.0,0.0,0.0,2.0,8.0,0.0,26.0,0.0,0.0,0.0,0.0,0.0,1.0,50.0,0.0
2026-09-12,4,28,Martinez,Chelsea,CHE,chelsea,GKP,1,90.0,2.0,0.0,0.0,0.0,2.0,3.0,0.0,10.0,0.0,0.0,0.0,0.0,0.0,1.0,50.0,0.0
2026-09-18,5,28,Martinez,Chelsea,CHE,chelsea,GKP,0,90.0,2.0,0.0,0.0,0.0,3.0,3.0,0.0,7.0,0.0,0.0,0.0,0.0,0.0,1.0,50.0,0.0
2026-08-24,1,40,Rogers,Chelsea,CHE,chelsea,MID,0,81.0,8.0,1.0,0.0,0.0,2.0,0.0,1.0,37.0,0.96,0.1,7.0,0.0,0.0,1.0,75.0,7.0
2026-08-30,2,40,Rogers,Chelsea,CHE,chelsea,MID,1,90.0,5.0,0.0,1.0,0.0,3.0,0.0,0.0,28.0,0.14,1.01,5.0,0.0,0.0,1.0,75.0,5.0
2026-09-06,3,40,Rogers,Chelsea,CHE,chelsea,MID,0,86.0,6.0,1.0,0.0,0.0,2.0,0.0,0.0,22.0,0.08,0.03,5.0,1.0,0.0,1.0,75.0,5.0
2026-09-12,4,40,Rogers,Chelsea,CHE,chelsea,MID,1,90.0,8.0,1.0,0.0,0.0,2.0,0.0,1.0,31.0,0.21,0.02,6.0,0.0,0.0,1.0,76.0,6.0
2026-09-18,5,40,Rogers,Chelsea,CHE,chelsea,MID,0,90.0,2.0,0.0,0.0,0.0,3.0,0.0,0.0,17.0,0.33,0.07,8.0,0.0,0.0,1.0,77.0,8.0
2026-08-24,1,140,Sánchez,Chelsea,CHE,chelsea,GKP,0,90.0,2.0,0.0,0.0,0.0,2.0,4.0,0.0,6.0,0.0,0.01,0.0,0.0,0.0,1.0,50.0,0.0
2026-08-30,2,140,Sánchez,Chelsea,CHE,chelsea,GKP,1,0.0,0.0,0.0,0.0,0.0,0.0,0.0,0.0,0.0,0.0,0.0,0.0,0.0,0.0,0.0,50.0,0.0
2026-09-06,3,140,Sánchez,Chelsea,CHE,chelsea,GKP,0,0.0,0.0,0.0,0.0,0.0,0.0,0.0,0.0,0.0,0.0,0.0,0.0,0.0,0.0,0.0,49.0,0.0
2026-09-12,4,140,Sánchez,Chelsea,CHE,chelsea,GKP,1,0.0,0.0,0.0,0.0,0.0,0.0,0.0,0.0,0.0,0.0,0.0,0.0,0.0,0.0,0.0,49.0,0.0
2026-09-18,5,140,Sánchez,Chelsea,CHE,chelsea,GKP,0,0.0,0.0,0.0,0.0,0.0,0.0,0.0,0.0,0.0,0.0,0.0,0.0,0.0,0.0,0.0,49.0,0.0
2026-08-24,1,146,B.Badiashile,Chelsea,CHE,chelsea,DEF,0,0.0,0.0,0.0,0.0,0.0,0.0,0.0,0.0,0.0,0.0,0.0,0.0,0.0,0.0,0.0,45.0,0.0
2026-08-30,2,146,B.Badiashile,Chelsea,CHE,chelsea,DEF,1,0.0,0.0,0.0,0.0,0.0,0.0,0.0,0.0,0.0,0.0,0.0,0.0,0.0,0.0,0.0,45.0,0.0
2026-09-06,3,146,B.Badiashile,Chelsea,CHE,chelsea,DEF,0,0.0,0.0,0.0,0.0,0.0,0.0,0.0,0.0,0.0,0.0,0.0,0.0,0.0,0.0,0.0,45.0,0.0
2026-09-12,4,146,B.Badiashile,Chelsea,CHE,chelsea,DEF,1,0.0,0.0,0.0,0.0,0.0,0.0,0.0,0.0,0.0,0.0,0.0,0.0,0.0,0.0,0.0,45.0,0.0
2026-09-18,5,146,B.Badiashile,Chelsea,CHE,chelsea,DEF,0,0.0,0.0,0.0,0.0,0.0,0.0,0.0,0.0,0.0,0.0,0.0,0.0,0.0,0.0,0.0,45.0,0.0
2026-08-24,1,142,James,Chelsea,CHE,chelsea,DEF,0,90.0,0.0,0.0,0.0,0.0,2.0,0.0,0.0,5.0,0.1,0.07,6.0,1.0,0.0,1.0,55.0,6.0
2026-08-30,2,142,James,Chelsea,CHE,chelsea,DEF,1,22.0,1.0,0.0,0.0,0.0,1.0,0.0,0.0,-1.0,0.0,0.0,0.0,0.0,0.0,0.0,55.0,0.0
2026-09-06,3,142,James,Chelsea,CHE,chelsea,DEF,0,90.0,1.0,0.0,0.0,0.0,2.0,0.0,0.0,9.0,0.07,0.05,3.0,0.0,0.0,1.0,55.0,3.0
2026-09-12,4,142,James,Chelsea,CHE,chelsea,DEF,1,90.0,1.0,0.0,0.0,0.0,2.0,0.0,0.0,11.0,0.16,0.14,4.0,0.0,0.0,1.0,54.0,4.0
2026-09-18,5,142,James,Chelsea,CHE,chelsea,DEF,0,0.0,0.0,0.0,0.0,0.0,0.0,0.0,0.0,0.0,0.0,0.0,0.0,0.0,0.0,0.0,54.0,0.0
2026-08-24,1,145,Fofana,Chelsea,CHE,chelsea,DEF,0,0.0,0.0,0.0,0.0,0.0,0.0,0.0,0.0,0.0,0.0,0.0,0.0,0.0,0.0,0.0,50.0,0.0
2026-08-30,2,145,Fofana,Chelsea,CHE,chelsea,DEF,1,67.0,0.0,0.0,0.0,0.0,2.0,0.0,0.0,-2.0,0.0,0.01,9.0,1.0,0.0,1.0,50.0,9.0
2026-09-06,3,145,Fofana,Chelsea,CHE,chelsea,DEF,0,90.0,3.0,0.0,0.0,0.0,2.0,0.0,0.0,16.0,0.0,0.04,17.0,0.0,0.0,1.0,50.0,17.0
2026-09-12,4,145,Fofana,Chelsea,CHE,chelsea,DEF,1,85.0,1.0,0.0,0.0,0.0,2.0,0.0,0.0,10.0,0.0,0.03,6.0,0.0,0.0,1.0,50.0,6.0
2026-09-18,5,145,Fofana,Chelsea,CHE,chelsea,DEF,0,70.0,4.0,0.0,0.0,0.0,1.0,0.0,0.0,11.0,0.0,0.0,15.0,0.0,0.0,1.0,50.0,15.0
2026-08-24,1,144,Gusto,Chelsea,CHE,chelsea,DEF,0,75.0,1.0,0.0,0.0,0.0,2.0,0.0,0.0,2.0,0.0,0.03,3.0,0.0,0.0,1.0,50.0,3.0
2026-08-30,2,144,Gusto,Chelsea,CHE,chelsea,DEF,1,90.0,1.0,0.0,0.0,0.0,3.0,0.0,0.0,-1.0,0.0,0.01,5.0,0.0,0.0,1.0,50.0,5.0
2026-09-06,3,144,Gusto,Chelsea,CHE,chelsea,DEF,0,30.0,1.0,0.0,0.0,0.0,0.0,0.0,0.0,4.0,0.04,0.01,2.0,0.0,0.0,0.0,50.0,2.0
2026-09-12,4,144,Gusto,Chelsea,CHE,chelsea,DEF,1,77.0,1.0,0.0,0.0,0.0,2.0,0.0,0.0,7.0,0.04,0.07,5.0,0.0,0.0,1.0,50.0,5.0
2026-09-18,5,144,Gusto,Chelsea,CHE,chelsea,DEF,0,0.0,0.0,0.0,0.0,0.0,0.0,0.0,0.0,0.0,0.0,0.0,0.0,0.0,0.0,0.0,50.0,0.0
2026-08-24,1,141,Jörgensen,Chelsea,CHE,chelsea,GKP,0,0.0,0.0,0.0,0.0,0.0,0.0,0.0,0.0,0.0,0.0,0.0,0.0,0.0,0.0,0.0,50.0,0.0
2026-08-30,2,141,Jörgensen,Chelsea,CHE,chelsea,GKP,1,0.0,0.0,0.0,0.0,0.0,0.0,0.0,0.0,0.0,0.0,0.0,0.0,0.0,0.0,0.0,50.0,0.0
2026-09-06,3,141,Jörgensen,Chelsea,CHE,chelsea,GKP,0,0.0,0.0,0.0,0.0,0.0,0.0,0.0,0.0,0.0,0.0,0.0,0.0,0.0,0.0,0.0,50.0,0.0
2026-09-12,4,141,Jörgensen,Chelsea,CHE,chelsea,GKP,1,0.0,0.0,0.0,0.0,0.0,0.0,0.0,0.0,0.0,0.0,0.0,0.0,0.0,0.0,0.0,50.0,0.0
2026-09-18,5,141,Jörgensen,Chelsea,CHE,chelsea,GKP,0,0.0,0.0,0.0,0.0,0.0,0.0,0.0,0.0,0.0,0.0,0.0,0.0,0.0,0.0,0.0,50.0,0.0
2026-08-24,1,148,Hato,Chelsea,CHE,chelsea,DEF,0,64.0,1.0,0.0,0.0,0.0,2.0,0.0,0.0,5.0,0.01,0.03,3.0,0.0,0.0,1.0,45.0,3.0
2026-08-30,2,148,Hato,Chelsea,CHE,chelsea,DEF,1,90.0,4.0,0.0,1.0,0.0,3.0,0.0,0.0,12.0,0.0,0.06,6.0,0.0,0.0,1.0,45.0,6.0
2026-09-06,3,148,Hato,Chelsea,CHE,chelsea,DEF,0,59.0,3.0,0.0,1.0,0.0,2.0,0.0,0.0,5.0,0.0,0.02,6.0,0.0,0.0,1.0,45.0,6.0
2026-09-12,4,148,Hato,Chelsea,CHE,chelsea,DEF,1,45.0,0.0,0.0,0.0,0.0,2.0,0.0,0.0,-8.0,0.0,0.1,3.0,0.0,0.0,1.0,45.0,3.0
2026-09-18,5,148,Hato,Chelsea,CHE,chelsea,DEF,0,0.0,0.0,0.0,0.0,0.0,0.0,0.0,0.0,0.0,0.0,0.0,0.0,0.0,0.0,0.0,45.0,0.0
2026-08-24,1,143,Chalobah,Chelsea,CHE,chelsea,DEF,0,0.0,0.0,0.0,0.0,0.0,0.0,0.0,0.0,0.0,0.0,0.0,0.0,0.0,0.0,0.0,55.0,0.0
2026-08-30,2,143,Chalobah,Chelsea,CHE,chelsea,DEF,1,0.0,0.0,0.0,0.0,0.0,0.0,0.0,0.0,0.0,0.0,0.0,0.0,0.0,0.0,0.0,55.0,0.0
2026-09-06,3,143,Chalobah,Chelsea,CHE,chelsea,DEF,0,0.0,0.0,0.0,0.0,0.0,0.0,0.0,0.0,0.0,0.0,0.0,0.0,0.0,0.0,0.0,55.0,0.0
2026-09-12,4,143,Chalobah,Chelsea,CHE,chelsea,DEF,1,0.0,0.0,0.0,0.0,0.0,0.0,0.0,0.0,0.0,0.0,0.0,0.0,0.0,0.0,0.0,55.0,0.0
2026-09-18,5,143,Chalobah,Chelsea,CHE,chelsea,DEF,0,0.0,0.0,0.0,0.0,0.0,0.0,0.0,0.0,0.0,0.0,0.0,0.0,0.0,0.0,0.0,55.0,0.0
2026-08-24,1,149,Colwill,Chelsea,CHE,chelsea,DEF,0,90.0,0.0,0.0,0.0,0.0,2.0,0.0,0.0,6.0,0.01,0.03,4.0,1.0,0.0,1.0,50.0,4.0
2026-08-30,2,149,Colwill,Chelsea,CHE,chelsea,DEF,1,71.0,1.0,0.0,0.0,0.0,2.0,0.0,0.0,2.0,0.0,0.0,9.0,0.0,0.0,1.0,50.0,9.0
2026-09-06,3,149,Colwill,Chelsea,CHE,chelsea,DEF,0,0.0,0.0,0.0,0.0,0.0,0.0,0.0,0.0,0.0,0.0,0.0,0.0,0.0,0.0,0.0,50.0,0.0
2026-09-12,4,149,Colwill,Chelsea,CHE,chelsea,DEF,1,90.0,1.0,0.0,0.0,0.0,2.0,0.0,0.0,8.0,0.0,0.01,6.0,0.0,0.0,1.0,49.0,6.0
2026-09-18,5,149,Colwill,Chelsea,CHE,chelsea,DEF,0,90.0,1.0,0.0,0.0,0.0,3.0,0.0,0.0,1.0,0.0,0.01,7.0,0.0,0.0,1.0,49.0,7.0
2026-08-24,1,150,M.Sarr,Chelsea,CHE,chelsea,DEF,0,0.0,0.0,0.0,0.0,0.0,0.0,0.0,0.0,0.0,0.0,0.0,0.0,0.0,0.0,0.0,45.0,0.0
2026-08-30,2,150,M.Sarr,Chelsea,CHE,chelsea,DEF,1,0.0,0.0,0.0,0.0,0.0,0.0,0.0,0.0,0.0,0.0,0.0,0.0,0.0,0.0,0.0,45.0,0.0
2026-09-06,3,150,M.Sarr,Chelsea,CHE,chelsea,DEF,0,0.0,0.0,0.0,0.0,0.0,0.0,0.0,0.0,0.0,0.0,0.0,0.0,0.0,0.0,0.0,45.0,0.0
2026-09-12,4,150,M.Sarr,Chelsea,CHE,chelsea,DEF,1,0.0,0.0,0.0,0.0,0.0,0.0,0.0,0.0,0.0,0.0,0.0,0.0,0.0,0.0,0.0,45.0,0.0
2026-09-18,5,150,M.Sarr,Chelsea,CHE,chelsea,DEF,0,0.0,0.0,0.0,0.0,0.0,0.0,0.0,0.0,0.0,0.0,0.0,0.0,0.0,0.0,0.0,45.0,0.0
2026-08-24,1,151,Acheampong,Chelsea,CHE,chelsea,DEF,0,90.0,3.0,0.0,0.0,0.0,2.0,0.0,0.0,13.0,0.0,0.01,15.0,0.0,0.0,1.0,45.0,15.0
2026-08-30,2,151,Acheampong,Chelsea,CHE,chelsea,DEF,1,22.0,1.0,0.0,0.0,0.0,1.0,0.0,0.0,-1.0,0.0,0.0,3.0,0.0,0.0,0.0,45.0,3.0
2026-09-06,3,151,Acheampong,Chelsea,CHE,chelsea,DEF,0,90.0,1.0,0.0,0.0,0.0,2.0,0.0,0.0,-3.0,0.0,0.01,1.0,0.0,0.0,1.0,45.0,1.0
2026-09-12,4,151,Acheampong,Chelsea,CHE,chelsea,DEF,1,0.0,0.0,0.0,0.0,0.0,0.0,0.0,0.0,0.0,0.0,0.0,0.0,0.0,0.0,0.0,45.0,0.0
2026-09-18,5,151,Acheampong,Chelsea,CHE,chelsea,DEF,0,19.0,0.0,0.0,0.0,0.0,2.0,0.0,0.0,-4.0,0.0,0.01,1.0,0.0,0.0,0.0,45.0,1.0
2026-08-24,1,152,Palestra,Chelsea,CHE,chelsea,DEF,0,0.0,0.0,0.0,0.0,0.0,0.0,0.0,0.0,0.0,0.0,0.0,0.0,0.0,0.0,0.0,55.0,0.0
2026-08-30,2,152,Palestra,Chelsea,CHE,chelsea,DEF,1,0.0,0.0,0.0,0.0,0.0,0.0,0.0,0.0,0.0,0.0,0.0,0.0,0.0,0.0,0.0,55.0,0.0
2026-09-06,3,152,Palestra,Chelsea,CHE,chelsea,DEF,0,0.0,0.0,0.0,0.0,0.0,0.0,0.0,0.0,0.0,0.0,0.0,0.0,0.0,0.0,0.0,54.0,0.0
2026-09-12,4,152,Palestra,Chelsea,CHE,chelsea,DEF,1,0.0,0.0,0.0,0.0,0.0,0.0,0.0,0.0,0.0,0.0,0.0,0.0,0.0,0.0,0.0,54.0,0.0
2026-09-18,5,152,Palestra,Chelsea,CHE,chelsea,DEF,0,0.0,0.0,0.0,0.0,0.0,0.0,0.0,0.0,0.0,0.0,0.0,0.0,0.0,0.0,0.0,53.0,0.0
2026-08-24,1,154,Palmer,Chelsea,CHE,chelsea,MID,0,82.0,13.0,1.0,1.0,0.0,2.0,0.0,3.0,60.0,0.28,0.19,9.0,0.0,0.0,1.0,95.0,9.0
2026-08-30,2,154,Palmer,Chelsea,CHE,chelsea,MID,1,90.0,7.0,1.0,0.0,0.0,3.0,0.0,0.0,28.0,0.66,0.13,8.0,0.0,0.0,1.0,95.0,8.0
2026-09-06,3,154,Palmer,Chelsea,CHE,chelsea,MID,0,90.0,1.0,0.0,0.0,0.0,2.0,0.0,0.0,11.0,0.11,0.04,3.0,1.0,0.0,1.0,96.0,3.0
2026-09-12,4,154,Palmer,Chelsea,CHE,chelsea,MID,1,90.0,5.0,0.0,1.0,0.0,2.0,0.0,0.0,28.0,0.13,0.25,3.0,0.0,0.0,1.0,97.0,3.0
2026-09-18,5,154,Palmer,Chelsea,CHE,chelsea,MID,0,90.0,2.0,0.0,0.0,0.0,3.0,0.0,0.0,21.0,0.13,0.18,6.0,0.0,0.0,1.0,97.0,6.0
2026-08-24,1,156,Neto,Chelsea,CHE,chelsea,MID,0,14.0,1.0,0.0,0.0,0.0,0.0,0.0,0.0,9.0,0.03,0.07,4.0,0.0,0.0,0.0,65.0,4.0
2026-08-30,2,156,Neto,Chelsea,CHE,chelsea,MID,1,67.0,7.0,1.0,0.0,0.0,2.0,0.0,0.0,32.0,0.41,0.33,4.0,0.0,0.0,1.0,65.0,4.0
2026-09-06,3,156,Neto,Chelsea,CHE,chelsea,MID,0,80.0,2.0,0.0,0.0,0.0,2.0,0.0,0.0,10.0,0.03,0.03,7.0,0.0,0.0,1.0,65.0,7.0
2026-09-12,4,156,Neto,Chelsea,CHE,chelsea,MID,1,85.0,2.0,0.0,0.0,0.0,2.0,0.0,0.0,17.0,0.05,0.1,7.0,0.0,0.0,1.0,65.0,7.0
2026-09-18,5,156,Neto,Chelsea,CHE,chelsea,MID,0,86.0,2.0,0.0,0.0,0.0,2.0,0.0,0.0,13.0,0.16,0.05,6.0,0.0,0.0,1.0,65.0,6.0
2026-08-24,1,158,Gittens,Chelsea,CHE,chelsea,MID,0,0.0,0.0,0.0,0.0,0.0,0.0,0.0,0.0,0.0,0.0,0.0,0.0,0.0,0.0,0.0,60.0,0.0
2026-08-30,2,158,Gittens,Chelsea,CHE,chelsea,MID,1,0.0,0.0,0.0,0.0,0.0,0.0,0.0,0.0,0.0,0.0,0.0,0.0,0.0,0.0,0.0,60.0,0.0
2026-09-06,3,158,Gittens,Chelsea,CHE,chelsea,MID,0,0.0,0.0,0.0,0.0,0.0,0.0,0.0,0.0,0.0,0.0,0.0,0.0,0.0,0.0,0.0,59.0,0.0
2026-09-12,4,158,Gittens,Chelsea,CHE,chelsea,MID,1,0.0,0.0,0.0,0.0,0.0,0.0,0.0,0.0,0.0,0.0,0.0,0.0,0.0,0.0,0.0,59.0,0.0
2026-09-18,5,158,Gittens,Chelsea,CHE,chelsea,MID,0,0.0,0.0,0.0,0.0,0.0,0.0,0.0,0.0,0.0,0.0,0.0,0.0,0.0,0.0,0.0,59.0,0.0
2026-08-24,1,157,Estêvão,Chelsea,CHE,chelsea,MID,0,7.0,1.0,0.0,0.0,0.0,0.0,0.0,0.0,3.0,0.0,0.0,1.0,0.0,0.0,0.0,65.0,1.0
2026-08-30,2,157,Estêvão,Chelsea,CHE,chelsea,MID,1,0.0,0.0,0.0,0.0,0.0,0.0,0.0,0.0,0.0,0.0,0.0,0.0,0.0,0.0,0.0,65.0,0.0
2026-09-06,3,157,Estêvão,Chelsea,CHE,chelsea,MID,0,9.0,1.0,0.0,0.0,0.0,0.0,0.0,0.0,5.0,0.04,0.0,0.0,0.0,0.0,0.0,64.0,0.0
2026-09-12,4,157,Estêvão,Chelsea,CHE,chelsea,MID,1,4.0,1.0,0.0,0.0,0.0,0.0,0.0,0.0,6.0,0.03,0.07,1.0,0.0,0.0,0.0,64.0,1.0
2026-09-18,5,157,Estêvão,Chelsea,CHE,chelsea,MID,0,3.0,1.0,0.0,0.0,0.0,1.0,0.0,0.0,3.0,0.0,0.0,0.0,0.0,0.0,0.0,63.0,0.0
2026-08-24,1,161,Lavia,Chelsea,CHE,chelsea,MID,0,64.0,1.0,0.0,0.0,0.0,2.0,0.0,0.0,8.0,0.21,0.03,9.0,1.0,0.0,1.0,50.0,9.0
2026-08-30,2,161,Lavia,Chelsea,CHE,chelsea,MID,1,67.0,7.0,1.0,0.0,0.0,2.0,0.0,0.0,32.0,0.54,0.0,7.0,0.0,0.0,1.0,50.0,7.0
2026-09-06,3,161,Lavia,Chelsea,CHE,chelsea,MID,0,59.0,1.0,0.0,0.0,0.0,2.0,0.0,0.0,7.0,0.0,0.01,6.0,0.0,0.0,1.0,50.0,6.0
2026-09-12,4,161,Lavia,Chelsea,CHE,chelsea,MID,1,68.0,2.0,0.0,0.0,0.0,2.0,0.0,0.0,14.0,0.0,0.07,9.0,0.0,0.0,1.0,50.0,9.0
2026-09-18,5,161,Lavia,Chelsea,CHE,chelsea,MID,0,0.0,0.0,0.0,0.0,0.0,0.0,0.0,0.0,0.0,0.0,0.0,0.0,0.0,0.0,0.0,50.0,0.0
2026-08-24,1,159,Caicedo,Chelsea,CHE,chelsea,MID,0,0.0,0.0,0.0,0.0,0.0,0.0,0.0,0.0,0.0,0.0,0.0,0.0,0.0,0.0,0.0,55.0,0.0
2026-08-30,2,159,Caicedo,Chelsea,CHE,chelsea,MID,1,13.0,1.0,0.0,0.0,0.0,0.0,0.0,0.0,3.0,0.0,0.0,0.0,0.0,0.0,0.0,55.0,0.0
2026-09-06,3,159,Caicedo,Chelsea,CHE,chelsea,MID,0,0.0,0.0,0.0,0.0,0.0,0.0,0.0,0.0,0.0,0.0,0.0,0.0,0.0,0.0,0.0,54.0,0.0
2026-09-12,4,159,Caicedo,Chelsea,CHE,chelsea,MID,1,0.0,0.0,0.0,0.0,0.0,0.0,0.0,0.0,0.0,0.0,0.0,0.0,0.0,0.0,0.0,54.0,0.0
2026-09-18,5,159,Caicedo,Chelsea,CHE,chelsea,MID,0,0.0,0.0,0.0,0.0,0.0,0.0,0.0,0.0,0.0,0.0,0.0,0.0,0.0,0.0,0.0,53.0,0.0
2026-08-24,1,164,Quenda,Chelsea,CHE,chelsea,MID,0,8.0,1.0,0.0,0.0,0.0,0.0,0.0,0.0,2.0,0.0,0.0,1.0,0.0,0.0,0.0,55.0,1.0
2026-08-30,2,164,Quenda,Chelsea,CHE,chelsea,MID,1,0.0,0.0,0.0,0.0,0.0,0.0,0.0,0.0,0.0,0.0,0.0,0.0,0.0,0.0,0.0,55.0,0.0
2026-09-06,3,164,Quenda,Chelsea,CHE,chelsea,MID,0,0.0,0.0,0.0,0.0,0.0,0.0,0.0,0.0,0.0,0.0,0.0,0.0,0.0,0.0,0.0,54.0,0.0
2026-09-12,4,164,Quenda,Chelsea,CHE,chelsea,MID,1,0.0,0.0,0.0,0.0,0.0,0.0,0.0,0.0,0.0,0.0,0.0,0.0,0.0,0.0,0.0,54.0,0.0
2026-09-18,5,164,Quenda,Chelsea,CHE,chelsea,MID,0,19.0,1.0,0.0,0.0,0.0,2.0,0.0,0.0,3.0,0.03,0.01,0.0,0.0,0.0,0.0,53.0,0.0
2026-08-24,1,165,João Pedro,Chelsea,CHE,chelsea,FWD,0,90.0,11.0,1.0,1.0,0.0,2.0,0.0,2.0,45.0,0.63,0.06,3.0,0.0,0.0,1.0,75.0,3.0
2026-08-30,2,165,João Pedro,Chelsea,CHE,chelsea,FWD,1,90.0,9.0,1.0,1.0,0.0,3.0,0.0,2.0,44.0,1.23,0.04,3.0,0.0,0.0,1.0,76.0,3.0
2026-09-06,3,165,João Pedro,Chelsea,CHE,chelsea,FWD,0,90.0,1.0,0.0,0.0,0.0,2.0,0.0,0.0,8.0,0.02,0.05,1.0,1.0,0.0,1.0,77.0,1.0
2026-09-12,4,165,João Pedro,Chelsea,CHE,chelsea,FWD,1,90.0,12.0,1.0,1.0,0.0,2.0,0.0,3.0,44.0,0.29,0.04,2.0,0.0,0.0,1.0,77.0,2.0
2026-09-18,5,165,João Pedro,Chelsea,CHE,chelsea,FWD,0,0.0,0.0,0.0,0.0,0.0,0.0,0.0,0.0,0.0,0.0,0.0,0.0,0.0,0.0,0.0,78.0,0.0
2026-08-24,1,169,Mheuka,Chelsea,CHE,chelsea,FWD,0,0.0,0.0,0.0,0.0,0.0,0.0,0.0,0.0,0.0,0.0,0.0,0.0,0.0,0.0,0.0,45.0,0.0
2026-08-30,2,169,Mheuka,Chelsea,CHE,chelsea,FWD,1,0.0,0.0,0.0,0.0,0.0,0.0,0.0,0.0,0.0,0.0,0.0,0.0,0.0,0.0,0.0,45.0,0.0
2026-09-06,3,169,Mheuka,Chelsea,CHE,chelsea,FWD,0,0.0,0.0,0.0,0.0,0.0,0.0,0.0,0.0,0.0,0.0,0.0,0.0,0.0,0.0,0.0,45.0,0.0
2026-09-12,4,169,Mheuka,Chelsea,CHE,chelsea,FWD,1,0.0,0.0,0.0,0.0,0.0,0.0,0.0,0.0,0.0,0.0,0.0,0.0,0.0,0.0,0.0,45.0,0.0
2026-09-18,5,169,Mheuka,Chelsea,CHE,chelsea,FWD,0,0.0,0.0,0.0,0.0,0.0,0.0,0.0,0.0,0.0,0.0,0.0,0.0,0.0,0.0,0.0,45.0,0.0
2026-08-24,1,200,Lacroix,Chelsea,CHE,chelsea,DEF,0,90.0,6.0,0.0,1.0,0.0,2.0,0.0,0.0,25.0,0.0,0.2,12.0,0.0,0.0,1.0,60.0,12.0
2026-08-30,2,200,Lacroix,Chelsea,CHE,chelsea,DEF,1,90.0,1.0,0.0,0.0,0.0,3.0,0.0,0.0,-3.0,0.02,0.0,9.0,0.0,0.0,1.0,60.0,9.0
2026-09-06,3,200,Lacroix,Chelsea,CHE,chelsea,DEF,0,90.0,2.0,0.0,0.0,0.0,2.0,0.0,0.0,3.0,0.0,0.01,11.0,1.0,0.0,1.0,60.0,11.0
2026-09-12,4,200,Lacroix,Chelsea,CHE,chelsea,DEF,1,4.0,1.0,0.0,0.0,0.0,0.0,0.0,0.0,4.0,0.0,0.0,3.0,0.0,0.0,0.0,60.0,3.0
2026-09-18,5,200,Lacroix,Chelsea,CHE,chelsea,DEF,0,90.0,3.0,0.0,0.0,0.0,3.0,0.0,0.0,-1.0,0.13,0.01,12.0,0.0,0.0,1.0,60.0,12.0
2026-08-24,1,170,Emegha,Chelsea,CHE,chelsea,FWD,0,0.0,0.0,0.0,0.0,0.0,0.0,0.0,0.0,0.0,0.0,0.0,0.0,0.0,0.0,0.0,50.0,0.0
2026-08-30,2,170,Emegha,Chelsea,CHE,chelsea,FWD,1,0.0,0.0,0.0,0.0,0.0,0.0,0.0,0.0,0.0,0.0,0.0,0.0,0.0,0.0,0.0,50.0,0.0
2026-09-06,3,170,Emegha,Chelsea,CHE,chelsea,FWD,0,0.0,0.0,0.0,0.0,0.0,0.0,0.0,0.0,0.0,0.0,0.0,0.0,0.0,0.0,0.0,50.0,0.0
2026-09-12,4,170,Emegha,Chelsea,CHE,chelsea,FWD,1,0.0,0.0,0.0,0.0,0.0,0.0,0.0,0.0,0.0,0.0,0.0,0.0,0.0,0.0,0.0,50.0,0.0
2026-09-18,5,170,Emegha,Chelsea,CHE,chelsea,FWD,0,0.0,0.0,0.0,0.0,0.0,0.0,0.0,0.0,0.0,0.0,0.0,0.0,0.0,0.0,0.0,50.0,0.0
2026-08-24,1,560,Penders,Chelsea,CHE,chelsea,GKP,0,0.0,0.0,0.0,0.0,0.0,0.0,0.0,0.0,0.0,0.0,0.0,0.0,0.0,0.0,0.0,45.0,0.0
2026-08-30,2,560,Penders,Chelsea,CHE,chelsea,GKP,1,0.0,0.0,0.0,0.0,0.0,0.0,0.0,0.0,0.0,0.0,0.0,0.0,0.0,0.0,0.0,45.0,0.0
2026-09-06,3,560,Penders,Chelsea,CHE,chelsea,GKP,0,0.0,0.0,0.0,0.0,0.0,0.0,0.0,0.0,0.0,0.0,0.0,0.0,0.0,0.0,0.0,45.0,0.0
2026-09-12,4,560,Penders,Chelsea,CHE,chelsea,GKP,1,0.0,0.0,0.0,0.0,0.0,0.0,0.0,0.0,0.0,0.0,0.0,0.0,0.0,0.0,0.0,44.0,0.0
2026-09-18,5,560,Penders,Chelsea,CHE,chelsea,GKP,0,0.0,0.0,0.0,0.0,0.0,0.0,0.0,0.0,0.0,0.0,0.0,0.0,0.0,0.0,0.0,44.0,0.0
2026-08-24,1,561,Anselmino,Chelsea,CHE,chelsea,DEF,0,0.0,0.0,0.0,0.0,0.0,0.0,0.0,0.0,0.0,0.0,0.0,0.0,0.0,0.0,0.0,45.0,0.0
2026-08-30,2,561,Anselmino,Chelsea,CHE,chelsea,DEF,1,0.0,0.0,0.0,0.0,0.0,0.0,0.0,0.0,0.0,0.0,0.0,0.0,0.0,0.0,0.0,45.0,0.0
2026-09-06,3,561,Anselmino,Chelsea,CHE,chelsea,DEF,0,0.0,0.0,0.0,0.0,0.0,0.0,0.0,0.0,0.0,0.0,0.0,0.0,0.0,0.0,0.0,45.0,0.0
2026-09-12,4,561,Anselmino,Chelsea,CHE,chelsea,DEF,1,0.0,0.0,0.0,0.0,0.0,0.0,0.0,0.0,0.0,0.0,0.0,0.0,0.0,0.0,0.0,45.0,0.0
2026-09-18,5,561,Anselmino,Chelsea,CHE,chelsea,DEF,0,0.0,0.0,0.0,0.0,0.0,0.0,0.0,0.0,0.0,0.0,0.0,0.0,0.0,0.0,0.0,45.0,0.0
2026-08-24,1,163,D.Essugo,Chelsea,CHE,chelsea,MID,0,0.0,0.0,0.0,0.0,0.0,0.0,0.0,0.0,0.0,0.0,0.0,0.0,0.0,0.0,0.0,45.0,0.0
2026-08-30,2,163,D.Essugo,Chelsea,CHE,chelsea,MID,1,0.0,0.0,0.0,0.0,0.0,0.0,0.0,0.0,0.0,0.0,0.0,0.0,0.0,0.0,0.0,45.0,0.0
2026-09-06,3,163,D.Essugo,Chelsea,CHE,chelsea,MID,0,0.0,0.0,0.0,0.0,0.0,0.0,0.0,0.0,0.0,0.0,0.0,0.0,0.0,0.0,0.0,45.0,0.0
2026-09-12,4,163,D.Essugo,Chelsea,CHE,chelsea,MID,1,0.0,0.0,0.0,0.0,0.0,0.0,0.0,0.0,0.0,0.0,0.0,0.0,0.0,0.0,0.0,45.0,0.0
2026-09-18,5,163,D.Essugo,Chelsea,CHE,chelsea,MID,0,0.0,0.0,0.0,0.0,0.0,0.0,0.0,0.0,0.0,0.0,0.0,0.0,0.0,0.0,0.0,45.0,0.0
2026-08-24,1,168,Marc Guiu,Chelsea,CHE,chelsea,FWD,0,0.0,0.0,0.0,0.0,0.0,0.0,0.0,0.0,0.0,0.0,0.0,0.0,0.0,0.0,0.0,50.0,0.0
2026-08-30,2,168,Marc Guiu,Chelsea,CHE,chelsea,FWD,1,0.0,0.0,0.0,0.0,0.0,0.0,0.0,0.0,0.0,0.0,0.0,0.0,0.0,0.0,0.0,50.0,0.0
2026-09-06,3,168,Marc Guiu,Chelsea,CHE,chelsea,FWD,0,0.0,0.0,0.0,0.0,0.0,0.0,0.0,0.0,0.0,0.0,0.0,0.0,0.0,0.0,0.0,50.0,0.0
2026-09-12,4,168,Marc Guiu,Chelsea,CHE,chelsea,FWD,1,0.0,0.0,0.0,0.0,0.0,0.0,0.0,0.0,0.0,0.0,0.0,0.0,0.0,0.0,0.0,50.0,0.0
2026-09-18,5,168,Marc Guiu,Chelsea,CHE,chelsea,FWD,0,0.0,0.0,0.0,0.0,0.0,0.0,0.0,0.0,0.0,0.0,0.0,0.0,0.0,0.0,0.0,50.0,0.0
2026-08-21,1,104,Onyeka,Coventry City,COV,coventry,MID,0,90.0,2.0,0.0,0.0,0.0,3.0,0.0,0.0,8.0,0.0,0.01,9.0,0.0,0.0,1.0,50.0,9.0
2026-08-29,2,104,Onyeka,Coventry City,COV,coventry,MID,1,0.0,0.0,0.0,0.0,0.0,0.0,0.0,0.0,0.0,0.0,0.0,0.0,0.0,0.0,0.0,50.0,0.0
2026-09-05,3,104,Onyeka,Coventry City,COV,coventry,MID,0,62.0,2.0,0.0,0.0,0.0,1.0,0.0,0.0,5.0,0.0,0.0,3.0,0.0,0.0,1.0,50.0,3.0
2026-09-13,4,104,Onyeka,Coventry City,COV,coventry,MID,1,72.0,2.0,0.0,0.0,0.0,3.0,0.0,0.0,11.0,0.03,0.01,7.0,0.0,0.0,1.0,49.0,7.0
2026-09-19,5,104,Onyeka,Coventry City,COV,coventry,MID,0,90.0,3.0,0.0,0.0,1.0,0.0,0.0,0.0,10.0,0.0,0.0,9.0,0.0,0.0,1.0,49.0,9.0
2026-08-22,1,91,Pinnock,Brentford,BRE,brentford,DEF,1,0.0,0.0,0.0,0.0,0.0,0.0,0.0,0.0,0.0,0.0,0.0,0.0,0.0,0.0,0.0,45.0,0.0
2026-08-29,2,91,Pinnock,Coventry City,COV,coventry,DEF,1,12.0,1.0,0.0,0.0,0.0,1.0,0.0,0.0,-1.0,0.0,0.0,2.0,0.0,0.0,0.0,45.0,2.0
2026-09-05,3,91,Pinnock,Coventry City,COV,coventry,DEF,0,90.0,3.0,0.0,0.0,0.0,1.0,0.0,0.0,3.0,0.11,0.0,13.0,1.0,0.0,1.0,45.0,13.0
2026-09-13,4,91,Pinnock,Coventry City,COV,coventry,DEF,1,90.0,2.0,0.0,0.0,0.0,5.0,0.0,0.0,-11.0,0.01,0.0,10.0,0.0,0.0,1.0,45.0,10.0
2026-09-19,5,91,Pinnock,Coventry City,COV,coventry,DEF,0,90.0,8.0,0.0,0.0,1.0,0.0,0.0,0.0,24.0,0.0,0.0,19.0,0.0,0.0,1.0,45.0,19.0
2026-08-24,1,568,Barco,Chelsea,CHE,chelsea,MID,0,0.0,0.0,0.0,0.0,0.0,0.0,0.0,0.0,0.0,0.0,0.0,0.0,0.0,0.0,0.0,55.0,0.0
2026-08-30,2,568,Barco,Chelsea,CHE,chelsea,MID,1,8.0,1.0,0.0,0.0,0.0,1.0,0.0,0.0,1.0,0.04,0.0,1.0,0.0,0.0,0.0,55.0,1.0
2026-09-06,3,568,Barco,Chelsea,CHE,chelsea,MID,0,0.0,0.0,0.0,0.0,0.0,0.0,0.0,0.0,0.0,0.0,0.0,0.0,0.0,0.0,0.0,55.0,0.0
2026-09-12,4,568,Barco,Chelsea,CHE,chelsea,MID,1,21.0,0.0,0.0,0.0,0.0,0.0,0.0,0.0,7.0,0.0,0.09,2.0,1.0,0.0,0.0,55.0,2.0
2026-09-18,5,568,Barco,Chelsea,CHE,chelsea,MID,0,86.0,2.0,0.0,0.0,0.0,2.0,0.0,0.0,21.0,0.03,0.02,9.0,0.0,0.0,1.0,54.0,9.0
2026-08-24,1,583,Chavarria,Chelsea,CHE,chelsea,DEF,0,25.0,1.0,0.0,0.0,0.0,0.0,0.0,0.0,3.0,0.0,0.0,1.0,0.0,0.0,0.0,50.0,1.0
2026-08-30,2,583,Chavarria,Chelsea,CHE,chelsea,DEF,1,18.0,1.0,0.0,0.0,0.0,1.0,0.0,0.0,1.0,0.0,0.02,3.0,0.0,0.0,0.0,50.0,3.0
2026-09-06,3,583,Chavarria,Chelsea,CHE,chelsea,DEF,0,30.0,1.0,0.0,0.0,0.0,0.0,0.0,0.0,2.0,0.0,0.0,2.0,0.0,0.0,0.0,50.0,2.0
2026-09-12,4,583,Chavarria,Chelsea,CHE,chelsea,DEF,1,45.0,1.0,0.0,0.0,0.0,0.0,0.0,0.0,4.0,0.0,0.01,1.0,0.0,0.0,0.0,49.0,1.0
2026-09-18,5,583,Chavarria,Chelsea,CHE,chelsea,DEF,0,90.0,1.0,0.0,0.0,0.0,3.0,0.0,0.0,7.0,0.04,0.04,9.0,0.0,0.0,1.0,49.0,9.0
2026-08-21,1,171,Dovin,Coventry City,COV,coventry,GKP,0,0.0,0.0,0.0,0.0,0.0,0.0,0.0,0.0,0.0,0.0,0.0,0.0,0.0,0.0,0.0,40.0,0.0
2026-08-29,2,171,Dovin,Coventry City,COV,coventry,GKP,1,0.0,0.0,0.0,0.0,0.0,0.0,0.0,0.0,0.0,0.0,0.0,0.0,0.0,0.0,0.0,40.0,0.0
2026-09-05,3,171,Dovin,Coventry City,COV,coventry,GKP,0,0.0,0.0,0.0,0.0,0.0,0.0,0.0,0.0,0.0,0.0,0.0,0.0,0.0,0.0,0.0,40.0,0.0
2026-09-13,4,171,Dovin,Coventry City,COV,coventry,GKP,1,0.0,0.0,0.0,0.0,0.0,0.0,0.0,0.0,0.0,0.0,0.0,0.0,0.0,0.0,0.0,40.0,0.0
2026-09-19,5,171,Dovin,Coventry City,COV,coventry,GKP,0,0.0,0.0,0.0,0.0,0.0,0.0,0.0,0.0,0.0,0.0,0.0,0.0,0.0,0.0,0.0,40.0,0.0
2026-08-21,1,174,Kitching,Coventry City,COV,coventry,DEF,0,0.0,0.0,0.0,0.0,0.0,0.0,0.0,0.0,0.0,0.0,0.0,0.0,0.0,0.0,0.0,40.0,0.0
2026-08-29,2,174,Kitching,Coventry City,COV,coventry,DEF,1,0.0,0.0,0.0,0.0,0.0,0.0,0.0,0.0,0.0,0.0,0.0,0.0,0.0,0.0,0.0,40.0,0.0
2026-09-05,3,174,Kitching,Coventry City,COV,coventry,DEF,0,0.0,0.0,0.0,0.0,0.0,0.0,0.0,0.0,0.0,0.0,0.0,0.0,0.0,0.0,0.0,40.0,0.0
2026-09-13,4,174,Kitching,Coventry City,COV,coventry,DEF,1,0.0,0.0,0.0,0.0,0.0,0.0,0.0,0.0,0.0,0.0,0.0,0.0,0.0,0.0,0.0,40.0,0.0
2026-09-19,5,174,Kitching,Coventry City,COV,coventry,DEF,0,0.0,0.0,0.0,0.0,0.0,0.0,0.0,0.0,0.0,0.0,0.0,0.0,0.0,0.0,0.0,40.0,0.0
2026-08-21,1,172,Wilson,Coventry City,COV,coventry,GKP,0,0.0,0.0,0.0,0.0,0.0,0.0,0.0,0.0,0.0,0.0,0.0,0.0,0.0,0.0,0.0,45.0,0.0
2026-08-29,2,172,Wilson,Coventry City,COV,coventry,GKP,1,0.0,0.0,0.0,0.0,0.0,0.0,0.0,0.0,0.0,0.0,0.0,0.0,0.0,0.0,0.0,45.0,0.0
2026-09-05,3,172,Wilson,Coventry City,COV,coventry,GKP,0,0.0,0.0,0.0,0.0,0.0,0.0,0.0,0.0,0.0,0.0,0.0,0.0,0.0,0.0,0.0,45.0,0.0
2026-09-13,4,172,Wilson,Coventry City,COV,coventry,GKP,1,0.0,0.0,0.0,0.0,0.0,0.0,0.0,0.0,0.0,0.0,0.0,0.0,0.0,0.0,0.0,45.0,0.0
2026-09-19,5,172,Wilson,Coventry City,COV,coventry,GKP,0,0.0,0.0,0.0,0.0,0.0,0.0,0.0,0.0,0.0,0.0,0.0,0.0,0.0,0.0,0.0,44.0,0.0
2026-08-21,1,173,Thomas,Coventry City,COV,coventry,DEF,0,90.0,3.0,0.0,0.0,0.0,3.0,0.0,0.0,11.0,0.02,0.01,10.0,0.0,0.0,1.0,40.0,10.0
2026-08-29,2,173,Thomas,Coventry City,COV,coventry,DEF,1,77.0,8.0,0.0,0.0,1.0,0.0,0.0,2.0,28.0,0.0,0.01,9.0,0.0,0.0,1.0,40.0,9.0
2026-09-05,3,173,Thomas,Coventry City,COV,coventry,DEF,0,90.0,4.0,0.0,0.0,0.0,1.0,0.0,0.0,19.0,0.22,0.17,12.0,0.0,0.0,1.0,40.0,12.0
2026-09-13,4,173,Thomas,Coventry City,COV,coventry,DEF,1,90.0,0.0,0.0,0.0,0.0,5.0,0.0,0.0,-17.0,0.19,0.07,8.0,0.0,0.0,1.0,40.0,8.0
2026-09-19,5,173,Thomas,Coventry City,COV,coventry,DEF,0,90.0,9.0,0.0,0.0,1.0,0.0,0.0,1.0,37.0,0.06,0.04,13.0,0.0,0.0,1.0,40.0,13.0
2026-08-21,1,110,Rushworth,Coventry City,COV,coventry,GKP,0,90.0,1.0,0.0,0.0,0.0,3.0,2.0,0.0,0.0,0.0,0.01,0.0,0.0,0.0,1.0,45.0,0.0
2026-08-29,2,110,Rushworth,Coventry City,COV,coventry,GKP,1,90.0,2.0,0.0,0.0,0.0,1.0,1.0,0.0,10.0,0.0,0.0,0.0,0.0,0.0,1.0,45.0,0.0
2026-09-05,3,110,Rushworth,Coventry City,COV,coventry,GKP,0,90.0,2.0,0.0,0.0,0.0,1.0,2.0,0.0,13.0,0.0,0.0,0.0,0.0,0.0,1.0,45.0,0.0
2026-09-13,4,110,Rushworth,Coventry City,COV,coventry,GKP,1,90.0,0.0,0.0,0.0,0.0,5.0,2.0,0.0,-5.0,0.0,0.01,0.0,0.0,0.0,1.0,45.0,0.0
2026-09-19,5,110,Rushworth,Coventry City,COV,coventry,GKP,0,90.0,11.0,0.0,1.0,1.0,0.0,2.0,2.0,38.0,0.0,0.0,0.0,0.0,0.0,1.0,45.0,0.0
2026-09-18,5,662,Nicoll-Jazuli,Chelsea,CHE,chelsea,MID,0,3.0,1.0,0.0,0.0,0.0,1.0,0.0,0.0,5.0,0.0,0.0,2.0,0.0,0.0,0.0,45.0,2.0
2026-08-21,1,176,Dasilva,Coventry City,COV,coventry,DEF,0,90.0,1.0,0.0,0.0,0.0,3.0,0.0,0.0,-4.0,0.0,0.02,6.0,0.0,0.0,1.0,40.0,6.0
2026-08-29,2,176,Dasilva,Coventry City,COV,coventry,DEF,1,90.0,2.0,0.0,0.0,0.0,1.0,0.0,0.0,15.0,0.18,0.05,3.0,0.0,0.0,1.0,40.0,3.0
2026-09-05,3,176,Dasilva,Coventry City,COV,coventry,DEF,0,84.0,2.0,0.0,0.0,0.0,1.0,0.0,0.0,10.0,0.0,0.08,7.0,0.0,0.0,1.0,40.0,7.0
2026-09-13,4,176,Dasilva,Coventry City,COV,coventry,DEF,1,90.0,0.0,0.0,0.0,0.0,5.0,0.0,0.0,-7.0,0.0,0.33,3.0,0.0,0.0,1.0,40.0,3.0
2026-09-19,5,176,Dasilva,Coventry City,COV,coventry,DEF,0,90.0,15.0,1.0,0.0,1.0,0.0,0.0,3.0,40.0,0.32,0.04,4.0,0.0,0.0,1.0,40.0,4.0
2026-08-21,1,175,van Ewijk,Coventry City,COV,coventry,DEF,0,90.0,1.0,0.0,0.0,0.0,3.0,0.0,0.0,-8.0,0.0,0.01,7.0,0.0,0.0,1.0,40.0,7.0
2026-08-29,2,175,van Ewijk,Coventry City,COV,coventry,DEF,1,90.0,2.0,0.0,0.0,0.0,1.0,0.0,0.0,15.0,0.0,0.19,2.0,0.0,0.0,1.0,40.0,2.0
2026-09-05,3,175,van Ewijk,Coventry City,COV,coventry,DEF,0,90.0,3.0,0.0,0.0,0.0,1.0,0.0,0.0,5.0,0.0,0.06,11.0,1.0,0.0,1.0,40.0,11.0
2026-09-13,4,175,van Ewijk,Coventry City,COV,coventry,DEF,1,90.0,0.0,0.0,0.0,0.0,5.0,0.0,0.0,-5.0,0.0,0.04,7.0,0.0,0.0,1.0,40.0,7.0
2026-09-19,5,175,van Ewijk,Coventry City,COV,coventry,DEF,0,0.0,0.0,0.0,0.0,0.0,0.0,0.0,0.0,0.0,0.0,0.0,0.0,0.0,0.0,0.0,40.0,0.0
2026-08-21,1,177,Kesler-Hayden,Coventry City,COV,coventry,DEF,0,0.0,0.0,0.0,0.0,0.0,0.0,0.0,0.0,0.0,0.0,0.0,0.0,0.0,0.0,0.0,40.0,0.0
2026-08-29,2,177,Kesler-Hayden,Coventry City,COV,coventry,DEF,1,0.0,0.0,0.0,0.0,0.0,0.0,0.0,0.0,0.0,0.0,0.0,0.0,0.0,0.0,0.0,40.0,0.0
2026-09-05,3,177,Kesler-Hayden,Coventry City,COV,coventry,DEF,0,0.0,0.0,0.0,0.0,0.0,0.0,0.0,0.0,0.0,0.0,0.0,0.0,0.0,0.0,0.0,40.0,0.0
2026-09-13,4,177,Kesler-Hayden,Coventry City,COV,coventry,DEF,1,0.0,0.0,0.0,0.0,0.0,0.0,0.0,0.0,0.0,0.0,0.0,0.0,0.0,0.0,0.0,40.0,0.0
2026-09-19,5,177,Kesler-Hayden,Coventry City,COV,coventry,DEF,0,0.0,0.0,0.0,0.0,0.0,0.0,0.0,0.0,0.0,0.0,0.0,0.0,0.0,0.0,0.0,40.0,0.0
2026-08-21,1,178,Bidwell,Coventry City,COV,coventry,DEF,0,0.0,0.0,0.0,0.0,0.0,0.0,0.0,0.0,0.0,0.0,0.0,0.0,0.0,0.0,0.0,40.0,0.0
2026-08-29,2,178,Bidwell,Coventry City,COV,coventry,DEF,1,0.0,0.0,0.0,0.0,0.0,0.0,0.0,0.0,0.0,0.0,0.0,0.0,0.0,0.0,0.0,40.0,0.0
2026-09-05,3,178,Bidwell,Coventry City,COV,coventry,DEF,0,0.0,0.0,0.0,0.0,0.0,0.0,0.0,0.0,0.0,0.0,0.0,0.0,0.0,0.0,0.0,40.0,0.0
2026-09-13,4,178,Bidwell,Coventry City,COV,coventry,DEF,1,0.0,0.0,0.0,0.0,0.0,0.0,0.0,0.0,0.0,0.0,0.0,0.0,0.0,0.0,0.0,40.0,0.0
2026-09-19,5,178,Bidwell,Coventry City,COV,coventry,DEF,0,0.0,0.0,0.0,0.0,0.0,0.0,0.0,0.0,0.0,0.0,0.0,0.0,0.0,0.0,0.0,40.0,0.0
2026-08-21,1,179,Latibeaudiere,Coventry City,COV,coventry,DEF,0,0.0,0.0,0.0,0.0,0.0,0.0,0.0,0.0,0.0,0.0,0.0,0.0,0.0,0.0,0.0,40.0,0.0
2026-08-29,2,179,Latibeaudiere,Coventry City,COV,coventry,DEF,1,0.0,0.0,0.0,0.0,0.0,0.0,0.0,0.0,0.0,0.0,0.0,0.0,0.0,0.0,0.0,40.0,0.0
2026-09-05,3,179,Latibeaudiere,Coventry City,COV,coventry,DEF,0,0.0,0.0,0.0,0.0,0.0,0.0,0.0,0.0,0.0,0.0,0.0,0.0,0.0,0.0,0.0,40.0,0.0
2026-09-13,4,179,Latibeaudiere,Coventry City,COV,coventry,DEF,1,0.0,0.0,0.0,0.0,0.0,0.0,0.0,0.0,0.0,0.0,0.0,0.0,0.0,0.0,0.0,40.0,0.0
2026-09-19,5,179,Latibeaudiere,Coventry City,COV,coventry,DEF,0,1.0,1.0,0.0,0.0,0.0,0.0,0.0,0.0,3.0,0.0,0.0,2.0,0.0,0.0,0.0,40.0,2.0
2026-08-21,1,187,Eccles,Coventry City,COV,coventry,MID,0,0.0,0.0,0.0,0.0,0.0,0.0,0.0,0.0,0.0,0.0,0.0,0.0,0.0,0.0,0.0,50.0,0.0
2026-08-29,2,187,Eccles,Coventry City,COV,coventry,MID,1,0.0,0.0,0.0,0.0,0.0,0.0,0.0,0.0,0.0,0.0,0.0,0.0,0.0,0.0,0.0,50.0,0.0
2026-09-05,3,187,Eccles,Coventry City,COV,coventry,MID,0,0.0,0.0,0.0,0.0,0.0,0.0,0.0,0.0,0.0,0.0,0.0,0.0,0.0,0.0,0.0,49.0,0.0
2026-09-13,4,187,Eccles,Coventry City,COV,coventry,MID,1,0.0,0.0,0.0,0.0,0.0,0.0,0.0,0.0,0.0,0.0,0.0,0.0,0.0,0.0,0.0,49.0,0.0
2026-09-19,5,187,Eccles,Coventry City,COV,coventry,MID,0,0.0,0.0,0.0,0.0,0.0,0.0,0.0,0.0,0.0,0.0,0.0,0.0,0.0,0.0,0.0,49.0,0.0
2026-08-21,1,183,Rudoni,Coventry City,COV,coventry,MID,0,20.0,1.0,0.0,0.0,0.0,0.0,0.0,0.0,3.0,0.15,0.0,5.0,0.0,0.0,0.0,50.0,5.0
2026-08-29,2,183,Rudoni,Coventry City,COV,coventry,MID,1,70.0,3.0,0.0,0.0,1.0,0.0,0.0,0.0,12.0,0.06,0.09,6.0,0.0,0.0,1.0,50.0,6.0
2026-09-05,3,183,Rudoni,Coventry City,COV,coventry,MID,0,62.0,2.0,0.0,0.0,0.0,1.0,0.0,0.0,9.0,0.29,0.09,5.0,0.0,0.0,1.0,50.0,5.0
2026-09-13,4,183,Rudoni,Coventry City,COV,coventry,MID,1,72.0,2.0,0.0,0.0,0.0,3.0,0.0,0.0,11.0,0.33,0.73,5.0,0.0,0.0,1.0,50.0,5.0
2026-09-19,5,183,Rudoni,Coventry City,COV,coventry,MID,0,73.0,5.0,0.0,0.0,1.0,0.0,0.0,0.0,16.0,0.09,0.2,13.0,0.0,0.0,1.0,49.0,13.0
2026-08-21,1,186,Mason-Clark,Coventry City,COV,coventry,MID,0,0.0,0.0,0.0,0.0,0.0,0.0,0.0,0.0,0.0,0.0,0.0,0.0,0.0,0.0,0.0,55.0,0.0
2026-08-29,2,186,Mason-Clark,Coventry City,COV,coventry,MID,1,57.0,1.0,0.0,0.0,0.0,0.0,0.0,0.0,4.0,0.0,0.06,4.0,0.0,0.0,1.0,55.0,4.0
2026-09-05,3,186,Mason-Clark,Coventry City,COV,coventry,MID,0,70.0,2.0,0.0,0.0,0.0,1.0,0.0,0.0,4.0,0.0,0.0,5.0,0.0,0.0,1.0,54.0,5.0
2026-09-13,4,186,Mason-Clark,Coventry City,COV,coventry,MID,1,59.0,1.0,0.0,0.0,0.0,2.0,0.0,0.0,5.0,0.49,0.01,4.0,0.0,0.0,1.0,54.0,4.0
2026-09-19,5,186,Mason-Clark,Coventry City,COV,coventry,MID,0,45.0,1.0,0.0,0.0,0.0,0.0,0.0,0.0,6.0,0.02,0.05,2.0,0.0,0.0,1.0,54.0,2.0
2026-08-21,1,180,Woolfenden,Coventry City,COV,coventry,DEF,0,0.0,0.0,0.0,0.0,0.0,0.0,0.0,0.0,0.0,0.0,0.0,0.0,0.0,0.0,0.0,40.0,0.0
2026-08-29,2,180,Woolfenden,Coventry City,COV,coventry,DEF,1,0.0,0.0,0.0,0.0,0.0,0.0,0.0,0.0,0.0,0.0,0.0,0.0,0.0,0.0,0.0,40.0,0.0
2026-09-05,3,180,Woolfenden,Coventry City,COV,coventry,DEF,0,0.0,0.0,0.0,0.0,0.0,0.0,0.0,0.0,0.0,0.0,0.0,0.0,0.0,0.0,0.0,40.0,0.0
2026-09-13,4,180,Woolfenden,Coventry City,COV,coventry,DEF,1,0.0,0.0,0.0,0.0,0.0,0.0,0.0,0.0,0.0,0.0,0.0,0.0,0.0,0.0,0.0,40.0,0.0
2026-09-19,5,180,Woolfenden,Coventry City,COV,coventry,DEF,0,0.0,0.0,0.0,0.0,0.0,0.0,0.0,0.0,0.0,0.0,0.0,0.0,0.0,0.0,0.0,40.0,0.0
2026-08-21,1,185,Sakamoto,Coventry City,COV,coventry,MID,0,0.0,0.0,0.0,0.0,0.0,0.0,0.0,0.0,0.0,0.0,0.0,0.0,0.0,0.0,0.0,50.0,0.0
2026-08-29,2,185,Sakamoto,Coventry City,COV,coventry,MID,1,31.0,1.0,0.0,0.0,0.0,1.0,0.0,0.0,8.0,0.02,0.02,4.0,0.0,0.0,0.0,50.0,4.0
2026-09-05,3,185,Sakamoto,Coventry City,COV,coventry,MID,0,0.0,0.0,0.0,0.0,0.0,0.0,0.0,0.0,0.0,0.0,0.0,0.0,0.0,0.0,0.0,49.0,0.0
2026-09-13,4,185,Sakamoto,Coventry City,COV,coventry,MID,1,0.0,0.0,0.0,0.0,0.0,0.0,0.0,0.0,0.0,0.0,0.0,0.0,0.0,0.0,0.0,49.0,0.0
2026-09-19,5,185,Sakamoto,Coventry City,COV,coventry,MID,0,0.0,0.0,0.0,0.0,0.0,0.0,0.0,0.0,0.0,0.0,0.0,0.0,0.0,0.0,0.0,48.0,0.0
2026-08-21,1,182,Amenda,Coventry City,COV,coventry,DEF,0,90.0,1.0,0.0,0.0,0.0,3.0,0.0,0.0,1.0,0.0,0.01,9.0,0.0,0.0,1.0,40.0,9.0
2026-08-29,2,182,Amenda,Coventry City,COV,coventry,DEF,1,90.0,1.0,0.0,0.0,0.0,1.0,0.0,0.0,4.0,0.02,0.04,4.0,1.0,0.0,1.0,40.0,4.0
2026-09-05,3,182,Amenda,Coventry City,COV,coventry,DEF,0,90.0,2.0,0.0,0.0,0.0,1.0,0.0,0.0,4.0,0.0,0.34,3.0,0.0,0.0,1.0,40.0,3.0
2026-09-13,4,182,Amenda,Coventry City,COV,coventry,DEF,1,90.0,0.0,0.0,0.0,0.0,5.0,0.0,0.0,-12.0,0.0,0.0,8.0,0.0,0.0,1.0,40.0,8.0
2026-09-19,5,182,Amenda,Coventry City,COV,coventry,DEF,0,0.0,0.0,0.0,0.0,0.0,0.0,0.0,0.0,0.0,0.0,0.0,0.0,0.0,0.0,0.0,40.0,0.0
2026-08-21,1,181,Brau,Coventry City,COV,coventry,DEF,0,0.0,0.0,0.0,0.0,0.0,0.0,0.0,0.0,0.0,0.0,0.0,0.0,0.0,0.0,0.0,40.0,0.0
2026-08-29,2,181,Brau,Coventry City,COV,coventry,DEF,1,0.0,0.0,0.0,0.0,0.0,0.0,0.0,0.0,0.0,0.0,0.0,0.0,0.0,0.0,0.0,40.0,0.0
2026-09-05,3,181,Brau,Coventry City,COV,coventry,DEF,0,0.0,0.0,0.0,0.0,0.0,0.0,0.0,0.0,0.0,0.0,0.0,0.0,0.0,0.0,0.0,40.0,0.0
2026-09-13,4,181,Brau,Coventry City,COV,coventry,DEF,1,0.0,0.0,0.0,0.0,0.0,0.0,0.0,0.0,0.0,0.0,0.0,0.0,0.0,0.0,0.0,40.0,0.0
2026-09-19,5,181,Brau,Coventry City,COV,coventry,DEF,0,0.0,0.0,0.0,0.0,0.0,0.0,0.0,0.0,0.0,0.0,0.0,0.0,0.0,0.0,0.0,40.0,0.0
2026-08-21,1,188,Torp,Coventry City,COV,coventry,MID,0,28.0,1.0,0.0,0.0,0.0,0.0,0.0,0.0,8.0,0.0,0.11,1.0,0.0,0.0,0.0,55.0,1.0
2026-08-29,2,188,Torp,Coventry City,COV,coventry,MID,1,19.0,1.0,0.0,0.0,0.0,1.0,0.0,0.0,2.0,0.0,0.01,2.0,0.0,0.0,0.0,55.0,2.0
2026-09-05,3,188,Torp,Coventry City,COV,coventry,MID,0,0.0,0.0,0.0,0.0,0.0,0.0,0.0,0.0,0.0,0.0,0.0,0.0,0.0,0.0,0.0,54.0,0.0
2026-09-13,4,188,Torp,Coventry City,COV,coventry,MID,1,6.0,1.0,0.0,0.0,0.0,1.0,0.0,0.0,3.0,0.0,0.0,0.0,0.0,0.0,0.0,54.0,0.0
2026-09-19,5,188,Torp,Coventry City,COV,coventry,MID,0,0.0,0.0,0.0,0.0,0.0,0.0,0.0,0.0,0.0,0.0,0.0,0.0,0.0,0.0,0.0,54.0,0.0
2026-08-21,1,184,Grimes,Coventry City,COV,coventry,MID,0,90.0,2.0,0.0,0.0,0.0,3.0,0.0,0.0,14.0,0.0,0.01,7.0,0.0,0.0,1.0,50.0,7.0
2026-08-29,2,184,Grimes,Coventry City,COV,coventry,MID,1,90.0,2.0,0.0,0.0,0.0,1.0,0.0,0.0,14.0,0.01,0.04,10.0,0.0,0.0,1.0,50.0,10.0
2026-09-05,3,184,Grimes,Coventry City,COV,coventry,MID,0,90.0,2.0,0.0,0.0,0.0,1.0,0.0,0.0,8.0,0.04,0.0,8.0,0.0,0.0,1.0,50.0,8.0
2026-09-13,4,184,Grimes,Coventry City,COV,coventry,MID,1,83.0,2.0,0.0,0.0,0.0,4.0,0.0,0.0,9.0,0.05,0.02,3.0,0.0,0.0,1.0,50.0,3.0
2026-09-19,5,184,Grimes,Coventry City,COV,coventry,MID,0,90.0,3.0,0.0,0.0,1.0,0.0,0.0,0.0,17.0,0.02,0.06,10.0,0.0,0.0,1.0,49.0,10.0
2026-08-21,1,189,Shepherd,Coventry City,COV,coventry,MID,0,0.0,0.0,0.0,0.0,0.0,0.0,0.0,0.0,0.0,0.0,0.0,0.0,0.0,0.0,0.0,45.0,0.0
2026-08-29,2,189,Shepherd,Coventry City,COV,coventry,MID,1,0.0,0.0,0.0,0.0,0.0,0.0,0.0,0.0,0.0,0.0,0.0,0.0,0.0,0.0,0.0,45.0,0.0
2026-09-05,3,189,Shepherd,Coventry City,COV,coventry,MID,0,0.0,0.0,0.0,0.0,0.0,0.0,0.0,0.0,0.0,0.0,0.0,0.0,0.0,0.0,0.0,45.0,0.0
2026-09-13,4,189,Shepherd,Coventry City,COV,coventry,MID,1,0.0,0.0,0.0,0.0,0.0,0.0,0.0,0.0,0.0,0.0,0.0,0.0,0.0,0.0,0.0,45.0,0.0
2026-09-19,5,189,Shepherd,Coventry City,COV,coventry,MID,0,0.0,0.0,0.0,0.0,0.0,0.0,0.0,0.0,0.0,0.0,0.0,0.0,0.0,0.0,0.0,44.0,0.0
2026-08-21,1,190,Tchaouna,Coventry City,COV,coventry,MID,0,81.0,2.0,0.0,0.0,0.0,3.0,0.0,0.0,11.0,0.04,0.02,8.0,0.0,0.0,1.0,55.0,8.0
2026-08-29,2,190,Tchaouna,Coventry City,COV,coventry,MID,1,58.0,1.0,0.0,0.0,0.0,0.0,0.0,0.0,7.0,0.05,0.13,6.0,0.0,0.0,1.0,55.0,6.0
2026-09-05,3,190,Tchaouna,Coventry City,COV,coventry,MID,0,27.0,1.0,0.0,0.0,0.0,0.0,0.0,0.0,9.0,0.1,0.03,1.0,0.0,0.0,0.0,55.0,1.0
2026-09-13,4,190,Tchaouna,Coventry City,COV,coventry,MID,1,0.0,0.0,0.0,0.0,0.0,0.0,0.0,0.0,0.0,0.0,0.0,0.0,0.0,0.0,0.0,54.0,0.0
2026-09-19,5,190,Tchaouna,Coventry City,COV,coventry,MID,0,45.0,1.0,0.0,0.0,0.0,0.0,0.0,0.0,5.0,0.04,0.0,3.0,0.0,0.0,0.0,54.0,3.0
2026-08-21,1,191,Borges Rodrigues,Coventry City,COV,coventry,MID,0,0.0,0.0,0.0,0.0,0.0,0.0,0.0,0.0,0.0,0.0,0.0,0.0,0.0,0.0,0.0,45.0,0.0
2026-08-29,2,191,Borges Rodrigues,Coventry City,COV,coventry,MID,1,0.0,0.0,0.0,0.0,0.0,0.0,0.0,0.0,0.0,0.0,0.0,0.0,0.0,0.0,0.0,45.0,0.0
2026-09-05,3,191,Borges Rodrigues,Coventry City,COV,coventry,MID,0,0.0,0.0,0.0,0.0,0.0,0.0,0.0,0.0,0.0,0.0,0.0,0.0,0.0,0.0,0.0,45.0,0.0
2026-09-13,4,191,Borges Rodrigues,Coventry City,COV,coventry,MID,1,0.0,0.0,0.0,0.0,0.0,0.0,0.0,0.0,0.0,0.0,0.0,0.0,0.0,0.0,0.0,45.0,0.0
2026-09-19,5,191,Borges Rodrigues,Coventry City,COV,coventry,MID,0,0.0,0.0,0.0,0.0,0.0,0.0,0.0,0.0,0.0,0.0,0.0,0.0,0.0,0.0,0.0,45.0,0.0
2026-08-21,1,194,Thomas-Asante,Coventry City,COV,coventry,FWD,0,69.0,2.0,0.0,0.0,0.0,3.0,0.0,0.0,9.0,0.0,0.02,6.0,0.0,0.0,1.0,50.0,6.0
2026-08-29,2,194,Thomas-Asante,Coventry City,COV,coventry,FWD,1,32.0,1.0,0.0,0.0,0.0,1.0,0.0,0.0,5.0,0.0,0.0,2.0,0.0,0.0,0.0,50.0,2.0
2026-09-05,3,194,Thomas-Asante,Coventry City,COV,coventry,FWD,0,19.0,1.0,0.0,0.0,0.0,0.0,0.0,0.0,6.0,0.0,0.0,3.0,0.0,0.0,0.0,50.0,3.0
2026-09-13,4,194,Thomas-Asante,Coventry City,COV,coventry,FWD,1,17.0,1.0,0.0,0.0,0.0,2.0,0.0,0.0,7.0,0.21,0.03,0.0,0.0,0.0,0.0,50.0,0.0
2026-09-19,5,194,Thomas-Asante,Coventry City,COV,coventry,FWD,0,90.0,4.0,0.0,0.0,1.0,0.0,0.0,0.0,16.0,0.13,0.01,16.0,0.0,0.0,1.0,50.0,16.0
2026-08-21,1,195,Simms,Coventry City,COV,coventry,FWD,0,69.0,2.0,0.0,0.0,0.0,3.0,0.0,0.0,7.0,0.0,0.01,3.0,0.0,0.0,1.0,50.0,3.0
2026-08-29,2,195,Simms,Coventry City,COV,coventry,FWD,1,0.0,0.0,0.0,0.0,0.0,0.0,0.0,0.0,0.0,0.0,0.0,0.0,0.0,0.0,0.0,50.0,0.0
2026-09-05,3,195,Simms,Coventry City,COV,coventry,FWD,0,19.0,1.0,0.0,0.0,0.0,0.0,0.0,0.0,3.0,0.3,0.0,0.0,0.0,0.0,0.0,50.0,0.0
2026-09-13,4,195,Simms,Coventry City,COV,coventry,FWD,1,0.0,0.0,0.0,0.0,0.0,0.0,0.0,0.0,0.0,0.0,0.0,0.0,0.0,0.0,0.0,50.0,0.0
2026-09-19,5,195,Simms,Coventry City,COV,coventry,FWD,0,16.0,1.0,0.0,0.0,0.0,0.0,0.0,0.0,3.0,0.0,0.0,0.0,0.0,0.0,0.0,50.0,0.0
2026-08-29,2,623,Bentley,Coventry City,COV,coventry,GKP,1,0.0,0.0,0.0,0.0,0.0,0.0,0.0,0.0,0.0,0.0,0.0,0.0,0.0,0.0,0.0,40.0,0.0
2026-09-05,3,623,Bentley,Coventry City,COV,coventry,GKP,0,0.0,0.0,0.0,0.0,0.0,0.0,0.0,0.0,0.0,0.0,0.0,0.0,0.0,0.0,0.0,40.0,0.0
2026-09-13,4,623,Bentley,Coventry City,COV,coventry,GKP,1,0.0,0.0,0.0,0.0,0.0,0.0,0.0,0.0,0.0,0.0,0.0,0.0,0.0,0.0,0.0,40.0,0.0
2026-09-19,5,623,Bentley,Coventry City,COV,coventry,GKP,0,0.0,0.0,0.0,0.0,0.0,0.0,0.0,0.0,0.0,0.0,0.0,0.0,0.0,0.0,0.0,40.0,0.0
2026-08-21,1,196,Markelo,Coventry City,COV,coventry,FWD,0,0.0,0.0,0.0,0.0,0.0,0.0,0.0,0.0,0.0,0.0,0.0,0.0,0.0,0.0,0.0,50.0,0.0
2026-08-29,2,196,Markelo,Coventry City,COV,coventry,FWD,1,0.0,0.0,0.0,0.0,0.0,0.0,0.0,0.0,0.0,0.0,0.0,0.0,0.0,0.0,0.0,50.0,0.0
2026-09-05,3,196,Markelo,Coventry City,COV,coventry,FWD,0,0.0,0.0,0.0,0.0,0.0,0.0,0.0,0.0,0.0,0.0,0.0,0.0,0.0,0.0,0.0,50.0,0.0
2026-09-13,4,196,Markelo,Coventry City,COV,coventry,FWD,1,0.0,0.0,0.0,0.0,0.0,0.0,0.0,0.0,0.0,0.0,0.0,0.0,0.0,0.0,0.0,50.0,0.0
2026-09-19,5,196,Markelo,Coventry City,COV,coventry,FWD,0,0.0,0.0,0.0,0.0,0.0,0.0,0.0,0.0,0.0,0.0,0.0,0.0,0.0,0.0,0.0,50.0,0.0
2026-08-21,1,599,Cherif,Coventry City,COV,coventry,FWD,0,0.0,0.0,0.0,0.0,0.0,0.0,0.0,0.0,0.0,0.0,0.0,0.0,0.0,0.0,0.0,50.0,0.0
2026-08-29,2,599,Cherif,Coventry City,COV,coventry,FWD,1,0.0,0.0,0.0,0.0,0.0,0.0,0.0,0.0,0.0,0.0,0.0,0.0,0.0,0.0,0.0,50.0,0.0
2026-09-05,3,599,Cherif,Coventry City,COV,coventry,FWD,0,0.0,0.0,0.0,0.0,0.0,0.0,0.0,0.0,0.0,0.0,0.0,0.0,0.0,0.0,0.0,50.0,0.0
2026-09-13,4,599,Cherif,Coventry City,COV,coventry,FWD,1,30.0,1.0,0.0,0.0,0.0,3.0,0.0,0.0,3.0,0.0,0.0,1.0,0.0,0.0,0.0,50.0,1.0
2026-09-19,5,599,Cherif,Coventry City,COV,coventry,FWD,0,0.0,0.0,0.0,0.0,0.0,0.0,0.0,0.0,0.0,0.0,0.0,0.0,0.0,0.0,0.0,50.0,0.0
2026-08-21,1,575,Yirenkyi,Coventry City,COV,coventry,MID,0,61.0,1.0,0.0,0.0,0.0,3.0,0.0,0.0,2.0,0.0,0.0,3.0,1.0,0.0,1.0,50.0,3.0
2026-08-29,2,575,Yirenkyi,Coventry City,COV,coventry,MID,1,70.0,3.0,0.0,0.0,1.0,0.0,0.0,0.0,17.0,0.03,0.13,7.0,0.0,0.0,1.0,50.0,7.0
2026-09-05,3,575,Yirenkyi,Coventry City,COV,coventry,MID,0,27.0,1.0,0.0,0.0,0.0,0.0,0.0,0.0,4.0,0.0,0.0,6.0,0.0,0.0,0.0,50.0,6.0
2026-09-13,4,575,Yirenkyi,Coventry City,COV,coventry,MID,1,17.0,1.0,0.0,0.0,0.0,2.0,0.0,0.0,3.0,0.0,0.01,0.0,0.0,0.0,0.0,49.0,0.0
2026-09-19,5,575,Yirenkyi,Coventry City,COV,coventry,MID,0,90.0,3.0,0.0,0.0,1.0,0.0,0.0,0.0,10.0,0.0,0.01,5.0,0.0,0.0,1.0,49.0,5.0
2026-08-21,1,192,Andrews,Coventry City,COV,coventry,MID,0,0.0,0.0,0.0,0.0,0.0,0.0,0.0,0.0,0.0,0.0,0.0,0.0,0.0,0.0,0.0,45.0,0.0
2026-08-29,2,192,Andrews,Coventry City,COV,coventry,MID,1,0.0,0.0,0.0,0.0,0.0,0.0,0.0,0.0,0.0,0.0,0.0,0.0,0.0,0.0,0.0,45.0,0.0
2026-09-05,3,192,Andrews,Coventry City,COV,coventry,MID,0,0.0,0.0,0.0,0.0,0.0,0.0,0.0,0.0,0.0,0.0,0.0,0.0,0.0,0.0,0.0,45.0,0.0
2026-09-13,4,192,Andrews,Coventry City,COV,coventry,MID,1,0.0,0.0,0.0,0.0,0.0,0.0,0.0,0.0,0.0,0.0,0.0,0.0,0.0,0.0,0.0,45.0,0.0
2026-09-19,5,192,Andrews,Coventry City,COV,coventry,MID,0,0.0,0.0,0.0,0.0,0.0,0.0,0.0,0.0,0.0,0.0,0.0,0.0,0.0,0.0,0.0,45.0,0.0
2026-08-21,1,197,Bassette,Coventry City,COV,coventry,FWD,0,0.0,0.0,0.0,0.0,0.0,0.0,0.0,0.0,0.0,0.0,0.0,0.0,0.0,0.0,0.0,45.0,0.0
2026-08-29,2,197,Bassette,Coventry City,COV,coventry,FWD,1,0.0,0.0,0.0,0.0,0.0,0.0,0.0,0.0,0.0,0.0,0.0,0.0,0.0,0.0,0.0,45.0,0.0
2026-09-05,3,197,Bassette,Coventry City,COV,coventry,FWD,0,0.0,0.0,0.0,0.0,0.0,0.0,0.0,0.0,0.0,0.0,0.0,0.0,0.0,0.0,0.0,45.0,0.0
2026-09-13,4,197,Bassette,Coventry City,COV,coventry,FWD,1,0.0,0.0,0.0,0.0,0.0,0.0,0.0,0.0,0.0,0.0,0.0,0.0,0.0,0.0,0.0,45.0,0.0
2026-09-19,5,197,Bassette,Coventry City,COV,coventry,FWD,0,0.0,0.0,0.0,0.0,0.0,0.0,0.0,0.0,0.0,0.0,0.0,0.0,0.0,0.0,0.0,45.0,0.0
2026-09-13,4,655,Gboho,Coventry City,COV,coventry,MID,1,0.0,0.0,0.0,0.0,0.0,0.0,0.0,0.0,0.0,0.0,0.0,0.0,0.0,0.0,0.0,55.0,0.0
2026-09-19,5,655,Gboho,Coventry City,COV,coventry,MID,0,0.0,0.0,0.0,0.0,0.0,0.0,0.0,0.0,0.0,0.0,0.0,0.0,0.0,0.0,0.0,55.0,0.0
2026-08-21,1,193,Wright,Coventry City,COV,coventry,FWD,0,0.0,0.0,0.0,0.0,0.0,0.0,0.0,0.0,0.0,0.0,0.0,0.0,0.0,0.0,0.0,55.0,0.0
2026-08-29,2,193,Wright,Coventry City,COV,coventry,FWD,1,0.0,0.0,0.0,0.0,0.0,0.0,0.0,0.0,0.0,0.0,0.0,0.0,0.0,0.0,0.0,55.0,0.0
2026-09-05,3,193,Wright,Coventry City,COV,coventry,FWD,0,0.0,0.0,0.0,0.0,0.0,0.0,0.0,0.0,0.0,0.0,0.0,0.0,0.0,0.0,0.0,54.0,0.0
2026-09-13,4,193,Wright,Coventry City,COV,coventry,FWD,1,0.0,0.0,0.0,0.0,0.0,0.0,0.0,0.0,0.0,0.0,0.0,0.0,0.0,0.0,0.0,54.0,0.0
2026-09-19,5,193,Wright,Coventry City,COV,coventry,FWD,0,0.0,0.0,0.0,0.0,0.0,0.0,0.0,0.0,0.0,0.0,0.0,0.0,0.0,0.0,0.0,54.0,0.0
2026-08-21,1,584,Hamer,Coventry City,COV,coventry,MID,0,8.0,1.0,0.0,0.0,0.0,0.0,0.0,0.0,3.0,0.0,0.0,1.0,0.0,0.0,0.0,55.0,1.0
2026-08-29,2,584,Hamer,Coventry City,COV,coventry,MID,1,19.0,1.0,0.0,0.0,0.0,1.0,0.0,0.0,2.0,0.0,0.02,0.0,0.0,0.0,0.0,55.0,0.0
2026-09-05,3,584,Hamer,Coventry City,COV,coventry,MID,0,5.0,1.0,0.0,0.0,0.0,0.0,0.0,0.0,1.0,0.0,0.0,2.0,0.0,0.0,0.0,55.0,2.0
2026-09-13,4,584,Hamer,Coventry City,COV,coventry,MID,1,0.0,0.0,0.0,0.0,0.0,0.0,0.0,0.0,0.0,0.0,0.0,0.0,0.0,0.0,0.0,54.0,0.0
2026-09-19,5,584,Hamer,Coventry City,COV,coventry,MID,0,0.0,0.0,0.0,0.0,0.0,0.0,0.0,0.0,0.0,0.0,0.0,0.0,0.0,0.0,0.0,54.0,0.0
2026-09-13,4,656,Mfuni,Coventry City,COV,coventry,DEF,1,0.0,0.0,0.0,0.0,0.0,0.0,0.0,0.0,0.0,0.0,0.0,0.0,0.0,0.0,0.0,40.0,0.0
2026-09-19,5,656,Mfuni,Coventry City,COV,coventry,DEF,0,90.0,6.0,0.0,0.0,1.0,0.0,0.0,0.0,27.0,0.0,0.01,8.0,0.0,0.0,1.0,40.0,8.0
2026-08-21,1,492,Awoniyi,Coventry City,COV,coventry,FWD,0,20.0,1.0,0.0,0.0,0.0,0.0,0.0,0.0,4.0,0.0,0.0,1.0,0.0,0.0,0.0,55.0,1.0
2026-08-29,2,492,Awoniyi,Coventry City,COV,coventry,FWD,1,90.0,2.0,0.0,0.0,0.0,1.0,0.0,0.0,6.0,0.93,0.03,3.0,0.0,0.0,1.0,55.0,3.0
2026-09-05,3,492,Awoniyi,Coventry City,COV,coventry,FWD,0,70.0,2.0,0.0,0.0,0.0,1.0,0.0,0.0,6.0,0.31,0.0,5.0,0.0,0.0,1.0,55.0,5.0
2026-09-13,4,492,Awoniyi,Coventry City,COV,coventry,FWD,1,52.0,-2.0,0.0,0.0,0.0,5.0,0.0,0.0,-5.0,0.06,0.01,2.0,0.0,1.0,1.0,55.0,2.0
2026-09-19,5,492,Awoniyi,Coventry City,COV,coventry,FWD,0,0.0,0.0,0.0,0.0,0.0,0.0,0.0,0.0,0.0,0.0,0.0,0.0,0.0,0.0,0.0,55.0,0.0
2026-08-22,1,42,Guessand,Crystal Palace,CRY,crystal palace,MID,0,27.0,1.0,0.0,0.0,0.0,0.0,0.0,0.0,3.0,0.03,0.02,1.0,0.0,0.0,0.0,55.0,1.0
2026-08-28,2,42,Guessand,Crystal Palace,CRY,crystal palace,MID,1,27.0,1.0,0.0,0.0,0.0,1.0,0.0,0.0,3.0,0.0,0.01,1.0,0.0,0.0,0.0,55.0,1.0
2026-09-05,3,42,Guessand,Crystal Palace,CRY,crystal palace,MID,0,0.0,0.0,0.0,0.0,0.0,0.0,0.0,0.0,0.0,0.0,0.0,0.0,0.0,0.0,0.0,55.0,0.0
2026-09-12,4,42,Guessand,Crystal Palace,CRY,crystal palace,MID,1,0.0,0.0,0.0,0.0,0.0,0.0,0.0,0.0,0.0,0.0,0.0,0.0,0.0,0.0,0.0,55.0,0.0
2026-09-20,5,42,Guessand,Crystal Palace,CRY,crystal palace,MID,0,0.0,0.0,0.0,0.0,0.0,0.0,0.0,0.0,0.0,0.0,0.0,0.0,0.0,0.0,0.0,54.0,0.0
2026-08-22,1,198,Henderson,Crystal Palace,CRY,crystal palace,GKP,0,90.0,2.0,0.0,0.0,0.0,2.0,3.0,0.0,14.0,0.0,0.0,0.0,0.0,0.0,1.0,50.0,0.0
2026-08-28,2,198,Henderson,Crystal Palace,CRY,crystal palace,GKP,1,90.0,1.0,0.0,0.0,0.0,4.0,4.0,0.0,4.0,0.0,0.0,0.0,0.0,0.0,1.0,50.0,0.0
2026-09-05,3,198,Henderson,Crystal Palace,CRY,crystal palace,GKP,0,90.0,2.0,0.0,0.0,0.0,2.0,5.0,0.0,19.0,0.0,0.0,0.0,0.0,0.0,1.0,50.0,0.0
2026-09-12,4,198,Henderson,Crystal Palace,CRY,crystal palace,GKP,1,0.0,0.0,0.0,0.0,0.0,0.0,0.0,0.0,0.0,0.0,0.0,0.0,0.0,0.0,0.0,50.0,0.0
2026-09-20,5,198,Henderson,Crystal Palace,CRY,crystal palace,GKP,0,0.0,0.0,0.0,0.0,0.0,0.0,0.0,0.0,0.0,0.0,0.0,0.0,0.0,0.0,0.0,50.0,0.0
2026-08-24,1,153,Disasi,Chelsea,CHE,chelsea,DEF,0,0.0,0.0,0.0,0.0,0.0,0.0,0.0,0.0,0.0,0.0,0.0,0.0,0.0,0.0,0.0,45.0,0.0
2026-08-28,2,153,Disasi,Crystal Palace,CRY,crystal palace,DEF,1,16.0,1.0,0.0,0.0,0.0,1.0,0.0,0.0,-2.0,0.0,0.0,1.0,0.0,0.0,0.0,45.0,1.0
2026-09-05,3,153,Disasi,Crystal Palace,CRY,crystal palace,DEF,0,90.0,3.0,0.0,0.0,0.0,2.0,0.0,0.0,14.0,0.0,0.04,13.0,0.0,0.0,1.0,45.0,13.0
2026-09-12,4,153,Disasi,Crystal Palace,CRY,crystal palace,DEF,1,33.0,-3.0,0.0,0.0,0.0,3.0,0.0,0.0,-18.0,0.0,0.0,6.0,0.0,1.0,1.0,45.0,6.0
2026-09-20,5,153,Disasi,Crystal Palace,CRY,crystal palace,DEF,0,0.0,0.0,0.0,0.0,0.0,0.0,0.0,0.0,0.0,0.0,0.0,0.0,0.0,0.0,0.0,45.0,0.0
2026-08-22,1,208,Sarr,Crystal Palace,CRY,crystal palace,MID,0,0.0,0.0,0.0,0.0,0.0,0.0,0.0,0.0,0.0,0.0,0.0,0.0,0.0,0.0,0.0,65.0,0.0
2026-08-28,2,208,Sarr,Crystal Palace,CRY,crystal palace,MID,1,0.0,0.0,0.0,0.0,0.0,0.0,0.0,0.0,0.0,0.0,0.0,0.0,0.0,0.0,0.0,64.0,0.0
2026-09-05,3,208,Sarr,Crystal Palace,CRY,crystal palace,MID,0,0.0,0.0,0.0,0.0,0.0,0.0,0.0,0.0,0.0,0.0,0.0,0.0,0.0,0.0,0.0,63.0,0.0
2026-09-12,4,208,Sarr,Crystal Palace,CRY,crystal palace,MID,1,0.0,0.0,0.0,0.0,0.0,0.0,0.0,0.0,0.0,0.0,0.0,0.0,0.0,0.0,0.0,63.0,0.0
2026-09-20,5,208,Sarr,Crystal Palace,CRY,crystal palace,MID,0,8.0,1.0,0.0,0.0,0.0,0.0,0.0,0.0,3.0,0.0,0.01,0.0,0.0,0.0,0.0,62.0,0.0
2026-08-22,1,203,Canvot,Crystal Palace,CRY,crystal palace,DEF,0,90.0,1.0,0.0,0.0,0.0,2.0,0.0,0.0,9.0,0.05,0.01,8.0,0.0,0.0,1.0,50.0,8.0
2026-08-28,2,203,Canvot,Crystal Palace,CRY,crystal palace,DEF,1,90.0,0.0,0.0,0.0,0.0,4.0,0.0,0.0,-1.0,0.0,0.0,7.0,0.0,0.0,1.0,50.0,7.0
2026-09-05,3,203,Canvot,Crystal Palace,CRY,crystal palace,DEF,0,90.0,1.0,0.0,0.0,0.0,2.0,0.0,0.0,4.0,0.0,0.0,9.0,0.0,0.0,1.0,49.0,9.0
2026-09-12,4,203,Canvot,Crystal Palace,CRY,crystal palace,DEF,1,0.0,0.0,0.0,0.0,0.0,0.0,0.0,0.0,0.0,0.0,0.0,0.0,0.0,0.0,0.0,49.0,0.0
2026-09-20,5,203,Canvot,Crystal Palace,CRY,crystal palace,DEF,0,90.0,8.0,0.0,0.0,1.0,0.0,0.0,0.0,26.0,0.0,0.12,10.0,0.0,0.0,1.0,49.0,10.0
2026-08-22,1,206,Chadi Riad,Crystal Palace,CRY,crystal palace,DEF,0,72.0,1.0,0.0,0.0,0.0,2.0,0.0,0.0,7.0,0.0,0.01,7.0,0.0,0.0,1.0,45.0,7.0
2026-08-28,2,206,Chadi Riad,Crystal Palace,CRY,crystal palace,DEF,1,0.0,0.0,0.0,0.0,0.0,0.0,0.0,0.0,0.0,0.0,0.0,0.0,0.0,0.0,0.0,45.0,0.0
2026-09-05,3,206,Chadi Riad,Crystal Palace,CRY,crystal palace,DEF,0,0.0,0.0,0.0,0.0,0.0,0.0,0.0,0.0,0.0,0.0,0.0,0.0,0.0,0.0,0.0,44.0,0.0
2026-09-12,4,206,Chadi Riad,Crystal Palace,CRY,crystal palace,DEF,1,0.0,0.0,0.0,0.0,0.0,0.0,0.0,0.0,0.0,0.0,0.0,0.0,0.0,0.0,0.0,44.0,0.0
2026-09-20,5,206,Chadi Riad,Crystal Palace,CRY,crystal palace,DEF,0,0.0,0.0,0.0,0.0,0.0,0.0,0.0,0.0,0.0,0.0,0.0,0.0,0.0,0.0,0.0,44.0,0.0
2026-08-22,1,211,Yeremy,Crystal Palace,CRY,crystal palace,MID,0,35.0,1.0,0.0,0.0,0.0,0.0,0.0,0.0,4.0,0.06,0.02,5.0,0.0,0.0,0.0,55.0,5.0
2026-08-28,2,211,Yeremy,Crystal Palace,CRY,crystal palace,MID,1,67.0,5.0,0.0,1.0,0.0,3.0,0.0,0.0,27.0,0.05,0.07,10.0,0.0,0.0,1.0,55.0,10.0
2026-09-05,3,211,Yeremy,Crystal Palace,CRY,crystal palace,MID,0,88.0,5.0,0.0,1.0,0.0,2.0,0.0,0.0,25.0,0.25,0.3,5.0,0.0,0.0,1.0,55.0,5.0
2026-09-12,4,211,Yeremy,Crystal Palace,CRY,crystal palace,MID,1,36.0,1.0,0.0,0.0,0.0,1.0,0.0,0.0,4.0,0.0,0.01,1.0,0.0,0.0,1.0,55.0,1.0
2026-09-20,5,211,Yeremy,Crystal Palace,CRY,crystal palace,MID,0,81.0,2.0,0.0,0.0,1.0,0.0,0.0,0.0,10.0,0.16,0.15,5.0,1.0,0.0,1.0,55.0,5.0
2026-08-22,1,210,Wharton,Crystal Palace,CRY,crystal palace,MID,0,90.0,4.0,0.0,0.0,0.0,2.0,0.0,0.0,20.0,0.0,0.24,14.0,0.0,0.0,1.0,55.0,14.0
2026-08-28,2,210,Wharton,Crystal Palace,CRY,crystal palace,MID,1,90.0,2.0,0.0,0.0,0.0,4.0,0.0,0.0,21.0,0.0,0.07,7.0,0.0,0.0,1.0,55.0,7.0
2026-09-05,3,210,Wharton,Crystal Palace,CRY,crystal palace,MID,0,90.0,2.0,0.0,0.0,0.0,2.0,0.0,0.0,10.0,0.0,0.01,8.0,0.0,0.0,1.0,55.0,8.0
2026-09-12,4,210,Wharton,Crystal Palace,CRY,crystal palace,MID,1,76.0,2.0,0.0,0.0,0.0,2.0,0.0,0.0,13.0,0.08,0.04,5.0,0.0,0.0,1.0,55.0,5.0
2026-09-20,5,210,Wharton,Crystal Palace,CRY,crystal palace,MID,0,90.0,2.0,0.0,0.0,1.0,0.0,0.0,0.0,13.0,0.07,0.22,7.0,1.0,0.0,1.0,55.0,7.0
2026-08-22,1,202,Richards,Crystal Palace,CRY,crystal palace,DEF,0,90.0,3.0,0.0,0.0,0.0,2.0,0.0,0.0,13.0,0.0,0.0,16.0,0.0,0.0,1.0,50.0,16.0
2026-08-28,2,202,Richards,Crystal Palace,CRY,crystal palace,DEF,1,90.0,0.0,0.0,0.0,0.0,4.0,0.0,0.0,-4.0,0.04,0.0,6.0,0.0,0.0,1.0,50.0,6.0
2026-09-05,3,202,Richards,Crystal Palace,CRY,crystal palace,DEF,0,90.0,1.0,0.0,0.0,0.0,2.0,0.0,0.0,8.0,0.04,0.0,9.0,0.0,0.0,1.0,50.0,9.0
2026-09-12,4,202,Richards,Crystal Palace,CRY,crystal palace,DEF,1,90.0,2.0,0.0,0.0,0.0,3.0,0.0,0.0,2.0,0.0,0.06,13.0,1.0,0.0,1.0,50.0,13.0
2026-09-20,5,202,Richards,Crystal Palace,CRY,crystal palace,DEF,0,90.0,8.0,0.0,0.0,1.0,0.0,0.0,0.0,29.0,0.0,0.01,10.0,0.0,0.0,1.0,50.0,10.0
2026-08-22,1,204,Mitchell,Crystal Palace,CRY,crystal palace,DEF,0,90.0,1.0,0.0,0.0,0.0,2.0,0.0,0.0,9.0,0.0,0.01,5.0,0.0,0.0,1.0,45.0,5.0
2026-08-28,2,204,Mitchell,Crystal Palace,CRY,crystal palace,DEF,1,90.0,0.0,0.0,0.0,0.0,4.0,0.0,0.0,-8.0,0.11,0.16,5.0,0.0,0.0,1.0,45.0,5.0
2026-09-05,3,204,Mitchell,Crystal Palace,CRY,crystal palace,DEF,0,73.0,15.0,2.0,0.0,0.0,2.0,0.0,2.0,31.0,0.66,0.01,6.0,0.0,0.0,1.0,45.0,6.0
2026-09-12,4,204,Mitchell,Crystal Palace,CRY,crystal palace,DEF,1,76.0,1.0,0.0,0.0,0.0,2.0,0.0,0.0,6.0,0.0,0.06,1.0,0.0,0.0,1.0,45.0,1.0
2026-09-20,5,204,Mitchell,Crystal Palace,CRY,crystal palace,DEF,0,90.0,7.0,0.0,0.0,1.0,0.0,0.0,1.0,30.0,0.0,0.02,8.0,0.0,0.0,1.0,45.0,8.0
2026-08-22,1,207,Mingueza,Crystal Palace,CRY,crystal palace,DEF,0,0.0,0.0,0.0,0.0,0.0,0.0,0.0,0.0,0.0,0.0,0.0,0.0,0.0,0.0,0.0,45.0,0.0
2026-08-28,2,207,Mingueza,Crystal Palace,CRY,crystal palace,DEF,1,15.0,1.0,0.0,0.0,0.0,1.0,0.0,0.0,1.0,0.0,0.0,1.0,0.0,0.0,0.0,45.0,1.0
2026-09-05,3,207,Mingueza,Crystal Palace,CRY,crystal palace,DEF,0,1.0,1.0,0.0,0.0,0.0,0.0,0.0,0.0,4.0,0.0,0.0,1.0,0.0,0.0,0.0,44.0,1.0
2026-09-12,4,207,Mingueza,Crystal Palace,CRY,crystal palace,DEF,1,0.0,0.0,0.0,0.0,0.0,0.0,0.0,0.0,0.0,0.0,0.0,0.0,0.0,0.0,0.0,44.0,0.0
2026-09-20,5,207,Mingueza,Crystal Palace,CRY,crystal palace,DEF,0,0.0,0.0,0.0,0.0,0.0,0.0,0.0,0.0,0.0,0.0,0.0,0.0,0.0,0.0,0.0,44.0,0.0
2026-08-22,1,199,Benitez,Crystal Palace,CRY,crystal palace,GKP,0,0.0,0.0,0.0,0.0,0.0,0.0,0.0,0.0,0.0,0.0,0.0,0.0,0.0,0.0,0.0,45.0,0.0
2026-08-28,2,199,Benitez,Crystal Palace,CRY,crystal palace,GKP,1,0.0,0.0,0.0,0.0,0.0,0.0,0.0,0.0,0.0,0.0,0.0,0.0,0.0,0.0,0.0,45.0,0.0
2026-09-05,3,199,Benitez,Crystal Palace,CRY,crystal palace,GKP,0,0.0,0.0,0.0,0.0,0.0,0.0,0.0,0.0,0.0,0.0,0.0,0.0,0.0,0.0,0.0,45.0,0.0
2026-09-12,4,199,Benitez,Crystal Palace,CRY,crystal palace,GKP,1,90.0,2.0,0.0,0.0,0.0,3.0,3.0,0.0,3.0,0.0,0.0,0.0,0.0,0.0,1.0,45.0,0.0
2026-09-20,5,199,Benitez,Crystal Palace,CRY,crystal palace,GKP,0,90.0,6.0,0.0,0.0,1.0,0.0,2.0,0.0,26.0,0.0,0.0,0.0,0.0,0.0,1.0,45.0,0.0
2026-08-22,1,212,Hughes,Crystal Palace,CRY,crystal palace,MID,0,0.0,0.0,0.0,0.0,0.0,0.0,0.0,0.0,0.0,0.0,0.0,0.0,0.0,0.0,0.0,45.0,0.0
2026-08-28,2,212,Hughes,Crystal Palace,CRY,crystal palace,MID,1,0.0,0.0,0.0,0.0,0.0,0.0,0.0,0.0,0.0,0.0,0.0,0.0,0.0,0.0,0.0,45.0,0.0
2026-09-05,3,212,Hughes,Crystal Palace,CRY,crystal palace,MID,0,16.0,1.0,0.0,0.0,0.0,0.0,0.0,0.0,3.0,0.0,0.0,3.0,0.0,0.0,0.0,45.0,3.0
2026-09-12,4,212,Hughes,Crystal Palace,CRY,crystal palace,MID,1,13.0,1.0,0.0,0.0,0.0,1.0,0.0,0.0,6.0,0.0,0.04,4.0,0.0,0.0,0.0,45.0,4.0
2026-09-20,5,212,Hughes,Crystal Palace,CRY,crystal palace,MID,0,0.0,0.0,0.0,0.0,0.0,0.0,0.0,0.0,0.0,0.0,0.0,0.0,0.0,0.0,0.0,44.0,0.0
2026-08-22,1,214,Kamada,Crystal Palace,CRY,crystal palace,MID,0,90.0,3.0,0.0,0.0,0.0,2.0,0.0,0.0,25.0,0.0,0.27,14.0,1.0,0.0,1.0,50.0,14.0
2026-08-28,2,214,Kamada,Crystal Palace,CRY,crystal palace,MID,1,90.0,2.0,0.0,0.0,0.0,4.0,0.0,0.0,21.0,0.05,0.02,9.0,0.0,0.0,1.0,50.0,9.0
2026-09-05,3,214,Kamada,Crystal Palace,CRY,crystal palace,MID,0,88.0,5.0,0.0,1.0,0.0,2.0,0.0,0.0,21.0,0.0,0.01,4.0,0.0,0.0,1.0,50.0,4.0
2026-09-12,4,214,Kamada,Crystal Palace,CRY,crystal palace,MID,1,83.0,8.0,0.0,2.0,0.0,2.0,0.0,0.0,30.0,0.0,0.05,1.0,0.0,0.0,1.0,50.0,1.0
2026-09-20,5,214,Kamada,Crystal Palace,CRY,crystal palace,MID,0,90.0,3.0,0.0,0.0,1.0,0.0,0.0,0.0,12.0,0.42,0.03,10.0,0.0,0.0,1.0,50.0,10.0
2026-08-22,1,205,Sosa,Crystal Palace,CRY,crystal palace,DEF,0,0.0,0.0,0.0,0.0,0.0,0.0,0.0,0.0,0.0,0.0,0.0,0.0,0.0,0.0,0.0,45.0,0.0
2026-08-28,2,205,Sosa,Crystal Palace,CRY,crystal palace,DEF,1,0.0,0.0,0.0,0.0,0.0,0.0,0.0,0.0,0.0,0.0,0.0,0.0,0.0,0.0,0.0,45.0,0.0
2026-09-05,3,205,Sosa,Crystal Palace,CRY,crystal palace,DEF,0,0.0,0.0,0.0,0.0,0.0,0.0,0.0,0.0,0.0,0.0,0.0,0.0,0.0,0.0,0.0,45.0,0.0
2026-09-12,4,205,Sosa,Crystal Palace,CRY,crystal palace,DEF,1,0.0,0.0,0.0,0.0,0.0,0.0,0.0,0.0,0.0,0.0,0.0,0.0,0.0,0.0,0.0,45.0,0.0
2026-09-20,5,205,Sosa,Crystal Palace,CRY,crystal palace,DEF,0,0.0,0.0,0.0,0.0,0.0,0.0,0.0,0.0,0.0,0.0,0.0,0.0,0.0,0.0,0.0,45.0,0.0
2026-08-22,1,213,Lerma,Crystal Palace,CRY,crystal palace,MID,0,0.0,0.0,0.0,0.0,0.0,0.0,0.0,0.0,0.0,0.0,0.0,0.0,0.0,0.0,0.0,50.0,0.0
2026-08-28,2,213,Lerma,Crystal Palace,CRY,crystal palace,MID,1,0.0,0.0,0.0,0.0,0.0,0.0,0.0,0.0,0.0,0.0,0.0,0.0,0.0,0.0,0.0,50.0,0.0
2026-09-05,3,213,Lerma,Crystal Palace,CRY,crystal palace,MID,0,0.0,0.0,0.0,0.0,0.0,0.0,0.0,0.0,0.0,0.0,0.0,0.0,0.0,0.0,0.0,49.0,0.0
2026-09-12,4,213,Lerma,Crystal Palace,CRY,crystal palace,MID,1,6.0,1.0,0.0,0.0,0.0,1.0,0.0,0.0,3.0,0.0,0.0,1.0,0.0,0.0,0.0,49.0,1.0
2026-09-20,5,213,Lerma,Crystal Palace,CRY,crystal palace,MID,0,45.0,0.0,0.0,0.0,0.0,0.0,0.0,0.0,3.0,0.26,0.0,11.0,1.0,0.0,0.0,49.0,11.0
2026-08-22,1,217,M.França,Crystal Palace,CRY,crystal palace,MID,0,0.0,0.0,0.0,0.0,0.0,0.0,0.0,0.0,0.0,0.0,0.0,0.0,0.0,0.0,0.0,50.0,0.0
2026-08-28,2,217,M.França,Crystal Palace,CRY,crystal palace,MID,1,0.0,0.0,0.0,0.0,0.0,0.0,0.0,0.0,0.0,0.0,0.0,0.0,0.0,0.0,0.0,50.0,0.0
2026-09-05,3,217,M.França,Crystal Palace,CRY,crystal palace,MID,0,0.0,0.0,0.0,0.0,0.0,0.0,0.0,0.0,0.0,0.0,0.0,0.0,0.0,0.0,0.0,49.0,0.0
2026-09-12,4,217,M.França,Crystal Palace,CRY,crystal palace,MID,1,0.0,0.0,0.0,0.0,0.0,0.0,0.0,0.0,0.0,0.0,0.0,0.0,0.0,0.0,0.0,49.0,0.0
2026-09-20,5,217,M.França,Crystal Palace,CRY,crystal palace,MID,0,0.0,0.0,0.0,0.0,0.0,0.0,0.0,0.0,0.0,0.0,0.0,0.0,0.0,0.0,0.0,49.0,0.0
2026-08-22,1,216,Esse,Crystal Palace,CRY,crystal palace,MID,0,0.0,0.0,0.0,0.0,0.0,0.0,0.0,0.0,0.0,0.0,0.0,0.0,0.0,0.0,0.0,50.0,0.0
2026-08-28,2,216,Esse,Crystal Palace,CRY,crystal palace,MID,1,0.0,0.0,0.0,0.0,0.0,0.0,0.0,0.0,0.0,0.0,0.0,0.0,0.0,0.0,0.0,50.0,0.0
2026-09-05,3,216,Esse,Crystal Palace,CRY,crystal palace,MID,0,0.0,0.0,0.0,0.0,0.0,0.0,0.0,0.0,0.0,0.0,0.0,0.0,0.0,0.0,0.0,50.0,0.0
2026-09-12,4,216,Esse,Crystal Palace,CRY,crystal palace,MID,1,0.0,0.0,0.0,0.0,0.0,0.0,0.0,0.0,0.0,0.0,0.0,0.0,0.0,0.0,0.0,50.0,0.0
2026-09-20,5,216,Esse,Crystal Palace,CRY,crystal palace,MID,0,0.0,0.0,0.0,0.0,0.0,0.0,0.0,0.0,0.0,0.0,0.0,0.0,0.0,0.0,0.0,50.0,0.0
2026-08-22,1,215,Devenny,Crystal Palace,CRY,crystal palace,MID,0,0.0,0.0,0.0,0.0,0.0,0.0,0.0,0.0,0.0,0.0,0.0,0.0,0.0,0.0,0.0,50.0,0.0
2026-08-28,2,215,Devenny,Crystal Palace,CRY,crystal palace,MID,1,0.0,0.0,0.0,0.0,0.0,0.0,0.0,0.0,0.0,0.0,0.0,0.0,0.0,0.0,0.0,50.0,0.0
2026-09-05,3,215,Devenny,Crystal Palace,CRY,crystal palace,MID,0,0.0,0.0,0.0,0.0,0.0,0.0,0.0,0.0,0.0,0.0,0.0,0.0,0.0,0.0,0.0,50.0,0.0
2026-09-12,4,215,Devenny,Crystal Palace,CRY,crystal palace,MID,1,0.0,0.0,0.0,0.0,0.0,0.0,0.0,0.0,0.0,0.0,0.0,0.0,0.0,0.0,0.0,50.0,0.0
2026-09-20,5,215,Devenny,Crystal Palace,CRY,crystal palace,MID,0,0.0,0.0,0.0,0.0,0.0,0.0,0.0,0.0,0.0,0.0,0.0,0.0,0.0,0.0,0.0,50.0,0.0
2026-08-22,1,223,Mateta,Crystal Palace,CRY,crystal palace,FWD,0,62.0,2.0,0.0,0.0,0.0,2.0,0.0,0.0,-3.0,0.7,0.02,5.0,0.0,0.0,1.0,65.0,5.0
2026-08-28,2,223,Mateta,Crystal Palace,CRY,crystal palace,FWD,1,0.0,0.0,0.0,0.0,0.0,0.0,0.0,0.0,0.0,0.0,0.0,0.0,0.0,0.0,0.0,65.0,0.0
2026-09-05,3,223,Mateta,Crystal Palace,CRY,crystal palace,FWD,0,0.0,0.0,0.0,0.0,0.0,0.0,0.0,0.0,0.0,0.0,0.0,0.0,0.0,0.0,0.0,64.0,0.0
2026-09-12,4,223,Mateta,Crystal Palace,CRY,crystal palace,FWD,1,0.0,0.0,0.0,0.0,0.0,0.0,0.0,0.0,0.0,0.0,0.0,0.0,0.0,0.0,0.0,64.0,0.0
2026-09-20,5,223,Mateta,Crystal Palace,CRY,crystal palace,FWD,0,0.0,0.0,0.0,0.0,0.0,0.0,0.0,0.0,0.0,0.0,0.0,0.0,0.0,0.0,0.0,63.0,0.0
2026-08-22,1,224,Nketiah,Crystal Palace,CRY,crystal palace,FWD,0,55.0,1.0,0.0,0.0,0.0,2.0,0.0,0.0,12.0,0.6,0.58,3.0,0.0,0.0,1.0,55.0,3.0
2026-08-28,2,224,Nketiah,Crystal Palace,CRY,crystal palace,FWD,1,67.0,2.0,0.0,0.0,0.0,3.0,0.0,0.0,8.0,0.36,0.0,6.0,0.0,0.0,1.0,55.0,6.0
2026-09-05,3,224,Nketiah,Crystal Palace,CRY,crystal palace,FWD,0,45.0,4.0,0.0,1.0,0.0,2.0,0.0,0.0,16.0,0.14,0.0,2.0,0.0,0.0,1.0,55.0,2.0
2026-09-12,4,224,Nketiah,Crystal Palace,CRY,crystal palace,FWD,1,0.0,0.0,0.0,0.0,0.0,0.0,0.0,0.0,0.0,0.0,0.0,0.0,0.0,0.0,0.0,55.0,0.0
2026-09-20,5,224,Nketiah,Crystal Palace,CRY,crystal palace,FWD,0,8.0,1.0,0.0,0.0,0.0,0.0,0.0,0.0,2.0,0.0,0.02,1.0,0.0,0.0,0.0,55.0,1.0
2026-08-22,1,220,Cardines,Crystal Palace,CRY,crystal palace,DEF,0,0.0,0.0,0.0,0.0,0.0,0.0,0.0,0.0,0.0,0.0,0.0,0.0,0.0,0.0,0.0,45.0,0.0
2026-08-28,2,220,Cardines,Crystal Palace,CRY,crystal palace,DEF,1,0.0,0.0,0.0,0.0,0.0,0.0,0.0,0.0,0.0,0.0,0.0,0.0,0.0,0.0,0.0,45.0,0.0
2026-09-05,3,220,Cardines,Crystal Palace,CRY,crystal palace,DEF,0,0.0,0.0,0.0,0.0,0.0,0.0,0.0,0.0,0.0,0.0,0.0,0.0,0.0,0.0,0.0,45.0,0.0
2026-09-12,4,220,Cardines,Crystal Palace,CRY,crystal palace,DEF,1,0.0,0.0,0.0,0.0,0.0,0.0,0.0,0.0,0.0,0.0,0.0,0.0,0.0,0.0,0.0,45.0,0.0
2026-09-20,5,220,Cardines,Crystal Palace,CRY,crystal palace,DEF,0,0.0,0.0,0.0,0.0,0.0,0.0,0.0,0.0,0.0,0.0,0.0,0.0,0.0,0.0,0.0,45.0,0.0
2026-08-22,1,221,Drakes-Thomas,Crystal Palace,CRY,crystal palace,MID,0,0.0,0.0,0.0,0.0,0.0,0.0,0.0,0.0,0.0,0.0,0.0,0.0,0.0,0.0,0.0,45.0,0.0
2026-08-28,2,221,Drakes-Thomas,Crystal Palace,CRY,crystal palace,MID,1,0.0,0.0,0.0,0.0,0.0,0.0,0.0,0.0,0.0,0.0,0.0,0.0,0.0,0.0,0.0,45.0,0.0
2026-09-05,3,221,Drakes-Thomas,Crystal Palace,CRY,crystal palace,MID,0,0.0,0.0,0.0,0.0,0.0,0.0,0.0,0.0,0.0,0.0,0.0,0.0,0.0,0.0,0.0,45.0,0.0
2026-09-12,4,221,Drakes-Thomas,Crystal Palace,CRY,crystal palace,MID,1,0.0,0.0,0.0,0.0,0.0,0.0,0.0,0.0,0.0,0.0,0.0,0.0,0.0,0.0,0.0,45.0,0.0
2026-09-20,5,221,Drakes-Thomas,Crystal Palace,CRY,crystal palace,MID,0,0.0,0.0,0.0,0.0,0.0,0.0,0.0,0.0,0.0,0.0,0.0,0.0,0.0,0.0,0.0,45.0,0.0
2026-08-22,1,241,McNeil,Crystal Palace,CRY,crystal palace,MID,0,62.0,2.0,0.0,0.0,0.0,2.0,0.0,0.0,11.0,0.05,0.02,5.0,0.0,0.0,1.0,55.0,5.0
2026-08-28,2,241,McNeil,Crystal Palace,CRY,crystal palace,MID,1,22.0,1.0,0.0,0.0,0.0,1.0,0.0,0.0,2.0,0.0,0.0,2.0,0.0,0.0,0.0,55.0,2.0
2026-09-05,3,241,McNeil,Crystal Palace,CRY,crystal palace,MID,0,0.0,0.0,0.0,0.0,0.0,0.0,0.0,0.0,0.0,0.0,0.0,0.0,0.0,0.0,0.0,55.0,0.0
2026-09-12,4,241,McNeil,Crystal Palace,CRY,crystal palace,MID,1,0.0,0.0,0.0,0.0,0.0,0.0,0.0,0.0,0.0,0.0,0.0,0.0,0.0,0.0,0.0,54.0,0.0
2026-09-20,5,241,McNeil,Crystal Palace,CRY,crystal palace,MID,0,0.0,0.0,0.0,0.0,0.0,0.0,0.0,0.0,0.0,0.0,0.0,0.0,0.0,0.0,0.0,54.0,0.0
2026-08-22,1,218,Doucouré,Crystal Palace,CRY,crystal palace,MID,0,0.0,0.0,0.0,0.0,0.0,0.0,0.0,0.0,0.0,0.0,0.0,0.0,0.0,0.0,0.0,50.0,0.0
2026-08-28,2,218,Doucouré,Crystal Palace,CRY,crystal palace,MID,1,0.0,0.0,0.0,0.0,0.0,0.0,0.0,0.0,0.0,0.0,0.0,0.0,0.0,0.0,0.0,50.0,0.0
2026-09-05,3,218,Doucouré,Crystal Palace,CRY,crystal palace,MID,0,0.0,0.0,0.0,0.0,0.0,0.0,0.0,0.0,0.0,0.0,0.0,0.0,0.0,0.0,0.0,49.0,0.0
2026-09-12,4,218,Doucouré,Crystal Palace,CRY,crystal palace,MID,1,0.0,0.0,0.0,0.0,0.0,0.0,0.0,0.0,0.0,0.0,0.0,0.0,0.0,0.0,0.0,49.0,0.0
2026-09-20,5,218,Doucouré,Crystal Palace,CRY,crystal palace,MID,0,0.0,0.0,0.0,0.0,0.0,0.0,0.0,0.0,0.0,0.0,0.0,0.0,0.0,0.0,0.0,49.0,0.0
2026-08-22,1,225,Uche,Crystal Palace,CRY,crystal palace,FWD,0,0.0,0.0,0.0,0.0,0.0,0.0,0.0,0.0,0.0,0.0,0.0,0.0,0.0,0.0,0.0,50.0,0.0
2026-08-28,2,225,Uche,Crystal Palace,CRY,crystal palace,FWD,1,0.0,0.0,0.0,0.0,0.0,0.0,0.0,0.0,0.0,0.0,0.0,0.0,0.0,0.0,0.0,50.0,0.0
2026-09-05,3,225,Uche,Crystal Palace,CRY,crystal palace,FWD,0,0.0,0.0,0.0,0.0,0.0,0.0,0.0,0.0,0.0,0.0,0.0,0.0,0.0,0.0,0.0,50.0,0.0
2026-09-12,4,225,Uche,Crystal Palace,CRY,crystal palace,FWD,1,0.0,0.0,0.0,0.0,0.0,0.0,0.0,0.0,0.0,0.0,0.0,0.0,0.0,0.0,0.0,50.0,0.0
2026-09-20,5,225,Uche,Crystal Palace,CRY,crystal palace,FWD,0,0.0,0.0,0.0,0.0,0.0,0.0,0.0,0.0,0.0,0.0,0.0,0.0,0.0,0.0,0.0,50.0,0.0
2026-08-22,1,222,Strand Larsen,Crystal Palace,CRY,crystal palace,FWD,0,27.0,1.0,0.0,0.0,0.0,0.0,0.0,0.0,3.0,0.25,0.01,0.0,0.0,0.0,0.0,60.0,0.0
2026-08-28,2,222,Strand Larsen,Crystal Palace,CRY,crystal palace,FWD,1,62.0,2.0,0.0,0.0,0.0,3.0,0.0,0.0,13.0,0.05,0.0,4.0,0.0,0.0,1.0,60.0,4.0
2026-09-05,3,222,Strand Larsen,Crystal Palace,CRY,crystal palace,FWD,0,45.0,1.0,0.0,0.0,0.0,0.0,0.0,0.0,4.0,0.0,0.0,4.0,0.0,0.0,0.0,60.0,4.0
2026-09-12,4,222,Strand Larsen,Crystal Palace,CRY,crystal palace,FWD,1,83.0,8.0,1.0,0.0,0.0,2.0,0.0,2.0,39.0,0.09,0.02,2.0,0.0,0.0,1.0,60.0,2.0
2026-09-20,5,222,Strand Larsen,Crystal Palace,CRY,crystal palace,FWD,0,81.0,2.0,0.0,0.0,1.0,0.0,0.0,0.0,10.0,0.04,0.17,3.0,0.0,0.0,1.0,60.0,3.0
2026-08-22,1,555,Matthews,Crystal Palace,CRY,crystal palace,GKP,0,0.0,0.0,0.0,0.0,0.0,0.0,0.0,0.0,0.0,0.0,0.0,0.0,0.0,0.0,0.0,40.0,0.0
2026-08-28,2,555,Matthews,Crystal Palace,CRY,crystal palace,GKP,1,0.0,0.0,0.0,0.0,0.0,0.0,0.0,0.0,0.0,0.0,0.0,0.0,0.0,0.0,0.0,40.0,0.0
2026-09-05,3,555,Matthews,Crystal Palace,CRY,crystal palace,GKP,0,0.0,0.0,0.0,0.0,0.0,0.0,0.0,0.0,0.0,0.0,0.0,0.0,0.0,0.0,0.0,40.0,0.0
2026-09-12,4,555,Matthews,Crystal Palace,CRY,crystal palace,GKP,1,0.0,0.0,0.0,0.0,0.0,0.0,0.0,0.0,0.0,0.0,0.0,0.0,0.0,0.0,0.0,40.0,0.0
2026-09-20,5,555,Matthews,Crystal Palace,CRY,crystal palace,GKP,0,0.0,0.0,0.0,0.0,0.0,0.0,0.0,0.0,0.0,0.0,0.0,0.0,0.0,0.0,0.0,40.0,0.0
2026-08-22,1,577,Tomiyasu,Crystal Palace,CRY,crystal palace,DEF,0,18.0,1.0,0.0,0.0,0.0,0.0,0.0,0.0,3.0,0.0,0.01,1.0,0.0,0.0,0.0,45.0,1.0
2026-08-28,2,577,Tomiyasu,Crystal Palace,CRY,crystal palace,DEF,1,73.0,1.0,0.0,0.0,0.0,3.0,0.0,0.0,-3.0,0.0,0.0,8.0,0.0,0.0,1.0,45.0,8.0
2026-09-05,3,577,Tomiyasu,Crystal Palace,CRY,crystal palace,DEF,0,0.0,0.0,0.0,0.0,0.0,0.0,0.0,0.0,0.0,0.0,0.0,0.0,0.0,0.0,0.0,45.0,0.0
2026-09-12,4,577,Tomiyasu,Crystal Palace,CRY,crystal palace,DEF,1,53.0,0.0,0.0,0.0,0.0,2.0,0.0,0.0,6.0,0.0,0.01,5.0,0.0,0.0,0.0,45.0,5.0
2026-09-20,5,577,Tomiyasu,Crystal Palace,CRY,crystal palace,DEF,0,45.0,1.0,0.0,0.0,0.0,0.0,0.0,0.0,4.0,0.0,0.01,3.0,0.0,0.0,1.0,44.0,3.0
2026-08-22,1,588,Khalaili,Crystal Palace,CRY,crystal palace,DEF,0,35.0,1.0,0.0,0.0,0.0,0.0,0.0,0.0,12.0,0.0,0.16,9.0,0.0,0.0,0.0,50.0,9.0
2026-08-28,2,588,Khalaili,Crystal Palace,CRY,crystal palace,DEF,1,74.0,2.0,0.0,0.0,0.0,3.0,0.0,0.0,9.0,0.02,0.0,14.0,1.0,0.0,1.0,50.0,14.0
2026-09-05,3,588,Khalaili,Crystal Palace,CRY,crystal palace,DEF,0,90.0,3.0,0.0,0.0,0.0,2.0,0.0,0.0,6.0,0.72,0.01,10.0,0.0,0.0,1.0,50.0,10.0
2026-09-12,4,588,Khalaili,Crystal Palace,CRY,crystal palace,DEF,1,90.0,7.0,1.0,0.0,0.0,3.0,0.0,0.0,4.0,0.22,0.14,5.0,0.0,0.0,1.0,50.0,5.0
2026-09-20,5,588,Khalaili,Crystal Palace,CRY,crystal palace,DEF,0,90.0,6.0,0.0,0.0,1.0,0.0,0.0,0.0,23.0,0.0,0.02,6.0,0.0,0.0,1.0,50.0,6.0
2026-08-22,1,595,Gozo,Crystal Palace,CRY,crystal palace,MID,0,0.0,0.0,0.0,0.0,0.0,0.0,0.0,0.0,0.0,0.0,0.0,0.0,0.0,0.0,0.0,50.0,0.0
2026-08-28,2,595,Gozo,Crystal Palace,CRY,crystal palace,MID,1,22.0,1.0,0.0,0.0,0.0,1.0,0.0,0.0,3.0,0.0,0.0,1.0,0.0,0.0,0.0,50.0,1.0
2026-09-05,3,595,Gozo,Crystal Palace,CRY,crystal palace,MID,0,0.0,0.0,0.0,0.0,0.0,0.0,0.0,0.0,0.0,0.0,0.0,0.0,0.0,0.0,0.0,50.0,0.0
2026-09-12,4,595,Gozo,Crystal Palace,CRY,crystal palace,MID,1,6.0,1.0,0.0,0.0,0.0,1.0,0.0,0.0,3.0,0.0,0.0,0.0,0.0,0.0,0.0,50.0,0.0
2026-09-20,5,595,Gozo,Crystal Palace,CRY,crystal palace,MID,0,0.0,0.0,0.0,0.0,0.0,0.0,0.0,0.0,0.0,0.0,0.0,0.0,0.0,0.0,0.0,50.0,0.0
2026-09-05,3,633,Ahanor,Crystal Palace,CRY,crystal palace,DEF,0,0.0,0.0,0.0,0.0,0.0,0.0,0.0,0.0,0.0,0.0,0.0,0.0,0.0,0.0,0.0,45.0,0.0
2026-09-12,4,633,Ahanor,Crystal Palace,CRY,crystal palace,DEF,1,90.0,3.0,0.0,0.0,0.0,3.0,0.0,0.0,10.0,0.0,0.01,11.0,0.0,0.0,1.0,45.0,11.0
2026-09-20,5,633,Ahanor,Crystal Palace,CRY,crystal palace,DEF,0,0.0,0.0,0.0,0.0,0.0,0.0,0.0,0.0,0.0,0.0,0.0,0.0,0.0,0.0,0.0,45.0,0.0
2026-08-22,1,219,J.Rak-Sakyi,Crystal Palace,CRY,crystal palace,MID,0,0.0,0.0,0.0,0.0,0.0,0.0,0.0,0.0,0.0,0.0,0.0,0.0,0.0,0.0,0.0,50.0,0.0
2026-08-28,2,219,J.Rak-Sakyi,Crystal Palace,CRY,crystal palace,MID,1,0.0,0.0,0.0,0.0,0.0,0.0,0.0,0.0,0.0,0.0,0.0,0.0,0.0,0.0,0.0,50.0,0.0
2026-09-05,3,219,J.Rak-Sakyi,Crystal Palace,CRY,crystal palace,MID,0,0.0,0.0,0.0,0.0,0.0,0.0,0.0,0.0,0.0,0.0,0.0,0.0,0.0,0.0,0.0,50.0,0.0
2026-09-12,4,219,J.Rak-Sakyi,Crystal Palace,CRY,crystal palace,MID,1,0.0,0.0,0.0,0.0,0.0,0.0,0.0,0.0,0.0,0.0,0.0,0.0,0.0,0.0,0.0,49.0,0.0
2026-09-20,5,219,J.Rak-Sakyi,Crystal Palace,CRY,crystal palace,MID,0,0.0,0.0,0.0,0.0,0.0,0.0,0.0,0.0,0.0,0.0,0.0,0.0,0.0,0.0,0.0,49.0,0.0
2026-08-22,1,226,Pickford,Everton,EVE,everton,GKP,1,90.0,7.0,0.0,0.0,1.0,0.0,4.0,0.0,34.0,0.0,0.02,0.0,0.0,0.0,1.0,55.0,0.0
2026-08-29,2,226,Pickford,Everton,EVE,everton,GKP,0,90.0,3.0,0.0,0.0,0.0,1.0,4.0,0.0,22.0,0.0,0.0,0.0,0.0,0.0,1.0,55.0,0.0
2026-09-06,3,226,Pickford,Everton,EVE,everton,GKP,1,90.0,1.0,0.0,0.0,0.0,2.0,1.0,0.0,6.0,0.0,0.0,0.0,0.0,0.0,1.0,55.0,0.0
2026-09-12,4,226,Pickford,Everton,EVE,everton,GKP,0,90.0,6.0,0.0,0.0,1.0,0.0,2.0,0.0,25.0,0.0,0.0,0.0,0.0,0.0,1.0,55.0,0.0
2026-09-19,5,226,Pickford,Everton,EVE,everton,GKP,1,90.0,8.0,0.0,0.0,1.0,0.0,4.0,1.0,34.0,0.0,0.0,0.0,0.0,0.0,1.0,55.0,0.0
2026-09-05,3,643,Chilwell,Crystal Palace,CRY,crystal palace,DEF,0,16.0,7.0,1.0,0.0,0.0,0.0,0.0,0.0,20.0,0.15,0.0,0.0,0.0,0.0,0.0,45.0,0.0
2026-09-12,4,643,Chilwell,Crystal Palace,CRY,crystal palace,DEF,1,13.0,1.0,0.0,0.0,0.0,1.0,0.0,0.0,1.0,0.12,0.01,1.0,0.0,0.0,0.0,45.0,1.0
2026-09-20,5,643,Chilwell,Crystal Palace,CRY,crystal palace,DEF,0,0.0,0.0,0.0,0.0,0.0,0.0,0.0,0.0,0.0,0.0,0.0,0.0,0.0,0.0,0.0,45.0,0.0
2026-08-22,1,209,Johnson,Everton,EVE,everton,MID,1,6.0,1.0,0.0,0.0,0.0,0.0,0.0,0.0,3.0,0.0,0.0,2.0,0.0,0.0,0.0,60.0,2.0
2026-08-29,2,209,Johnson,Everton,EVE,everton,MID,0,28.0,1.0,0.0,0.0,0.0,0.0,0.0,0.0,1.0,0.0,0.0,2.0,0.0,0.0,0.0,60.0,2.0
2026-09-06,3,209,Johnson,Everton,EVE,everton,MID,1,65.0,1.0,0.0,0.0,0.0,1.0,0.0,0.0,3.0,0.05,0.04,8.0,1.0,0.0,1.0,59.0,8.0
2026-09-12,4,209,Johnson,Everton,EVE,everton,MID,0,74.0,3.0,0.0,0.0,1.0,0.0,0.0,0.0,13.0,0.16,0.18,6.0,0.0,0.0,1.0,59.0,6.0
2026-09-19,5,209,Johnson,Everton,EVE,everton,MID,1,65.0,3.0,0.0,0.0,1.0,0.0,0.0,0.0,6.0,0.82,0.0,8.0,0.0,0.0,1.0,59.0,8.0
2026-09-05,3,644,Timber,Crystal Palace,CRY,crystal palace,MID,0,73.0,2.0,0.0,0.0,0.0,2.0,0.0,0.0,8.0,0.02,0.0,6.0,0.0,0.0,1.0,50.0,6.0
2026-09-12,4,644,Timber,Crystal Palace,CRY,crystal palace,MID,1,90.0,4.0,0.0,0.0,0.0,3.0,0.0,0.0,24.0,0.1,0.03,16.0,0.0,0.0,1.0,50.0,16.0
2026-09-20,5,644,Timber,Crystal Palace,CRY,crystal palace,MID,0,90.0,3.0,0.0,0.0,1.0,0.0,0.0,0.0,13.0,0.12,0.03,5.0,0.0,0.0,1.0,50.0,5.0
2026-08-22,1,229,Tarkowski,Everton,EVE,everton,DEF,1,90.0,6.0,0.0,0.0,1.0,0.0,0.0,0.0,25.0,0.05,0.0,9.0,0.0,0.0,1.0,60.0,9.0
2026-08-29,2,229,Tarkowski,Everton,EVE,everton,DEF,0,90.0,12.0,1.0,0.0,0.0,1.0,0.0,2.0,27.0,0.1,0.01,10.0,0.0,0.0,1.0,60.0,10.0
2026-09-06,3,229,Tarkowski,Everton,EVE,everton,DEF,1,90.0,3.0,0.0,0.0,0.0,2.0,0.0,0.0,11.0,0.02,0.01,12.0,0.0,0.0,1.0,60.0,12.0
2026-09-12,4,229,Tarkowski,Everton,EVE,everton,DEF,0,90.0,8.0,0.0,0.0,1.0,0.0,0.0,2.0,32.0,0.0,0.01,8.0,0.0,0.0,1.0,60.0,8.0
2026-09-19,5,229,Tarkowski,Everton,EVE,everton,DEF,1,90.0,14.0,0.0,1.0,1.0,0.0,0.0,3.0,43.0,0.01,0.01,12.0,0.0,0.0,1.0,61.0,12.0
2026-08-22,1,232,O'Brien,Everton,EVE,everton,DEF,1,0.0,0.0,0.0,0.0,0.0,0.0,0.0,0.0,0.0,0.0,0.0,0.0,0.0,0.0,0.0,50.0,0.0
2026-08-29,2,232,O'Brien,Everton,EVE,everton,DEF,0,0.0,0.0,0.0,0.0,0.0,0.0,0.0,0.0,0.0,0.0,0.0,0.0,0.0,0.0,0.0,50.0,0.0
2026-09-06,3,232,O'Brien,Everton,EVE,everton,DEF,1,0.0,0.0,0.0,0.0,0.0,0.0,0.0,0.0,0.0,0.0,0.0,0.0,0.0,0.0,0.0,49.0,0.0
2026-09-12,4,232,O'Brien,Everton,EVE,everton,DEF,0,15.0,1.0,0.0,0.0,0.0,0.0,0.0,0.0,2.0,0.0,0.0,1.0,0.0,0.0,0.0,49.0,1.0
2026-09-19,5,232,O'Brien,Everton,EVE,everton,DEF,1,1.0,1.0,0.0,0.0,0.0,0.0,0.0,0.0,3.0,0.0,0.0,1.0,0.0,0.0,0.0,49.0,1.0
2026-08-22,1,21,Nørgaard,Everton,EVE,everton,MID,1,0.0,0.0,0.0,0.0,0.0,0.0,0.0,0.0,0.0,0.0,0.0,0.0,0.0,0.0,0.0,50.0,0.0
2026-08-29,2,21,Nørgaard,Everton,EVE,everton,MID,0,0.0,0.0,0.0,0.0,0.0,0.0,0.0,0.0,0.0,0.0,0.0,0.0,0.0,0.0,0.0,50.0,0.0
2026-09-06,3,21,Nørgaard,Everton,EVE,everton,MID,1,0.0,0.0,0.0,0.0,0.0,0.0,0.0,0.0,0.0,0.0,0.0,0.0,0.0,0.0,0.0,49.0,0.0
2026-09-12,4,21,Nørgaard,Everton,EVE,everton,MID,0,0.0,0.0,0.0,0.0,0.0,0.0,0.0,0.0,0.0,0.0,0.0,0.0,0.0,0.0,0.0,49.0,0.0
2026-09-19,5,21,Nørgaard,Everton,EVE,everton,MID,1,0.0,0.0,0.0,0.0,0.0,0.0,0.0,0.0,0.0,0.0,0.0,0.0,0.0,0.0,0.0,49.0,0.0
2026-08-22,1,230,Branthwaite,Everton,EVE,everton,DEF,1,90.0,6.0,0.0,0.0,1.0,0.0,0.0,0.0,27.0,0.0,0.01,8.0,0.0,0.0,1.0,55.0,8.0
2026-08-29,2,230,Branthwaite,Everton,EVE,everton,DEF,0,90.0,4.0,0.0,0.0,0.0,1.0,0.0,0.0,6.0,0.09,0.01,12.0,0.0,0.0,1.0,55.0,12.0
2026-09-06,3,230,Branthwaite,Everton,EVE,everton,DEF,1,90.0,3.0,0.0,0.0,0.0,2.0,0.0,0.0,10.0,0.08,0.0,11.0,0.0,0.0,1.0,55.0,11.0
2026-09-12,4,230,Branthwaite,Everton,EVE,everton,DEF,0,90.0,6.0,0.0,0.0,1.0,0.0,0.0,0.0,27.0,0.0,0.0,9.0,0.0,0.0,1.0,55.0,9.0
2026-09-19,5,230,Branthwaite,Everton,EVE,everton,DEF,1,90.0,8.0,0.0,0.0,1.0,0.0,0.0,0.0,27.0,0.0,0.0,14.0,0.0,0.0,1.0,55.0,14.0
2026-08-22,1,227,Travers,Everton,EVE,everton,GKP,1,0.0,0.0,0.0,0.0,0.0,0.0,0.0,0.0,0.0,0.0,0.0,0.0,0.0,0.0,0.0,50.0,0.0
2026-08-29,2,227,Travers,Everton,EVE,everton,GKP,0,0.0,0.0,0.0,0.0,0.0,0.0,0.0,0.0,0.0,0.0,0.0,0.0,0.0,0.0,0.0,50.0,0.0
2026-09-06,3,227,Travers,Everton,EVE,everton,GKP,1,0.0,0.0,0.0,0.0,0.0,0.0,0.0,0.0,0.0,0.0,0.0,0.0,0.0,0.0,0.0,50.0,0.0
2026-09-12,4,227,Travers,Everton,EVE,everton,GKP,0,0.0,0.0,0.0,0.0,0.0,0.0,0.0,0.0,0.0,0.0,0.0,0.0,0.0,0.0,0.0,50.0,0.0
2026-09-19,5,227,Travers,Everton,EVE,everton,GKP,1,0.0,0.0,0.0,0.0,0.0,0.0,0.0,0.0,0.0,0.0,0.0,0.0,0.0,0.0,0.0,50.0,0.0
2026-08-22,1,231,Keane,Everton,EVE,everton,DEF,1,0.0,0.0,0.0,0.0,0.0,0.0,0.0,0.0,0.0,0.0,0.0,0.0,0.0,0.0,0.0,50.0,0.0
2026-08-29,2,231,Keane,Everton,EVE,everton,DEF,0,0.0,0.0,0.0,0.0,0.0,0.0,0.0,0.0,0.0,0.0,0.0,0.0,0.0,0.0,0.0,50.0,0.0
2026-09-06,3,231,Keane,Everton,EVE,everton,DEF,1,0.0,0.0,0.0,0.0,0.0,0.0,0.0,0.0,0.0,0.0,0.0,0.0,0.0,0.0,0.0,49.0,0.0
2026-09-12,4,231,Keane,Everton,EVE,everton,DEF,0,0.0,0.0,0.0,0.0,0.0,0.0,0.0,0.0,0.0,0.0,0.0,0.0,0.0,0.0,0.0,49.0,0.0
2026-09-19,5,231,Keane,Everton,EVE,everton,DEF,1,0.0,0.0,0.0,0.0,0.0,0.0,0.0,0.0,0.0,0.0,0.0,0.0,0.0,0.0,0.0,48.0,0.0
2026-09-05,3,647,Osorio,Crystal Palace,CRY,crystal palace,MID,0,1.0,1.0,0.0,0.0,0.0,0.0,0.0,0.0,2.0,0.0,0.0,1.0,0.0,0.0,0.0,55.0,1.0
2026-09-12,4,647,Osorio,Crystal Palace,CRY,crystal palace,MID,1,0.0,0.0,0.0,0.0,0.0,0.0,0.0,0.0,0.0,0.0,0.0,0.0,0.0,0.0,0.0,55.0,0.0
2026-09-20,5,647,Osorio,Crystal Palace,CRY,crystal palace,MID,0,0.0,0.0,0.0,0.0,0.0,0.0,0.0,0.0,0.0,0.0,0.0,0.0,0.0,0.0,0.0,55.0,0.0
2026-08-22,1,233,Mykolenko,Everton,EVE,everton,DEF,1,90.0,6.0,0.0,0.0,1.0,0.0,0.0,0.0,27.0,0.0,0.05,4.0,0.0,0.0,1.0,45.0,4.0
2026-08-29,2,233,Mykolenko,Everton,EVE,everton,DEF,0,90.0,4.0,0.0,0.0,0.0,1.0,0.0,0.0,7.0,0.0,0.01,12.0,0.0,0.0,1.0,45.0,12.0
2026-09-06,3,233,Mykolenko,Everton,EVE,everton,DEF,1,90.0,1.0,0.0,0.0,0.0,2.0,0.0,0.0,8.0,0.0,0.01,6.0,0.0,0.0,1.0,45.0,6.0
2026-09-12,4,233,Mykolenko,Everton,EVE,everton,DEF,0,90.0,11.0,0.0,0.0,1.0,0.0,0.0,3.0,38.0,0.0,0.07,11.0,0.0,0.0,1.0,45.0,11.0
2026-09-19,5,233,Mykolenko,Everton,EVE,everton,DEF,1,90.0,5.0,0.0,0.0,1.0,0.0,0.0,0.0,29.0,0.04,0.02,6.0,1.0,0.0,1.0,45.0,6.0
2026-08-22,1,228,King,Everton,EVE,everton,GKP,1,0.0,0.0,0.0,0.0,0.0,0.0,0.0,0.0,0.0,0.0,0.0,0.0,0.0,0.0,0.0,45.0,0.0
2026-08-29,2,228,King,Everton,EVE,everton,GKP,0,0.0,0.0,0.0,0.0,0.0,0.0,0.0,0.0,0.0,0.0,0.0,0.0,0.0,0.0,0.0,45.0,0.0
2026-09-06,3,228,King,Everton,EVE,everton,GKP,1,0.0,0.0,0.0,0.0,0.0,0.0,0.0,0.0,0.0,0.0,0.0,0.0,0.0,0.0,0.0,45.0,0.0
2026-09-12,4,228,King,Everton,EVE,everton,GKP,0,0.0,0.0,0.0,0.0,0.0,0.0,0.0,0.0,0.0,0.0,0.0,0.0,0.0,0.0,0.0,45.0,0.0
2026-09-19,5,228,King,Everton,EVE,everton,GKP,1,0.0,0.0,0.0,0.0,0.0,0.0,0.0,0.0,0.0,0.0,0.0,0.0,0.0,0.0,0.0,45.0,0.0
2026-08-22,1,234,Patterson,Everton,EVE,everton,DEF,1,0.0,0.0,0.0,0.0,0.0,0.0,0.0,0.0,0.0,0.0,0.0,0.0,0.0,0.0,0.0,45.0,0.0
2026-08-29,2,234,Patterson,Everton,EVE,everton,DEF,0,0.0,0.0,0.0,0.0,0.0,0.0,0.0,0.0,0.0,0.0,0.0,0.0,0.0,0.0,0.0,45.0,0.0
2026-09-06,3,234,Patterson,Everton,EVE,everton,DEF,1,0.0,0.0,0.0,0.0,0.0,0.0,0.0,0.0,0.0,0.0,0.0,0.0,0.0,0.0,0.0,45.0,0.0
2026-09-12,4,234,Patterson,Everton,EVE,everton,DEF,0,0.0,0.0,0.0,0.0,0.0,0.0,0.0,0.0,0.0,0.0,0.0,0.0,0.0,0.0,0.0,45.0,0.0
2026-09-19,5,234,Patterson,Everton,EVE,everton,DEF,1,0.0,0.0,0.0,0.0,0.0,0.0,0.0,0.0,0.0,0.0,0.0,0.0,0.0,0.0,0.0,45.0,0.0
2026-08-22,1,235,Aznou,Everton,EVE,everton,DEF,1,0.0,0.0,0.0,0.0,0.0,0.0,0.0,0.0,0.0,0.0,0.0,0.0,0.0,0.0,0.0,40.0,0.0
2026-08-29,2,235,Aznou,Everton,EVE,everton,DEF,0,0.0,0.0,0.0,0.0,0.0,0.0,0.0,0.0,0.0,0.0,0.0,0.0,0.0,0.0,0.0,40.0,0.0
2026-09-06,3,235,Aznou,Everton,EVE,everton,DEF,1,0.0,0.0,0.0,0.0,0.0,0.0,0.0,0.0,0.0,0.0,0.0,0.0,0.0,0.0,0.0,40.0,0.0
2026-09-12,4,235,Aznou,Everton,EVE,everton,DEF,0,0.0,0.0,0.0,0.0,0.0,0.0,0.0,0.0,0.0,0.0,0.0,0.0,0.0,0.0,0.0,40.0,0.0
2026-09-19,5,235,Aznou,Everton,EVE,everton,DEF,1,0.0,0.0,0.0,0.0,0.0,0.0,0.0,0.0,0.0,0.0,0.0,0.0,0.0,0.0,0.0,40.0,0.0
2026-08-23,1,238,Grealish,Man City,MCI,man city,MID,1,8.0,1.0,0.0,0.0,0.0,0.0,0.0,0.0,2.0,0.0,0.0,1.0,0.0,0.0,0.0,65.0,1.0
2026-08-28,2,238,Grealish,Man City,MCI,man city,MID,0,0.0,0.0,0.0,0.0,0.0,0.0,0.0,0.0,0.0,0.0,0.0,0.0,0.0,0.0,0.0,65.0,0.0
2026-09-06,3,238,Grealish,Everton,EVE,everton,MID,1,24.0,1.0,0.0,0.0,0.0,1.0,0.0,0.0,8.0,0.02,0.13,1.0,0.0,0.0,0.0,65.0,1.0
2026-09-12,4,238,Grealish,Everton,EVE,everton,MID,0,25.0,1.0,0.0,0.0,0.0,0.0,0.0,0.0,4.0,0.0,0.01,4.0,0.0,0.0,0.0,65.0,4.0
2026-09-19,5,238,Grealish,Everton,EVE,everton,MID,1,78.0,3.0,0.0,0.0,1.0,0.0,0.0,0.0,22.0,0.0,0.3,7.0,0.0,0.0,1.0,65.0,7.0
2026-08-22,1,242,George,Everton,EVE,everton,MID,1,83.0,3.0,0.0,0.0,1.0,0.0,0.0,0.0,13.0,0.18,0.08,7.0,0.0,0.0,1.0,55.0,7.0
2026-08-29,2,242,George,Everton,EVE,everton,MID,0,61.0,2.0,0.0,0.0,0.0,1.0,0.0,0.0,12.0,0.05,0.01,2.0,0.0,0.0,1.0,55.0,2.0
2026-09-06,3,242,George,Everton,EVE,everton,MID,1,90.0,10.0,1.0,0.0,0.0,2.0,0.0,3.0,35.0,0.04,0.07,4.0,0.0,0.0,1.0,55.0,4.0
2026-09-12,4,242,George,Everton,EVE,everton,MID,0,64.0,3.0,0.0,0.0,1.0,0.0,0.0,0.0,13.0,0.05,0.15,3.0,0.0,0.0,1.0,55.0,3.0
2026-09-19,5,242,George,Everton,EVE,everton,MID,1,11.0,1.0,0.0,0.0,0.0,0.0,0.0,0.0,4.0,0.03,0.01,2.0,0.0,0.0,0.0,55.0,2.0
2026-08-22,1,247,Hackney,Everton,EVE,everton,MID,1,78.0,3.0,0.0,0.0,1.0,0.0,0.0,0.0,16.0,0.01,0.01,7.0,0.0,0.0,1.0,55.0,7.0
2026-08-29,2,247,Hackney,Everton,EVE,everton,MID,0,28.0,1.0,0.0,0.0,0.0,0.0,0.0,0.0,3.0,0.0,0.01,3.0,0.0,0.0,0.0,55.0,3.0
2026-09-06,3,247,Hackney,Everton,EVE,everton,MID,1,15.0,4.0,0.0,1.0,0.0,1.0,0.0,0.0,14.0,0.04,0.09,1.0,0.0,0.0,0.0,55.0,1.0
2026-09-12,4,247,Hackney,Everton,EVE,everton,MID,0,15.0,1.0,0.0,0.0,0.0,0.0,0.0,0.0,3.0,0.0,0.02,1.0,0.0,0.0,0.0,55.0,1.0
2026-09-19,5,247,Hackney,Everton,EVE,everton,MID,1,1.0,1.0,0.0,0.0,0.0,0.0,0.0,0.0,3.0,0.0,0.0,0.0,0.0,0.0,0.0,55.0,0.0
2026-08-22,1,239,Garner,Everton,EVE,everton,MID,1,11.0,1.0,0.0,0.0,0.0,0.0,0.0,0.0,6.0,0.0,0.03,1.0,0.0,0.0,0.0,60.0,1.0
2026-08-29,2,239,Garner,Everton,EVE,everton,MID,0,61.0,1.0,0.0,0.0,0.0,1.0,0.0,0.0,9.0,0.0,0.0,10.0,1.0,0.0,1.0,60.0,10.0
2026-09-06,3,239,Garner,Everton,EVE,everton,MID,1,76.0,2.0,0.0,0.0,0.0,1.0,0.0,0.0,19.0,0.0,0.08,8.0,0.0,0.0,1.0,60.0,8.0
2026-09-12,4,239,Garner,Everton,EVE,everton,MID,0,90.0,4.0,0.0,0.0,1.0,0.0,0.0,0.0,23.0,0.04,0.02,17.0,1.0,0.0,1.0,60.0,17.0
2026-09-19,5,239,Garner,Everton,EVE,everton,MID,1,90.0,3.0,0.0,0.0,1.0,0.0,0.0,0.0,14.0,0.16,0.04,9.0,0.0,0.0,1.0,60.0,9.0
2026-08-22,1,244,Armstrong,Everton,EVE,everton,MID,1,90.0,8.0,0.0,1.0,1.0,0.0,0.0,0.0,25.0,0.0,0.04,16.0,0.0,0.0,1.0,50.0,16.0
2026-08-29,2,244,Armstrong,Everton,EVE,everton,MID,0,86.0,2.0,0.0,0.0,0.0,1.0,0.0,0.0,12.0,0.0,0.03,9.0,0.0,0.0,1.0,50.0,9.0
2026-09-06,3,244,Armstrong,Everton,EVE,everton,MID,1,90.0,1.0,0.0,0.0,0.0,2.0,0.0,0.0,5.0,0.09,0.03,5.0,1.0,0.0,1.0,50.0,5.0
2026-09-12,4,244,Armstrong,Everton,EVE,everton,MID,0,90.0,3.0,0.0,0.0,1.0,0.0,0.0,0.0,6.0,0.0,0.02,5.0,0.0,0.0,1.0,50.0,5.0
2026-09-19,5,244,Armstrong,Everton,EVE,everton,MID,1,90.0,2.0,0.0,0.0,1.0,0.0,0.0,0.0,13.0,0.12,0.37,5.0,1.0,0.0,1.0,50.0,5.0
2026-08-22,1,236,Dewsbury-Hall,Everton,EVE,everton,MID,1,90.0,11.0,1.0,0.0,1.0,0.0,0.0,3.0,40.0,0.12,0.17,8.0,0.0,0.0,1.0,65.0,8.0
2026-08-29,2,236,Dewsbury-Hall,Everton,EVE,everton,MID,0,90.0,2.0,0.0,0.0,0.0,1.0,0.0,0.0,24.0,0.06,0.16,10.0,0.0,0.0,1.0,65.0,10.0
2026-09-06,3,236,Dewsbury-Hall,Everton,EVE,everton,MID,1,90.0,2.0,0.0,0.0,0.0,2.0,0.0,0.0,20.0,0.27,0.07,11.0,0.0,0.0,1.0,65.0,11.0
2026-09-12,4,236,Dewsbury-Hall,Everton,EVE,everton,MID,0,90.0,2.0,0.0,0.0,1.0,0.0,0.0,0.0,16.0,0.17,0.09,6.0,1.0,0.0,1.0,65.0,6.0
2026-09-19,5,236,Dewsbury-Hall,Everton,EVE,everton,MID,1,90.0,3.0,0.0,0.0,1.0,0.0,0.0,0.0,10.0,0.37,0.34,7.0,0.0,0.0,1.0,65.0,7.0
2026-08-22,1,248,Beto,Everton,EVE,everton,FWD,1,11.0,1.0,0.0,0.0,0.0,0.0,0.0,0.0,3.0,0.05,0.0,0.0,0.0,0.0,0.0,55.0,0.0
2026-08-29,2,248,Beto,Everton,EVE,everton,FWD,0,20.0,1.0,0.0,0.0,0.0,0.0,0.0,0.0,2.0,0.04,0.0,1.0,0.0,0.0,0.0,55.0,1.0
2026-09-06,3,248,Beto,Everton,EVE,everton,FWD,1,0.0,0.0,0.0,0.0,0.0,0.0,0.0,0.0,0.0,0.0,0.0,0.0,0.0,0.0,0.0,54.0,0.0
2026-09-12,4,248,Beto,Everton,EVE,everton,FWD,0,0.0,0.0,0.0,0.0,0.0,0.0,0.0,0.0,0.0,0.0,0.0,0.0,0.0,0.0,0.0,54.0,0.0
2026-09-19,5,248,Beto,Everton,EVE,everton,FWD,1,0.0,0.0,0.0,0.0,0.0,0.0,0.0,0.0,0.0,0.0,0.0,0.0,0.0,0.0,0.0,54.0,0.0
2026-08-22,1,246,Röhl,Everton,EVE,everton,MID,1,90.0,3.0,0.0,0.0,1.0,0.0,0.0,0.0,12.0,0.0,0.06,9.0,0.0,0.0,1.0,50.0,9.0
2026-08-29,2,246,Röhl,Everton,EVE,everton,MID,0,85.0,2.0,0.0,0.0,0.0,1.0,0.0,0.0,13.0,0.0,0.01,9.0,0.0,0.0,1.0,50.0,9.0
2026-09-06,3,246,Röhl,Everton,EVE,everton,MID,1,74.0,1.0,0.0,0.0,0.0,1.0,0.0,0.0,10.0,0.0,0.13,6.0,1.0,0.0,1.0,50.0,6.0
2026-09-12,4,246,Röhl,Everton,EVE,everton,MID,0,0.0,0.0,0.0,0.0,0.0,0.0,0.0,0.0,0.0,0.0,0.0,0.0,0.0,0.0,0.0,50.0,0.0
2026-09-19,5,246,Röhl,Everton,EVE,everton,MID,1,0.0,0.0,0.0,0.0,0.0,0.0,0.0,0.0,0.0,0.0,0.0,0.0,0.0,0.0,0.0,49.0,0.0
2026-08-22,1,243,Alcaraz,Everton,EVE,everton,MID,1,1.0,1.0,0.0,0.0,0.0,0.0,0.0,0.0,7.0,0.02,0.0,3.0,0.0,0.0,0.0,50.0,3.0
2026-08-29,2,243,Alcaraz,Everton,EVE,everton,MID,0,4.0,0.0,0.0,0.0,0.0,0.0,0.0,0.0,-2.0,0.03,0.02,0.0,1.0,0.0,0.0,50.0,0.0
2026-09-06,3,243,Alcaraz,Everton,EVE,everton,MID,1,0.0,0.0,0.0,0.0,0.0,0.0,0.0,0.0,0.0,0.0,0.0,0.0,0.0,0.0,0.0,50.0,0.0
2026-09-12,4,243,Alcaraz,Everton,EVE,everton,MID,0,0.0,0.0,0.0,0.0,0.0,0.0,0.0,0.0,0.0,0.0,0.0,0.0,0.0,0.0,0.0,49.0,0.0
2026-09-19,5,243,Alcaraz,Everton,EVE,everton,MID,1,0.0,0.0,0.0,0.0,0.0,0.0,0.0,0.0,0.0,0.0,0.0,0.0,0.0,0.0,0.0,49.0,0.0
2026-08-22,1,245,Dibling,Everton,EVE,everton,MID,1,0.0,0.0,0.0,0.0,0.0,0.0,0.0,0.0,0.0,0.0,0.0,0.0,0.0,0.0,0.0,55.0,0.0
2026-08-29,2,245,Dibling,Everton,EVE,everton,MID,0,0.0,0.0,0.0,0.0,0.0,0.0,0.0,0.0,0.0,0.0,0.0,0.0,0.0,0.0,0.0,55.0,0.0
2026-09-06,3,245,Dibling,Everton,EVE,everton,MID,1,0.0,0.0,0.0,0.0,0.0,0.0,0.0,0.0,0.0,0.0,0.0,0.0,0.0,0.0,0.0,54.0,0.0
2026-09-12,4,245,Dibling,Everton,EVE,everton,MID,0,0.0,0.0,0.0,0.0,0.0,0.0,0.0,0.0,0.0,0.0,0.0,0.0,0.0,0.0,0.0,54.0,0.0
2026-09-19,5,245,Dibling,Everton,EVE,everton,MID,1,24.0,1.0,0.0,0.0,0.0,0.0,0.0,0.0,10.0,0.17,0.16,0.0,0.0,0.0,0.0,54.0,0.0
2026-08-22,1,249,Barry,Everton,EVE,everton,FWD,1,78.0,8.0,1.0,0.0,1.0,0.0,0.0,2.0,37.0,0.45,0.09,3.0,0.0,0.0,1.0,55.0,3.0
2026-08-29,2,249,Barry,Everton,EVE,everton,FWD,0,69.0,2.0,0.0,0.0,0.0,1.0,0.0,0.0,6.0,1.48,0.0,3.0,0.0,0.0,1.0,55.0,3.0
2026-09-06,3,249,Barry,Everton,EVE,everton,FWD,1,90.0,2.0,0.0,0.0,0.0,2.0,0.0,0.0,7.0,0.38,0.02,4.0,0.0,0.0,1.0,55.0,4.0
2026-09-12,4,249,Barry,Everton,EVE,everton,FWD,0,90.0,2.0,0.0,0.0,1.0,0.0,0.0,0.0,5.0,0.67,0.03,2.0,0.0,0.0,1.0,56.0,2.0
2026-09-19,5,249,Barry,Everton,EVE,everton,FWD,1,90.0,6.0,1.0,0.0,1.0,0.0,0.0,0.0,28.0,0.52,0.01,5.0,0.0,0.0,1.0,56.0,5.0
2026-09-06,3,649,Maitland-Niles,Everton,EVE,everton,DEF,1,13.0,7.0,1.0,0.0,0.0,1.0,0.0,0.0,13.0,0.03,0.0,0.0,0.0,0.0,0.0,45.0,0.0
2026-09-12,4,649,Maitland-Niles,Everton,EVE,everton,DEF,0,74.0,6.0,0.0,0.0,1.0,0.0,0.0,0.0,23.0,0.03,0.14,5.0,0.0,0.0,1.0,45.0,5.0
2026-09-19,5,649,Maitland-Niles,Everton,EVE,everton,DEF,1,90.0,8.0,0.0,0.0,1.0,0.0,0.0,2.0,39.0,0.0,0.11,8.0,0.0,0.0,1.0,45.0,8.0
2026-09-06,3,654,Graham,Everton,EVE,everton,MID,1,0.0,0.0,0.0,0.0,0.0,0.0,0.0,0.0,0.0,0.0,0.0,0.0,0.0,0.0,0.0,45.0,0.0
2026-09-12,4,654,Graham,Everton,EVE,everton,MID,0,0.0,0.0,0.0,0.0,0.0,0.0,0.0,0.0,0.0,0.0,0.0,0.0,0.0,0.0,0.0,45.0,0.0
2026-09-19,5,654,Graham,Everton,EVE,everton,MID,1,0.0,0.0,0.0,0.0,0.0,0.0,0.0,0.0,0.0,0.0,0.0,0.0,0.0,0.0,0.0,45.0,0.0
2026-08-24,1,252,McNally,Fulham,FUL,fulham,GKP,1,0.0,0.0,0.0,0.0,0.0,0.0,0.0,0.0,0.0,0.0,0.0,0.0,0.0,0.0,0.0,40.0,0.0
2026-08-30,2,252,McNally,Fulham,FUL,fulham,GKP,0,0.0,0.0,0.0,0.0,0.0,0.0,0.0,0.0,0.0,0.0,0.0,0.0,0.0,0.0,0.0,40.0,0.0
2026-09-05,3,252,McNally,Fulham,FUL,fulham,GKP,1,0.0,0.0,0.0,0.0,0.0,0.0,0.0,0.0,0.0,0.0,0.0,0.0,0.0,0.0,0.0,40.0,0.0
2026-09-12,4,252,McNally,Fulham,FUL,fulham,GKP,0,0.0,0.0,0.0,0.0,0.0,0.0,0.0,0.0,0.0,0.0,0.0,0.0,0.0,0.0,0.0,40.0,0.0
2026-09-20,5,252,McNally,Fulham,FUL,fulham,GKP,1,0.0,0.0,0.0,0.0,0.0,0.0,0.0,0.0,0.0,0.0,0.0,0.0,0.0,0.0,0.0,40.0,0.0
2026-08-24,1,251,Lecomte,Fulham,FUL,fulham,GKP,1,0.0,0.0,0.0,0.0,0.0,0.0,0.0,0.0,0.0,0.0,0.0,0.0,0.0,0.0,0.0,40.0,0.0
2026-08-30,2,251,Lecomte,Fulham,FUL,fulham,GKP,0,0.0,0.0,0.0,0.0,0.0,0.0,0.0,0.0,0.0,0.0,0.0,0.0,0.0,0.0,0.0,40.0,0.0
2026-09-05,3,251,Lecomte,Fulham,FUL,fulham,GKP,1,0.0,0.0,0.0,0.0,0.0,0.0,0.0,0.0,0.0,0.0,0.0,0.0,0.0,0.0,0.0,40.0,0.0
2026-09-12,4,251,Lecomte,Fulham,FUL,fulham,GKP,0,0.0,0.0,0.0,0.0,0.0,0.0,0.0,0.0,0.0,0.0,0.0,0.0,0.0,0.0,0.0,40.0,0.0
2026-09-20,5,251,Lecomte,Fulham,FUL,fulham,GKP,1,0.0,0.0,0.0,0.0,0.0,0.0,0.0,0.0,0.0,0.0,0.0,0.0,0.0,0.0,0.0,40.0,0.0
2026-08-24,1,253,Andersen,Fulham,FUL,fulham,DEF,1,0.0,0.0,0.0,0.0,0.0,0.0,0.0,0.0,0.0,0.0,0.0,0.0,0.0,0.0,0.0,50.0,0.0
2026-08-30,2,253,Andersen,Fulham,FUL,fulham,DEF,0,90.0,1.0,0.0,0.0,0.0,1.0,0.0,0.0,4.0,0.0,0.04,8.0,1.0,0.0,1.0,50.0,8.0
2026-09-05,3,253,Andersen,Fulham,FUL,fulham,DEF,1,90.0,1.0,0.0,0.0,0.0,3.0,0.0,0.0,8.0,0.0,0.06,7.0,0.0,0.0,1.0,50.0,7.0
2026-09-12,4,253,Andersen,Fulham,FUL,fulham,DEF,0,0.0,0.0,0.0,0.0,0.0,0.0,0.0,0.0,0.0,0.0,0.0,0.0,0.0,0.0,0.0,50.0,0.0
2026-09-20,5,253,Andersen,Fulham,FUL,fulham,DEF,1,10.0,1.0,0.0,0.0,0.0,1.0,0.0,0.0,0.0,0.0,0.0,5.0,0.0,0.0,0.0,50.0,5.0
2026-08-24,1,254,Robinson,Fulham,FUL,fulham,DEF,1,81.0,1.0,0.0,0.0,0.0,3.0,0.0,0.0,4.0,0.13,0.04,7.0,0.0,0.0,1.0,45.0,7.0
2026-08-30,2,254,Robinson,Fulham,FUL,fulham,DEF,0,90.0,2.0,0.0,0.0,0.0,1.0,0.0,0.0,10.0,0.0,0.02,3.0,0.0,0.0,1.0,45.0,3.0
2026-09-05,3,254,Robinson,Fulham,FUL,fulham,DEF,1,78.0,1.0,0.0,0.0,0.0,3.0,0.0,0.0,7.0,0.08,0.1,5.0,0.0,0.0,1.0,45.0,5.0
2026-09-12,4,254,Robinson,Fulham,FUL,fulham,DEF,0,90.0,6.0,0.0,0.0,1.0,0.0,0.0,0.0,25.0,0.05,0.05,9.0,0.0,0.0,1.0,45.0,9.0
2026-09-20,5,254,Robinson,Fulham,FUL,fulham,DEF,1,90.0,2.0,0.0,0.0,0.0,1.0,0.0,0.0,19.0,0.0,0.09,7.0,0.0,0.0,1.0,45.0,7.0
2026-08-24,1,255,J.Cuenca,Fulham,FUL,fulham,DEF,1,90.0,3.0,0.0,0.0,0.0,3.0,0.0,0.0,7.0,0.0,0.03,10.0,0.0,0.0,1.0,45.0,10.0
2026-08-30,2,255,J.Cuenca,Fulham,FUL,fulham,DEF,0,0.0,0.0,0.0,0.0,0.0,0.0,0.0,0.0,0.0,0.0,0.0,0.0,0.0,0.0,0.0,45.0,0.0
2026-09-05,3,255,J.Cuenca,Fulham,FUL,fulham,DEF,1,0.0,0.0,0.0,0.0,0.0,0.0,0.0,0.0,0.0,0.0,0.0,0.0,0.0,0.0,0.0,45.0,0.0
2026-09-12,4,255,J.Cuenca,Fulham,FUL,fulham,DEF,0,0.0,0.0,0.0,0.0,0.0,0.0,0.0,0.0,0.0,0.0,0.0,0.0,0.0,0.0,0.0,45.0,0.0
2026-09-20,5,255,J.Cuenca,Fulham,FUL,fulham,DEF,1,0.0,0.0,0.0,0.0,0.0,0.0,0.0,0.0,0.0,0.0,0.0,0.0,0.0,0.0,0.0,45.0,0.0
2026-08-24,1,250,Leno,Fulham,FUL,fulham,GKP,1,90.0,2.0,0.0,0.0,0.0,3.0,3.0,0.0,11.0,0.0,0.0,0.0,0.0,0.0,1.0,45.0,0.0
2026-08-30,2,250,Leno,Fulham,FUL,fulham,GKP,0,90.0,3.0,0.0,0.0,0.0,1.0,3.0,0.0,11.0,0.0,0.0,0.0,0.0,0.0,1.0,45.0,0.0
2026-09-05,3,250,Leno,Fulham,FUL,fulham,GKP,1,90.0,1.0,0.0,0.0,0.0,3.0,2.0,0.0,8.0,0.0,0.0,0.0,0.0,0.0,1.0,45.0,0.0
2026-09-12,4,250,Leno,Fulham,FUL,fulham,GKP,0,90.0,9.0,0.0,0.0,1.0,0.0,3.0,2.0,29.0,0.0,0.0,0.0,0.0,0.0,1.0,45.0,0.0
2026-09-20,5,250,Leno,Fulham,FUL,fulham,GKP,1,90.0,3.0,0.0,0.0,0.0,1.0,5.0,0.0,18.0,0.0,0.0,0.0,0.0,0.0,1.0,45.0,0.0
2026-08-24,1,262,Smith Rowe,Fulham,FUL,fulham,MID,1,0.0,0.0,0.0,0.0,0.0,0.0,0.0,0.0,0.0,0.0,0.0,0.0,0.0,0.0,0.0,55.0,0.0
2026-08-30,2,262,Smith Rowe,Fulham,FUL,fulham,MID,0,14.0,1.0,0.0,0.0,0.0,0.0,0.0,0.0,5.0,0.06,0.02,1.0,0.0,0.0,0.0,55.0,1.0
2026-09-05,3,262,Smith Rowe,Fulham,FUL,fulham,MID,1,11.0,1.0,0.0,0.0,0.0,0.0,0.0,0.0,3.0,0.0,0.0,0.0,0.0,0.0,0.0,55.0,0.0
2026-09-12,4,262,Smith Rowe,Fulham,FUL,fulham,MID,0,13.0,1.0,0.0,0.0,0.0,0.0,0.0,0.0,3.0,0.0,0.0,2.0,0.0,0.0,0.0,54.0,2.0
2026-09-20,5,262,Smith Rowe,Fulham,FUL,fulham,MID,1,0.0,0.0,0.0,0.0,0.0,0.0,0.0,0.0,0.0,0.0,0.0,0.0,0.0,0.0,0.0,54.0,0.0
2026-08-24,1,261,Iwobi,Fulham,FUL,fulham,MID,1,90.0,2.0,0.0,0.0,0.0,3.0,0.0,0.0,17.0,0.0,0.04,10.0,0.0,0.0,1.0,55.0,10.0
2026-08-30,2,261,Iwobi,Fulham,FUL,fulham,MID,0,90.0,2.0,0.0,0.0,0.0,1.0,0.0,0.0,20.0,0.01,0.4,4.0,0.0,0.0,1.0,55.0,4.0
2026-09-05,3,261,Iwobi,Fulham,FUL,fulham,MID,1,82.0,2.0,0.0,0.0,0.0,3.0,0.0,0.0,15.0,0.04,0.26,4.0,0.0,0.0,1.0,55.0,4.0
2026-09-12,4,261,Iwobi,Fulham,FUL,fulham,MID,0,76.0,3.0,0.0,0.0,1.0,0.0,0.0,0.0,15.0,0.15,0.11,4.0,0.0,0.0,1.0,54.0,4.0
2026-09-20,5,261,Iwobi,Fulham,FUL,fulham,MID,1,70.0,5.0,0.0,0.0,1.0,0.0,0.0,2.0,27.0,0.19,0.41,7.0,0.0,0.0,1.0,54.0,7.0
2026-08-24,1,264,Bobb,Fulham,FUL,fulham,MID,1,66.0,2.0,0.0,0.0,0.0,3.0,0.0,0.0,10.0,0.0,0.26,6.0,0.0,0.0,1.0,55.0,6.0
2026-08-30,2,264,Bobb,Fulham,FUL,fulham,MID,0,67.0,3.0,0.0,0.0,1.0,0.0,0.0,0.0,8.0,0.0,0.01,5.0,0.0,0.0,1.0,55.0,5.0
2026-09-05,3,264,Bobb,Fulham,FUL,fulham,MID,1,78.0,2.0,0.0,0.0,0.0,3.0,0.0,0.0,17.0,0.32,0.65,4.0,0.0,0.0,1.0,55.0,4.0
2026-09-12,4,264,Bobb,Fulham,FUL,fulham,MID,0,62.0,3.0,0.0,0.0,1.0,0.0,0.0,0.0,12.0,0.0,0.13,7.0,0.0,0.0,1.0,55.0,7.0
2026-09-20,5,264,Bobb,Fulham,FUL,fulham,MID,1,70.0,3.0,0.0,0.0,1.0,0.0,0.0,0.0,6.0,0.22,0.09,6.0,0.0,0.0,1.0,55.0,6.0
2026-08-24,1,263,Kevin,Fulham,FUL,fulham,MID,1,17.0,1.0,0.0,0.0,0.0,0.0,0.0,0.0,2.0,0.0,0.01,3.0,0.0,0.0,0.0,55.0,3.0
2026-08-30,2,263,Kevin,Fulham,FUL,fulham,MID,0,7.0,1.0,0.0,0.0,0.0,0.0,0.0,0.0,2.0,0.0,0.04,0.0,0.0,0.0,0.0,55.0,0.0
2026-09-05,3,263,Kevin,Fulham,FUL,fulham,MID,1,0.0,0.0,0.0,0.0,0.0,0.0,0.0,0.0,0.0,0.0,0.0,0.0,0.0,0.0,0.0,54.0,0.0
2026-09-12,4,263,Kevin,Fulham,FUL,fulham,MID,0,18.0,1.0,0.0,0.0,0.0,0.0,0.0,0.0,4.0,0.03,0.07,3.0,0.0,0.0,0.0,54.0,3.0
2026-09-20,5,263,Kevin,Fulham,FUL,fulham,MID,1,19.0,1.0,0.0,0.0,0.0,1.0,0.0,0.0,6.0,0.04,0.0,2.0,0.0,0.0,0.0,53.0,2.0
2026-08-24,1,257,Bassey,Fulham,FUL,fulham,DEF,1,90.0,0.0,0.0,0.0,0.0,3.0,0.0,0.0,1.0,0.02,0.02,4.0,1.0,0.0,1.0,45.0,4.0
2026-08-30,2,257,Bassey,Fulham,FUL,fulham,DEF,0,90.0,2.0,0.0,0.0,0.0,1.0,0.0,0.0,13.0,0.0,0.01,7.0,0.0,0.0,1.0,45.0,7.0
2026-09-05,3,257,Bassey,Fulham,FUL,fulham,DEF,1,90.0,1.0,0.0,0.0,0.0,3.0,0.0,0.0,2.0,0.0,0.04,2.0,0.0,0.0,1.0,45.0,2.0
2026-09-12,4,257,Bassey,Fulham,FUL,fulham,DEF,0,90.0,6.0,0.0,0.0,1.0,0.0,0.0,0.0,27.0,0.05,0.0,8.0,0.0,0.0,1.0,45.0,8.0
2026-09-20,5,257,Bassey,Fulham,FUL,fulham,DEF,1,90.0,6.0,0.0,1.0,0.0,1.0,0.0,1.0,26.0,0.06,0.01,8.0,0.0,0.0,1.0,45.0,8.0
2026-08-24,1,258,Castagne,Fulham,FUL,fulham,DEF,1,90.0,6.0,0.0,2.0,0.0,3.0,0.0,0.0,21.0,0.09,0.18,6.0,1.0,0.0,1.0,45.0,6.0
2026-08-30,2,258,Castagne,Fulham,FUL,fulham,DEF,0,67.0,6.0,0.0,0.0,1.0,0.0,0.0,0.0,18.0,0.0,0.0,2.0,0.0,0.0,1.0,45.0,2.0
2026-09-05,3,258,Castagne,Fulham,FUL,fulham,DEF,1,90.0,1.0,0.0,0.0,0.0,3.0,0.0,0.0,-1.0,0.58,0.19,7.0,0.0,0.0,1.0,45.0,7.0
2026-09-12,4,258,Castagne,Fulham,FUL,fulham,DEF,0,71.0,6.0,0.0,0.0,1.0,0.0,0.0,0.0,23.0,0.0,0.01,5.0,0.0,0.0,1.0,45.0,5.0
2026-09-20,5,258,Castagne,Fulham,FUL,fulham,DEF,1,90.0,1.0,0.0,0.0,0.0,1.0,0.0,0.0,3.0,0.0,0.01,9.0,1.0,0.0,1.0,45.0,9.0
2026-08-24,1,256,Tete,Fulham,FUL,fulham,DEF,1,0.0,0.0,0.0,0.0,0.0,0.0,0.0,0.0,0.0,0.0,0.0,0.0,0.0,0.0,0.0,45.0,0.0
2026-08-30,2,256,Tete,Fulham,FUL,fulham,DEF,0,0.0,0.0,0.0,0.0,0.0,0.0,0.0,0.0,0.0,0.0,0.0,0.0,0.0,0.0,0.0,45.0,0.0
2026-09-05,3,256,Tete,Fulham,FUL,fulham,DEF,1,0.0,0.0,0.0,0.0,0.0,0.0,0.0,0.0,0.0,0.0,0.0,0.0,0.0,0.0,0.0,45.0,0.0
2026-09-12,4,256,Tete,Fulham,FUL,fulham,DEF,0,27.0,0.0,0.0,0.0,0.0,0.0,0.0,0.0,-1.0,0.0,0.0,3.0,1.0,0.0,0.0,44.0,3.0
2026-09-20,5,256,Tete,Fulham,FUL,fulham,DEF,1,0.0,0.0,0.0,0.0,0.0,0.0,0.0,0.0,0.0,0.0,0.0,0.0,0.0,0.0,0.0,44.0,0.0
2026-08-24,1,265,Berge,Fulham,FUL,fulham,MID,1,72.0,2.0,0.0,0.0,0.0,3.0,0.0,0.0,14.0,0.03,0.03,4.0,0.0,0.0,1.0,50.0,4.0
2026-08-30,2,265,Berge,Fulham,FUL,fulham,MID,0,82.0,2.0,0.0,0.0,0.0,1.0,0.0,0.0,14.0,0.0,0.2,2.0,0.0,0.0,1.0,50.0,2.0
2026-09-05,3,265,Berge,Fulham,FUL,fulham,MID,1,29.0,1.0,0.0,0.0,0.0,1.0,0.0,0.0,9.0,0.0,0.1,2.0,0.0,0.0,0.0,50.0,2.0
2026-09-12,4,265,Berge,Fulham,FUL,fulham,MID,0,90.0,3.0,0.0,0.0,1.0,0.0,0.0,0.0,14.0,0.0,0.01,9.0,0.0,0.0,1.0,49.0,9.0
2026-09-20,5,265,Berge,Fulham,FUL,fulham,MID,1,76.0,3.0,0.0,0.0,1.0,0.0,0.0,0.0,16.0,0.05,0.02,2.0,0.0,0.0,1.0,49.0,2.0
2026-08-24,1,268,King,Fulham,FUL,fulham,MID,1,90.0,7.0,1.0,0.0,0.0,3.0,0.0,0.0,34.0,0.17,0.04,8.0,0.0,0.0,1.0,55.0,8.0
2026-08-30,2,268,King,Fulham,FUL,fulham,MID,0,90.0,2.0,0.0,0.0,0.0,1.0,0.0,0.0,8.0,0.47,0.03,4.0,0.0,0.0,1.0,55.0,4.0
2026-09-05,3,268,King,Fulham,FUL,fulham,MID,1,90.0,10.0,1.0,0.0,0.0,3.0,0.0,3.0,38.0,0.31,0.27,7.0,0.0,0.0,1.0,55.0,7.0
2026-09-12,4,268,King,Fulham,FUL,fulham,MID,0,76.0,3.0,0.0,0.0,1.0,0.0,0.0,0.0,19.0,0.21,0.09,4.0,0.0,0.0,1.0,55.0,4.0
2026-09-20,5,268,King,Fulham,FUL,fulham,MID,1,79.0,2.0,0.0,0.0,1.0,0.0,0.0,0.0,10.0,0.38,0.03,5.0,1.0,0.0,1.0,55.0,5.0
2026-08-24,1,270,Reed,Fulham,FUL,fulham,MID,1,0.0,0.0,0.0,0.0,0.0,0.0,0.0,0.0,0.0,0.0,0.0,0.0,0.0,0.0,0.0,45.0,0.0
2026-08-30,2,270,Reed,Fulham,FUL,fulham,MID,0,0.0,0.0,0.0,0.0,0.0,0.0,0.0,0.0,0.0,0.0,0.0,0.0,0.0,0.0,0.0,45.0,0.0
2026-09-05,3,270,Reed,Fulham,FUL,fulham,MID,1,0.0,0.0,0.0,0.0,0.0,0.0,0.0,0.0,0.0,0.0,0.0,0.0,0.0,0.0,0.0,45.0,0.0
2026-09-12,4,270,Reed,Fulham,FUL,fulham,MID,0,0.0,0.0,0.0,0.0,0.0,0.0,0.0,0.0,0.0,0.0,0.0,0.0,0.0,0.0,0.0,45.0,0.0
2026-09-20,5,270,Reed,Fulham,FUL,fulham,MID,1,0.0,0.0,0.0,0.0,0.0,0.0,0.0,0.0,0.0,0.0,0.0,0.0,0.0,0.0,0.0,44.0,0.0
2026-08-24,1,266,Cairney,Fulham,FUL,fulham,MID,1,0.0,0.0,0.0,0.0,0.0,0.0,0.0,0.0,0.0,0.0,0.0,0.0,0.0,0.0,0.0,50.0,0.0
2026-08-30,2,266,Cairney,Fulham,FUL,fulham,MID,0,0.0,0.0,0.0,0.0,0.0,0.0,0.0,0.0,0.0,0.0,0.0,0.0,0.0,0.0,0.0,50.0,0.0
2026-09-05,3,266,Cairney,Fulham,FUL,fulham,MID,1,0.0,0.0,0.0,0.0,0.0,0.0,0.0,0.0,0.0,0.0,0.0,0.0,0.0,0.0,0.0,50.0,0.0
2026-09-12,4,266,Cairney,Fulham,FUL,fulham,MID,0,0.0,0.0,0.0,0.0,0.0,0.0,0.0,0.0,0.0,0.0,0.0,0.0,0.0,0.0,0.0,50.0,0.0
2026-09-20,5,266,Cairney,Fulham,FUL,fulham,MID,1,0.0,0.0,0.0,0.0,0.0,0.0,0.0,0.0,0.0,0.0,0.0,0.0,0.0,0.0,0.0,49.0,0.0
2026-08-24,1,269,Sessegnon,Fulham,FUL,fulham,DEF,1,17.0,1.0,0.0,0.0,0.0,0.0,0.0,0.0,7.0,0.03,0.0,1.0,0.0,0.0,0.0,45.0,1.0
2026-08-30,2,269,Sessegnon,Fulham,FUL,fulham,DEF,0,22.0,1.0,0.0,0.0,0.0,1.0,0.0,0.0,3.0,0.02,0.12,1.0,0.0,0.0,0.0,45.0,1.0
2026-09-05,3,269,Sessegnon,Fulham,FUL,fulham,DEF,1,11.0,1.0,0.0,0.0,0.0,0.0,0.0,0.0,3.0,0.08,0.32,1.0,0.0,0.0,0.0,45.0,1.0
2026-09-12,4,269,Sessegnon,Fulham,FUL,fulham,DEF,0,0.0,0.0,0.0,0.0,0.0,0.0,0.0,0.0,0.0,0.0,0.0,0.0,0.0,0.0,0.0,44.0,0.0
2026-09-20,5,269,Sessegnon,Fulham,FUL,fulham,DEF,1,0.0,0.0,0.0,0.0,0.0,0.0,0.0,0.0,0.0,0.0,0.0,0.0,0.0,0.0,0.0,44.0,0.0
2026-08-24,1,271,Muniz,Fulham,FUL,fulham,FWD,1,8.0,1.0,0.0,0.0,0.0,0.0,0.0,0.0,6.0,0.02,0.0,1.0,0.0,0.0,0.0,55.0,1.0
2026-08-30,2,271,Muniz,Fulham,FUL,fulham,FWD,0,0.0,0.0,0.0,0.0,0.0,0.0,0.0,0.0,0.0,0.0,0.0,0.0,0.0,0.0,0.0,55.0,0.0
2026-09-05,3,271,Muniz,Fulham,FUL,fulham,FWD,1,7.0,1.0,0.0,0.0,0.0,0.0,0.0,0.0,5.0,0.38,0.0,0.0,0.0,0.0,0.0,55.0,0.0
2026-09-12,4,271,Muniz,Fulham,FUL,fulham,FWD,0,13.0,1.0,0.0,0.0,0.0,0.0,0.0,0.0,4.0,0.0,0.0,1.0,0.0,0.0,0.0,54.0,1.0
2026-09-20,5,271,Muniz,Fulham,FUL,fulham,FWD,1,10.0,0.0,0.0,0.0,0.0,1.0,0.0,0.0,-1.0,0.0,0.0,1.0,1.0,0.0,0.0,54.0,1.0
2026-08-24,1,570,Palacios,Fulham,FUL,fulham,MID,1,72.0,2.0,0.0,0.0,0.0,3.0,0.0,0.0,10.0,0.16,0.01,4.0,0.0,0.0,1.0,55.0,4.0
2026-08-30,2,570,Palacios,Fulham,FUL,fulham,MID,0,75.0,1.0,0.0,0.0,0.0,1.0,0.0,0.0,6.0,0.02,0.0,9.0,1.0,0.0,1.0,55.0,9.0
2026-09-05,3,570,Palacios,Fulham,FUL,fulham,MID,1,60.0,8.0,1.0,0.0,0.0,2.0,0.0,1.0,27.0,0.8,0.02,0.0,0.0,0.0,1.0,55.0,0.0
2026-09-12,4,570,Palacios,Fulham,FUL,fulham,MID,0,0.0,0.0,0.0,0.0,0.0,0.0,0.0,0.0,0.0,0.0,0.0,0.0,0.0,0.0,0.0,55.0,0.0
2026-09-20,5,570,Palacios,Fulham,FUL,fulham,MID,1,19.0,1.0,0.0,0.0,0.0,1.0,0.0,0.0,5.0,0.0,0.0,4.0,0.0,0.0,0.0,54.0,4.0
2026-08-24,1,272,Kusi-Asare,Fulham,FUL,fulham,FWD,1,0.0,0.0,0.0,0.0,0.0,0.0,0.0,0.0,0.0,0.0,0.0,0.0,0.0,0.0,0.0,45.0,0.0
2026-08-30,2,272,Kusi-Asare,Fulham,FUL,fulham,FWD,0,0.0,0.0,0.0,0.0,0.0,0.0,0.0,0.0,0.0,0.0,0.0,0.0,0.0,0.0,0.0,45.0,0.0
2026-09-05,3,272,Kusi-Asare,Fulham,FUL,fulham,FWD,1,0.0,0.0,0.0,0.0,0.0,0.0,0.0,0.0,0.0,0.0,0.0,0.0,0.0,0.0,0.0,45.0,0.0
2026-09-12,4,272,Kusi-Asare,Fulham,FUL,fulham,FWD,0,0.0,0.0,0.0,0.0,0.0,0.0,0.0,0.0,0.0,0.0,0.0,0.0,0.0,0.0,0.0,45.0,0.0
2026-09-20,5,272,Kusi-Asare,Fulham,FUL,fulham,FWD,1,0.0,0.0,0.0,0.0,0.0,0.0,0.0,0.0,0.0,0.0,0.0,0.0,0.0,0.0,0.0,45.0,0.0
2026-08-24,1,610,De Fougerolles,Fulham,FUL,fulham,DEF,1,0.0,0.0,0.0,0.0,0.0,0.0,0.0,0.0,0.0,0.0,0.0,0.0,0.0,0.0,0.0,40.0,0.0
2026-08-30,2,610,De Fougerolles,Fulham,FUL,fulham,DEF,0,0.0,0.0,0.0,0.0,0.0,0.0,0.0,0.0,0.0,0.0,0.0,0.0,0.0,0.0,0.0,40.0,0.0
2026-09-05,3,610,De Fougerolles,Fulham,FUL,fulham,DEF,1,0.0,0.0,0.0,0.0,0.0,0.0,0.0,0.0,0.0,0.0,0.0,0.0,0.0,0.0,0.0,40.0,0.0
2026-09-12,4,610,De Fougerolles,Fulham,FUL,fulham,DEF,0,0.0,0.0,0.0,0.0,0.0,0.0,0.0,0.0,0.0,0.0,0.0,0.0,0.0,0.0,0.0,40.0,0.0
2026-09-20,5,610,De Fougerolles,Fulham,FUL,fulham,DEF,1,0.0,0.0,0.0,0.0,0.0,0.0,0.0,0.0,0.0,0.0,0.0,0.0,0.0,0.0,0.0,40.0,0.0
2026-08-24,1,569,Gonzalo,Fulham,FUL,fulham,FWD,1,90.0,6.0,1.0,0.0,0.0,3.0,0.0,0.0,33.0,0.73,0.01,2.0,0.0,0.0,1.0,60.0,2.0
2026-08-30,2,569,Gonzalo,Fulham,FUL,fulham,FWD,0,90.0,2.0,0.0,0.0,0.0,1.0,0.0,0.0,2.0,0.27,0.01,4.0,0.0,0.0,1.0,60.0,4.0
2026-09-05,3,569,Gonzalo,Fulham,FUL,fulham,FWD,1,90.0,2.0,0.0,0.0,0.0,3.0,0.0,0.0,10.0,0.44,0.2,7.0,0.0,0.0,1.0,60.0,7.0
2026-09-12,4,569,Gonzalo,Fulham,FUL,fulham,FWD,0,76.0,2.0,0.0,0.0,1.0,0.0,0.0,0.0,5.0,0.2,0.03,3.0,0.0,0.0,1.0,60.0,3.0
2026-09-20,5,569,Gonzalo,Fulham,FUL,fulham,FWD,1,79.0,2.0,0.0,0.0,1.0,0.0,0.0,0.0,3.0,0.69,0.33,2.0,0.0,0.0,1.0,60.0,2.0
2026-09-05,3,635,Larsson,Fulham,FUL,fulham,MID,1,11.0,1.0,0.0,0.0,0.0,0.0,0.0,0.0,3.0,0.13,0.22,1.0,0.0,0.0,0.0,50.0,1.0
2026-09-12,4,635,Larsson,Fulham,FUL,fulham,MID,0,13.0,1.0,0.0,0.0,0.0,0.0,0.0,0.0,3.0,0.0,0.01,1.0,0.0,0.0,0.0,50.0,1.0
2026-09-20,5,635,Larsson,Fulham,FUL,fulham,MID,1,13.0,1.0,0.0,0.0,0.0,1.0,0.0,0.0,3.0,0.0,0.0,4.0,0.0,0.0,0.0,50.0,4.0
2026-08-22,1,240,Iroegbunam,Everton,EVE,everton,MID,1,0.0,0.0,0.0,0.0,0.0,0.0,0.0,0.0,0.0,0.0,0.0,0.0,0.0,0.0,0.0,50.0,0.0
2026-08-29,2,240,Iroegbunam,Everton,EVE,everton,MID,0,4.0,1.0,0.0,0.0,0.0,0.0,0.0,0.0,2.0,0.0,0.0,0.0,0.0,0.0,0.0,50.0,0.0
2026-09-05,3,240,Iroegbunam,Hull City,HUL,hull,MID,1,0.0,0.0,0.0,0.0,0.0,0.0,0.0,0.0,0.0,0.0,0.0,0.0,0.0,0.0,0.0,50.0,0.0
2026-09-12,4,240,Iroegbunam,Hull City,HUL,hull,MID,0,21.0,0.0,0.0,0.0,0.0,0.0,0.0,0.0,2.0,0.0,0.0,2.0,1.0,0.0,0.0,50.0,2.0
2026-09-19,5,240,Iroegbunam,Hull City,HUL,hull,MID,0,45.0,1.0,0.0,0.0,0.0,0.0,0.0,0.0,6.0,0.12,0.01,7.0,0.0,0.0,0.0,50.0,7.0
2026-08-24,1,580,Charles,Fulham,FUL,fulham,MID,1,23.0,1.0,0.0,0.0,0.0,0.0,0.0,0.0,5.0,0.0,0.0,3.0,0.0,0.0,0.0,50.0,3.0
2026-08-30,2,580,Charles,Fulham,FUL,fulham,MID,0,22.0,1.0,0.0,0.0,0.0,1.0,0.0,0.0,2.0,0.09,0.03,2.0,0.0,0.0,0.0,50.0,2.0
2026-09-05,3,580,Charles,Fulham,FUL,fulham,MID,1,78.0,2.0,0.0,0.0,0.0,3.0,0.0,0.0,18.0,0.0,0.09,11.0,0.0,0.0,1.0,50.0,11.0
2026-09-12,4,580,Charles,Fulham,FUL,fulham,MID,0,90.0,5.0,0.0,0.0,1.0,0.0,0.0,0.0,19.0,0.0,0.02,17.0,0.0,0.0,1.0,50.0,17.0
2026-09-20,5,580,Charles,Fulham,FUL,fulham,MID,1,90.0,4.0,0.0,0.0,0.0,1.0,0.0,0.0,16.0,0.0,0.02,13.0,0.0,0.0,1.0,50.0,13.0
2026-08-30,2,626,Zepa,Fulham,FUL,fulham,MID,0,0.0,0.0,0.0,0.0,0.0,0.0,0.0,0.0,0.0,0.0,0.0,0.0,0.0,0.0,0.0,45.0,0.0
2026-09-05,3,626,Zepa,Fulham,FUL,fulham,MID,1,0.0,0.0,0.0,0.0,0.0,0.0,0.0,0.0,0.0,0.0,0.0,0.0,0.0,0.0,0.0,45.0,0.0
2026-09-12,4,626,Zepa,Fulham,FUL,fulham,MID,0,0.0,0.0,0.0,0.0,0.0,0.0,0.0,0.0,0.0,0.0,0.0,0.0,0.0,0.0,0.0,45.0,0.0
2026-09-20,5,626,Zepa,Fulham,FUL,fulham,MID,1,0.0,0.0,0.0,0.0,0.0,0.0,0.0,0.0,0.0,0.0,0.0,0.0,0.0,0.0,0.0,45.0,0.0
2026-09-05,3,636,Ángel,Fulham,FUL,fulham,MID,1,0.0,0.0,0.0,0.0,0.0,0.0,0.0,0.0,0.0,0.0,0.0,0.0,0.0,0.0,0.0,50.0,0.0
2026-09-12,4,636,Ángel,Fulham,FUL,fulham,MID,0,0.0,0.0,0.0,0.0,0.0,0.0,0.0,0.0,0.0,0.0,0.0,0.0,0.0,0.0,0.0,50.0,0.0
2026-09-20,5,636,Ángel,Fulham,FUL,fulham,MID,1,0.0,0.0,0.0,0.0,0.0,0.0,0.0,0.0,0.0,0.0,0.0,0.0,0.0,0.0,0.0,50.0,0.0
2026-08-22,1,273,Phillips,Hull City,HUL,hull,GKP,1,0.0,0.0,0.0,0.0,0.0,0.0,0.0,0.0,0.0,0.0,0.0,0.0,0.0,0.0,0.0,40.0,0.0
2026-08-29,2,273,Phillips,Hull City,HUL,hull,GKP,0,0.0,0.0,0.0,0.0,0.0,0.0,0.0,0.0,0.0,0.0,0.0,0.0,0.0,0.0,0.0,40.0,0.0
2026-09-05,3,273,Phillips,Hull City,HUL,hull,GKP,1,0.0,0.0,0.0,0.0,0.0,0.0,0.0,0.0,0.0,0.0,0.0,0.0,0.0,0.0,0.0,40.0,0.0
2026-09-12,4,273,Phillips,Hull City,HUL,hull,GKP,0,0.0,0.0,0.0,0.0,0.0,0.0,0.0,0.0,0.0,0.0,0.0,0.0,0.0,0.0,0.0,40.0,0.0
2026-09-19,5,273,Phillips,Hull City,HUL,hull,GKP,0,0.0,0.0,0.0,0.0,0.0,0.0,0.0,0.0,0.0,0.0,0.0,0.0,0.0,0.0,0.0,40.0,0.0
2026-08-22,1,274,Butland,Hull City,HUL,hull,GKP,1,0.0,0.0,0.0,0.0,0.0,0.0,0.0,0.0,0.0,0.0,0.0,0.0,0.0,0.0,0.0,45.0,0.0
2026-08-29,2,274,Butland,Hull City,HUL,hull,GKP,0,0.0,0.0,0.0,0.0,0.0,0.0,0.0,0.0,0.0,0.0,0.0,0.0,0.0,0.0,0.0,45.0,0.0
2026-09-05,3,274,Butland,Hull City,HUL,hull,GKP,1,0.0,0.0,0.0,0.0,0.0,0.0,0.0,0.0,0.0,0.0,0.0,0.0,0.0,0.0,0.0,45.0,0.0
2026-09-12,4,274,Butland,Hull City,HUL,hull,GKP,0,0.0,0.0,0.0,0.0,0.0,0.0,0.0,0.0,0.0,0.0,0.0,0.0,0.0,0.0,0.0,45.0,0.0
2026-09-19,5,274,Butland,Hull City,HUL,hull,GKP,0,0.0,0.0,0.0,0.0,0.0,0.0,0.0,0.0,0.0,0.0,0.0,0.0,0.0,0.0,0.0,45.0,0.0
2026-09-05,3,650,Affengruber,Fulham,FUL,fulham,DEF,1,0.0,0.0,0.0,0.0,0.0,0.0,0.0,0.0,0.0,0.0,0.0,0.0,0.0,0.0,0.0,45.0,0.0
2026-09-12,4,650,Affengruber,Fulham,FUL,fulham,DEF,0,90.0,8.0,0.0,0.0,1.0,0.0,0.0,0.0,23.0,0.0,0.0,12.0,0.0,0.0,1.0,45.0,12.0
2026-09-20,5,650,Affengruber,Fulham,FUL,fulham,DEF,1,90.0,4.0,0.0,0.0,0.0,1.0,0.0,0.0,17.0,0.0,0.02,11.0,0.0,0.0,1.0,45.0,11.0
2026-08-22,1,276,Lo-Tutala,Hull City,HUL,hull,GKP,1,0.0,0.0,0.0,0.0,0.0,0.0,0.0,0.0,0.0,0.0,0.0,0.0,0.0,0.0,0.0,40.0,0.0
2026-08-29,2,276,Lo-Tutala,Hull City,HUL,hull,GKP,0,0.0,0.0,0.0,0.0,0.0,0.0,0.0,0.0,0.0,0.0,0.0,0.0,0.0,0.0,0.0,40.0,0.0
2026-09-05,3,276,Lo-Tutala,Hull City,HUL,hull,GKP,1,0.0,0.0,0.0,0.0,0.0,0.0,0.0,0.0,0.0,0.0,0.0,0.0,0.0,0.0,0.0,40.0,0.0
2026-09-12,4,276,Lo-Tutala,Hull City,HUL,hull,GKP,0,0.0,0.0,0.0,0.0,0.0,0.0,0.0,0.0,0.0,0.0,0.0,0.0,0.0,0.0,0.0,40.0,0.0
2026-09-19,5,276,Lo-Tutala,Hull City,HUL,hull,GKP,0,0.0,0.0,0.0,0.0,0.0,0.0,0.0,0.0,0.0,0.0,0.0,0.0,0.0,0.0,0.0,40.0,0.0
2026-08-22,1,277,Egan,Hull City,HUL,hull,DEF,1,90.0,8.0,0.0,0.0,1.0,0.0,0.0,0.0,27.0,0.0,0.0,21.0,0.0,0.0,1.0,40.0,21.0
2026-08-29,2,277,Egan,Hull City,HUL,hull,DEF,0,90.0,9.0,0.0,0.0,1.0,0.0,0.0,1.0,25.0,0.0,0.0,13.0,0.0,0.0,1.0,40.0,13.0
2026-09-05,3,277,Egan,Hull City,HUL,hull,DEF,1,90.0,6.0,0.0,0.0,1.0,0.0,0.0,0.0,18.0,0.0,0.0,7.0,0.0,0.0,1.0,40.0,7.0
2026-09-12,4,277,Egan,Hull City,HUL,hull,DEF,0,90.0,2.0,0.0,0.0,0.0,2.0,0.0,0.0,-1.0,0.04,0.0,14.0,1.0,0.0,1.0,41.0,14.0
2026-09-19,5,277,Egan,Hull City,HUL,hull,DEF,0,77.0,1.0,0.0,0.0,0.0,2.0,0.0,0.0,2.0,0.01,0.0,4.0,0.0,0.0,1.0,41.0,4.0
2026-08-22,1,278,Hughes,Hull City,HUL,hull,DEF,1,0.0,0.0,0.0,0.0,0.0,0.0,0.0,0.0,0.0,0.0,0.0,0.0,0.0,0.0,0.0,40.0,0.0
2026-08-29,2,278,Hughes,Hull City,HUL,hull,DEF,0,0.0,0.0,0.0,0.0,0.0,0.0,0.0,0.0,0.0,0.0,0.0,0.0,0.0,0.0,0.0,40.0,0.0
2026-09-05,3,278,Hughes,Hull City,HUL,hull,DEF,1,0.0,0.0,0.0,0.0,0.0,0.0,0.0,0.0,0.0,0.0,0.0,0.0,0.0,0.0,0.0,40.0,0.0
2026-09-12,4,278,Hughes,Hull City,HUL,hull,DEF,0,0.0,0.0,0.0,0.0,0.0,0.0,0.0,0.0,0.0,0.0,0.0,0.0,0.0,0.0,0.0,40.0,0.0
2026-09-19,5,278,Hughes,Hull City,HUL,hull,DEF,0,0.0,0.0,0.0,0.0,0.0,0.0,0.0,0.0,0.0,0.0,0.0,0.0,0.0,0.0,0.0,39.0,0.0
2026-08-22,1,275,Cartwright,Hull City,HUL,hull,GKP,1,0.0,0.0,0.0,0.0,0.0,0.0,0.0,0.0,0.0,0.0,0.0,0.0,0.0,0.0,0.0,40.0,0.0
2026-08-29,2,275,Cartwright,Hull City,HUL,hull,GKP,0,0.0,0.0,0.0,0.0,0.0,0.0,0.0,0.0,0.0,0.0,0.0,0.0,0.0,0.0,0.0,40.0,0.0
2026-09-05,3,275,Cartwright,Hull City,HUL,hull,GKP,1,0.0,0.0,0.0,0.0,0.0,0.0,0.0,0.0,0.0,0.0,0.0,0.0,0.0,0.0,0.0,40.0,0.0
2026-09-12,4,275,Cartwright,Hull City,HUL,hull,GKP,0,0.0,0.0,0.0,0.0,0.0,0.0,0.0,0.0,0.0,0.0,0.0,0.0,0.0,0.0,0.0,40.0,0.0
2026-09-19,5,275,Cartwright,Hull City,HUL,hull,GKP,0,0.0,0.0,0.0,0.0,0.0,0.0,0.0,0.0,0.0,0.0,0.0,0.0,0.0,0.0,0.0,40.0,0.0
2026-08-22,1,282,Giles,Hull City,HUL,hull,DEF,1,84.0,6.0,0.0,0.0,1.0,0.0,0.0,0.0,24.0,0.02,0.07,6.0,0.0,0.0,1.0,40.0,6.0
2026-08-29,2,282,Giles,Hull City,HUL,hull,DEF,0,90.0,6.0,0.0,0.0,1.0,0.0,0.0,0.0,21.0,0.0,0.07,2.0,0.0,0.0,1.0,40.0,2.0
2026-09-05,3,282,Giles,Hull City,HUL,hull,DEF,1,90.0,8.0,0.0,0.0,1.0,0.0,0.0,2.0,30.0,0.0,0.04,4.0,0.0,0.0,1.0,40.0,4.0
2026-09-12,4,282,Giles,Hull City,HUL,hull,DEF,0,90.0,4.0,0.0,1.0,0.0,2.0,0.0,0.0,20.0,0.0,0.17,7.0,0.0,0.0,1.0,40.0,7.0
2026-09-19,5,282,Giles,Hull City,HUL,hull,DEF,0,90.0,0.0,0.0,0.0,0.0,2.0,0.0,0.0,-1.0,0.0,0.08,5.0,1.0,0.0,1.0,40.0,5.0
2026-08-22,1,283,Jacob,Hull City,HUL,hull,DEF,1,0.0,0.0,0.0,0.0,0.0,0.0,0.0,0.0,0.0,0.0,0.0,0.0,0.0,0.0,0.0,40.0,0.0
2026-08-29,2,283,Jacob,Hull City,HUL,hull,DEF,0,0.0,0.0,0.0,0.0,0.0,0.0,0.0,0.0,0.0,0.0,0.0,0.0,0.0,0.0,0.0,40.0,0.0
2026-09-05,3,283,Jacob,Hull City,HUL,hull,DEF,1,0.0,0.0,0.0,0.0,0.0,0.0,0.0,0.0,0.0,0.0,0.0,0.0,0.0,0.0,0.0,40.0,0.0
2026-09-12,4,283,Jacob,Hull City,HUL,hull,DEF,0,0.0,0.0,0.0,0.0,0.0,0.0,0.0,0.0,0.0,0.0,0.0,0.0,0.0,0.0,0.0,40.0,0.0
2026-09-19,5,283,Jacob,Hull City,HUL,hull,DEF,0,0.0,0.0,0.0,0.0,0.0,0.0,0.0,0.0,0.0,0.0,0.0,0.0,0.0,0.0,0.0,40.0,0.0
2026-08-22,1,284,McCarthy,Hull City,HUL,hull,DEF,1,0.0,0.0,0.0,0.0,0.0,0.0,0.0,0.0,0.0,0.0,0.0,0.0,0.0,0.0,0.0,40.0,0.0
2026-08-29,2,284,McCarthy,Hull City,HUL,hull,DEF,0,0.0,0.0,0.0,0.0,0.0,0.0,0.0,0.0,0.0,0.0,0.0,0.0,0.0,0.0,0.0,40.0,0.0
2026-09-05,3,284,McCarthy,Hull City,HUL,hull,DEF,1,0.0,0.0,0.0,0.0,0.0,0.0,0.0,0.0,0.0,0.0,0.0,0.0,0.0,0.0,0.0,40.0,0.0
2026-09-12,4,284,McCarthy,Hull City,HUL,hull,DEF,0,0.0,0.0,0.0,0.0,0.0,0.0,0.0,0.0,0.0,0.0,0.0,0.0,0.0,0.0,0.0,40.0,0.0
2026-09-19,5,284,McCarthy,Hull City,HUL,hull,DEF,0,0.0,0.0,0.0,0.0,0.0,0.0,0.0,0.0,0.0,0.0,0.0,0.0,0.0,0.0,0.0,40.0,0.0
2026-08-22,1,280,Coyle,Hull City,HUL,hull,DEF,1,69.0,6.0,0.0,0.0,1.0,0.0,0.0,0.0,23.0,0.0,0.01,2.0,0.0,0.0,1.0,40.0,2.0
2026-08-29,2,280,Coyle,Hull City,HUL,hull,DEF,0,45.0,0.0,0.0,0.0,0.0,0.0,0.0,0.0,2.0,0.0,0.0,4.0,1.0,0.0,1.0,40.0,4.0
2026-09-05,3,280,Coyle,Hull City,HUL,hull,DEF,1,63.0,6.0,0.0,0.0,1.0,0.0,0.0,0.0,19.0,0.0,0.01,0.0,0.0,0.0,1.0,40.0,0.0
2026-09-12,4,280,Coyle,Hull City,HUL,hull,DEF,0,81.0,1.0,0.0,0.0,0.0,2.0,0.0,0.0,2.0,0.13,0.01,3.0,0.0,0.0,1.0,40.0,3.0
2026-09-19,5,280,Coyle,Hull City,HUL,hull,DEF,0,90.0,1.0,0.0,0.0,0.0,2.0,0.0,0.0,3.0,0.0,0.04,2.0,0.0,0.0,1.0,40.0,2.0
2026-08-22,1,279,Ajayi,Hull City,HUL,hull,DEF,1,63.0,14.0,1.0,0.0,1.0,0.0,0.0,2.0,39.0,0.52,0.0,7.0,0.0,0.0,1.0,40.0,7.0
2026-08-29,2,279,Ajayi,Hull City,HUL,hull,DEF,0,90.0,6.0,0.0,0.0,1.0,0.0,0.0,0.0,24.0,0.0,0.0,7.0,0.0,0.0,1.0,40.0,7.0
2026-09-05,3,279,Ajayi,Hull City,HUL,hull,DEF,1,90.0,5.0,0.0,0.0,1.0,0.0,0.0,0.0,17.0,0.0,0.0,6.0,1.0,0.0,1.0,41.0,6.0
2026-09-12,4,279,Ajayi,Hull City,HUL,hull,DEF,0,90.0,1.0,0.0,0.0,0.0,2.0,0.0,0.0,-6.0,0.13,0.0,3.0,0.0,0.0,1.0,42.0,3.0
2026-09-19,5,279,Ajayi,Hull City,HUL,hull,DEF,0,90.0,1.0,0.0,0.0,0.0,2.0,0.0,0.0,5.0,0.01,0.01,4.0,0.0,0.0,1.0,42.0,4.0
2026-08-22,1,281,Drameh,Hull City,HUL,hull,DEF,1,20.0,1.0,0.0,0.0,0.0,0.0,0.0,0.0,4.0,0.05,0.0,3.0,0.0,0.0,0.0,40.0,3.0
2026-08-29,2,281,Drameh,Hull City,HUL,hull,DEF,0,45.0,1.0,0.0,0.0,0.0,0.0,0.0,0.0,4.0,0.0,0.0,3.0,0.0,0.0,0.0,40.0,3.0
2026-09-05,3,281,Drameh,Hull City,HUL,hull,DEF,1,0.0,0.0,0.0,0.0,0.0,0.0,0.0,0.0,0.0,0.0,0.0,0.0,0.0,0.0,0.0,40.0,0.0
2026-09-12,4,281,Drameh,Hull City,HUL,hull,DEF,0,0.0,0.0,0.0,0.0,0.0,0.0,0.0,0.0,0.0,0.0,0.0,0.0,0.0,0.0,0.0,40.0,0.0
2026-09-19,5,281,Drameh,Hull City,HUL,hull,DEF,0,0.0,0.0,0.0,0.0,0.0,0.0,0.0,0.0,0.0,0.0,0.0,0.0,0.0,0.0,0.0,40.0,0.0
2026-08-22,1,285,McNair,Hull City,HUL,hull,DEF,1,26.0,1.0,0.0,0.0,0.0,0.0,0.0,0.0,3.0,0.0,0.0,2.0,0.0,0.0,0.0,40.0,2.0
2026-08-29,2,285,McNair,Hull City,HUL,hull,DEF,0,0.0,0.0,0.0,0.0,0.0,0.0,0.0,0.0,0.0,0.0,0.0,0.0,0.0,0.0,0.0,40.0,0.0
2026-09-05,3,285,McNair,Hull City,HUL,hull,DEF,1,0.0,0.0,0.0,0.0,0.0,0.0,0.0,0.0,0.0,0.0,0.0,0.0,0.0,0.0,0.0,40.0,0.0
2026-09-12,4,285,McNair,Hull City,HUL,hull,DEF,0,0.0,0.0,0.0,0.0,0.0,0.0,0.0,0.0,0.0,0.0,0.0,0.0,0.0,0.0,0.0,40.0,0.0
2026-09-19,5,285,McNair,Hull City,HUL,hull,DEF,0,0.0,0.0,0.0,0.0,0.0,0.0,0.0,0.0,0.0,0.0,0.0,0.0,0.0,0.0,0.0,40.0,0.0
2026-08-22,1,287,Millar,Hull City,HUL,hull,MID,1,19.0,0.0,0.0,0.0,0.0,0.0,0.0,0.0,2.0,0.0,0.0,3.0,1.0,0.0,0.0,50.0,3.0
2026-08-29,2,287,Millar,Hull City,HUL,hull,MID,0,31.0,6.0,1.0,0.0,0.0,0.0,0.0,0.0,24.0,0.58,0.0,1.0,0.0,0.0,0.0,50.0,1.0
2026-09-05,3,287,Millar,Hull City,HUL,hull,MID,1,0.0,0.0,0.0,0.0,0.0,0.0,0.0,0.0,0.0,0.0,0.0,0.0,0.0,0.0,0.0,50.0,0.0
2026-09-12,4,287,Millar,Hull City,HUL,hull,MID,0,0.0,0.0,0.0,0.0,0.0,0.0,0.0,0.0,0.0,0.0,0.0,0.0,0.0,0.0,0.0,50.0,0.0
2026-09-19,5,287,Millar,Hull City,HUL,hull,MID,0,0.0,0.0,0.0,0.0,0.0,0.0,0.0,0.0,0.0,0.0,0.0,0.0,0.0,0.0,0.0,50.0,0.0
2026-08-22,1,289,Crooks,Hull City,HUL,hull,MID,1,90.0,2.0,0.0,0.0,1.0,0.0,0.0,0.0,9.0,0.0,0.0,9.0,1.0,0.0,1.0,45.0,9.0
2026-08-29,2,289,Crooks,Hull City,HUL,hull,MID,0,0.0,0.0,0.0,0.0,0.0,0.0,0.0,0.0,0.0,0.0,0.0,0.0,0.0,0.0,0.0,45.0,0.0
2026-09-05,3,289,Crooks,Hull City,HUL,hull,MID,1,0.0,0.0,0.0,0.0,0.0,0.0,0.0,0.0,0.0,0.0,0.0,0.0,0.0,0.0,0.0,45.0,0.0
2026-09-12,4,289,Crooks,Hull City,HUL,hull,MID,0,68.0,1.0,0.0,0.0,0.0,2.0,0.0,0.0,2.0,0.0,0.0,10.0,1.0,0.0,1.0,45.0,10.0
2026-09-19,5,289,Crooks,Hull City,HUL,hull,MID,0,45.0,0.0,0.0,0.0,0.0,2.0,0.0,0.0,6.0,0.0,0.12,2.0,1.0,0.0,1.0,45.0,2.0
2026-08-22,1,288,Dowell,Hull City,HUL,hull,MID,1,0.0,0.0,0.0,0.0,0.0,0.0,0.0,0.0,0.0,0.0,0.0,0.0,0.0,0.0,0.0,45.0,0.0
2026-08-29,2,288,Dowell,Hull City,HUL,hull,MID,0,0.0,0.0,0.0,0.0,0.0,0.0,0.0,0.0,0.0,0.0,0.0,0.0,0.0,0.0,0.0,45.0,0.0
2026-09-05,3,288,Dowell,Hull City,HUL,hull,MID,1,0.0,0.0,0.0,0.0,0.0,0.0,0.0,0.0,0.0,0.0,0.0,0.0,0.0,0.0,0.0,45.0,0.0
2026-09-12,4,288,Dowell,Hull City,HUL,hull,MID,0,0.0,0.0,0.0,0.0,0.0,0.0,0.0,0.0,0.0,0.0,0.0,0.0,0.0,0.0,0.0,45.0,0.0
2026-09-19,5,288,Dowell,Hull City,HUL,hull,MID,0,0.0,0.0,0.0,0.0,0.0,0.0,0.0,0.0,0.0,0.0,0.0,0.0,0.0,0.0,0.0,45.0,0.0
2026-08-22,1,290,Slater,Hull City,HUL,hull,MID,1,90.0,6.0,0.0,1.0,1.0,0.0,0.0,0.0,20.0,0.0,0.44,3.0,0.0,0.0,1.0,45.0,3.0
2026-08-29,2,290,Slater,Hull City,HUL,hull,MID,0,90.0,2.0,0.0,0.0,1.0,0.0,0.0,0.0,6.0,0.0,0.01,10.0,1.0,0.0,1.0,45.0,10.0
2026-09-05,3,290,Slater,Hull City,HUL,hull,MID,1,90.0,3.0,0.0,0.0,1.0,0.0,0.0,0.0,10.0,0.04,0.01,6.0,0.0,0.0,1.0,45.0,6.0
2026-09-12,4,290,Slater,Hull City,HUL,hull,MID,0,90.0,2.0,0.0,0.0,0.0,2.0,0.0,0.0,22.0,0.04,0.1,11.0,0.0,0.0,1.0,45.0,11.0
2026-09-19,5,290,Slater,Hull City,HUL,hull,MID,0,77.0,2.0,0.0,0.0,0.0,2.0,0.0,0.0,9.0,0.13,0.03,3.0,0.0,0.0,1.0,45.0,3.0
2026-08-22,1,286,Belloumi,Hull City,HUL,hull,MID,1,90.0,3.0,0.0,0.0,1.0,0.0,0.0,0.0,8.0,0.05,0.03,10.0,0.0,0.0,1.0,50.0,10.0
2026-08-29,2,286,Belloumi,Hull City,HUL,hull,MID,0,82.0,6.0,0.0,1.0,1.0,0.0,0.0,0.0,23.0,0.12,0.02,10.0,0.0,0.0,1.0,50.0,10.0
2026-09-05,3,286,Belloumi,Hull City,HUL,hull,MID,1,81.0,5.0,0.0,0.0,1.0,0.0,0.0,0.0,15.0,0.03,0.01,12.0,0.0,0.0,1.0,50.0,12.0
2026-09-12,4,286,Belloumi,Hull City,HUL,hull,MID,0,59.0,13.0,2.0,0.0,0.0,1.0,0.0,2.0,43.0,0.17,0.06,1.0,0.0,0.0,1.0,50.0,1.0
2026-09-19,5,286,Belloumi,Hull City,HUL,hull,MID,0,82.0,4.0,0.0,1.0,0.0,2.0,0.0,0.0,22.0,0.35,0.31,11.0,1.0,0.0,1.0,51.0,11.0
2026-08-22,1,292,Ömür,Hull City,HUL,hull,MID,1,0.0,0.0,0.0,0.0,0.0,0.0,0.0,0.0,0.0,0.0,0.0,0.0,0.0,0.0,0.0,50.0,0.0
2026-08-29,2,292,Ömür,Hull City,HUL,hull,MID,0,0.0,0.0,0.0,0.0,0.0,0.0,0.0,0.0,0.0,0.0,0.0,0.0,0.0,0.0,0.0,50.0,0.0
2026-09-05,3,292,Ömür,Hull City,HUL,hull,MID,1,0.0,0.0,0.0,0.0,0.0,0.0,0.0,0.0,0.0,0.0,0.0,0.0,0.0,0.0,0.0,49.0,0.0
2026-09-12,4,292,Ömür,Hull City,HUL,hull,MID,0,0.0,0.0,0.0,0.0,0.0,0.0,0.0,0.0,0.0,0.0,0.0,0.0,0.0,0.0,0.0,49.0,0.0
2026-09-19,5,292,Ömür,Hull City,HUL,hull,MID,0,0.0,0.0,0.0,0.0,0.0,0.0,0.0,0.0,0.0,0.0,0.0,0.0,0.0,0.0,0.0,49.0,0.0
2026-08-22,1,291,Matazo,Hull City,HUL,hull,MID,1,0.0,0.0,0.0,0.0,0.0,0.0,0.0,0.0,0.0,0.0,0.0,0.0,0.0,0.0,0.0,45.0,0.0
2026-08-29,2,291,Matazo,Hull City,HUL,hull,MID,0,0.0,0.0,0.0,0.0,0.0,0.0,0.0,0.0,0.0,0.0,0.0,0.0,0.0,0.0,0.0,45.0,0.0
2026-09-05,3,291,Matazo,Hull City,HUL,hull,MID,1,0.0,0.0,0.0,0.0,0.0,0.0,0.0,0.0,0.0,0.0,0.0,0.0,0.0,0.0,0.0,45.0,0.0
2026-09-12,4,291,Matazo,Hull City,HUL,hull,MID,0,0.0,0.0,0.0,0.0,0.0,0.0,0.0,0.0,0.0,0.0,0.0,0.0,0.0,0.0,0.0,45.0,0.0
2026-09-19,5,291,Matazo,Hull City,HUL,hull,MID,0,0.0,0.0,0.0,0.0,0.0,0.0,0.0,0.0,0.0,0.0,0.0,0.0,0.0,0.0,0.0,45.0,0.0
2026-08-22,1,296,Akintola,Hull City,HUL,hull,MID,1,0.0,0.0,0.0,0.0,0.0,0.0,0.0,0.0,0.0,0.0,0.0,0.0,0.0,0.0,0.0,50.0,0.0
2026-08-29,2,296,Akintola,Hull City,HUL,hull,MID,0,0.0,0.0,0.0,0.0,0.0,0.0,0.0,0.0,0.0,0.0,0.0,0.0,0.0,0.0,0.0,50.0,0.0
2026-09-05,3,296,Akintola,Hull City,HUL,hull,MID,1,0.0,0.0,0.0,0.0,0.0,0.0,0.0,0.0,0.0,0.0,0.0,0.0,0.0,0.0,0.0,50.0,0.0
2026-09-12,4,296,Akintola,Hull City,HUL,hull,MID,0,0.0,0.0,0.0,0.0,0.0,0.0,0.0,0.0,0.0,0.0,0.0,0.0,0.0,0.0,0.0,50.0,0.0
2026-09-19,5,296,Akintola,Hull City,HUL,hull,MID,0,0.0,0.0,0.0,0.0,0.0,0.0,0.0,0.0,0.0,0.0,0.0,0.0,0.0,0.0,0.0,50.0,0.0
2026-08-22,1,297,Gyabi,Hull City,HUL,hull,MID,1,0.0,0.0,0.0,0.0,0.0,0.0,0.0,0.0,0.0,0.0,0.0,0.0,0.0,0.0,0.0,45.0,0.0
2026-08-29,2,297,Gyabi,Hull City,HUL,hull,MID,0,0.0,0.0,0.0,0.0,0.0,0.0,0.0,0.0,0.0,0.0,0.0,0.0,0.0,0.0,0.0,45.0,0.0
2026-09-05,3,297,Gyabi,Hull City,HUL,hull,MID,1,0.0,0.0,0.0,0.0,0.0,0.0,0.0,0.0,0.0,0.0,0.0,0.0,0.0,0.0,0.0,45.0,0.0
2026-09-12,4,297,Gyabi,Hull City,HUL,hull,MID,0,0.0,0.0,0.0,0.0,0.0,0.0,0.0,0.0,0.0,0.0,0.0,0.0,0.0,0.0,0.0,45.0,0.0
2026-09-19,5,297,Gyabi,Hull City,HUL,hull,MID,0,0.0,0.0,0.0,0.0,0.0,0.0,0.0,0.0,0.0,0.0,0.0,0.0,0.0,0.0,0.0,45.0,0.0
2026-08-22,1,293,Kamara,Hull City,HUL,hull,MID,1,0.0,0.0,0.0,0.0,0.0,0.0,0.0,0.0,0.0,0.0,0.0,0.0,0.0,0.0,0.0,50.0,0.0
2026-08-29,2,293,Kamara,Hull City,HUL,hull,MID,0,0.0,0.0,0.0,0.0,0.0,0.0,0.0,0.0,0.0,0.0,0.0,0.0,0.0,0.0,0.0,50.0,0.0
2026-09-05,3,293,Kamara,Hull City,HUL,hull,MID,1,0.0,0.0,0.0,0.0,0.0,0.0,0.0,0.0,0.0,0.0,0.0,0.0,0.0,0.0,0.0,50.0,0.0
2026-09-12,4,293,Kamara,Hull City,HUL,hull,MID,0,0.0,0.0,0.0,0.0,0.0,0.0,0.0,0.0,0.0,0.0,0.0,0.0,0.0,0.0,0.0,50.0,0.0
2026-09-19,5,293,Kamara,Hull City,HUL,hull,MID,0,0.0,0.0,0.0,0.0,0.0,0.0,0.0,0.0,0.0,0.0,0.0,0.0,0.0,0.0,0.0,50.0,0.0
2026-08-22,1,299,Burstow,Hull City,HUL,hull,FWD,1,0.0,0.0,0.0,0.0,0.0,0.0,0.0,0.0,0.0,0.0,0.0,0.0,0.0,0.0,0.0,45.0,0.0
2026-08-29,2,299,Burstow,Hull City,HUL,hull,FWD,0,0.0,0.0,0.0,0.0,0.0,0.0,0.0,0.0,0.0,0.0,0.0,0.0,0.0,0.0,0.0,45.0,0.0
2026-09-05,3,299,Burstow,Hull City,HUL,hull,FWD,1,0.0,0.0,0.0,0.0,0.0,0.0,0.0,0.0,0.0,0.0,0.0,0.0,0.0,0.0,0.0,45.0,0.0
2026-09-12,4,299,Burstow,Hull City,HUL,hull,FWD,0,0.0,0.0,0.0,0.0,0.0,0.0,0.0,0.0,0.0,0.0,0.0,0.0,0.0,0.0,0.0,45.0,0.0
2026-09-19,5,299,Burstow,Hull City,HUL,hull,FWD,0,0.0,0.0,0.0,0.0,0.0,0.0,0.0,0.0,0.0,0.0,0.0,0.0,0.0,0.0,0.0,45.0,0.0
2026-08-22,1,295,McBurnie,Hull City,HUL,hull,FWD,1,90.0,5.0,0.0,1.0,1.0,0.0,0.0,0.0,21.0,0.16,0.01,5.0,0.0,0.0,1.0,55.0,5.0
2026-08-29,2,295,McBurnie,Hull City,HUL,hull,FWD,0,90.0,1.0,0.0,0.0,1.0,0.0,0.0,0.0,7.0,0.0,0.01,4.0,1.0,0.0,1.0,55.0,4.0
2026-09-05,3,295,McBurnie,Hull City,HUL,hull,FWD,1,90.0,2.0,0.0,0.0,1.0,0.0,0.0,0.0,2.0,0.38,0.05,3.0,0.0,0.0,1.0,55.0,3.0
2026-09-12,4,295,McBurnie,Hull City,HUL,hull,FWD,0,81.0,4.0,0.0,1.0,0.0,2.0,0.0,0.0,17.0,0.33,0.04,3.0,1.0,0.0,1.0,55.0,3.0
2026-09-19,5,295,McBurnie,Hull City,HUL,hull,FWD,0,90.0,1.0,0.0,0.0,0.0,2.0,0.0,0.0,5.0,0.36,0.02,6.0,1.0,0.0,1.0,55.0,6.0
2026-08-22,1,294,Zambrano,Hull City,HUL,hull,MID,1,0.0,0.0,0.0,0.0,0.0,0.0,0.0,0.0,0.0,0.0,0.0,0.0,0.0,0.0,0.0,45.0,0.0
2026-08-29,2,294,Zambrano,Hull City,HUL,hull,MID,0,0.0,0.0,0.0,0.0,0.0,0.0,0.0,0.0,0.0,0.0,0.0,0.0,0.0,0.0,0.0,45.0,0.0
2026-09-05,3,294,Zambrano,Hull City,HUL,hull,MID,1,0.0,0.0,0.0,0.0,0.0,0.0,0.0,0.0,0.0,0.0,0.0,0.0,0.0,0.0,0.0,45.0,0.0
2026-09-12,4,294,Zambrano,Hull City,HUL,hull,MID,0,0.0,0.0,0.0,0.0,0.0,0.0,0.0,0.0,0.0,0.0,0.0,0.0,0.0,0.0,0.0,45.0,0.0
2026-09-19,5,294,Zambrano,Hull City,HUL,hull,MID,0,0.0,0.0,0.0,0.0,0.0,0.0,0.0,0.0,0.0,0.0,0.0,0.0,0.0,0.0,0.0,45.0,0.0
2026-08-22,1,298,Destan,Hull City,HUL,hull,FWD,1,0.0,0.0,0.0,0.0,0.0,0.0,0.0,0.0,0.0,0.0,0.0,0.0,0.0,0.0,0.0,45.0,0.0
2026-08-29,2,298,Destan,Hull City,HUL,hull,FWD,0,0.0,0.0,0.0,0.0,0.0,0.0,0.0,0.0,0.0,0.0,0.0,0.0,0.0,0.0,0.0,45.0,0.0
2026-09-05,3,298,Destan,Hull City,HUL,hull,FWD,1,0.0,0.0,0.0,0.0,0.0,0.0,0.0,0.0,0.0,0.0,0.0,0.0,0.0,0.0,0.0,45.0,0.0
2026-09-12,4,298,Destan,Hull City,HUL,hull,FWD,0,0.0,0.0,0.0,0.0,0.0,0.0,0.0,0.0,0.0,0.0,0.0,0.0,0.0,0.0,0.0,45.0,0.0
2026-09-19,5,298,Destan,Hull City,HUL,hull,FWD,0,0.0,0.0,0.0,0.0,0.0,0.0,0.0,0.0,0.0,0.0,0.0,0.0,0.0,0.0,0.0,45.0,0.0
2026-08-22,1,556,Targett,Hull City,HUL,hull,DEF,1,5.0,1.0,0.0,0.0,0.0,0.0,0.0,0.0,3.0,0.0,0.0,0.0,0.0,0.0,0.0,40.0,0.0
2026-08-29,2,556,Targett,Hull City,HUL,hull,DEF,0,0.0,0.0,0.0,0.0,0.0,0.0,0.0,0.0,0.0,0.0,0.0,0.0,0.0,0.0,0.0,40.0,0.0
2026-09-05,3,556,Targett,Hull City,HUL,hull,DEF,1,0.0,0.0,0.0,0.0,0.0,0.0,0.0,0.0,0.0,0.0,0.0,0.0,0.0,0.0,0.0,40.0,0.0
2026-09-12,4,556,Targett,Hull City,HUL,hull,DEF,0,0.0,0.0,0.0,0.0,0.0,0.0,0.0,0.0,0.0,0.0,0.0,0.0,0.0,0.0,0.0,40.0,0.0
2026-09-19,5,556,Targett,Hull City,HUL,hull,DEF,0,0.0,0.0,0.0,0.0,0.0,0.0,0.0,0.0,0.0,0.0,0.0,0.0,0.0,0.0,0.0,40.0,0.0
2026-08-22,1,340,Gelhardt,Hull City,HUL,hull,MID,1,0.0,0.0,0.0,0.0,0.0,0.0,0.0,0.0,0.0,0.0,0.0,0.0,0.0,0.0,0.0,50.0,0.0
2026-08-29,2,340,Gelhardt,Hull City,HUL,hull,MID,0,0.0,0.0,0.0,0.0,0.0,0.0,0.0,0.0,0.0,0.0,0.0,0.0,0.0,0.0,0.0,50.0,0.0
2026-09-05,3,340,Gelhardt,Hull City,HUL,hull,MID,1,0.0,0.0,0.0,0.0,0.0,0.0,0.0,0.0,0.0,0.0,0.0,0.0,0.0,0.0,0.0,50.0,0.0
2026-09-12,4,340,Gelhardt,Hull City,HUL,hull,MID,0,0.0,0.0,0.0,0.0,0.0,0.0,0.0,0.0,0.0,0.0,0.0,0.0,0.0,0.0,0.0,50.0,0.0
2026-09-19,5,340,Gelhardt,Hull City,HUL,hull,MID,0,7.0,1.0,0.0,0.0,0.0,0.0,0.0,0.0,5.0,0.1,0.02,1.0,0.0,0.0,0.0,50.0,1.0
2026-08-22,1,563,Morita,Hull City,HUL,hull,MID,1,0.0,0.0,0.0,0.0,0.0,0.0,0.0,0.0,0.0,0.0,0.0,0.0,0.0,0.0,0.0,50.0,0.0
2026-08-29,2,563,Morita,Hull City,HUL,hull,MID,0,45.0,1.0,0.0,0.0,0.0,0.0,0.0,0.0,6.0,0.0,0.0,3.0,0.0,0.0,1.0,50.0,3.0
2026-09-05,3,563,Morita,Hull City,HUL,hull,MID,1,0.0,0.0,0.0,0.0,0.0,0.0,0.0,0.0,0.0,0.0,0.0,0.0,0.0,0.0,0.0,50.0,0.0
2026-09-12,4,563,Morita,Hull City,HUL,hull,MID,0,0.0,0.0,0.0,0.0,0.0,0.0,0.0,0.0,0.0,0.0,0.0,0.0,0.0,0.0,0.0,50.0,0.0
2026-09-19,5,563,Morita,Hull City,HUL,hull,MID,0,0.0,0.0,0.0,0.0,0.0,0.0,0.0,0.0,0.0,0.0,0.0,0.0,0.0,0.0,0.0,50.0,0.0
2026-08-22,1,574,Hjertø-Dahl,Hull City,HUL,hull,MID,1,0.0,0.0,0.0,0.0,0.0,0.0,0.0,0.0,0.0,0.0,0.0,0.0,0.0,0.0,0.0,50.0,0.0
2026-08-29,2,574,Hjertø-Dahl,Hull City,HUL,hull,MID,0,0.0,0.0,0.0,0.0,0.0,0.0,0.0,0.0,0.0,0.0,0.0,0.0,0.0,0.0,0.0,50.0,0.0
2026-09-05,3,574,Hjertø-Dahl,Hull City,HUL,hull,MID,1,8.0,1.0,0.0,0.0,0.0,0.0,0.0,0.0,4.0,0.0,0.0,1.0,0.0,0.0,0.0,50.0,1.0
2026-09-12,4,574,Hjertø-Dahl,Hull City,HUL,hull,MID,0,0.0,0.0,0.0,0.0,0.0,0.0,0.0,0.0,0.0,0.0,0.0,0.0,0.0,0.0,0.0,49.0,0.0
2026-09-19,5,574,Hjertø-Dahl,Hull City,HUL,hull,MID,0,0.0,0.0,0.0,0.0,0.0,0.0,0.0,0.0,0.0,0.0,0.0,0.0,0.0,0.0,0.0,49.0,0.0
2026-08-22,1,572,Tzolakis,Hull City,HUL,hull,GKP,1,90.0,10.0,0.0,0.0,1.0,0.0,5.0,3.0,41.0,0.0,0.0,0.0,0.0,0.0,1.0,45.0,0.0
2026-08-29,2,572,Tzolakis,Hull City,HUL,hull,GKP,0,90.0,10.0,0.0,0.0,1.0,0.0,3.0,3.0,32.0,0.0,0.0,0.0,0.0,0.0,1.0,45.0,0.0
2026-09-05,3,572,Tzolakis,Hull City,HUL,hull,GKP,1,90.0,6.0,0.0,0.0,1.0,0.0,1.0,0.0,25.0,0.0,0.0,0.0,0.0,0.0,1.0,46.0,0.0
2026-09-12,4,572,Tzolakis,Hull City,HUL,hull,GKP,0,90.0,2.0,0.0,0.0,0.0,2.0,5.0,0.0,15.0,0.0,0.0,0.0,0.0,0.0,1.0,46.0,0.0
2026-09-19,5,572,Tzolakis,Hull City,HUL,hull,GKP,0,90.0,6.0,0.0,0.0,0.0,2.0,3.0,0.0,16.0,0.0,0.0,0.0,1.0,0.0,1.0,46.0,0.0
2026-08-22,1,576,Stroud,Hull City,HUL,hull,MID,1,70.0,3.0,0.0,0.0,1.0,0.0,0.0,0.0,11.0,0.0,0.03,6.0,0.0,0.0,1.0,50.0,6.0
2026-08-29,2,576,Stroud,Hull City,HUL,hull,MID,0,58.0,0.0,0.0,0.0,0.0,0.0,0.0,0.0,-2.0,0.01,0.01,7.0,1.0,0.0,1.0,50.0,7.0
2026-09-05,3,576,Stroud,Hull City,HUL,hull,MID,1,62.0,3.0,0.0,0.0,1.0,0.0,0.0,0.0,5.0,0.04,0.01,2.0,0.0,0.0,1.0,50.0,2.0
2026-09-12,4,576,Stroud,Hull City,HUL,hull,MID,0,59.0,1.0,0.0,0.0,0.0,1.0,0.0,0.0,3.0,0.01,0.0,5.0,0.0,0.0,1.0,50.0,5.0
2026-09-19,5,576,Stroud,Hull City,HUL,hull,MID,0,0.0,0.0,0.0,0.0,0.0,0.0,0.0,0.0,0.0,0.0,0.0,0.0,0.0,0.0,0.0,50.0,0.0
2026-08-22,1,589,Gourna-Douath,Hull City,HUL,hull,MID,1,0.0,0.0,0.0,0.0,0.0,0.0,0.0,0.0,0.0,0.0,0.0,0.0,0.0,0.0,0.0,50.0,0.0
2026-08-29,2,589,Gourna-Douath,Hull City,HUL,hull,MID,0,45.0,1.0,0.0,0.0,0.0,0.0,0.0,0.0,6.0,0.0,0.01,6.0,0.0,0.0,0.0,50.0,6.0
2026-09-05,3,589,Gourna-Douath,Hull City,HUL,hull,MID,1,81.0,2.0,0.0,0.0,1.0,0.0,0.0,0.0,7.0,0.0,0.01,10.0,1.0,0.0,1.0,50.0,10.0
2026-09-12,4,589,Gourna-Douath,Hull City,HUL,hull,MID,0,0.0,0.0,0.0,0.0,0.0,0.0,0.0,0.0,0.0,0.0,0.0,0.0,0.0,0.0,0.0,50.0,0.0
2026-09-19,5,589,Gourna-Douath,Hull City,HUL,hull,MID,0,12.0,1.0,0.0,0.0,0.0,0.0,0.0,0.0,5.0,0.03,0.01,1.0,0.0,0.0,0.0,50.0,1.0
2026-08-22,1,585,Herrington,Hull City,HUL,hull,DEF,1,26.0,1.0,0.0,0.0,0.0,0.0,0.0,0.0,4.0,0.0,0.0,4.0,0.0,0.0,0.0,40.0,4.0
2026-08-29,2,585,Herrington,Hull City,HUL,hull,DEF,0,31.0,1.0,0.0,0.0,0.0,0.0,0.0,0.0,3.0,0.0,0.0,1.0,0.0,0.0,0.0,40.0,1.0
2026-09-05,3,585,Herrington,Hull City,HUL,hull,DEF,1,19.0,1.0,0.0,0.0,0.0,0.0,0.0,0.0,2.0,0.0,0.0,2.0,0.0,0.0,0.0,40.0,2.0
2026-09-12,4,585,Herrington,Hull City,HUL,hull,DEF,0,31.0,1.0,0.0,0.0,0.0,1.0,0.0,0.0,-1.0,0.0,0.01,1.0,0.0,0.0,0.0,40.0,1.0
2026-09-19,5,585,Herrington,Hull City,HUL,hull,DEF,0,90.0,1.0,0.0,0.0,0.0,2.0,0.0,0.0,11.0,0.02,0.03,8.0,0.0,0.0,1.0,40.0,8.0
2026-08-22,1,586,Mendy,Hull City,HUL,hull,DEF,1,63.0,15.0,1.0,0.0,1.0,0.0,0.0,1.0,35.0,0.28,0.0,13.0,0.0,0.0,1.0,40.0,13.0
2026-08-29,2,586,Mendy,Hull City,HUL,hull,DEF,0,58.0,1.0,0.0,0.0,0.0,0.0,0.0,0.0,9.0,0.01,0.0,9.0,0.0,0.0,1.0,40.0,9.0
2026-09-05,3,586,Mendy,Hull City,HUL,hull,DEF,1,70.0,8.0,0.0,0.0,1.0,0.0,0.0,0.0,22.0,0.03,0.0,10.0,0.0,0.0,1.0,40.0,10.0
2026-09-12,4,586,Mendy,Hull City,HUL,hull,DEF,0,58.0,1.0,0.0,0.0,0.0,1.0,0.0,0.0,3.0,0.0,0.0,7.0,0.0,0.0,1.0,41.0,7.0
2026-09-19,5,586,Mendy,Hull City,HUL,hull,DEF,0,0.0,0.0,0.0,0.0,0.0,0.0,0.0,0.0,0.0,0.0,0.0,0.0,0.0,0.0,0.0,41.0,0.0
2026-09-05,3,632,Ansah,Hull City,HUL,hull,FWD,1,0.0,0.0,0.0,0.0,0.0,0.0,0.0,0.0,0.0,0.0,0.0,0.0,0.0,0.0,0.0,50.0,0.0
2026-09-12,4,632,Ansah,Hull City,HUL,hull,FWD,0,0.0,0.0,0.0,0.0,0.0,0.0,0.0,0.0,0.0,0.0,0.0,0.0,0.0,0.0,0.0,50.0,0.0
2026-09-19,5,632,Ansah,Hull City,HUL,hull,FWD,0,0.0,0.0,0.0,0.0,0.0,0.0,0.0,0.0,0.0,0.0,0.0,0.0,0.0,0.0,0.0,50.0,0.0
2026-08-29,2,617,Cho,Hull City,HUL,hull,MID,0,7.0,1.0,0.0,0.0,0.0,0.0,0.0,0.0,3.0,0.0,0.0,0.0,0.0,0.0,0.0,50.0,0.0
2026-09-05,3,617,Cho,Hull City,HUL,hull,MID,1,8.0,1.0,0.0,0.0,0.0,0.0,0.0,0.0,5.0,0.05,0.0,0.0,0.0,0.0,0.0,50.0,0.0
2026-09-12,4,617,Cho,Hull City,HUL,hull,MID,0,30.0,1.0,0.0,0.0,0.0,1.0,0.0,0.0,3.0,0.47,0.16,2.0,0.0,0.0,0.0,50.0,2.0
2026-09-19,5,617,Cho,Hull City,HUL,hull,MID,0,27.0,6.0,1.0,0.0,0.0,0.0,0.0,0.0,25.0,0.27,0.2,0.0,0.0,0.0,0.0,50.0,0.0
2026-08-22,1,267,Lukić,Ipswich Town,IPS,ipswich,MID,1,90.0,5.0,0.0,1.0,0.0,1.0,0.0,0.0,22.0,0.0,0.02,6.0,0.0,0.0,1.0,50.0,6.0
2026-08-30,2,267,Lukić,Ipswich Town,IPS,ipswich,MID,0,72.0,1.0,0.0,0.0,0.0,4.0,0.0,0.0,11.0,0.02,0.02,11.0,1.0,0.0,1.0,50.0,11.0
2026-09-04,3,267,Lukić,Ipswich Town,IPS,ipswich,MID,1,90.0,2.0,0.0,0.0,0.0,2.0,0.0,0.0,13.0,0.0,0.02,4.0,0.0,0.0,1.0,50.0,4.0
2026-09-12,4,267,Lukić,Ipswich Town,IPS,ipswich,MID,0,76.0,1.0,0.0,0.0,0.0,2.0,0.0,0.0,8.0,0.0,0.1,10.0,1.0,0.0,1.0,50.0,10.0
2026-09-19,5,267,Lukić,Ipswich Town,IPS,ipswich,MID,0,72.0,2.0,0.0,0.0,0.0,1.0,0.0,0.0,14.0,0.0,0.25,6.0,0.0,0.0,1.0,50.0,6.0
2026-09-05,3,645,Mouzakitis,Hull City,HUL,hull,MID,1,0.0,0.0,0.0,0.0,0.0,0.0,0.0,0.0,0.0,0.0,0.0,0.0,0.0,0.0,0.0,50.0,0.0
2026-09-12,4,645,Mouzakitis,Hull City,HUL,hull,MID,0,0.0,0.0,0.0,0.0,0.0,0.0,0.0,0.0,0.0,0.0,0.0,0.0,0.0,0.0,0.0,50.0,0.0
2026-09-19,5,645,Mouzakitis,Hull City,HUL,hull,MID,0,0.0,0.0,0.0,0.0,0.0,0.0,0.0,0.0,0.0,0.0,0.0,0.0,0.0,0.0,0.0,50.0,0.0
2026-09-05,3,638,Norton-Cuffy,Hull City,HUL,hull,DEF,1,26.0,1.0,0.0,0.0,0.0,0.0,0.0,0.0,3.0,0.0,0.0,1.0,0.0,0.0,0.0,40.0,1.0
2026-09-12,4,638,Norton-Cuffy,Hull City,HUL,hull,DEF,0,8.0,0.0,0.0,0.0,0.0,0.0,0.0,0.0,0.0,0.05,0.0,0.0,1.0,0.0,0.0,40.0,0.0
2026-09-19,5,638,Norton-Cuffy,Hull City,HUL,hull,DEF,0,0.0,0.0,0.0,0.0,0.0,0.0,0.0,0.0,0.0,0.0,0.0,0.0,0.0,0.0,0.0,40.0,0.0
2026-09-05,3,642,Thomas,Hull City,HUL,hull,MID,1,27.0,1.0,0.0,0.0,0.0,0.0,0.0,0.0,5.0,0.0,0.04,1.0,0.0,0.0,0.0,55.0,1.0
2026-09-12,4,642,Thomas,Hull City,HUL,hull,MID,0,30.0,1.0,0.0,0.0,0.0,1.0,0.0,0.0,6.0,0.02,0.03,4.0,0.0,0.0,0.0,55.0,4.0
2026-09-19,5,642,Thomas,Hull City,HUL,hull,MID,0,62.0,2.0,0.0,0.0,0.0,2.0,0.0,0.0,2.0,0.19,0.04,3.0,0.0,0.0,1.0,55.0,3.0
2026-09-05,3,637,Vaz,Hull City,HUL,hull,FWD,1,0.0,0.0,0.0,0.0,0.0,0.0,0.0,0.0,0.0,0.0,0.0,0.0,0.0,0.0,0.0,50.0,0.0
2026-09-12,4,637,Vaz,Hull City,HUL,hull,FWD,0,8.0,1.0,0.0,0.0,0.0,0.0,0.0,0.0,3.0,0.0,0.0,1.0,0.0,0.0,0.0,50.0,1.0
2026-09-19,5,637,Vaz,Hull City,HUL,hull,FWD,0,12.0,1.0,0.0,0.0,0.0,0.0,0.0,0.0,5.0,0.0,0.01,1.0,0.0,0.0,0.0,50.0,1.0
2026-08-22,1,300,Walton,Ipswich Town,IPS,ipswich,GKP,1,0.0,0.0,0.0,0.0,0.0,0.0,0.0,0.0,0.0,0.0,0.0,0.0,0.0,0.0,0.0,45.0,0.0
2026-08-30,2,300,Walton,Ipswich Town,IPS,ipswich,GKP,0,0.0,0.0,0.0,0.0,0.0,0.0,0.0,0.0,0.0,0.0,0.0,0.0,0.0,0.0,0.0,45.0,0.0
2026-09-04,3,300,Walton,Ipswich Town,IPS,ipswich,GKP,1,0.0,0.0,0.0,0.0,0.0,0.0,0.0,0.0,0.0,0.0,0.0,0.0,0.0,0.0,0.0,45.0,0.0
2026-09-12,4,300,Walton,Ipswich Town,IPS,ipswich,GKP,0,0.0,0.0,0.0,0.0,0.0,0.0,0.0,0.0,0.0,0.0,0.0,0.0,0.0,0.0,0.0,44.0,0.0
2026-09-19,5,300,Walton,Ipswich Town,IPS,ipswich,GKP,0,90.0,2.0,0.0,0.0,0.0,1.0,1.0,0.0,10.0,0.0,0.01,0.0,0.0,0.0,1.0,44.0,0.0
2026-08-22,1,259,Diop,Ipswich Town,IPS,ipswich,DEF,1,90.0,2.0,0.0,0.0,0.0,1.0,0.0,0.0,7.0,0.0,0.01,5.0,0.0,0.0,1.0,40.0,5.0
2026-08-30,2,259,Diop,Ipswich Town,IPS,ipswich,DEF,0,90.0,2.0,0.0,0.0,0.0,5.0,0.0,0.0,7.0,0.0,0.0,12.0,0.0,0.0,1.0,40.0,12.0
2026-09-04,3,259,Diop,Ipswich Town,IPS,ipswich,DEF,1,90.0,3.0,0.0,0.0,0.0,2.0,0.0,0.0,10.0,0.0,0.01,11.0,0.0,0.0,1.0,40.0,11.0
2026-09-12,4,259,Diop,Ipswich Town,IPS,ipswich,DEF,0,90.0,1.0,0.0,0.0,0.0,2.0,0.0,0.0,8.0,0.0,0.13,7.0,0.0,0.0,1.0,40.0,7.0
2026-09-19,5,259,Diop,Ipswich Town,IPS,ipswich,DEF,0,90.0,4.0,0.0,0.0,0.0,1.0,0.0,0.0,13.0,0.06,0.01,10.0,0.0,0.0,1.0,40.0,10.0
2026-08-22,1,302,Button,Ipswich Town,IPS,ipswich,GKP,1,0.0,0.0,0.0,0.0,0.0,0.0,0.0,0.0,0.0,0.0,0.0,0.0,0.0,0.0,0.0,40.0,0.0
2026-08-30,2,302,Button,Ipswich Town,IPS,ipswich,GKP,0,0.0,0.0,0.0,0.0,0.0,0.0,0.0,0.0,0.0,0.0,0.0,0.0,0.0,0.0,0.0,40.0,0.0
2026-09-04,3,302,Button,Ipswich Town,IPS,ipswich,GKP,1,0.0,0.0,0.0,0.0,0.0,0.0,0.0,0.0,0.0,0.0,0.0,0.0,0.0,0.0,0.0,40.0,0.0
2026-09-12,4,302,Button,Ipswich Town,IPS,ipswich,GKP,0,0.0,0.0,0.0,0.0,0.0,0.0,0.0,0.0,0.0,0.0,0.0,0.0,0.0,0.0,0.0,40.0,0.0
2026-09-19,5,302,Button,Ipswich Town,IPS,ipswich,GKP,0,0.0,0.0,0.0,0.0,0.0,0.0,0.0,0.0,0.0,0.0,0.0,0.0,0.0,0.0,0.0,40.0,0.0
2026-08-22,1,301,Palmer,Ipswich Town,IPS,ipswich,GKP,1,0.0,0.0,0.0,0.0,0.0,0.0,0.0,0.0,0.0,0.0,0.0,0.0,0.0,0.0,0.0,40.0,0.0
2026-08-30,2,301,Palmer,Ipswich Town,IPS,ipswich,GKP,0,0.0,0.0,0.0,0.0,0.0,0.0,0.0,0.0,0.0,0.0,0.0,0.0,0.0,0.0,0.0,40.0,0.0
2026-09-04,3,301,Palmer,Ipswich Town,IPS,ipswich,GKP,1,0.0,0.0,0.0,0.0,0.0,0.0,0.0,0.0,0.0,0.0,0.0,0.0,0.0,0.0,0.0,40.0,0.0
2026-09-12,4,301,Palmer,Ipswich Town,IPS,ipswich,GKP,0,0.0,0.0,0.0,0.0,0.0,0.0,0.0,0.0,0.0,0.0,0.0,0.0,0.0,0.0,0.0,40.0,0.0
2026-09-19,5,301,Palmer,Ipswich Town,IPS,ipswich,GKP,0,0.0,0.0,0.0,0.0,0.0,0.0,0.0,0.0,0.0,0.0,0.0,0.0,0.0,0.0,0.0,40.0,0.0
2026-08-22,1,303,Kipré,Ipswich Town,IPS,ipswich,DEF,1,0.0,0.0,0.0,0.0,0.0,0.0,0.0,0.0,0.0,0.0,0.0,0.0,0.0,0.0,0.0,40.0,0.0
2026-08-30,2,303,Kipré,Ipswich Town,IPS,ipswich,DEF,0,0.0,0.0,0.0,0.0,0.0,0.0,0.0,0.0,0.0,0.0,0.0,0.0,0.0,0.0,0.0,40.0,0.0
2026-09-04,3,303,Kipré,Ipswich Town,IPS,ipswich,DEF,1,0.0,0.0,0.0,0.0,0.0,0.0,0.0,0.0,0.0,0.0,0.0,0.0,0.0,0.0,0.0,40.0,0.0
2026-09-12,4,303,Kipré,Ipswich Town,IPS,ipswich,DEF,0,0.0,0.0,0.0,0.0,0.0,0.0,0.0,0.0,0.0,0.0,0.0,0.0,0.0,0.0,0.0,40.0,0.0
2026-09-19,5,303,Kipré,Ipswich Town,IPS,ipswich,DEF,0,0.0,0.0,0.0,0.0,0.0,0.0,0.0,0.0,0.0,0.0,0.0,0.0,0.0,0.0,0.0,39.0,0.0
2026-08-22,1,304,O'Shea,Ipswich Town,IPS,ipswich,DEF,1,90.0,4.0,0.0,0.0,0.0,1.0,0.0,0.0,16.0,0.0,0.16,18.0,0.0,0.0,1.0,40.0,18.0
2026-08-30,2,304,O'Shea,Ipswich Town,IPS,ipswich,DEF,0,90.0,0.0,0.0,0.0,0.0,5.0,0.0,0.0,-14.0,0.07,0.01,1.0,0.0,0.0,1.0,40.0,1.0
2026-09-04,3,304,O'Shea,Ipswich Town,IPS,ipswich,DEF,1,90.0,3.0,0.0,0.0,0.0,2.0,0.0,0.0,5.0,0.0,0.01,11.0,0.0,0.0,1.0,40.0,11.0
2026-09-12,4,304,O'Shea,Ipswich Town,IPS,ipswich,DEF,0,90.0,1.0,0.0,0.0,0.0,2.0,0.0,0.0,5.0,0.0,0.08,9.0,0.0,0.0,1.0,40.0,9.0
2026-09-19,5,304,O'Shea,Ipswich Town,IPS,ipswich,DEF,0,90.0,2.0,0.0,0.0,0.0,1.0,0.0,0.0,12.0,0.0,0.0,9.0,0.0,0.0,1.0,40.0,9.0
2026-08-22,1,305,Davis,Ipswich Town,IPS,ipswich,DEF,1,90.0,2.0,0.0,0.0,0.0,1.0,0.0,0.0,10.0,0.0,0.01,7.0,0.0,0.0,1.0,40.0,7.0
2026-08-30,2,305,Davis,Ipswich Town,IPS,ipswich,DEF,0,90.0,6.0,1.0,0.0,0.0,5.0,0.0,0.0,1.0,0.54,0.12,4.0,0.0,0.0,1.0,40.0,4.0
2026-09-04,3,305,Davis,Ipswich Town,IPS,ipswich,DEF,1,90.0,1.0,0.0,0.0,0.0,2.0,0.0,0.0,4.0,0.11,0.12,6.0,0.0,0.0,1.0,40.0,6.0
2026-09-12,4,305,Davis,Ipswich Town,IPS,ipswich,DEF,0,90.0,14.0,1.0,2.0,0.0,2.0,0.0,1.0,35.0,0.52,0.19,2.0,0.0,0.0,1.0,40.0,2.0
2026-09-19,5,305,Davis,Ipswich Town,IPS,ipswich,DEF,0,90.0,2.0,0.0,0.0,0.0,1.0,0.0,0.0,2.0,0.42,0.02,5.0,0.0,0.0,1.0,40.0,5.0
2026-08-22,1,306,Greaves,Ipswich Town,IPS,ipswich,DEF,1,90.0,2.0,0.0,0.0,0.0,1.0,0.0,0.0,12.0,0.0,0.0,7.0,0.0,0.0,1.0,40.0,7.0
2026-08-30,2,306,Greaves,Ipswich Town,IPS,ipswich,DEF,0,90.0,-1.0,0.0,0.0,0.0,5.0,0.0,0.0,-13.0,0.0,0.01,10.0,1.0,0.0,1.0,40.0,10.0
2026-09-04,3,306,Greaves,Ipswich Town,IPS,ipswich,DEF,1,90.0,1.0,0.0,0.0,0.0,2.0,0.0,0.0,6.0,0.0,0.04,7.0,0.0,0.0,1.0,40.0,7.0
2026-09-12,4,306,Greaves,Ipswich Town,IPS,ipswich,DEF,0,87.0,1.0,0.0,0.0,0.0,2.0,0.0,0.0,7.0,0.0,0.01,6.0,0.0,0.0,1.0,40.0,6.0
2026-09-19,5,306,Greaves,Ipswich Town,IPS,ipswich,DEF,0,0.0,0.0,0.0,0.0,0.0,0.0,0.0,0.0,0.0,0.0,0.0,0.0,0.0,0.0,0.0,40.0,0.0
2026-08-22,1,307,Johnson,Ipswich Town,IPS,ipswich,DEF,1,0.0,0.0,0.0,0.0,0.0,0.0,0.0,0.0,0.0,0.0,0.0,0.0,0.0,0.0,0.0,40.0,0.0
2026-08-30,2,307,Johnson,Ipswich Town,IPS,ipswich,DEF,0,0.0,0.0,0.0,0.0,0.0,0.0,0.0,0.0,0.0,0.0,0.0,0.0,0.0,0.0,0.0,40.0,0.0
2026-09-04,3,307,Johnson,Ipswich Town,IPS,ipswich,DEF,1,0.0,0.0,0.0,0.0,0.0,0.0,0.0,0.0,0.0,0.0,0.0,0.0,0.0,0.0,0.0,40.0,0.0
2026-09-12,4,307,Johnson,Ipswich Town,IPS,ipswich,DEF,0,0.0,0.0,0.0,0.0,0.0,0.0,0.0,0.0,0.0,0.0,0.0,0.0,0.0,0.0,0.0,40.0,0.0
2026-09-19,5,307,Johnson,Ipswich Town,IPS,ipswich,DEF,0,0.0,0.0,0.0,0.0,0.0,0.0,0.0,0.0,0.0,0.0,0.0,0.0,0.0,0.0,0.0,40.0,0.0
2026-08-22,1,311,Burns,Ipswich Town,IPS,ipswich,MID,1,0.0,0.0,0.0,0.0,0.0,0.0,0.0,0.0,0.0,0.0,0.0,0.0,0.0,0.0,0.0,50.0,0.0
2026-08-30,2,311,Burns,Ipswich Town,IPS,ipswich,MID,0,0.0,0.0,0.0,0.0,0.0,0.0,0.0,0.0,0.0,0.0,0.0,0.0,0.0,0.0,0.0,50.0,0.0
2026-09-04,3,311,Burns,Ipswich Town,IPS,ipswich,MID,1,0.0,0.0,0.0,0.0,0.0,0.0,0.0,0.0,0.0,0.0,0.0,0.0,0.0,0.0,0.0,50.0,0.0
2026-09-12,4,311,Burns,Ipswich Town,IPS,ipswich,MID,0,0.0,0.0,0.0,0.0,0.0,0.0,0.0,0.0,0.0,0.0,0.0,0.0,0.0,0.0,0.0,50.0,0.0
2026-09-19,5,311,Burns,Ipswich Town,IPS,ipswich,MID,0,0.0,0.0,0.0,0.0,0.0,0.0,0.0,0.0,0.0,0.0,0.0,0.0,0.0,0.0,0.0,50.0,0.0
2026-08-22,1,309,Núñez,Ipswich Town,IPS,ipswich,MID,1,79.0,4.0,0.0,0.0,0.0,1.0,0.0,0.0,26.0,0.03,0.03,12.0,0.0,0.0,1.0,50.0,12.0
2026-08-30,2,309,Núñez,Ipswich Town,IPS,ipswich,MID,0,61.0,2.0,0.0,0.0,0.0,3.0,0.0,0.0,6.0,0.0,0.02,9.0,0.0,0.0,1.0,50.0,9.0
2026-09-04,3,309,Núñez,Ipswich Town,IPS,ipswich,MID,1,0.0,0.0,0.0,0.0,0.0,0.0,0.0,0.0,0.0,0.0,0.0,0.0,0.0,0.0,0.0,50.0,0.0
2026-09-12,4,309,Núñez,Ipswich Town,IPS,ipswich,MID,0,0.0,0.0,0.0,0.0,0.0,0.0,0.0,0.0,0.0,0.0,0.0,0.0,0.0,0.0,0.0,50.0,0.0
2026-09-19,5,309,Núñez,Ipswich Town,IPS,ipswich,MID,0,0.0,0.0,0.0,0.0,0.0,0.0,0.0,0.0,0.0,0.0,0.0,0.0,0.0,0.0,0.0,49.0,0.0
2026-08-22,1,312,Taylor,Ipswich Town,IPS,ipswich,MID,1,0.0,0.0,0.0,0.0,0.0,0.0,0.0,0.0,0.0,0.0,0.0,0.0,0.0,0.0,0.0,45.0,0.0
2026-08-30,2,312,Taylor,Ipswich Town,IPS,ipswich,MID,0,0.0,0.0,0.0,0.0,0.0,0.0,0.0,0.0,0.0,0.0,0.0,0.0,0.0,0.0,0.0,45.0,0.0
2026-09-04,3,312,Taylor,Ipswich Town,IPS,ipswich,MID,1,0.0,0.0,0.0,0.0,0.0,0.0,0.0,0.0,0.0,0.0,0.0,0.0,0.0,0.0,0.0,45.0,0.0
2026-09-12,4,312,Taylor,Ipswich Town,IPS,ipswich,MID,0,0.0,0.0,0.0,0.0,0.0,0.0,0.0,0.0,0.0,0.0,0.0,0.0,0.0,0.0,0.0,45.0,0.0
2026-09-19,5,312,Taylor,Ipswich Town,IPS,ipswich,MID,0,0.0,0.0,0.0,0.0,0.0,0.0,0.0,0.0,0.0,0.0,0.0,0.0,0.0,0.0,0.0,45.0,0.0
2026-08-22,1,313,Clarke,Ipswich Town,IPS,ipswich,MID,1,19.0,7.0,1.0,0.0,0.0,0.0,0.0,1.0,27.0,0.1,0.0,2.0,0.0,0.0,0.0,55.0,2.0
2026-08-30,2,313,Clarke,Ipswich Town,IPS,ipswich,MID,0,0.0,0.0,0.0,0.0,0.0,0.0,0.0,0.0,0.0,0.0,0.0,0.0,0.0,0.0,0.0,55.0,0.0
2026-09-04,3,313,Clarke,Ipswich Town,IPS,ipswich,MID,1,24.0,1.0,0.0,0.0,0.0,0.0,0.0,0.0,3.0,0.05,0.02,2.0,0.0,0.0,0.0,55.0,2.0
2026-09-12,4,313,Clarke,Ipswich Town,IPS,ipswich,MID,0,62.0,1.0,0.0,0.0,0.0,1.0,0.0,0.0,8.0,0.15,0.02,2.0,1.0,0.0,1.0,54.0,2.0
2026-09-19,5,313,Clarke,Ipswich Town,IPS,ipswich,MID,0,65.0,2.0,0.0,0.0,0.0,1.0,0.0,0.0,10.0,0.0,0.33,4.0,0.0,0.0,1.0,54.0,4.0
2026-08-22,1,314,Ogbene,Ipswich Town,IPS,ipswich,MID,1,0.0,0.0,0.0,0.0,0.0,0.0,0.0,0.0,0.0,0.0,0.0,0.0,0.0,0.0,0.0,50.0,0.0
2026-08-30,2,314,Ogbene,Ipswich Town,IPS,ipswich,MID,0,0.0,0.0,0.0,0.0,0.0,0.0,0.0,0.0,0.0,0.0,0.0,0.0,0.0,0.0,0.0,50.0,0.0
2026-09-04,3,314,Ogbene,Ipswich Town,IPS,ipswich,MID,1,0.0,0.0,0.0,0.0,0.0,0.0,0.0,0.0,0.0,0.0,0.0,0.0,0.0,0.0,0.0,49.0,0.0
2026-09-12,4,314,Ogbene,Ipswich Town,IPS,ipswich,MID,0,0.0,0.0,0.0,0.0,0.0,0.0,0.0,0.0,0.0,0.0,0.0,0.0,0.0,0.0,0.0,49.0,0.0
2026-09-19,5,314,Ogbene,Ipswich Town,IPS,ipswich,MID,0,0.0,0.0,0.0,0.0,0.0,0.0,0.0,0.0,0.0,0.0,0.0,0.0,0.0,0.0,0.0,49.0,0.0
2026-08-22,1,315,Fatawu,Ipswich Town,IPS,ipswich,MID,1,65.0,2.0,0.0,0.0,0.0,1.0,0.0,0.0,22.0,0.0,0.41,7.0,0.0,0.0,1.0,55.0,7.0
2026-08-30,2,315,Fatawu,Ipswich Town,IPS,ipswich,MID,0,82.0,4.0,0.0,1.0,0.0,5.0,0.0,0.0,25.0,0.0,0.22,4.0,1.0,0.0,1.0,55.0,4.0
2026-09-04,3,315,Fatawu,Ipswich Town,IPS,ipswich,MID,1,78.0,2.0,0.0,0.0,0.0,2.0,0.0,0.0,14.0,0.03,0.15,6.0,0.0,0.0,1.0,55.0,6.0
2026-09-12,4,315,Fatawu,Ipswich Town,IPS,ipswich,MID,0,61.0,1.0,0.0,0.0,0.0,1.0,0.0,0.0,6.0,0.0,0.05,7.0,1.0,0.0,1.0,55.0,7.0
2026-09-19,5,315,Fatawu,Ipswich Town,IPS,ipswich,MID,0,66.0,-1.0,0.0,0.0,0.0,1.0,0.0,0.0,4.0,0.14,0.28,4.0,0.0,1.0,1.0,54.0,4.0
2026-08-22,1,318,Philogene,Ipswich Town,IPS,ipswich,MID,1,0.0,0.0,0.0,0.0,0.0,0.0,0.0,0.0,0.0,0.0,0.0,0.0,0.0,0.0,0.0,55.0,0.0
2026-08-30,2,318,Philogene,Ipswich Town,IPS,ipswich,MID,0,0.0,0.0,0.0,0.0,0.0,0.0,0.0,0.0,0.0,0.0,0.0,0.0,0.0,0.0,0.0,55.0,0.0
2026-09-04,3,318,Philogene,Ipswich Town,IPS,ipswich,MID,1,0.0,0.0,0.0,0.0,0.0,0.0,0.0,0.0,0.0,0.0,0.0,0.0,0.0,0.0,0.0,54.0,0.0
2026-09-12,4,318,Philogene,Ipswich Town,IPS,ipswich,MID,0,28.0,1.0,0.0,0.0,0.0,1.0,0.0,0.0,6.0,0.02,0.0,3.0,0.0,0.0,0.0,54.0,3.0
2026-09-19,5,318,Philogene,Ipswich Town,IPS,ipswich,MID,0,24.0,1.0,0.0,0.0,0.0,0.0,0.0,0.0,5.0,0.06,0.01,1.0,0.0,0.0,0.0,54.0,1.0
2026-08-22,1,310,Matusiwa,Ipswich Town,IPS,ipswich,MID,1,0.0,0.0,0.0,0.0,0.0,0.0,0.0,0.0,0.0,0.0,0.0,0.0,0.0,0.0,0.0,50.0,0.0
2026-08-30,2,310,Matusiwa,Ipswich Town,IPS,ipswich,MID,0,0.0,0.0,0.0,0.0,0.0,0.0,0.0,0.0,0.0,0.0,0.0,0.0,0.0,0.0,0.0,50.0,0.0
2026-09-04,3,310,Matusiwa,Ipswich Town,IPS,ipswich,MID,1,0.0,0.0,0.0,0.0,0.0,0.0,0.0,0.0,0.0,0.0,0.0,0.0,0.0,0.0,0.0,50.0,0.0
2026-09-12,4,310,Matusiwa,Ipswich Town,IPS,ipswich,MID,0,0.0,0.0,0.0,0.0,0.0,0.0,0.0,0.0,0.0,0.0,0.0,0.0,0.0,0.0,0.0,49.0,0.0
2026-09-19,5,310,Matusiwa,Ipswich Town,IPS,ipswich,MID,0,0.0,0.0,0.0,0.0,0.0,0.0,0.0,0.0,0.0,0.0,0.0,0.0,0.0,0.0,0.0,49.0,0.0
2026-08-22,1,308,Furlong,Ipswich Town,IPS,ipswich,DEF,1,0.0,0.0,0.0,0.0,0.0,0.0,0.0,0.0,0.0,0.0,0.0,0.0,0.0,0.0,0.0,40.0,0.0
2026-08-30,2,308,Furlong,Ipswich Town,IPS,ipswich,DEF,0,17.0,1.0,0.0,0.0,0.0,1.0,0.0,0.0,-1.0,0.0,0.0,3.0,0.0,0.0,0.0,40.0,3.0
2026-09-04,3,308,Furlong,Ipswich Town,IPS,ipswich,DEF,1,0.0,0.0,0.0,0.0,0.0,0.0,0.0,0.0,0.0,0.0,0.0,0.0,0.0,0.0,0.0,40.0,0.0
2026-09-12,4,308,Furlong,Ipswich Town,IPS,ipswich,DEF,0,0.0,0.0,0.0,0.0,0.0,0.0,0.0,0.0,0.0,0.0,0.0,0.0,0.0,0.0,0.0,40.0,0.0
2026-09-19,5,308,Furlong,Ipswich Town,IPS,ipswich,DEF,0,0.0,0.0,0.0,0.0,0.0,0.0,0.0,0.0,0.0,0.0,0.0,0.0,0.0,0.0,0.0,39.0,0.0
2026-08-22,1,316,Emersonn,Ipswich Town,IPS,ipswich,FWD,1,65.0,9.0,1.0,0.0,0.0,1.0,0.0,3.0,41.0,0.82,0.06,3.0,0.0,0.0,1.0,55.0,3.0
2026-08-30,2,316,Emersonn,Ipswich Town,IPS,ipswich,FWD,0,45.0,1.0,0.0,0.0,0.0,1.0,0.0,0.0,7.0,0.0,0.0,1.0,0.0,0.0,1.0,55.0,1.0
2026-09-04,3,316,Emersonn,Ipswich Town,IPS,ipswich,FWD,1,65.0,2.0,0.0,0.0,0.0,2.0,0.0,0.0,8.0,0.22,0.0,3.0,0.0,0.0,1.0,55.0,3.0
2026-09-12,4,316,Emersonn,Ipswich Town,IPS,ipswich,FWD,0,62.0,12.0,1.0,1.0,0.0,1.0,0.0,3.0,45.0,0.44,0.05,2.0,0.0,0.0,1.0,55.0,2.0
2026-09-19,5,316,Emersonn,Ipswich Town,IPS,ipswich,FWD,0,80.0,2.0,0.0,0.0,0.0,1.0,0.0,0.0,9.0,0.13,0.01,1.0,0.0,0.0,1.0,55.0,1.0
2026-08-22,1,317,Hirst,Ipswich Town,IPS,ipswich,FWD,1,0.0,0.0,0.0,0.0,0.0,0.0,0.0,0.0,0.0,0.0,0.0,0.0,0.0,0.0,0.0,50.0,0.0
2026-08-30,2,317,Hirst,Ipswich Town,IPS,ipswich,FWD,0,0.0,0.0,0.0,0.0,0.0,0.0,0.0,0.0,0.0,0.0,0.0,0.0,0.0,0.0,0.0,50.0,0.0
2026-09-04,3,317,Hirst,Ipswich Town,IPS,ipswich,FWD,1,0.0,0.0,0.0,0.0,0.0,0.0,0.0,0.0,0.0,0.0,0.0,0.0,0.0,0.0,0.0,50.0,0.0
2026-09-12,4,317,Hirst,Ipswich Town,IPS,ipswich,FWD,0,0.0,0.0,0.0,0.0,0.0,0.0,0.0,0.0,0.0,0.0,0.0,0.0,0.0,0.0,0.0,50.0,0.0
2026-09-19,5,317,Hirst,Ipswich Town,IPS,ipswich,FWD,0,0.0,0.0,0.0,0.0,0.0,0.0,0.0,0.0,0.0,0.0,0.0,0.0,0.0,0.0,0.0,50.0,0.0
2026-08-22,1,319,Szmodics,Ipswich Town,IPS,ipswich,MID,1,0.0,0.0,0.0,0.0,0.0,0.0,0.0,0.0,0.0,0.0,0.0,0.0,0.0,0.0,0.0,50.0,0.0
2026-08-30,2,319,Szmodics,Ipswich Town,IPS,ipswich,MID,0,0.0,0.0,0.0,0.0,0.0,0.0,0.0,0.0,0.0,0.0,0.0,0.0,0.0,0.0,0.0,50.0,0.0
2026-09-04,3,319,Szmodics,Ipswich Town,IPS,ipswich,MID,1,0.0,0.0,0.0,0.0,0.0,0.0,0.0,0.0,0.0,0.0,0.0,0.0,0.0,0.0,0.0,50.0,0.0
2026-09-12,4,319,Szmodics,Ipswich Town,IPS,ipswich,MID,0,0.0,0.0,0.0,0.0,0.0,0.0,0.0,0.0,0.0,0.0,0.0,0.0,0.0,0.0,0.0,50.0,0.0
2026-09-19,5,319,Szmodics,Ipswich Town,IPS,ipswich,MID,0,0.0,0.0,0.0,0.0,0.0,0.0,0.0,0.0,0.0,0.0,0.0,0.0,0.0,0.0,0.0,50.0,0.0
2026-08-22,1,554,Van Oevelen,Ipswich Town,IPS,ipswich,GKP,1,0.0,0.0,0.0,0.0,0.0,0.0,0.0,0.0,0.0,0.0,0.0,0.0,0.0,0.0,0.0,45.0,0.0
2026-08-30,2,554,Van Oevelen,Ipswich Town,IPS,ipswich,GKP,0,0.0,0.0,0.0,0.0,0.0,0.0,0.0,0.0,0.0,0.0,0.0,0.0,0.0,0.0,0.0,45.0,0.0
2026-09-04,3,554,Van Oevelen,Ipswich Town,IPS,ipswich,GKP,1,0.0,0.0,0.0,0.0,0.0,0.0,0.0,0.0,0.0,0.0,0.0,0.0,0.0,0.0,0.0,45.0,0.0
2026-09-12,4,554,Van Oevelen,Ipswich Town,IPS,ipswich,GKP,0,0.0,0.0,0.0,0.0,0.0,0.0,0.0,0.0,0.0,0.0,0.0,0.0,0.0,0.0,0.0,45.0,0.0
2026-09-19,5,554,Van Oevelen,Ipswich Town,IPS,ipswich,GKP,0,0.0,0.0,0.0,0.0,0.0,0.0,0.0,0.0,0.0,0.0,0.0,0.0,0.0,0.0,0.0,45.0,0.0
2026-08-22,1,320,Akpom,Ipswich Town,IPS,ipswich,FWD,1,24.0,1.0,0.0,0.0,0.0,0.0,0.0,0.0,3.0,0.0,0.0,3.0,0.0,0.0,0.0,50.0,3.0
2026-08-30,2,320,Akpom,Ipswich Town,IPS,ipswich,FWD,0,45.0,5.0,1.0,0.0,0.0,4.0,0.0,0.0,30.0,0.97,0.0,0.0,0.0,0.0,0.0,50.0,0.0
2026-09-04,3,320,Akpom,Ipswich Town,IPS,ipswich,FWD,1,0.0,0.0,0.0,0.0,0.0,0.0,0.0,0.0,0.0,0.0,0.0,0.0,0.0,0.0,0.0,50.0,0.0
2026-09-12,4,320,Akpom,Ipswich Town,IPS,ipswich,FWD,0,0.0,0.0,0.0,0.0,0.0,0.0,0.0,0.0,0.0,0.0,0.0,0.0,0.0,0.0,0.0,50.0,0.0
2026-09-19,5,320,Akpom,Ipswich Town,IPS,ipswich,FWD,0,9.0,1.0,0.0,0.0,0.0,0.0,0.0,0.0,3.0,0.17,0.0,0.0,0.0,0.0,0.0,50.0,0.0
2026-08-22,1,321,Walle Egeli,Ipswich Town,IPS,ipswich,FWD,1,10.0,1.0,0.0,0.0,0.0,0.0,0.0,0.0,3.0,0.0,0.0,0.0,0.0,0.0,0.0,45.0,0.0
2026-08-30,2,321,Walle Egeli,Ipswich Town,IPS,ipswich,FWD,0,0.0,0.0,0.0,0.0,0.0,0.0,0.0,0.0,0.0,0.0,0.0,0.0,0.0,0.0,0.0,45.0,0.0
2026-09-04,3,321,Walle Egeli,Ipswich Town,IPS,ipswich,FWD,1,0.0,0.0,0.0,0.0,0.0,0.0,0.0,0.0,0.0,0.0,0.0,0.0,0.0,0.0,0.0,45.0,0.0
2026-09-12,4,321,Walle Egeli,Ipswich Town,IPS,ipswich,FWD,0,0.0,0.0,0.0,0.0,0.0,0.0,0.0,0.0,0.0,0.0,0.0,0.0,0.0,0.0,0.0,45.0,0.0
2026-09-19,5,321,Walle Egeli,Ipswich Town,IPS,ipswich,FWD,0,0.0,0.0,0.0,0.0,0.0,0.0,0.0,0.0,0.0,0.0,0.0,0.0,0.0,0.0,0.0,45.0,0.0
2026-08-22,1,322,Al-Hamadi,Ipswich Town,IPS,ipswich,FWD,1,0.0,0.0,0.0,0.0,0.0,0.0,0.0,0.0,0.0,0.0,0.0,0.0,0.0,0.0,0.0,50.0,0.0
2026-08-30,2,322,Al-Hamadi,Ipswich Town,IPS,ipswich,FWD,0,0.0,0.0,0.0,0.0,0.0,0.0,0.0,0.0,0.0,0.0,0.0,0.0,0.0,0.0,0.0,50.0,0.0
2026-09-04,3,322,Al-Hamadi,Ipswich Town,IPS,ipswich,FWD,1,0.0,0.0,0.0,0.0,0.0,0.0,0.0,0.0,0.0,0.0,0.0,0.0,0.0,0.0,0.0,50.0,0.0
2026-09-12,4,322,Al-Hamadi,Ipswich Town,IPS,ipswich,FWD,0,0.0,0.0,0.0,0.0,0.0,0.0,0.0,0.0,0.0,0.0,0.0,0.0,0.0,0.0,0.0,50.0,0.0
2026-09-19,5,322,Al-Hamadi,Ipswich Town,IPS,ipswich,FWD,0,0.0,0.0,0.0,0.0,0.0,0.0,0.0,0.0,0.0,0.0,0.0,0.0,0.0,0.0,0.0,50.0,0.0
2026-08-22,1,571,Florentino,Ipswich Town,IPS,ipswich,MID,1,0.0,0.0,0.0,0.0,0.0,0.0,0.0,0.0,0.0,0.0,0.0,0.0,0.0,0.0,0.0,50.0,0.0
2026-08-30,2,571,Florentino,Ipswich Town,IPS,ipswich,MID,0,0.0,0.0,0.0,0.0,0.0,0.0,0.0,0.0,0.0,0.0,0.0,0.0,0.0,0.0,0.0,50.0,0.0
2026-09-04,3,571,Florentino,Ipswich Town,IPS,ipswich,MID,1,0.0,0.0,0.0,0.0,0.0,0.0,0.0,0.0,0.0,0.0,0.0,0.0,0.0,0.0,0.0,49.0,0.0
2026-09-12,4,571,Florentino,Ipswich Town,IPS,ipswich,MID,0,13.0,1.0,0.0,0.0,0.0,0.0,0.0,0.0,8.0,0.0,0.01,2.0,0.0,0.0,0.0,49.0,2.0
2026-09-19,5,571,Florentino,Ipswich Town,IPS,ipswich,MID,0,17.0,1.0,0.0,0.0,0.0,0.0,0.0,0.0,1.0,0.0,0.0,0.0,0.0,0.0,0.0,49.0,0.0
2026-08-22,1,323,McAteer,Ipswich Town,IPS,ipswich,MID,1,24.0,1.0,0.0,0.0,0.0,0.0,0.0,0.0,4.0,0.0,0.0,3.0,0.0,0.0,0.0,45.0,3.0
2026-08-30,2,323,McAteer,Ipswich Town,IPS,ipswich,MID,0,7.0,1.0,0.0,0.0,0.0,0.0,0.0,0.0,3.0,0.0,0.0,1.0,0.0,0.0,0.0,45.0,1.0
2026-09-04,3,323,McAteer,Ipswich Town,IPS,ipswich,MID,1,11.0,1.0,0.0,0.0,0.0,0.0,0.0,0.0,5.0,0.05,0.0,1.0,0.0,0.0,0.0,45.0,1.0
2026-09-12,4,323,McAteer,Ipswich Town,IPS,ipswich,MID,0,0.0,0.0,0.0,0.0,0.0,0.0,0.0,0.0,0.0,0.0,0.0,0.0,0.0,0.0,0.0,45.0,0.0
2026-09-19,5,323,McAteer,Ipswich Town,IPS,ipswich,MID,0,0.0,0.0,0.0,0.0,0.0,0.0,0.0,0.0,0.0,0.0,0.0,0.0,0.0,0.0,0.0,45.0,0.0
2026-08-22,1,564,Scherpen,Ipswich Town,IPS,ipswich,GKP,1,90.0,2.0,0.0,0.0,0.0,1.0,2.0,0.0,12.0,0.0,0.0,0.0,0.0,0.0,1.0,45.0,0.0
2026-08-30,2,564,Scherpen,Ipswich Town,IPS,ipswich,GKP,0,90.0,2.0,0.0,0.0,0.0,5.0,6.0,0.0,9.0,0.0,0.01,0.0,0.0,0.0,1.0,45.0,0.0
2026-09-04,3,564,Scherpen,Ipswich Town,IPS,ipswich,GKP,1,90.0,2.0,0.0,0.0,0.0,2.0,5.0,0.0,13.0,0.0,0.0,0.0,0.0,0.0,1.0,45.0,0.0
2026-09-12,4,564,Scherpen,Ipswich Town,IPS,ipswich,GKP,0,90.0,1.0,0.0,0.0,0.0,2.0,2.0,0.0,6.0,0.0,0.0,0.0,0.0,0.0,1.0,45.0,0.0
2026-09-19,5,564,Scherpen,Ipswich Town,IPS,ipswich,GKP,0,0.0,0.0,0.0,0.0,0.0,0.0,0.0,0.0,0.0,0.0,0.0,0.0,0.0,0.0,0.0,45.0,0.0
2026-08-22,1,592,Ouattara,Ipswich Town,IPS,ipswich,DEF,1,10.0,1.0,0.0,0.0,0.0,0.0,0.0,0.0,4.0,0.0,0.0,2.0,0.0,0.0,0.0,40.0,2.0
2026-08-30,2,592,Ouattara,Ipswich Town,IPS,ipswich,DEF,0,17.0,1.0,0.0,0.0,0.0,1.0,0.0,0.0,-1.0,0.0,0.0,0.0,0.0,0.0,0.0,40.0,0.0
2026-09-04,3,592,Ouattara,Ipswich Town,IPS,ipswich,DEF,1,12.0,1.0,0.0,0.0,0.0,0.0,0.0,0.0,4.0,0.0,0.02,0.0,0.0,0.0,0.0,40.0,0.0
2026-09-12,4,592,Ouattara,Ipswich Town,IPS,ipswich,DEF,0,2.0,1.0,0.0,0.0,0.0,0.0,0.0,0.0,5.0,0.0,0.0,1.0,0.0,0.0,0.0,40.0,1.0
2026-09-19,5,592,Ouattara,Ipswich Town,IPS,ipswich,DEF,0,90.0,2.0,0.0,0.0,0.0,1.0,0.0,0.0,17.0,0.02,0.01,8.0,0.0,0.0,1.0,40.0,8.0
2026-08-22,1,602,Humphreys,Ipswich Town,IPS,ipswich,MID,1,0.0,0.0,0.0,0.0,0.0,0.0,0.0,0.0,0.0,0.0,0.0,0.0,0.0,0.0,0.0,45.0,0.0
2026-08-30,2,602,Humphreys,Ipswich Town,IPS,ipswich,MID,0,0.0,0.0,0.0,0.0,0.0,0.0,0.0,0.0,0.0,0.0,0.0,0.0,0.0,0.0,0.0,45.0,0.0
2026-09-04,3,602,Humphreys,Ipswich Town,IPS,ipswich,MID,1,0.0,0.0,0.0,0.0,0.0,0.0,0.0,0.0,0.0,0.0,0.0,0.0,0.0,0.0,0.0,45.0,0.0
2026-09-12,4,602,Humphreys,Ipswich Town,IPS,ipswich,MID,0,0.0,0.0,0.0,0.0,0.0,0.0,0.0,0.0,0.0,0.0,0.0,0.0,0.0,0.0,0.0,45.0,0.0
2026-09-19,5,602,Humphreys,Ipswich Town,IPS,ipswich,MID,0,0.0,0.0,0.0,0.0,0.0,0.0,0.0,0.0,0.0,0.0,0.0,0.0,0.0,0.0,0.0,45.0,0.0
2026-08-22,1,562,Maeda,Ipswich Town,IPS,ipswich,MID,1,79.0,2.0,0.0,0.0,0.0,1.0,0.0,0.0,7.0,0.61,0.0,9.0,0.0,0.0,1.0,55.0,9.0
2026-08-30,2,562,Maeda,Ipswich Town,IPS,ipswich,MID,0,72.0,2.0,0.0,0.0,0.0,4.0,0.0,0.0,10.0,0.06,0.01,5.0,0.0,0.0,1.0,55.0,5.0
2026-09-04,3,562,Maeda,Ipswich Town,IPS,ipswich,MID,1,65.0,2.0,0.0,0.0,0.0,2.0,0.0,0.0,9.0,0.04,0.0,5.0,0.0,0.0,1.0,55.0,5.0
2026-09-12,4,562,Maeda,Ipswich Town,IPS,ipswich,MID,0,27.0,1.0,0.0,0.0,0.0,1.0,0.0,0.0,1.0,0.0,0.0,0.0,0.0,0.0,0.0,54.0,0.0
2026-09-19,5,562,Maeda,Ipswich Town,IPS,ipswich,MID,0,16.0,1.0,0.0,0.0,0.0,0.0,0.0,0.0,5.0,0.0,0.01,1.0,0.0,0.0,0.0,54.0,1.0
2026-08-22,1,591,Enciso,Ipswich Town,IPS,ipswich,MID,1,70.0,5.0,0.0,1.0,0.0,1.0,0.0,0.0,24.0,0.23,0.31,8.0,0.0,0.0,1.0,55.0,8.0
2026-08-30,2,591,Enciso,Ipswich Town,IPS,ipswich,MID,0,90.0,5.0,0.0,1.0,0.0,5.0,0.0,0.0,25.0,0.4,0.31,8.0,0.0,0.0,1.0,55.0,8.0
2026-09-04,3,591,Enciso,Ipswich Town,IPS,ipswich,MID,1,90.0,1.0,0.0,0.0,0.0,2.0,0.0,0.0,16.0,0.24,0.02,5.0,1.0,0.0,1.0,55.0,5.0
2026-09-12,4,591,Enciso,Ipswich Town,IPS,ipswich,MID,0,90.0,2.0,0.0,0.0,0.0,2.0,0.0,0.0,7.0,0.05,0.2,5.0,0.0,0.0,1.0,55.0,5.0
2026-09-19,5,591,Enciso,Ipswich Town,IPS,ipswich,MID,0,73.0,2.0,0.0,0.0,0.0,1.0,0.0,0.0,11.0,0.34,0.05,5.0,0.0,0.0,1.0,55.0,5.0
2026-08-22,1,324,Mehmeti,Ipswich Town,IPS,ipswich,MID,1,0.0,0.0,0.0,0.0,0.0,0.0,0.0,0.0,0.0,0.0,0.0,0.0,0.0,0.0,0.0,50.0,0.0
2026-08-30,2,324,Mehmeti,Ipswich Town,IPS,ipswich,MID,0,0.0,0.0,0.0,0.0,0.0,0.0,0.0,0.0,0.0,0.0,0.0,0.0,0.0,0.0,0.0,50.0,0.0
2026-09-04,3,324,Mehmeti,Ipswich Town,IPS,ipswich,MID,1,0.0,0.0,0.0,0.0,0.0,0.0,0.0,0.0,0.0,0.0,0.0,0.0,0.0,0.0,0.0,49.0,0.0
2026-09-12,4,324,Mehmeti,Ipswich Town,IPS,ipswich,MID,0,0.0,0.0,0.0,0.0,0.0,0.0,0.0,0.0,0.0,0.0,0.0,0.0,0.0,0.0,0.0,49.0,0.0
2026-09-19,5,324,Mehmeti,Ipswich Town,IPS,ipswich,MID,0,0.0,0.0,0.0,0.0,0.0,0.0,0.0,0.0,0.0,0.0,0.0,0.0,0.0,0.0,0.0,49.0,0.0
2026-08-22,1,260,Wilson,Leeds,LEE,leeds,MID,0,65.0,3.0,0.0,0.0,1.0,0.0,0.0,0.0,8.0,0.0,0.02,2.0,0.0,0.0,1.0,65.0,2.0
2026-08-30,2,260,Wilson,Leeds,LEE,leeds,MID,1,45.0,1.0,0.0,0.0,0.0,0.0,0.0,0.0,7.0,0.01,0.04,6.0,0.0,0.0,0.0,65.0,6.0
2026-09-05,3,260,Wilson,Leeds,LEE,leeds,MID,0,17.0,0.0,0.0,0.0,0.0,0.0,0.0,0.0,0.0,0.0,0.0,1.0,1.0,0.0,0.0,64.0,1.0
2026-09-14,4,260,Wilson,Leeds,LEE,leeds,MID,1,18.0,1.0,0.0,0.0,0.0,1.0,0.0,0.0,4.0,0.0,0.03,2.0,0.0,0.0,0.0,63.0,2.0
2026-09-20,5,260,Wilson,Leeds,LEE,leeds,MID,1,0.0,0.0,0.0,0.0,0.0,0.0,0.0,0.0,0.0,0.0,0.0,0.0,0.0,0.0,0.0,62.0,0.0
2026-08-30,2,619,Palacios,Ipswich Town,IPS,ipswich,MID,0,28.0,1.0,0.0,0.0,0.0,2.0,0.0,0.0,11.0,0.0,0.01,6.0,0.0,0.0,0.0,50.0,6.0
2026-09-04,3,619,Palacios,Ipswich Town,IPS,ipswich,MID,1,77.0,4.0,0.0,0.0,0.0,2.0,0.0,0.0,24.0,0.0,0.02,19.0,0.0,0.0,1.0,50.0,19.0
2026-09-12,4,619,Palacios,Ipswich Town,IPS,ipswich,MID,0,90.0,4.0,0.0,0.0,0.0,2.0,0.0,0.0,14.0,0.0,0.04,13.0,0.0,0.0,1.0,50.0,13.0
2026-09-19,5,619,Palacios,Ipswich Town,IPS,ipswich,MID,0,80.0,2.0,0.0,0.0,0.0,1.0,0.0,0.0,15.0,0.0,0.02,6.0,0.0,0.0,1.0,50.0,6.0
2026-08-22,1,329,Rodon,Leeds,LEE,leeds,DEF,0,90.0,6.0,0.0,0.0,1.0,0.0,0.0,0.0,21.0,0.03,0.06,7.0,0.0,0.0,1.0,45.0,7.0
2026-08-30,2,329,Rodon,Leeds,LEE,leeds,DEF,1,33.0,1.0,0.0,0.0,0.0,0.0,0.0,0.0,4.0,0.0,0.0,4.0,0.0,0.0,1.0,45.0,4.0
2026-09-05,3,329,Rodon,Leeds,LEE,leeds,DEF,0,0.0,0.0,0.0,0.0,0.0,0.0,0.0,0.0,0.0,0.0,0.0,0.0,0.0,0.0,0.0,45.0,0.0
2026-09-14,4,329,Rodon,Leeds,LEE,leeds,DEF,1,0.0,0.0,0.0,0.0,0.0,0.0,0.0,0.0,0.0,0.0,0.0,0.0,0.0,0.0,0.0,44.0,0.0
2026-09-20,5,329,Rodon,Leeds,LEE,leeds,DEF,1,0.0,0.0,0.0,0.0,0.0,0.0,0.0,0.0,0.0,0.0,0.0,0.0,0.0,0.0,0.0,44.0,0.0
2026-09-04,3,640,Flemming,Ipswich Town,IPS,ipswich,FWD,1,24.0,1.0,0.0,0.0,0.0,0.0,0.0,0.0,4.0,0.02,0.01,0.0,0.0,0.0,0.0,55.0,0.0
2026-09-12,4,640,Flemming,Ipswich Town,IPS,ipswich,FWD,0,27.0,5.0,1.0,0.0,0.0,1.0,0.0,0.0,32.0,0.52,0.0,2.0,0.0,0.0,0.0,55.0,2.0
2026-09-19,5,640,Flemming,Ipswich Town,IPS,ipswich,FWD,0,9.0,0.0,0.0,0.0,0.0,0.0,0.0,0.0,-2.0,0.1,0.0,3.0,1.0,0.0,0.0,55.0,3.0
2026-08-22,1,326,Perri,Leeds,LEE,leeds,GKP,0,0.0,0.0,0.0,0.0,0.0,0.0,0.0,0.0,0.0,0.0,0.0,0.0,0.0,0.0,0.0,45.0,0.0
2026-08-30,2,326,Perri,Leeds,LEE,leeds,GKP,1,0.0,0.0,0.0,0.0,0.0,0.0,0.0,0.0,0.0,0.0,0.0,0.0,0.0,0.0,0.0,45.0,0.0
2026-09-05,3,326,Perri,Leeds,LEE,leeds,GKP,0,0.0,0.0,0.0,0.0,0.0,0.0,0.0,0.0,0.0,0.0,0.0,0.0,0.0,0.0,0.0,45.0,0.0
2026-09-14,4,326,Perri,Leeds,LEE,leeds,GKP,1,0.0,0.0,0.0,0.0,0.0,0.0,0.0,0.0,0.0,0.0,0.0,0.0,0.0,0.0,0.0,45.0,0.0
2026-09-20,5,326,Perri,Leeds,LEE,leeds,GKP,1,0.0,0.0,0.0,0.0,0.0,0.0,0.0,0.0,0.0,0.0,0.0,0.0,0.0,0.0,0.0,45.0,0.0
2026-08-22,1,330,Bogle,Leeds,LEE,leeds,DEF,0,90.0,6.0,0.0,0.0,1.0,0.0,0.0,0.0,24.0,0.0,0.0,3.0,0.0,0.0,1.0,45.0,3.0
2026-08-30,2,330,Bogle,Leeds,LEE,leeds,DEF,1,67.0,2.0,0.0,0.0,0.0,1.0,0.0,0.0,9.0,0.0,0.01,7.0,0.0,0.0,1.0,45.0,7.0
2026-09-05,3,330,Bogle,Leeds,LEE,leeds,DEF,0,60.0,14.0,1.0,0.0,1.0,0.0,0.0,3.0,30.0,0.9,0.02,2.0,1.0,0.0,1.0,45.0,2.0
2026-09-14,4,330,Bogle,Leeds,LEE,leeds,DEF,1,82.0,15.0,1.0,0.0,1.0,0.0,0.0,3.0,45.0,0.41,0.05,3.0,0.0,0.0,1.0,45.0,3.0
2026-09-20,5,330,Bogle,Leeds,LEE,leeds,DEF,1,66.0,5.0,0.0,0.0,1.0,0.0,0.0,0.0,14.0,0.07,0.0,1.0,1.0,0.0,1.0,46.0,1.0
2026-08-22,1,334,Muharemović,Leeds,LEE,leeds,DEF,0,90.0,6.0,0.0,0.0,1.0,0.0,0.0,0.0,25.0,0.09,0.0,7.0,0.0,0.0,1.0,50.0,7.0
2026-08-30,2,334,Muharemović,Leeds,LEE,leeds,DEF,1,90.0,4.0,0.0,0.0,0.0,1.0,0.0,0.0,17.0,0.0,0.01,19.0,0.0,0.0,1.0,50.0,19.0
2026-09-05,3,334,Muharemović,Leeds,LEE,leeds,DEF,0,90.0,4.0,0.0,0.0,0.0,1.0,0.0,0.0,10.0,0.0,0.01,13.0,0.0,0.0,1.0,50.0,13.0
2026-09-14,4,334,Muharemović,Leeds,LEE,leeds,DEF,1,90.0,7.0,0.0,1.0,0.0,1.0,0.0,0.0,27.0,0.0,0.02,11.0,0.0,0.0,1.0,50.0,11.0
2026-09-20,5,334,Muharemović,Leeds,LEE,leeds,DEF,1,90.0,6.0,0.0,0.0,1.0,0.0,0.0,0.0,22.0,0.4,0.01,8.0,0.0,0.0,1.0,50.0,8.0
2026-08-22,1,327,Bijol,Leeds,LEE,leeds,DEF,0,90.0,10.0,0.0,0.0,1.0,0.0,0.0,2.0,28.0,0.11,0.0,12.0,0.0,0.0,1.0,50.0,12.0
2026-08-30,2,327,Bijol,Leeds,LEE,leeds,DEF,1,45.0,1.0,0.0,0.0,0.0,1.0,0.0,0.0,0.0,0.0,0.0,5.0,0.0,0.0,1.0,50.0,5.0
2026-09-05,3,327,Bijol,Leeds,LEE,leeds,DEF,0,29.0,1.0,0.0,0.0,0.0,1.0,0.0,0.0,1.0,0.0,0.0,4.0,0.0,0.0,0.0,50.0,4.0
2026-09-14,4,327,Bijol,Leeds,LEE,leeds,DEF,1,0.0,0.0,0.0,0.0,0.0,0.0,0.0,0.0,0.0,0.0,0.0,0.0,0.0,0.0,0.0,50.0,0.0
2026-09-20,5,327,Bijol,Leeds,LEE,leeds,DEF,1,0.0,0.0,0.0,0.0,0.0,0.0,0.0,0.0,0.0,0.0,0.0,0.0,0.0,0.0,0.0,50.0,0.0
2026-08-22,1,336,Okafor,Leeds,LEE,leeds,MID,0,24.0,1.0,0.0,0.0,0.0,0.0,0.0,0.0,10.0,0.0,0.16,5.0,0.0,0.0,0.0,60.0,5.0
2026-08-30,2,336,Okafor,Leeds,LEE,leeds,MID,1,68.0,2.0,0.0,0.0,0.0,1.0,0.0,0.0,11.0,0.08,0.01,2.0,0.0,0.0,1.0,60.0,2.0
2026-09-05,3,336,Okafor,Leeds,LEE,leeds,MID,0,61.0,3.0,0.0,0.0,1.0,0.0,0.0,0.0,9.0,0.0,0.01,0.0,0.0,0.0,1.0,59.0,0.0
2026-09-14,4,336,Okafor,Leeds,LEE,leeds,MID,1,71.0,9.0,1.0,0.0,1.0,0.0,0.0,1.0,35.0,0.07,0.08,6.0,0.0,0.0,1.0,59.0,6.0
2026-09-20,5,336,Okafor,Leeds,LEE,leeds,MID,1,75.0,3.0,0.0,0.0,1.0,0.0,0.0,0.0,17.0,0.02,0.01,5.0,0.0,0.0,1.0,58.0,5.0
2026-08-22,1,331,Gudmundsson,Leeds,LEE,leeds,DEF,0,0.0,0.0,0.0,0.0,0.0,0.0,0.0,0.0,0.0,0.0,0.0,0.0,0.0,0.0,0.0,45.0,0.0
2026-08-30,2,331,Gudmundsson,Leeds,LEE,leeds,DEF,1,0.0,0.0,0.0,0.0,0.0,0.0,0.0,0.0,0.0,0.0,0.0,0.0,0.0,0.0,0.0,45.0,0.0
2026-09-05,3,331,Gudmundsson,Leeds,LEE,leeds,DEF,0,90.0,2.0,0.0,0.0,0.0,1.0,0.0,0.0,9.0,0.0,0.0,5.0,0.0,0.0,1.0,45.0,5.0
2026-09-14,4,331,Gudmundsson,Leeds,LEE,leeds,DEF,1,72.0,6.0,0.0,0.0,1.0,0.0,0.0,0.0,26.0,0.0,0.18,4.0,0.0,0.0,1.0,45.0,4.0
2026-09-20,5,331,Gudmundsson,Leeds,LEE,leeds,DEF,1,90.0,6.0,0.0,0.0,1.0,0.0,0.0,0.0,27.0,0.0,0.03,5.0,0.0,0.0,1.0,45.0,5.0
2026-08-22,1,332,Justin,Leeds,LEE,leeds,DEF,0,90.0,10.0,0.0,0.0,1.0,0.0,0.0,2.0,28.0,0.0,0.01,12.0,0.0,0.0,1.0,45.0,12.0
2026-08-30,2,332,Justin,Leeds,LEE,leeds,DEF,1,90.0,2.0,0.0,0.0,0.0,1.0,0.0,0.0,12.0,0.03,0.01,8.0,0.0,0.0,1.0,45.0,8.0
2026-09-05,3,332,Justin,Leeds,LEE,leeds,DEF,0,90.0,4.0,0.0,0.0,0.0,1.0,0.0,0.0,9.0,0.14,0.0,10.0,0.0,0.0,1.0,45.0,10.0
2026-09-14,4,332,Justin,Leeds,LEE,leeds,DEF,1,90.0,2.0,0.0,0.0,0.0,1.0,0.0,0.0,11.0,0.0,0.28,5.0,0.0,0.0,1.0,45.0,5.0
2026-09-20,5,332,Justin,Leeds,LEE,leeds,DEF,1,90.0,8.0,0.0,0.0,1.0,0.0,0.0,2.0,31.0,0.05,0.12,9.0,0.0,0.0,1.0,45.0,9.0
2026-08-22,1,335,Stach,Leeds,LEE,leeds,MID,0,90.0,13.0,1.0,0.0,1.0,0.0,0.0,3.0,37.0,0.1,0.05,16.0,0.0,0.0,1.0,60.0,16.0
2026-08-30,2,335,Stach,Leeds,LEE,leeds,MID,1,90.0,4.0,0.0,0.0,0.0,1.0,0.0,0.0,13.0,0.07,0.01,16.0,0.0,0.0,1.0,60.0,16.0
2026-09-05,3,335,Stach,Leeds,LEE,leeds,MID,0,90.0,2.0,0.0,0.0,0.0,1.0,0.0,0.0,7.0,0.32,0.1,6.0,0.0,0.0,1.0,60.0,6.0
2026-09-14,4,335,Stach,Leeds,LEE,leeds,MID,1,87.0,3.0,0.0,0.0,1.0,0.0,0.0,0.0,16.0,0.43,0.07,10.0,0.0,0.0,1.0,60.0,10.0
2026-09-20,5,335,Stach,Leeds,LEE,leeds,MID,1,90.0,5.0,0.0,0.0,1.0,0.0,0.0,0.0,13.0,0.05,0.08,13.0,0.0,0.0,1.0,60.0,13.0
2026-08-22,1,333,Bornauw,Leeds,LEE,leeds,DEF,0,0.0,0.0,0.0,0.0,0.0,0.0,0.0,0.0,0.0,0.0,0.0,0.0,0.0,0.0,0.0,45.0,0.0
2026-08-30,2,333,Bornauw,Leeds,LEE,leeds,DEF,1,0.0,0.0,0.0,0.0,0.0,0.0,0.0,0.0,0.0,0.0,0.0,0.0,0.0,0.0,0.0,45.0,0.0
2026-09-05,3,333,Bornauw,Leeds,LEE,leeds,DEF,0,0.0,0.0,0.0,0.0,0.0,0.0,0.0,0.0,0.0,0.0,0.0,0.0,0.0,0.0,0.0,45.0,0.0
2026-09-14,4,333,Bornauw,Leeds,LEE,leeds,DEF,1,0.0,0.0,0.0,0.0,0.0,0.0,0.0,0.0,0.0,0.0,0.0,0.0,0.0,0.0,0.0,45.0,0.0
2026-09-20,5,333,Bornauw,Leeds,LEE,leeds,DEF,1,0.0,0.0,0.0,0.0,0.0,0.0,0.0,0.0,0.0,0.0,0.0,0.0,0.0,0.0,0.0,45.0,0.0
2026-08-22,1,337,Aaronson,Leeds,LEE,leeds,MID,0,81.0,3.0,0.0,0.0,1.0,0.0,0.0,0.0,16.0,0.01,0.01,7.0,0.0,0.0,1.0,55.0,7.0
2026-08-30,2,337,Aaronson,Leeds,LEE,leeds,MID,1,45.0,1.0,0.0,0.0,0.0,1.0,0.0,0.0,6.0,0.0,0.01,3.0,0.0,0.0,1.0,55.0,3.0
2026-09-05,3,337,Aaronson,Leeds,LEE,leeds,MID,0,28.0,1.0,0.0,0.0,0.0,1.0,0.0,0.0,5.0,0.0,0.0,0.0,0.0,0.0,0.0,55.0,0.0
2026-09-14,4,337,Aaronson,Leeds,LEE,leeds,MID,1,18.0,1.0,0.0,0.0,0.0,1.0,0.0,0.0,4.0,0.0,0.0,1.0,0.0,0.0,0.0,54.0,1.0
2026-09-20,5,337,Aaronson,Leeds,LEE,leeds,MID,1,22.0,1.0,0.0,0.0,0.0,0.0,0.0,0.0,5.0,0.0,0.0,4.0,0.0,0.0,0.0,54.0,4.0
2026-08-22,1,338,Ampadu,Leeds,LEE,leeds,MID,0,90.0,5.0,0.0,0.0,1.0,0.0,0.0,0.0,18.0,0.0,0.04,13.0,0.0,0.0,1.0,55.0,13.0
2026-08-30,2,338,Ampadu,Leeds,LEE,leeds,MID,1,90.0,2.0,0.0,0.0,0.0,1.0,0.0,0.0,12.0,0.01,0.09,10.0,0.0,0.0,1.0,55.0,10.0
2026-09-05,3,338,Ampadu,Leeds,LEE,leeds,MID,0,90.0,2.0,0.0,0.0,0.0,1.0,0.0,0.0,13.0,0.0,0.01,11.0,0.0,0.0,1.0,55.0,11.0
2026-09-14,4,338,Ampadu,Leeds,LEE,leeds,MID,1,90.0,7.0,0.0,1.0,0.0,1.0,0.0,0.0,25.0,0.07,0.02,12.0,0.0,0.0,1.0,54.0,12.0
2026-09-20,5,338,Ampadu,Leeds,LEE,leeds,MID,1,90.0,5.0,0.0,0.0,1.0,0.0,0.0,0.0,19.0,0.0,0.1,14.0,0.0,0.0,1.0,54.0,14.0
2026-08-22,1,341,Gnonto,Leeds,LEE,leeds,MID,0,0.0,0.0,0.0,0.0,0.0,0.0,0.0,0.0,0.0,0.0,0.0,0.0,0.0,0.0,0.0,50.0,0.0
2026-08-30,2,341,Gnonto,Leeds,LEE,leeds,MID,1,0.0,0.0,0.0,0.0,0.0,0.0,0.0,0.0,0.0,0.0,0.0,0.0,0.0,0.0,0.0,50.0,0.0
2026-09-05,3,341,Gnonto,Leeds,LEE,leeds,MID,0,0.0,0.0,0.0,0.0,0.0,0.0,0.0,0.0,0.0,0.0,0.0,0.0,0.0,0.0,0.0,50.0,0.0
2026-09-14,4,341,Gnonto,Leeds,LEE,leeds,MID,1,0.0,0.0,0.0,0.0,0.0,0.0,0.0,0.0,0.0,0.0,0.0,0.0,0.0,0.0,0.0,50.0,0.0
2026-09-20,5,341,Gnonto,Leeds,LEE,leeds,MID,1,0.0,0.0,0.0,0.0,0.0,0.0,0.0,0.0,0.0,0.0,0.0,0.0,0.0,0.0,0.0,50.0,0.0
2026-08-22,1,339,Longstaff,Leeds,LEE,leeds,MID,0,8.0,1.0,0.0,0.0,0.0,0.0,0.0,0.0,3.0,0.0,0.0,0.0,0.0,0.0,0.0,50.0,0.0
2026-08-30,2,339,Longstaff,Leeds,LEE,leeds,MID,1,0.0,0.0,0.0,0.0,0.0,0.0,0.0,0.0,0.0,0.0,0.0,0.0,0.0,0.0,0.0,50.0,0.0
2026-09-05,3,339,Longstaff,Leeds,LEE,leeds,MID,0,0.0,0.0,0.0,0.0,0.0,0.0,0.0,0.0,0.0,0.0,0.0,0.0,0.0,0.0,0.0,50.0,0.0
2026-09-14,4,339,Longstaff,Leeds,LEE,leeds,MID,1,2.0,1.0,0.0,0.0,0.0,1.0,0.0,0.0,4.0,0.0,0.0,0.0,0.0,0.0,0.0,49.0,0.0
2026-09-20,5,339,Longstaff,Leeds,LEE,leeds,MID,1,0.0,0.0,0.0,0.0,0.0,0.0,0.0,0.0,0.0,0.0,0.0,0.0,0.0,0.0,0.0,49.0,0.0
2026-08-22,1,346,Calvert-Lewin,Leeds,LEE,leeds,FWD,0,90.0,1.0,0.0,0.0,1.0,0.0,0.0,0.0,-2.0,0.13,0.0,2.0,1.0,0.0,1.0,60.0,2.0
2026-08-30,2,346,Calvert-Lewin,Leeds,LEE,leeds,FWD,1,90.0,8.0,1.0,0.0,0.0,1.0,0.0,2.0,31.0,0.92,0.02,4.0,0.0,0.0,1.0,60.0,4.0
2026-09-05,3,346,Calvert-Lewin,Leeds,LEE,leeds,FWD,0,72.0,1.0,0.0,0.0,0.0,1.0,0.0,0.0,0.0,0.56,0.06,3.0,1.0,0.0,1.0,60.0,3.0
2026-09-14,4,346,Calvert-Lewin,Leeds,LEE,leeds,FWD,1,77.0,10.0,1.0,1.0,1.0,0.0,0.0,2.0,37.0,0.87,0.0,5.0,1.0,0.0,1.0,60.0,5.0
2026-09-20,5,346,Calvert-Lewin,Leeds,LEE,leeds,FWD,1,90.0,2.0,0.0,0.0,1.0,0.0,0.0,0.0,7.0,0.52,0.0,8.0,0.0,0.0,1.0,60.0,8.0
2026-08-22,1,342,Harrison,Leeds,LEE,leeds,MID,0,0.0,0.0,0.0,0.0,0.0,0.0,0.0,0.0,0.0,0.0,0.0,0.0,0.0,0.0,0.0,50.0,0.0
2026-08-30,2,342,Harrison,Leeds,LEE,leeds,MID,1,0.0,0.0,0.0,0.0,0.0,0.0,0.0,0.0,0.0,0.0,0.0,0.0,0.0,0.0,0.0,50.0,0.0
2026-09-05,3,342,Harrison,Leeds,LEE,leeds,MID,0,0.0,0.0,0.0,0.0,0.0,0.0,0.0,0.0,0.0,0.0,0.0,0.0,0.0,0.0,0.0,50.0,0.0
2026-09-14,4,342,Harrison,Leeds,LEE,leeds,MID,1,0.0,0.0,0.0,0.0,0.0,0.0,0.0,0.0,0.0,0.0,0.0,0.0,0.0,0.0,0.0,50.0,0.0
2026-09-20,5,342,Harrison,Leeds,LEE,leeds,MID,1,0.0,0.0,0.0,0.0,0.0,0.0,0.0,0.0,0.0,0.0,0.0,0.0,0.0,0.0,0.0,50.0,0.0
2026-08-22,1,348,Piroe,Leeds,LEE,leeds,FWD,0,0.0,0.0,0.0,0.0,0.0,0.0,0.0,0.0,0.0,0.0,0.0,0.0,0.0,0.0,0.0,50.0,0.0
2026-08-30,2,348,Piroe,Leeds,LEE,leeds,FWD,1,0.0,0.0,0.0,0.0,0.0,0.0,0.0,0.0,0.0,0.0,0.0,0.0,0.0,0.0,0.0,50.0,0.0
2026-09-05,3,348,Piroe,Leeds,LEE,leeds,FWD,0,0.0,0.0,0.0,0.0,0.0,0.0,0.0,0.0,0.0,0.0,0.0,0.0,0.0,0.0,0.0,50.0,0.0
2026-09-14,4,348,Piroe,Leeds,LEE,leeds,FWD,1,0.0,0.0,0.0,0.0,0.0,0.0,0.0,0.0,0.0,0.0,0.0,0.0,0.0,0.0,0.0,50.0,0.0
2026-09-20,5,348,Piroe,Leeds,LEE,leeds,FWD,1,0.0,0.0,0.0,0.0,0.0,0.0,0.0,0.0,0.0,0.0,0.0,0.0,0.0,0.0,0.0,50.0,0.0
2026-08-22,1,345,Tanaka,Leeds,LEE,leeds,MID,0,0.0,0.0,0.0,0.0,0.0,0.0,0.0,0.0,0.0,0.0,0.0,0.0,0.0,0.0,0.0,50.0,0.0
2026-08-30,2,345,Tanaka,Leeds,LEE,leeds,MID,1,45.0,1.0,0.0,0.0,0.0,0.0,0.0,0.0,6.0,0.0,0.01,11.0,0.0,0.0,0.0,50.0,11.0
2026-09-05,3,345,Tanaka,Leeds,LEE,leeds,MID,0,72.0,5.0,0.0,1.0,0.0,1.0,0.0,0.0,18.0,0.53,0.01,8.0,0.0,0.0,1.0,49.0,8.0
2026-09-14,4,345,Tanaka,Leeds,LEE,leeds,MID,1,71.0,6.0,0.0,1.0,1.0,0.0,0.0,0.0,24.0,0.06,0.03,5.0,0.0,0.0,1.0,49.0,5.0
2026-09-20,5,345,Tanaka,Leeds,LEE,leeds,MID,1,67.0,2.0,0.0,0.0,1.0,0.0,0.0,0.0,0.0,0.14,0.0,5.0,1.0,0.0,1.0,49.0,5.0
2026-08-22,1,347,Nmecha,Leeds,LEE,leeds,FWD,0,0.0,0.0,0.0,0.0,0.0,0.0,0.0,0.0,0.0,0.0,0.0,0.0,0.0,0.0,0.0,55.0,0.0
2026-08-30,2,347,Nmecha,Leeds,LEE,leeds,FWD,1,21.0,4.0,0.0,1.0,0.0,0.0,0.0,0.0,18.0,0.1,0.0,1.0,0.0,0.0,0.0,55.0,1.0
2026-09-05,3,347,Nmecha,Leeds,LEE,leeds,FWD,0,17.0,1.0,0.0,0.0,0.0,0.0,0.0,0.0,2.0,0.17,0.14,0.0,0.0,0.0,0.0,55.0,0.0
2026-09-14,4,347,Nmecha,Leeds,LEE,leeds,FWD,1,12.0,1.0,0.0,0.0,0.0,1.0,0.0,0.0,4.0,0.0,0.01,1.0,0.0,0.0,0.0,54.0,1.0
2026-09-20,5,347,Nmecha,Leeds,LEE,leeds,FWD,1,14.0,1.0,0.0,0.0,0.0,0.0,0.0,0.0,4.0,0.0,0.0,2.0,0.0,0.0,0.0,54.0,2.0
2026-08-22,1,344,Gruev,Leeds,LEE,leeds,MID,0,0.0,0.0,0.0,0.0,0.0,0.0,0.0,0.0,0.0,0.0,0.0,0.0,0.0,0.0,0.0,50.0,0.0
2026-08-30,2,344,Gruev,Leeds,LEE,leeds,MID,1,0.0,0.0,0.0,0.0,0.0,0.0,0.0,0.0,0.0,0.0,0.0,0.0,0.0,0.0,0.0,50.0,0.0
2026-09-05,3,344,Gruev,Leeds,LEE,leeds,MID,0,0.0,0.0,0.0,0.0,0.0,0.0,0.0,0.0,0.0,0.0,0.0,0.0,0.0,0.0,0.0,50.0,0.0
2026-09-14,4,344,Gruev,Leeds,LEE,leeds,MID,1,0.0,0.0,0.0,0.0,0.0,0.0,0.0,0.0,0.0,0.0,0.0,0.0,0.0,0.0,0.0,50.0,0.0
2026-09-20,5,344,Gruev,Leeds,LEE,leeds,MID,1,0.0,0.0,0.0,0.0,0.0,0.0,0.0,0.0,0.0,0.0,0.0,0.0,0.0,0.0,0.0,50.0,0.0
2026-08-22,1,343,James,Leeds,LEE,leeds,MID,0,0.0,0.0,0.0,0.0,0.0,0.0,0.0,0.0,0.0,0.0,0.0,0.0,0.0,0.0,0.0,50.0,0.0
2026-08-30,2,343,James,Leeds,LEE,leeds,MID,1,22.0,1.0,0.0,0.0,0.0,0.0,0.0,0.0,2.0,0.24,0.01,2.0,0.0,0.0,0.0,50.0,2.0
2026-09-05,3,343,James,Leeds,LEE,leeds,MID,0,0.0,0.0,0.0,0.0,0.0,0.0,0.0,0.0,0.0,0.0,0.0,0.0,0.0,0.0,0.0,50.0,0.0
2026-09-14,4,343,James,Leeds,LEE,leeds,MID,1,7.0,1.0,0.0,0.0,0.0,1.0,0.0,0.0,4.0,0.11,0.0,2.0,0.0,0.0,0.0,50.0,2.0
2026-09-20,5,343,James,Leeds,LEE,leeds,MID,1,23.0,1.0,0.0,0.0,0.0,0.0,0.0,0.0,3.0,0.0,0.0,1.0,0.0,0.0,0.0,49.0,1.0
2026-08-22,1,385,Trafford,Leeds,LEE,leeds,GKP,0,90.0,9.0,0.0,0.0,1.0,0.0,3.0,2.0,28.0,0.0,0.0,0.0,0.0,0.0,1.0,50.0,0.0
2026-08-30,2,385,Trafford,Leeds,LEE,leeds,GKP,1,90.0,3.0,0.0,0.0,0.0,1.0,4.0,0.0,20.0,0.0,0.0,0.0,0.0,0.0,1.0,50.0,0.0
2026-09-05,3,385,Trafford,Leeds,LEE,leeds,GKP,0,90.0,3.0,0.0,0.0,0.0,1.0,4.0,0.0,18.0,0.0,0.0,0.0,0.0,0.0,1.0,50.0,0.0
2026-09-14,4,385,Trafford,Leeds,LEE,leeds,GKP,1,90.0,3.0,0.0,0.0,0.0,1.0,4.0,0.0,17.0,0.0,0.0,0.0,0.0,0.0,1.0,50.0,0.0
2026-09-20,5,385,Trafford,Leeds,LEE,leeds,GKP,1,90.0,10.0,0.0,0.0,1.0,0.0,5.0,3.0,34.0,0.0,0.0,0.0,0.0,0.0,1.0,50.0,0.0
2026-08-22,1,603,Lienou,Leeds,LEE,leeds,DEF,0,0.0,0.0,0.0,0.0,0.0,0.0,0.0,0.0,0.0,0.0,0.0,0.0,0.0,0.0,0.0,40.0,0.0
2026-08-30,2,603,Lienou,Leeds,LEE,leeds,DEF,1,0.0,0.0,0.0,0.0,0.0,0.0,0.0,0.0,0.0,0.0,0.0,0.0,0.0,0.0,0.0,40.0,0.0
2026-09-05,3,603,Lienou,Leeds,LEE,leeds,DEF,0,0.0,0.0,0.0,0.0,0.0,0.0,0.0,0.0,0.0,0.0,0.0,0.0,0.0,0.0,0.0,40.0,0.0
2026-09-14,4,603,Lienou,Leeds,LEE,leeds,DEF,1,0.0,0.0,0.0,0.0,0.0,0.0,0.0,0.0,0.0,0.0,0.0,0.0,0.0,0.0,0.0,40.0,0.0
2026-09-20,5,603,Lienou,Leeds,LEE,leeds,DEF,1,0.0,0.0,0.0,0.0,0.0,0.0,0.0,0.0,0.0,0.0,0.0,0.0,0.0,0.0,0.0,40.0,0.0
2026-08-22,1,598,Elvedi,Leeds,LEE,leeds,DEF,0,0.0,0.0,0.0,0.0,0.0,0.0,0.0,0.0,0.0,0.0,0.0,0.0,0.0,0.0,0.0,45.0,0.0
2026-08-30,2,598,Elvedi,Leeds,LEE,leeds,DEF,1,56.0,1.0,0.0,0.0,0.0,1.0,0.0,0.0,9.0,0.0,0.0,6.0,0.0,0.0,0.0,45.0,6.0
2026-09-05,3,598,Elvedi,Leeds,LEE,leeds,DEF,0,90.0,4.0,0.0,0.0,0.0,1.0,0.0,0.0,12.0,0.0,0.57,10.0,0.0,0.0,1.0,45.0,10.0
2026-09-14,4,598,Elvedi,Leeds,LEE,leeds,DEF,1,90.0,2.0,0.0,0.0,0.0,1.0,0.0,0.0,8.0,0.05,0.0,9.0,0.0,0.0,1.0,45.0,9.0
2026-09-20,5,598,Elvedi,Leeds,LEE,leeds,DEF,1,90.0,6.0,0.0,0.0,1.0,0.0,0.0,0.0,27.0,0.07,0.01,4.0,0.0,0.0,1.0,45.0,4.0
2026-08-22,1,349,Mateo Joseph,Leeds,LEE,leeds,FWD,0,0.0,0.0,0.0,0.0,0.0,0.0,0.0,0.0,0.0,0.0,0.0,0.0,0.0,0.0,0.0,45.0,0.0
2026-08-30,2,349,Mateo Joseph,Leeds,LEE,leeds,FWD,1,0.0,0.0,0.0,0.0,0.0,0.0,0.0,0.0,0.0,0.0,0.0,0.0,0.0,0.0,0.0,45.0,0.0
2026-09-05,3,349,Mateo Joseph,Leeds,LEE,leeds,FWD,0,0.0,0.0,0.0,0.0,0.0,0.0,0.0,0.0,0.0,0.0,0.0,0.0,0.0,0.0,0.0,45.0,0.0
2026-09-14,4,349,Mateo Joseph,Leeds,LEE,leeds,FWD,1,0.0,0.0,0.0,0.0,0.0,0.0,0.0,0.0,0.0,0.0,0.0,0.0,0.0,0.0,0.0,45.0,0.0
2026-09-20,5,349,Mateo Joseph,Leeds,LEE,leeds,FWD,1,0.0,0.0,0.0,0.0,0.0,0.0,0.0,0.0,0.0,0.0,0.0,0.0,0.0,0.0,0.0,45.0,0.0
2026-08-22,1,604,Cresswell,Leeds,LEE,leeds,MID,0,0.0,0.0,0.0,0.0,0.0,0.0,0.0,0.0,0.0,0.0,0.0,0.0,0.0,0.0,0.0,45.0,0.0
2026-08-30,2,604,Cresswell,Leeds,LEE,leeds,MID,1,0.0,0.0,0.0,0.0,0.0,0.0,0.0,0.0,0.0,0.0,0.0,0.0,0.0,0.0,0.0,45.0,0.0
2026-09-05,3,604,Cresswell,Leeds,LEE,leeds,MID,0,0.0,0.0,0.0,0.0,0.0,0.0,0.0,0.0,0.0,0.0,0.0,0.0,0.0,0.0,0.0,45.0,0.0
2026-09-14,4,604,Cresswell,Leeds,LEE,leeds,MID,1,0.0,0.0,0.0,0.0,0.0,0.0,0.0,0.0,0.0,0.0,0.0,0.0,0.0,0.0,0.0,45.0,0.0
2026-09-20,5,604,Cresswell,Leeds,LEE,leeds,MID,1,0.0,0.0,0.0,0.0,0.0,0.0,0.0,0.0,0.0,0.0,0.0,0.0,0.0,0.0,0.0,45.0,0.0
2026-09-05,3,629,Zetterer,Leeds,LEE,leeds,GKP,0,0.0,0.0,0.0,0.0,0.0,0.0,0.0,0.0,0.0,0.0,0.0,0.0,0.0,0.0,0.0,40.0,0.0
2026-09-14,4,629,Zetterer,Leeds,LEE,leeds,GKP,1,0.0,0.0,0.0,0.0,0.0,0.0,0.0,0.0,0.0,0.0,0.0,0.0,0.0,0.0,0.0,40.0,0.0
2026-09-20,5,629,Zetterer,Leeds,LEE,leeds,GKP,1,0.0,0.0,0.0,0.0,0.0,0.0,0.0,0.0,0.0,0.0,0.0,0.0,0.0,0.0,0.0,40.0,0.0
2026-09-05,3,641,Bard,Leeds,LEE,leeds,DEF,0,0.0,0.0,0.0,0.0,0.0,0.0,0.0,0.0,0.0,0.0,0.0,0.0,0.0,0.0,0.0,45.0,0.0
2026-09-14,4,641,Bard,Leeds,LEE,leeds,DEF,1,18.0,1.0,0.0,0.0,0.0,1.0,0.0,0.0,1.0,0.0,0.0,2.0,0.0,0.0,0.0,45.0,2.0
2026-09-20,5,641,Bard,Leeds,LEE,leeds,DEF,1,0.0,0.0,0.0,0.0,0.0,0.0,0.0,0.0,0.0,0.0,0.0,0.0,0.0,0.0,0.0,45.0,0.0
2026-08-30,2,625,Cairns,Leeds,LEE,leeds,GKP,1,0.0,0.0,0.0,0.0,0.0,0.0,0.0,0.0,0.0,0.0,0.0,0.0,0.0,0.0,0.0,40.0,0.0
2026-09-05,3,625,Cairns,Leeds,LEE,leeds,GKP,0,0.0,0.0,0.0,0.0,0.0,0.0,0.0,0.0,0.0,0.0,0.0,0.0,0.0,0.0,0.0,40.0,0.0
2026-09-14,4,625,Cairns,Leeds,LEE,leeds,GKP,1,0.0,0.0,0.0,0.0,0.0,0.0,0.0,0.0,0.0,0.0,0.0,0.0,0.0,0.0,0.0,40.0,0.0
2026-09-20,5,625,Cairns,Leeds,LEE,leeds,GKP,1,0.0,0.0,0.0,0.0,0.0,0.0,0.0,0.0,0.0,0.0,0.0,0.0,0.0,0.0,0.0,40.0,0.0
2026-09-05,3,648,Bahoya,Leeds,LEE,leeds,MID,0,0.0,0.0,0.0,0.0,0.0,0.0,0.0,0.0,0.0,0.0,0.0,0.0,0.0,0.0,0.0,50.0,0.0
2026-09-14,4,648,Bahoya,Leeds,LEE,leeds,MID,1,0.0,0.0,0.0,0.0,0.0,0.0,0.0,0.0,0.0,0.0,0.0,0.0,0.0,0.0,0.0,50.0,0.0
2026-09-20,5,648,Bahoya,Leeds,LEE,leeds,MID,1,1.0,1.0,0.0,0.0,0.0,0.0,0.0,0.0,5.0,0.0,0.0,0.0,0.0,0.0,0.0,50.0,0.0
2026-08-23,1,350,A.Becker,Liverpool,LIV,liverpool,GKP,0,90.0,2.0,0.0,0.0,0.0,2.0,3.0,0.0,7.0,0.0,0.0,0.0,0.0,0.0,1.0,55.0,0.0
2026-08-29,2,350,A.Becker,Liverpool,LIV,liverpool,GKP,1,90.0,0.0,0.0,0.0,0.0,2.0,1.0,0.0,-5.0,0.0,0.0,0.0,1.0,0.0,1.0,55.0,0.0
2026-09-04,3,350,A.Becker,Liverpool,LIV,liverpool,GKP,0,90.0,8.0,0.0,0.0,1.0,0.0,5.0,1.0,35.0,0.0,0.0,0.0,0.0,0.0,1.0,55.0,0.0
2026-09-12,4,350,A.Becker,Liverpool,LIV,liverpool,GKP,1,90.0,9.0,0.0,0.0,1.0,0.0,3.0,2.0,29.0,0.0,0.0,0.0,0.0,0.0,1.0,55.0,0.0
2026-09-20,5,350,A.Becker,Liverpool,LIV,liverpool,GKP,0,90.0,8.0,0.0,0.0,1.0,0.0,2.0,2.0,30.0,0.0,0.0,0.0,0.0,0.0,1.0,55.0,0.0
2026-08-23,1,351,Mamardashvili,Liverpool,LIV,liverpool,GKP,0,0.0,0.0,0.0,0.0,0.0,0.0,0.0,0.0,0.0,0.0,0.0,0.0,0.0,0.0,0.0,50.0,0.0
2026-08-29,2,351,Mamardashvili,Liverpool,LIV,liverpool,GKP,1,0.0,0.0,0.0,0.0,0.0,0.0,0.0,0.0,0.0,0.0,0.0,0.0,0.0,0.0,0.0,50.0,0.0
2026-09-04,3,351,Mamardashvili,Liverpool,LIV,liverpool,GKP,0,0.0,0.0,0.0,0.0,0.0,0.0,0.0,0.0,0.0,0.0,0.0,0.0,0.0,0.0,0.0,49.0,0.0
2026-09-12,4,351,Mamardashvili,Liverpool,LIV,liverpool,GKP,1,0.0,0.0,0.0,0.0,0.0,0.0,0.0,0.0,0.0,0.0,0.0,0.0,0.0,0.0,0.0,49.0,0.0
2026-09-20,5,351,Mamardashvili,Liverpool,LIV,liverpool,GKP,0,0.0,0.0,0.0,0.0,0.0,0.0,0.0,0.0,0.0,0.0,0.0,0.0,0.0,0.0,0.0,49.0,0.0
2026-08-23,1,354,Jaros,Liverpool,LIV,liverpool,GKP,0,0.0,0.0,0.0,0.0,0.0,0.0,0.0,0.0,0.0,0.0,0.0,0.0,0.0,0.0,0.0,40.0,0.0
2026-08-29,2,354,Jaros,Liverpool,LIV,liverpool,GKP,1,0.0,0.0,0.0,0.0,0.0,0.0,0.0,0.0,0.0,0.0,0.0,0.0,0.0,0.0,0.0,40.0,0.0
2026-09-04,3,354,Jaros,Liverpool,LIV,liverpool,GKP,0,0.0,0.0,0.0,0.0,0.0,0.0,0.0,0.0,0.0,0.0,0.0,0.0,0.0,0.0,0.0,40.0,0.0
2026-09-12,4,354,Jaros,Liverpool,LIV,liverpool,GKP,1,0.0,0.0,0.0,0.0,0.0,0.0,0.0,0.0,0.0,0.0,0.0,0.0,0.0,0.0,0.0,40.0,0.0
2026-09-20,5,354,Jaros,Liverpool,LIV,liverpool,GKP,0,0.0,0.0,0.0,0.0,0.0,0.0,0.0,0.0,0.0,0.0,0.0,0.0,0.0,0.0,0.0,40.0,0.0
2026-08-23,1,352,Woodman,Liverpool,LIV,liverpool,GKP,0,0.0,0.0,0.0,0.0,0.0,0.0,0.0,0.0,0.0,0.0,0.0,0.0,0.0,0.0,0.0,40.0,0.0
2026-08-29,2,352,Woodman,Liverpool,LIV,liverpool,GKP,1,0.0,0.0,0.0,0.0,0.0,0.0,0.0,0.0,0.0,0.0,0.0,0.0,0.0,0.0,0.0,40.0,0.0
2026-09-04,3,352,Woodman,Liverpool,LIV,liverpool,GKP,0,0.0,0.0,0.0,0.0,0.0,0.0,0.0,0.0,0.0,0.0,0.0,0.0,0.0,0.0,0.0,40.0,0.0
2026-09-12,4,352,Woodman,Liverpool,LIV,liverpool,GKP,1,0.0,0.0,0.0,0.0,0.0,0.0,0.0,0.0,0.0,0.0,0.0,0.0,0.0,0.0,0.0,40.0,0.0
2026-09-20,5,352,Woodman,Liverpool,LIV,liverpool,GKP,0,0.0,0.0,0.0,0.0,0.0,0.0,0.0,0.0,0.0,0.0,0.0,0.0,0.0,0.0,0.0,40.0,0.0
2026-08-23,1,357,Frimpong,Liverpool,LIV,liverpool,DEF,0,90.0,0.0,0.0,0.0,0.0,2.0,0.0,0.0,3.0,0.01,0.09,2.0,1.0,0.0,1.0,55.0,2.0
2026-08-29,2,357,Frimpong,Liverpool,LIV,liverpool,DEF,1,70.0,1.0,0.0,0.0,0.0,2.0,0.0,0.0,9.0,0.0,0.02,6.0,0.0,0.0,1.0,55.0,6.0
2026-09-04,3,357,Frimpong,Liverpool,LIV,liverpool,DEF,0,0.0,0.0,0.0,0.0,0.0,0.0,0.0,0.0,0.0,0.0,0.0,0.0,0.0,0.0,0.0,55.0,0.0
2026-09-12,4,357,Frimpong,Liverpool,LIV,liverpool,DEF,1,18.0,1.0,0.0,0.0,0.0,0.0,0.0,0.0,12.0,0.0,0.12,4.0,0.0,0.0,0.0,54.0,4.0
2026-09-20,5,357,Frimpong,Liverpool,LIV,liverpool,DEF,0,0.0,0.0,0.0,0.0,0.0,0.0,0.0,0.0,0.0,0.0,0.0,0.0,0.0,0.0,0.0,53.0,0.0
2026-08-23,1,356,Virgil,Liverpool,LIV,liverpool,DEF,0,90.0,2.0,0.0,0.0,0.0,2.0,0.0,0.0,8.0,0.25,0.01,11.0,1.0,0.0,1.0,65.0,11.0
2026-08-29,2,356,Virgil,Liverpool,LIV,liverpool,DEF,1,90.0,1.0,0.0,0.0,0.0,2.0,0.0,0.0,5.0,0.0,0.03,7.0,0.0,0.0,1.0,65.0,7.0
2026-09-04,3,356,Virgil,Liverpool,LIV,liverpool,DEF,0,90.0,6.0,0.0,0.0,1.0,0.0,0.0,0.0,32.0,0.0,0.02,7.0,0.0,0.0,1.0,65.0,7.0
2026-09-12,4,356,Virgil,Liverpool,LIV,liverpool,DEF,1,90.0,8.0,0.0,0.0,1.0,0.0,0.0,0.0,25.0,0.0,0.01,10.0,0.0,0.0,1.0,65.0,10.0
2026-09-20,5,356,Virgil,Liverpool,LIV,liverpool,DEF,0,90.0,8.0,0.0,0.0,1.0,0.0,0.0,0.0,26.0,0.0,0.01,13.0,0.0,0.0,1.0,65.0,13.0
2026-08-23,1,355,Davies,Liverpool,LIV,liverpool,GKP,0,0.0,0.0,0.0,0.0,0.0,0.0,0.0,0.0,0.0,0.0,0.0,0.0,0.0,0.0,0.0,40.0,0.0
2026-08-29,2,355,Davies,Liverpool,LIV,liverpool,GKP,1,0.0,0.0,0.0,0.0,0.0,0.0,0.0,0.0,0.0,0.0,0.0,0.0,0.0,0.0,0.0,40.0,0.0
2026-09-04,3,355,Davies,Liverpool,LIV,liverpool,GKP,0,0.0,0.0,0.0,0.0,0.0,0.0,0.0,0.0,0.0,0.0,0.0,0.0,0.0,0.0,0.0,40.0,0.0
2026-09-12,4,355,Davies,Liverpool,LIV,liverpool,GKP,1,0.0,0.0,0.0,0.0,0.0,0.0,0.0,0.0,0.0,0.0,0.0,0.0,0.0,0.0,0.0,40.0,0.0
2026-09-20,5,355,Davies,Liverpool,LIV,liverpool,GKP,0,0.0,0.0,0.0,0.0,0.0,0.0,0.0,0.0,0.0,0.0,0.0,0.0,0.0,0.0,0.0,40.0,0.0
2026-08-23,1,353,Pecsi,Liverpool,LIV,liverpool,GKP,0,0.0,0.0,0.0,0.0,0.0,0.0,0.0,0.0,0.0,0.0,0.0,0.0,0.0,0.0,0.0,40.0,0.0
2026-08-29,2,353,Pecsi,Liverpool,LIV,liverpool,GKP,1,0.0,0.0,0.0,0.0,0.0,0.0,0.0,0.0,0.0,0.0,0.0,0.0,0.0,0.0,0.0,40.0,0.0
2026-09-04,3,353,Pecsi,Liverpool,LIV,liverpool,GKP,0,0.0,0.0,0.0,0.0,0.0,0.0,0.0,0.0,0.0,0.0,0.0,0.0,0.0,0.0,0.0,40.0,0.0
2026-09-12,4,353,Pecsi,Liverpool,LIV,liverpool,GKP,1,0.0,0.0,0.0,0.0,0.0,0.0,0.0,0.0,0.0,0.0,0.0,0.0,0.0,0.0,0.0,40.0,0.0
2026-09-20,5,353,Pecsi,Liverpool,LIV,liverpool,GKP,0,0.0,0.0,0.0,0.0,0.0,0.0,0.0,0.0,0.0,0.0,0.0,0.0,0.0,0.0,0.0,40.0,0.0
2026-08-23,1,361,Lucky,Liverpool,LIV,liverpool,DEF,0,0.0,0.0,0.0,0.0,0.0,0.0,0.0,0.0,0.0,0.0,0.0,0.0,0.0,0.0,0.0,40.0,0.0
2026-08-29,2,361,Lucky,Liverpool,LIV,liverpool,DEF,1,0.0,0.0,0.0,0.0,0.0,0.0,0.0,0.0,0.0,0.0,0.0,0.0,0.0,0.0,0.0,40.0,0.0
2026-09-04,3,361,Lucky,Liverpool,LIV,liverpool,DEF,0,0.0,0.0,0.0,0.0,0.0,0.0,0.0,0.0,0.0,0.0,0.0,0.0,0.0,0.0,0.0,40.0,0.0
2026-09-12,4,361,Lucky,Liverpool,LIV,liverpool,DEF,1,0.0,0.0,0.0,0.0,0.0,0.0,0.0,0.0,0.0,0.0,0.0,0.0,0.0,0.0,0.0,40.0,0.0
2026-09-20,5,361,Lucky,Liverpool,LIV,liverpool,DEF,0,0.0,0.0,0.0,0.0,0.0,0.0,0.0,0.0,0.0,0.0,0.0,0.0,0.0,0.0,0.0,40.0,0.0
2026-08-23,1,358,Kerkez,Liverpool,LIV,liverpool,DEF,0,90.0,0.0,0.0,0.0,0.0,2.0,0.0,0.0,3.0,0.02,0.02,7.0,1.0,0.0,1.0,55.0,7.0
2026-08-29,2,358,Kerkez,Liverpool,LIV,liverpool,DEF,1,70.0,1.0,0.0,0.0,0.0,2.0,0.0,0.0,9.0,0.0,0.01,8.0,0.0,0.0,1.0,55.0,8.0
2026-09-04,3,358,Kerkez,Liverpool,LIV,liverpool,DEF,0,90.0,5.0,0.0,0.0,1.0,0.0,0.0,0.0,23.0,0.0,0.03,5.0,1.0,0.0,1.0,55.0,5.0
2026-09-12,4,358,Kerkez,Liverpool,LIV,liverpool,DEF,1,45.0,1.0,0.0,0.0,0.0,0.0,0.0,0.0,6.0,0.0,0.01,3.0,0.0,0.0,0.0,54.0,3.0
2026-09-20,5,358,Kerkez,Liverpool,LIV,liverpool,DEF,0,90.0,6.0,0.0,0.0,1.0,0.0,0.0,0.0,22.0,0.05,0.01,7.0,0.0,0.0,1.0,54.0,7.0
2026-08-23,1,359,Gomez,Liverpool,LIV,liverpool,DEF,0,0.0,0.0,0.0,0.0,0.0,0.0,0.0,0.0,0.0,0.0,0.0,0.0,0.0,0.0,0.0,50.0,0.0
2026-08-29,2,359,Gomez,Liverpool,LIV,liverpool,DEF,1,0.0,0.0,0.0,0.0,0.0,0.0,0.0,0.0,0.0,0.0,0.0,0.0,0.0,0.0,0.0,50.0,0.0
2026-09-04,3,359,Gomez,Liverpool,LIV,liverpool,DEF,0,0.0,0.0,0.0,0.0,0.0,0.0,0.0,0.0,0.0,0.0,0.0,0.0,0.0,0.0,0.0,50.0,0.0
2026-09-12,4,359,Gomez,Liverpool,LIV,liverpool,DEF,1,0.0,0.0,0.0,0.0,0.0,0.0,0.0,0.0,0.0,0.0,0.0,0.0,0.0,0.0,0.0,50.0,0.0
2026-09-20,5,359,Gomez,Liverpool,LIV,liverpool,DEF,0,0.0,0.0,0.0,0.0,0.0,0.0,0.0,0.0,0.0,0.0,0.0,0.0,0.0,0.0,0.0,49.0,0.0
2026-08-23,1,360,Bradley,Liverpool,LIV,liverpool,DEF,0,0.0,0.0,0.0,0.0,0.0,0.0,0.0,0.0,0.0,0.0,0.0,0.0,0.0,0.0,0.0,50.0,0.0
2026-08-29,2,360,Bradley,Liverpool,LIV,liverpool,DEF,1,0.0,0.0,0.0,0.0,0.0,0.0,0.0,0.0,0.0,0.0,0.0,0.0,0.0,0.0,0.0,50.0,0.0
2026-09-04,3,360,Bradley,Liverpool,LIV,liverpool,DEF,0,0.0,0.0,0.0,0.0,0.0,0.0,0.0,0.0,0.0,0.0,0.0,0.0,0.0,0.0,0.0,50.0,0.0
2026-09-12,4,360,Bradley,Liverpool,LIV,liverpool,DEF,1,0.0,0.0,0.0,0.0,0.0,0.0,0.0,0.0,0.0,0.0,0.0,0.0,0.0,0.0,0.0,50.0,0.0
2026-09-20,5,360,Bradley,Liverpool,LIV,liverpool,DEF,0,0.0,0.0,0.0,0.0,0.0,0.0,0.0,0.0,0.0,0.0,0.0,0.0,0.0,0.0,0.0,50.0,0.0
2026-08-23,1,362,Jacquet,Liverpool,LIV,liverpool,DEF,0,69.0,1.0,0.0,0.0,0.0,2.0,0.0,0.0,9.0,0.0,0.02,3.0,0.0,0.0,1.0,50.0,3.0
2026-08-29,2,362,Jacquet,Liverpool,LIV,liverpool,DEF,1,76.0,3.0,0.0,0.0,0.0,2.0,0.0,0.0,13.0,0.0,0.05,11.0,0.0,0.0,1.0,50.0,11.0
2026-09-04,3,362,Jacquet,Liverpool,LIV,liverpool,DEF,0,90.0,5.0,0.0,0.0,1.0,0.0,0.0,0.0,28.0,0.0,0.03,9.0,1.0,0.0,1.0,50.0,9.0
2026-09-12,4,362,Jacquet,Liverpool,LIV,liverpool,DEF,1,90.0,9.0,0.0,0.0,1.0,0.0,0.0,3.0,36.0,0.0,0.02,5.0,0.0,0.0,1.0,50.0,5.0
2026-09-20,5,362,Jacquet,Liverpool,LIV,liverpool,DEF,0,90.0,6.0,0.0,0.0,1.0,0.0,0.0,0.0,26.0,0.0,0.02,8.0,0.0,0.0,1.0,50.0,8.0
2026-08-23,1,363,Leoni,Liverpool,LIV,liverpool,DEF,0,0.0,0.0,0.0,0.0,0.0,0.0,0.0,0.0,0.0,0.0,0.0,0.0,0.0,0.0,0.0,40.0,0.0
2026-08-29,2,363,Leoni,Liverpool,LIV,liverpool,DEF,1,0.0,0.0,0.0,0.0,0.0,0.0,0.0,0.0,0.0,0.0,0.0,0.0,0.0,0.0,0.0,40.0,0.0
2026-09-04,3,363,Leoni,Liverpool,LIV,liverpool,DEF,0,0.0,0.0,0.0,0.0,0.0,0.0,0.0,0.0,0.0,0.0,0.0,0.0,0.0,0.0,0.0,40.0,0.0
2026-09-12,4,363,Leoni,Liverpool,LIV,liverpool,DEF,1,0.0,0.0,0.0,0.0,0.0,0.0,0.0,0.0,0.0,0.0,0.0,0.0,0.0,0.0,0.0,40.0,0.0
2026-09-20,5,363,Leoni,Liverpool,LIV,liverpool,DEF,0,0.0,0.0,0.0,0.0,0.0,0.0,0.0,0.0,0.0,0.0,0.0,0.0,0.0,0.0,0.0,40.0,0.0
2026-08-23,1,364,Tsimikas,Liverpool,LIV,liverpool,DEF,0,0.0,0.0,0.0,0.0,0.0,0.0,0.0,0.0,0.0,0.0,0.0,0.0,0.0,0.0,0.0,50.0,0.0
2026-08-29,2,364,Tsimikas,Liverpool,LIV,liverpool,DEF,1,19.0,1.0,0.0,0.0,0.0,0.0,0.0,0.0,4.0,0.04,0.01,0.0,0.0,0.0,0.0,50.0,0.0
2026-09-04,3,364,Tsimikas,Liverpool,LIV,liverpool,DEF,0,0.0,0.0,0.0,0.0,0.0,0.0,0.0,0.0,0.0,0.0,0.0,0.0,0.0,0.0,0.0,50.0,0.0
2026-09-12,4,364,Tsimikas,Liverpool,LIV,liverpool,DEF,1,45.0,1.0,0.0,0.0,0.0,0.0,0.0,0.0,2.0,0.0,0.01,3.0,0.0,0.0,1.0,49.0,3.0
2026-09-20,5,364,Tsimikas,Liverpool,LIV,liverpool,DEF,0,0.0,0.0,0.0,0.0,0.0,0.0,0.0,0.0,0.0,0.0,0.0,0.0,0.0,0.0,0.0,49.0,0.0
2026-08-23,1,370,Chiesa,Liverpool,LIV,liverpool,MID,0,0.0,0.0,0.0,0.0,0.0,0.0,0.0,0.0,0.0,0.0,0.0,0.0,0.0,0.0,0.0,55.0,0.0
2026-08-29,2,370,Chiesa,Liverpool,LIV,liverpool,MID,1,0.0,0.0,0.0,0.0,0.0,0.0,0.0,0.0,0.0,0.0,0.0,0.0,0.0,0.0,0.0,55.0,0.0
2026-09-04,3,370,Chiesa,Liverpool,LIV,liverpool,MID,0,0.0,0.0,0.0,0.0,0.0,0.0,0.0,0.0,0.0,0.0,0.0,0.0,0.0,0.0,0.0,54.0,0.0
2026-09-12,4,370,Chiesa,Liverpool,LIV,liverpool,MID,1,0.0,0.0,0.0,0.0,0.0,0.0,0.0,0.0,0.0,0.0,0.0,0.0,0.0,0.0,0.0,54.0,0.0
2026-09-20,5,370,Chiesa,Liverpool,LIV,liverpool,MID,0,0.0,0.0,0.0,0.0,0.0,0.0,0.0,0.0,0.0,0.0,0.0,0.0,0.0,0.0,0.0,54.0,0.0
2026-08-23,1,367,Gakpo,Liverpool,LIV,liverpool,MID,0,90.0,12.0,1.0,0.0,0.0,2.0,0.0,3.0,33.0,0.3,0.15,12.0,0.0,0.0,1.0,70.0,12.0
2026-08-29,2,367,Gakpo,Liverpool,LIV,liverpool,MID,1,70.0,5.0,0.0,1.0,0.0,2.0,0.0,0.0,21.0,0.0,0.65,3.0,0.0,0.0,1.0,70.0,3.0
2026-09-04,3,367,Gakpo,Liverpool,LIV,liverpool,MID,0,90.0,11.0,0.0,2.0,1.0,0.0,0.0,2.0,43.0,0.06,0.4,10.0,0.0,0.0,1.0,71.0,10.0
2026-09-12,4,367,Gakpo,Liverpool,LIV,liverpool,MID,1,30.0,1.0,0.0,0.0,0.0,0.0,0.0,0.0,3.0,0.08,0.02,2.0,0.0,0.0,0.0,72.0,2.0
2026-09-20,5,367,Gakpo,Liverpool,LIV,liverpool,MID,0,90.0,3.0,0.0,0.0,1.0,0.0,0.0,0.0,13.0,0.2,0.49,5.0,0.0,0.0,1.0,72.0,5.0
2026-08-23,1,368,Szoboszlai,Liverpool,LIV,liverpool,MID,0,90.0,8.0,1.0,0.0,0.0,2.0,0.0,1.0,29.0,0.85,0.27,7.0,0.0,0.0,1.0,70.0,7.0
2026-08-29,2,368,Szoboszlai,Liverpool,LIV,liverpool,MID,1,90.0,4.0,0.0,0.0,0.0,2.0,0.0,0.0,24.0,0.16,0.17,13.0,0.0,0.0,1.0,70.0,13.0
2026-09-04,3,368,Szoboszlai,Liverpool,LIV,liverpool,MID,0,90.0,3.0,0.0,0.0,1.0,0.0,0.0,0.0,20.0,0.16,0.08,9.0,0.0,0.0,1.0,70.0,9.0
2026-09-12,4,368,Szoboszlai,Liverpool,LIV,liverpool,MID,1,90.0,3.0,0.0,0.0,1.0,0.0,0.0,0.0,25.0,0.12,0.28,6.0,0.0,0.0,1.0,70.0,6.0
2026-09-20,5,368,Szoboszlai,Liverpool,LIV,liverpool,MID,0,80.0,2.0,0.0,0.0,1.0,0.0,0.0,0.0,5.0,0.13,0.02,6.0,1.0,0.0,1.0,70.0,6.0
2026-08-23,1,365,Ramsay,Liverpool,LIV,liverpool,DEF,0,0.0,0.0,0.0,0.0,0.0,0.0,0.0,0.0,0.0,0.0,0.0,0.0,0.0,0.0,0.0,40.0,0.0
2026-08-29,2,365,Ramsay,Liverpool,LIV,liverpool,DEF,1,0.0,0.0,0.0,0.0,0.0,0.0,0.0,0.0,0.0,0.0,0.0,0.0,0.0,0.0,0.0,40.0,0.0
2026-09-04,3,365,Ramsay,Liverpool,LIV,liverpool,DEF,0,0.0,0.0,0.0,0.0,0.0,0.0,0.0,0.0,0.0,0.0,0.0,0.0,0.0,0.0,0.0,40.0,0.0
2026-09-12,4,365,Ramsay,Liverpool,LIV,liverpool,DEF,1,0.0,0.0,0.0,0.0,0.0,0.0,0.0,0.0,0.0,0.0,0.0,0.0,0.0,0.0,0.0,40.0,0.0
2026-09-20,5,365,Ramsay,Liverpool,LIV,liverpool,DEF,0,0.0,0.0,0.0,0.0,0.0,0.0,0.0,0.0,0.0,0.0,0.0,0.0,0.0,0.0,0.0,40.0,0.0
2026-08-23,1,375,Nyoni,Liverpool,LIV,liverpool,MID,0,0.0,0.0,0.0,0.0,0.0,0.0,0.0,0.0,0.0,0.0,0.0,0.0,0.0,0.0,0.0,50.0,0.0
2026-08-29,2,375,Nyoni,Liverpool,LIV,liverpool,MID,1,13.0,1.0,0.0,0.0,0.0,0.0,0.0,0.0,3.0,0.0,0.0,5.0,0.0,0.0,0.0,50.0,5.0
2026-09-04,3,375,Nyoni,Liverpool,LIV,liverpool,MID,0,6.0,1.0,0.0,0.0,0.0,0.0,0.0,0.0,3.0,0.0,0.0,0.0,0.0,0.0,0.0,50.0,0.0
2026-09-12,4,375,Nyoni,Liverpool,LIV,liverpool,MID,1,0.0,0.0,0.0,0.0,0.0,0.0,0.0,0.0,0.0,0.0,0.0,0.0,0.0,0.0,0.0,49.0,0.0
2026-09-20,5,375,Nyoni,Liverpool,LIV,liverpool,MID,0,19.0,1.0,0.0,0.0,0.0,0.0,0.0,0.0,3.0,0.0,0.0,5.0,0.0,0.0,0.0,49.0,5.0
2026-08-23,1,369,Ngumoha,Liverpool,LIV,liverpool,MID,0,62.0,2.0,0.0,0.0,0.0,2.0,0.0,0.0,9.0,0.04,0.02,3.0,0.0,0.0,1.0,60.0,3.0
2026-08-29,2,369,Ngumoha,Liverpool,LIV,liverpool,MID,1,19.0,1.0,0.0,0.0,0.0,0.0,0.0,0.0,5.0,0.0,0.03,0.0,0.0,0.0,0.0,60.0,0.0
2026-09-04,3,369,Ngumoha,Liverpool,LIV,liverpool,MID,0,0.0,0.0,0.0,0.0,0.0,0.0,0.0,0.0,0.0,0.0,0.0,0.0,0.0,0.0,0.0,59.0,0.0
2026-09-12,4,369,Ngumoha,Liverpool,LIV,liverpool,MID,1,18.0,1.0,0.0,0.0,0.0,0.0,0.0,0.0,-1.0,0.11,0.0,1.0,0.0,0.0,0.0,58.0,1.0
2026-09-20,5,369,Ngumoha,Liverpool,LIV,liverpool,MID,0,0.0,0.0,0.0,0.0,0.0,0.0,0.0,0.0,0.0,0.0,0.0,0.0,0.0,0.0,0.0,58.0,0.0
2026-08-23,1,366,Wirtz,Liverpool,LIV,liverpool,MID,0,62.0,2.0,0.0,0.0,0.0,2.0,0.0,0.0,16.0,0.26,0.04,5.0,0.0,0.0,1.0,75.0,5.0
2026-08-29,2,366,Wirtz,Liverpool,LIV,liverpool,MID,1,90.0,4.0,0.0,1.0,0.0,2.0,0.0,0.0,23.0,0.23,0.2,10.0,1.0,0.0,1.0,75.0,10.0
2026-09-04,3,366,Wirtz,Liverpool,LIV,liverpool,MID,0,90.0,3.0,0.0,0.0,1.0,0.0,0.0,0.0,14.0,0.18,0.05,4.0,0.0,0.0,1.0,75.0,4.0
2026-09-12,4,366,Wirtz,Liverpool,LIV,liverpool,MID,1,90.0,3.0,0.0,0.0,1.0,0.0,0.0,0.0,14.0,0.11,0.06,9.0,0.0,0.0,1.0,74.0,9.0
2026-09-20,5,366,Wirtz,Liverpool,LIV,liverpool,MID,0,70.0,6.0,0.0,1.0,1.0,0.0,0.0,0.0,25.0,0.22,0.05,8.0,0.0,0.0,1.0,73.0,8.0
2026-08-23,1,372,Mac Allister,Liverpool,LIV,liverpool,MID,0,27.0,1.0,0.0,0.0,0.0,0.0,0.0,0.0,9.0,0.0,0.01,3.0,0.0,0.0,0.0,55.0,3.0
2026-08-29,2,372,Mac Allister,Liverpool,LIV,liverpool,MID,1,76.0,2.0,0.0,0.0,0.0,2.0,0.0,0.0,10.0,0.0,0.39,10.0,0.0,0.0,1.0,55.0,10.0
2026-09-04,3,372,Mac Allister,Liverpool,LIV,liverpool,MID,0,83.0,2.0,0.0,0.0,1.0,0.0,0.0,0.0,14.0,0.08,0.02,11.0,1.0,0.0,1.0,55.0,11.0
2026-09-12,4,372,Mac Allister,Liverpool,LIV,liverpool,MID,1,30.0,1.0,0.0,0.0,0.0,0.0,0.0,0.0,7.0,0.02,0.02,4.0,0.0,0.0,0.0,54.0,4.0
2026-09-20,5,372,Mac Allister,Liverpool,LIV,liverpool,MID,0,90.0,5.0,0.0,0.0,1.0,0.0,0.0,0.0,19.0,0.0,0.05,13.0,0.0,0.0,1.0,54.0,13.0
2026-08-23,1,371,Gravenberch,Liverpool,LIV,liverpool,MID,0,77.0,5.0,0.0,1.0,0.0,2.0,0.0,0.0,26.0,0.06,0.05,11.0,0.0,0.0,1.0,60.0,11.0
2026-08-29,2,371,Gravenberch,Liverpool,LIV,liverpool,MID,1,19.0,1.0,0.0,0.0,0.0,0.0,0.0,0.0,7.0,0.0,0.01,1.0,0.0,0.0,0.0,60.0,1.0
2026-09-04,3,371,Gravenberch,Liverpool,LIV,liverpool,MID,0,26.0,1.0,0.0,0.0,0.0,0.0,0.0,0.0,2.0,0.0,0.0,2.0,0.0,0.0,0.0,60.0,2.0
2026-09-12,4,371,Gravenberch,Liverpool,LIV,liverpool,MID,1,59.0,1.0,0.0,0.0,0.0,0.0,0.0,0.0,13.0,0.04,0.01,10.0,0.0,0.0,1.0,59.0,10.0
2026-09-20,5,371,Gravenberch,Liverpool,LIV,liverpool,MID,0,9.0,1.0,0.0,0.0,0.0,0.0,0.0,0.0,3.0,0.0,0.01,1.0,0.0,0.0,0.0,59.0,1.0
2026-08-23,1,376,Bajcetic,Liverpool,LIV,liverpool,MID,0,0.0,0.0,0.0,0.0,0.0,0.0,0.0,0.0,0.0,0.0,0.0,0.0,0.0,0.0,0.0,50.0,0.0
2026-08-29,2,376,Bajcetic,Liverpool,LIV,liverpool,MID,1,0.0,0.0,0.0,0.0,0.0,0.0,0.0,0.0,0.0,0.0,0.0,0.0,0.0,0.0,0.0,50.0,0.0
2026-09-04,3,376,Bajcetic,Liverpool,LIV,liverpool,MID,0,0.0,0.0,0.0,0.0,0.0,0.0,0.0,0.0,0.0,0.0,0.0,0.0,0.0,0.0,0.0,50.0,0.0
2026-09-12,4,376,Bajcetic,Liverpool,LIV,liverpool,MID,1,0.0,0.0,0.0,0.0,0.0,0.0,0.0,0.0,0.0,0.0,0.0,0.0,0.0,0.0,0.0,50.0,0.0
2026-09-20,5,376,Bajcetic,Liverpool,LIV,liverpool,MID,0,0.0,0.0,0.0,0.0,0.0,0.0,0.0,0.0,0.0,0.0,0.0,0.0,0.0,0.0,0.0,50.0,0.0
2026-08-23,1,374,Endo,Liverpool,LIV,liverpool,MID,0,0.0,0.0,0.0,0.0,0.0,0.0,0.0,0.0,0.0,0.0,0.0,0.0,0.0,0.0,0.0,50.0,0.0
2026-08-29,2,374,Endo,Liverpool,LIV,liverpool,MID,1,0.0,0.0,0.0,0.0,0.0,0.0,0.0,0.0,0.0,0.0,0.0,0.0,0.0,0.0,0.0,50.0,0.0
2026-09-04,3,374,Endo,Liverpool,LIV,liverpool,MID,0,0.0,0.0,0.0,0.0,0.0,0.0,0.0,0.0,0.0,0.0,0.0,0.0,0.0,0.0,0.0,50.0,0.0
2026-09-12,4,374,Endo,Liverpool,LIV,liverpool,MID,1,0.0,0.0,0.0,0.0,0.0,0.0,0.0,0.0,0.0,0.0,0.0,0.0,0.0,0.0,0.0,49.0,0.0
2026-09-20,5,374,Endo,Liverpool,LIV,liverpool,MID,0,0.0,0.0,0.0,0.0,0.0,0.0,0.0,0.0,0.0,0.0,0.0,0.0,0.0,0.0,0.0,49.0,0.0
2026-08-23,1,373,C.Jones,Liverpool,LIV,liverpool,MID,0,0.0,0.0,0.0,0.0,0.0,0.0,0.0,0.0,0.0,0.0,0.0,0.0,0.0,0.0,0.0,55.0,0.0
2026-08-29,2,373,C.Jones,Liverpool,LIV,liverpool,MID,1,0.0,0.0,0.0,0.0,0.0,0.0,0.0,0.0,0.0,0.0,0.0,0.0,0.0,0.0,0.0,55.0,0.0
2026-09-04,3,373,C.Jones,Liverpool,LIV,liverpool,MID,0,0.0,0.0,0.0,0.0,0.0,0.0,0.0,0.0,0.0,0.0,0.0,0.0,0.0,0.0,0.0,55.0,0.0
2026-09-12,4,373,C.Jones,Liverpool,LIV,liverpool,MID,1,0.0,0.0,0.0,0.0,0.0,0.0,0.0,0.0,0.0,0.0,0.0,0.0,0.0,0.0,0.0,55.0,0.0
2026-09-20,5,373,C.Jones,Liverpool,LIV,liverpool,MID,0,0.0,0.0,0.0,0.0,0.0,0.0,0.0,0.0,0.0,0.0,0.0,0.0,0.0,0.0,0.0,55.0,0.0
2026-08-23,1,377,Munoz,Liverpool,LIV,liverpool,MID,0,27.0,4.0,0.0,1.0,0.0,0.0,0.0,0.0,15.0,0.1,0.04,0.0,0.0,0.0,0.0,65.0,0.0
2026-08-29,2,377,Munoz,Liverpool,LIV,liverpool,MID,1,90.0,6.0,1.0,0.0,0.0,2.0,0.0,0.0,24.0,0.32,0.19,7.0,1.0,0.0,1.0,65.0,7.0
2026-09-04,3,377,Munoz,Liverpool,LIV,liverpool,MID,0,63.0,3.0,0.0,0.0,1.0,0.0,0.0,0.0,9.0,0.0,0.02,4.0,0.0,0.0,1.0,65.0,4.0
2026-09-12,4,377,Munoz,Liverpool,LIV,liverpool,MID,1,59.0,1.0,0.0,0.0,0.0,0.0,0.0,0.0,5.0,0.1,0.0,2.0,0.0,0.0,1.0,65.0,2.0
2026-09-20,5,377,Munoz,Liverpool,LIV,liverpool,MID,0,18.0,1.0,0.0,0.0,0.0,0.0,0.0,0.0,7.0,0.0,0.06,3.0,0.0,0.0,0.0,65.0,3.0
2026-08-23,1,378,McConnell,Liverpool,LIV,liverpool,MID,0,0.0,0.0,0.0,0.0,0.0,0.0,0.0,0.0,0.0,0.0,0.0,0.0,0.0,0.0,0.0,45.0,0.0
2026-08-29,2,378,McConnell,Liverpool,LIV,liverpool,MID,1,0.0,0.0,0.0,0.0,0.0,0.0,0.0,0.0,0.0,0.0,0.0,0.0,0.0,0.0,0.0,45.0,0.0
2026-09-04,3,378,McConnell,Liverpool,LIV,liverpool,MID,0,0.0,0.0,0.0,0.0,0.0,0.0,0.0,0.0,0.0,0.0,0.0,0.0,0.0,0.0,0.0,45.0,0.0
2026-09-12,4,378,McConnell,Liverpool,LIV,liverpool,MID,1,0.0,0.0,0.0,0.0,0.0,0.0,0.0,0.0,0.0,0.0,0.0,0.0,0.0,0.0,0.0,45.0,0.0
2026-09-20,5,378,McConnell,Liverpool,LIV,liverpool,MID,0,0.0,0.0,0.0,0.0,0.0,0.0,0.0,0.0,0.0,0.0,0.0,0.0,0.0,0.0,0.0,44.0,0.0
2026-08-23,1,379,Isak,Liverpool,LIV,liverpool,FWD,0,90.0,2.0,0.0,0.0,0.0,2.0,0.0,0.0,6.0,1.09,0.01,1.0,0.0,0.0,1.0,90.0,1.0
2026-08-29,2,379,Isak,Liverpool,LIV,liverpool,FWD,1,90.0,8.0,1.0,0.0,0.0,2.0,0.0,2.0,30.0,0.99,0.0,1.0,0.0,0.0,1.0,90.0,1.0
2026-09-04,3,379,Isak,Liverpool,LIV,liverpool,FWD,0,63.0,13.0,2.0,0.0,1.0,0.0,0.0,3.0,61.0,0.21,0.05,3.0,0.0,0.0,1.0,90.0,3.0
2026-09-12,4,379,Isak,Liverpool,LIV,liverpool,FWD,1,90.0,2.0,0.0,0.0,1.0,0.0,0.0,0.0,5.0,0.5,0.0,1.0,0.0,0.0,1.0,91.0,1.0
2026-09-20,5,379,Isak,Liverpool,LIV,liverpool,FWD,0,80.0,8.0,1.0,0.0,1.0,0.0,0.0,3.0,31.0,0.75,0.02,1.0,1.0,0.0,1.0,91.0,1.0
2026-08-23,1,579,Araujo,Liverpool,LIV,liverpool,DEF,0,20.0,1.0,0.0,0.0,0.0,0.0,0.0,0.0,3.0,0.0,0.03,4.0,0.0,0.0,0.0,55.0,4.0
2026-08-29,2,579,Araujo,Liverpool,LIV,liverpool,DEF,1,13.0,0.0,0.0,0.0,0.0,0.0,0.0,0.0,-1.0,0.0,0.01,1.0,1.0,0.0,0.0,55.0,1.0
2026-09-04,3,579,Araujo,Liverpool,LIV,liverpool,DEF,0,90.0,8.0,0.0,0.0,1.0,0.0,0.0,0.0,27.0,0.0,0.01,10.0,0.0,0.0,1.0,54.0,10.0
2026-09-12,4,579,Araujo,Liverpool,LIV,liverpool,DEF,1,71.0,6.0,0.0,0.0,1.0,0.0,0.0,0.0,24.0,0.0,0.0,4.0,0.0,0.0,1.0,54.0,4.0
2026-09-20,5,579,Araujo,Liverpool,LIV,liverpool,DEF,0,90.0,7.0,0.0,0.0,1.0,0.0,0.0,1.0,28.0,0.0,0.01,5.0,0.0,0.0,1.0,54.0,5.0
2026-08-23,1,381,Koumas,Liverpool,LIV,liverpool,MID,0,12.0,1.0,0.0,0.0,0.0,0.0,0.0,0.0,4.0,0.03,0.0,1.0,0.0,0.0,0.0,50.0,1.0
2026-08-29,2,381,Koumas,Liverpool,LIV,liverpool,MID,1,0.0,0.0,0.0,0.0,0.0,0.0,0.0,0.0,0.0,0.0,0.0,0.0,0.0,0.0,0.0,50.0,0.0
2026-09-04,3,381,Koumas,Liverpool,LIV,liverpool,MID,0,1.0,1.0,0.0,0.0,0.0,0.0,0.0,0.0,3.0,0.0,0.0,0.0,0.0,0.0,0.0,50.0,0.0
2026-09-12,4,381,Koumas,Liverpool,LIV,liverpool,MID,1,0.0,0.0,0.0,0.0,0.0,0.0,0.0,0.0,0.0,0.0,0.0,0.0,0.0,0.0,0.0,50.0,0.0
2026-09-20,5,381,Koumas,Liverpool,LIV,liverpool,MID,0,9.0,1.0,0.0,0.0,0.0,0.0,0.0,0.0,7.0,0.25,0.0,0.0,0.0,0.0,0.0,50.0,0.0
2026-08-23,1,380,Ekitiké,Liverpool,LIV,liverpool,FWD,0,0.0,0.0,0.0,0.0,0.0,0.0,0.0,0.0,0.0,0.0,0.0,0.0,0.0,0.0,0.0,75.0,0.0
2026-08-29,2,380,Ekitiké,Liverpool,LIV,liverpool,FWD,1,0.0,0.0,0.0,0.0,0.0,0.0,0.0,0.0,0.0,0.0,0.0,0.0,0.0,0.0,0.0,75.0,0.0
2026-09-04,3,380,Ekitiké,Liverpool,LIV,liverpool,FWD,0,0.0,0.0,0.0,0.0,0.0,0.0,0.0,0.0,0.0,0.0,0.0,0.0,0.0,0.0,0.0,75.0,0.0
2026-09-12,4,380,Ekitiké,Liverpool,LIV,liverpool,FWD,1,0.0,0.0,0.0,0.0,0.0,0.0,0.0,0.0,0.0,0.0,0.0,0.0,0.0,0.0,0.0,74.0,0.0
2026-09-20,5,380,Ekitiké,Liverpool,LIV,liverpool,FWD,0,0.0,0.0,0.0,0.0,0.0,0.0,0.0,0.0,0.0,0.0,0.0,0.0,0.0,0.0,0.0,74.0,0.0
2026-08-23,1,382,Danns,Liverpool,LIV,liverpool,FWD,0,0.0,0.0,0.0,0.0,0.0,0.0,0.0,0.0,0.0,0.0,0.0,0.0,0.0,0.0,0.0,45.0,0.0
2026-08-29,2,382,Danns,Liverpool,LIV,liverpool,FWD,1,0.0,0.0,0.0,0.0,0.0,0.0,0.0,0.0,0.0,0.0,0.0,0.0,0.0,0.0,0.0,45.0,0.0
2026-09-04,3,382,Danns,Liverpool,LIV,liverpool,FWD,0,0.0,0.0,0.0,0.0,0.0,0.0,0.0,0.0,0.0,0.0,0.0,0.0,0.0,0.0,0.0,45.0,0.0
2026-09-12,4,382,Danns,Liverpool,LIV,liverpool,FWD,1,0.0,0.0,0.0,0.0,0.0,0.0,0.0,0.0,0.0,0.0,0.0,0.0,0.0,0.0,0.0,45.0,0.0
2026-09-20,5,382,Danns,Liverpool,LIV,liverpool,FWD,0,0.0,0.0,0.0,0.0,0.0,0.0,0.0,0.0,0.0,0.0,0.0,0.0,0.0,0.0,0.0,45.0,0.0
2026-08-23,1,387,O'Reilly,Man City,MCI,man city,DEF,1,62.0,2.0,0.0,0.0,0.0,1.0,0.0,0.0,5.0,0.07,0.41,2.0,0.0,0.0,1.0,65.0,2.0
2026-08-28,2,387,O'Reilly,Man City,MCI,man city,DEF,0,88.0,2.0,0.0,0.0,0.0,1.0,0.0,0.0,11.0,0.02,0.02,1.0,0.0,0.0,1.0,65.0,1.0
2026-09-05,3,387,O'Reilly,Man City,MCI,man city,DEF,1,0.0,0.0,0.0,0.0,0.0,0.0,0.0,0.0,0.0,0.0,0.0,0.0,0.0,0.0,0.0,65.0,0.0
2026-09-13,4,387,O'Reilly,Man City,MCI,man city,DEF,0,8.0,1.0,0.0,0.0,0.0,0.0,0.0,0.0,3.0,0.0,0.0,0.0,0.0,0.0,0.0,64.0,0.0
2026-09-20,5,387,O'Reilly,Man City,MCI,man city,DEF,1,5.0,1.0,0.0,0.0,0.0,0.0,0.0,0.0,3.0,0.78,0.0,2.0,0.0,0.0,0.0,64.0,2.0
2026-08-22,1,237,Ndiaye,Everton,EVE,everton,MID,1,90.0,9.0,0.0,1.0,1.0,0.0,0.0,1.0,36.0,0.24,0.32,12.0,0.0,0.0,1.0,60.0,12.0
2026-08-29,2,237,Ndiaye,Everton,EVE,everton,MID,0,90.0,4.0,0.0,0.0,0.0,1.0,0.0,0.0,16.0,0.02,0.07,13.0,0.0,0.0,1.0,60.0,13.0
2026-09-05,3,237,Ndiaye,Man City,MCI,man city,MID,1,86.0,3.0,0.0,0.0,1.0,0.0,0.0,0.0,12.0,0.02,0.04,5.0,0.0,0.0,1.0,60.0,5.0
2026-09-13,4,237,Ndiaye,Man City,MCI,man city,MID,0,45.0,1.0,0.0,0.0,0.0,0.0,0.0,0.0,15.0,0.0,0.01,10.0,0.0,0.0,0.0,59.0,10.0
2026-09-20,5,237,Ndiaye,Man City,MCI,man city,MID,1,74.0,5.0,0.0,1.0,0.0,3.0,0.0,0.0,31.0,0.1,0.14,4.0,0.0,0.0,1.0,59.0,4.0
2026-08-23,1,383,Elliott,Liverpool,LIV,liverpool,MID,0,0.0,0.0,0.0,0.0,0.0,0.0,0.0,0.0,0.0,0.0,0.0,0.0,0.0,0.0,0.0,55.0,0.0
2026-08-29,2,383,Elliott,Liverpool,LIV,liverpool,MID,1,0.0,0.0,0.0,0.0,0.0,0.0,0.0,0.0,0.0,0.0,0.0,0.0,0.0,0.0,0.0,55.0,0.0
2026-09-04,3,383,Elliott,Liverpool,LIV,liverpool,MID,0,0.0,0.0,0.0,0.0,0.0,0.0,0.0,0.0,0.0,0.0,0.0,0.0,0.0,0.0,0.0,54.0,0.0
2026-09-12,4,383,Elliott,Liverpool,LIV,liverpool,MID,1,0.0,0.0,0.0,0.0,0.0,0.0,0.0,0.0,0.0,0.0,0.0,0.0,0.0,0.0,0.0,54.0,0.0
2026-09-20,5,383,Elliott,Liverpool,LIV,liverpool,MID,0,0.0,0.0,0.0,0.0,0.0,0.0,0.0,0.0,0.0,0.0,0.0,0.0,0.0,0.0,0.0,54.0,0.0
2026-09-04,3,627,Barcola,Liverpool,LIV,liverpool,MID,0,26.0,1.0,0.0,0.0,0.0,0.0,0.0,0.0,5.0,0.0,0.07,0.0,0.0,0.0,0.0,80.0,0.0
2026-09-12,4,627,Barcola,Liverpool,LIV,liverpool,MID,1,71.0,3.0,0.0,0.0,1.0,0.0,0.0,0.0,9.0,0.21,0.03,5.0,0.0,0.0,1.0,80.0,5.0
2026-09-20,5,627,Barcola,Liverpool,LIV,liverpool,MID,0,71.0,3.0,0.0,0.0,1.0,0.0,0.0,0.0,8.0,0.05,0.03,3.0,0.0,0.0,1.0,80.0,3.0
2026-08-23,1,386,Bettinelli,Man City,MCI,man city,GKP,1,0.0,0.0,0.0,0.0,0.0,0.0,0.0,0.0,0.0,0.0,0.0,0.0,0.0,0.0,0.0,45.0,0.0
2026-08-28,2,386,Bettinelli,Man City,MCI,man city,GKP,0,0.0,0.0,0.0,0.0,0.0,0.0,0.0,0.0,0.0,0.0,0.0,0.0,0.0,0.0,0.0,45.0,0.0
2026-09-05,3,386,Bettinelli,Man City,MCI,man city,GKP,1,0.0,0.0,0.0,0.0,0.0,0.0,0.0,0.0,0.0,0.0,0.0,0.0,0.0,0.0,0.0,45.0,0.0
2026-09-13,4,386,Bettinelli,Man City,MCI,man city,GKP,0,0.0,0.0,0.0,0.0,0.0,0.0,0.0,0.0,0.0,0.0,0.0,0.0,0.0,0.0,0.0,45.0,0.0
2026-09-20,5,386,Bettinelli,Man City,MCI,man city,GKP,1,0.0,0.0,0.0,0.0,0.0,0.0,0.0,0.0,0.0,0.0,0.0,0.0,0.0,0.0,0.0,45.0,0.0
2026-08-23,1,384,Donnarumma,Man City,MCI,man city,GKP,1,90.0,3.0,0.0,0.0,0.0,1.0,3.0,0.0,12.0,0.0,0.0,0.0,0.0,0.0,1.0,55.0,0.0
2026-08-28,2,384,Donnarumma,Man City,MCI,man city,GKP,0,90.0,0.0,0.0,0.0,0.0,1.0,1.0,0.0,5.0,0.0,0.0,0.0,0.0,0.0,1.0,55.0,0.0
2026-09-05,3,384,Donnarumma,Man City,MCI,man city,GKP,1,90.0,7.0,0.0,0.0,1.0,0.0,3.0,0.0,29.0,0.0,0.0,0.0,0.0,0.0,1.0,55.0,0.0
2026-09-13,4,384,Donnarumma,Man City,MCI,man city,GKP,0,90.0,7.0,0.0,0.0,1.0,0.0,3.0,0.0,29.0,0.0,0.0,0.0,0.0,0.0,1.0,55.0,0.0
2026-09-20,5,384,Donnarumma,Man City,MCI,man city,GKP,1,90.0,2.0,0.0,0.0,0.0,3.0,4.0,0.0,9.0,0.0,0.0,0.0,0.0,0.0,1.0,55.0,0.0
2026-08-23,1,389,Matheus N.,Man City,MCI,man city,DEF,1,33.0,1.0,0.0,0.0,0.0,0.0,0.0,0.0,4.0,0.0,0.04,1.0,0.0,0.0,0.0,60.0,1.0
2026-08-28,2,389,Matheus N.,Man City,MCI,man city,DEF,0,0.0,0.0,0.0,0.0,0.0,0.0,0.0,0.0,0.0,0.0,0.0,0.0,0.0,0.0,0.0,60.0,0.0
2026-09-05,3,389,Matheus N.,Man City,MCI,man city,DEF,1,0.0,0.0,0.0,0.0,0.0,0.0,0.0,0.0,0.0,0.0,0.0,0.0,0.0,0.0,0.0,59.0,0.0
2026-09-13,4,389,Matheus N.,Man City,MCI,man city,DEF,0,90.0,9.0,0.0,0.0,1.0,0.0,0.0,1.0,34.0,0.0,0.01,11.0,0.0,0.0,1.0,59.0,11.0
2026-09-20,5,389,Matheus N.,Man City,MCI,man city,DEF,1,90.0,1.0,0.0,0.0,0.0,3.0,0.0,0.0,0.0,0.0,0.01,9.0,0.0,0.0,1.0,59.0,9.0
2026-08-23,1,390,Rúben,Man City,MCI,man city,DEF,1,90.0,2.0,0.0,0.0,0.0,1.0,0.0,0.0,11.0,0.0,0.14,6.0,0.0,0.0,1.0,55.0,6.0
2026-08-28,2,390,Rúben,Man City,MCI,man city,DEF,0,90.0,2.0,0.0,0.0,0.0,1.0,0.0,0.0,19.0,0.09,0.57,6.0,0.0,0.0,1.0,55.0,6.0
2026-09-05,3,390,Rúben,Man City,MCI,man city,DEF,1,90.0,6.0,0.0,0.0,1.0,0.0,0.0,0.0,25.0,0.0,0.03,3.0,0.0,0.0,1.0,55.0,3.0
2026-09-13,4,390,Rúben,Man City,MCI,man city,DEF,0,90.0,6.0,0.0,0.0,1.0,0.0,0.0,0.0,24.0,0.0,0.0,7.0,0.0,0.0,1.0,55.0,7.0
2026-09-20,5,390,Rúben,Man City,MCI,man city,DEF,1,90.0,1.0,0.0,0.0,0.0,3.0,0.0,0.0,-7.0,0.2,0.0,4.0,0.0,0.0,1.0,55.0,4.0
2026-08-24,1,155,Enzo,Chelsea,CHE,chelsea,MID,0,25.0,1.0,0.0,0.0,0.0,0.0,0.0,0.0,6.0,0.0,0.02,3.0,0.0,0.0,0.0,70.0,3.0
2026-08-30,2,155,Enzo,Chelsea,CHE,chelsea,MID,1,0.0,0.0,0.0,0.0,0.0,0.0,0.0,0.0,0.0,0.0,0.0,0.0,0.0,0.0,0.0,70.0,0.0
2026-09-05,3,155,Enzo,Man City,MCI,man city,MID,1,75.0,3.0,0.0,0.0,1.0,0.0,0.0,0.0,17.0,0.13,0.12,3.0,0.0,0.0,1.0,69.0,3.0
2026-09-13,4,155,Enzo,Man City,MCI,man city,MID,0,81.0,2.0,0.0,0.0,1.0,0.0,0.0,0.0,17.0,0.18,0.13,10.0,1.0,0.0,1.0,69.0,10.0
2026-09-20,5,155,Enzo,Man City,MCI,man city,MID,1,90.0,7.0,1.0,0.0,0.0,3.0,0.0,0.0,33.0,0.04,0.26,5.0,0.0,0.0,1.0,69.0,5.0
2026-08-23,1,388,Guéhi,Man City,MCI,man city,DEF,1,90.0,10.0,1.0,0.0,0.0,1.0,0.0,2.0,31.0,0.89,0.32,4.0,0.0,0.0,1.0,60.0,4.0
2026-08-28,2,388,Guéhi,Man City,MCI,man city,DEF,0,90.0,2.0,0.0,0.0,0.0,1.0,0.0,0.0,12.0,0.0,0.04,5.0,0.0,0.0,1.0,60.0,5.0
2026-09-05,3,388,Guéhi,Man City,MCI,man city,DEF,1,90.0,8.0,0.0,0.0,1.0,0.0,0.0,2.0,31.0,0.0,0.02,9.0,0.0,0.0,1.0,60.0,9.0
2026-09-13,4,388,Guéhi,Man City,MCI,man city,DEF,0,90.0,6.0,0.0,0.0,1.0,0.0,0.0,0.0,27.0,0.0,0.0,7.0,0.0,0.0,1.0,60.0,7.0
2026-09-20,5,388,Guéhi,Man City,MCI,man city,DEF,1,90.0,4.0,0.0,1.0,0.0,3.0,0.0,0.0,13.0,0.06,0.01,4.0,0.0,0.0,1.0,60.0,4.0
2026-08-23,1,394,Alleyne,Man City,MCI,man city,DEF,1,0.0,0.0,0.0,0.0,0.0,0.0,0.0,0.0,0.0,0.0,0.0,0.0,0.0,0.0,0.0,50.0,0.0
2026-08-28,2,394,Alleyne,Man City,MCI,man city,DEF,0,0.0,0.0,0.0,0.0,0.0,0.0,0.0,0.0,0.0,0.0,0.0,0.0,0.0,0.0,0.0,50.0,0.0
2026-09-05,3,394,Alleyne,Man City,MCI,man city,DEF,1,0.0,0.0,0.0,0.0,0.0,0.0,0.0,0.0,0.0,0.0,0.0,0.0,0.0,0.0,0.0,50.0,0.0
2026-09-13,4,394,Alleyne,Man City,MCI,man city,DEF,0,0.0,0.0,0.0,0.0,0.0,0.0,0.0,0.0,0.0,0.0,0.0,0.0,0.0,0.0,0.0,50.0,0.0
2026-09-20,5,394,Alleyne,Man City,MCI,man city,DEF,1,0.0,0.0,0.0,0.0,0.0,0.0,0.0,0.0,0.0,0.0,0.0,0.0,0.0,0.0,0.0,50.0,0.0
2026-08-23,1,391,Gvardiol,Man City,MCI,man city,DEF,1,90.0,9.0,1.0,0.0,0.0,1.0,0.0,1.0,28.0,0.19,0.05,7.0,0.0,0.0,1.0,55.0,7.0
2026-08-28,2,391,Gvardiol,Man City,MCI,man city,DEF,0,74.0,5.0,0.0,1.0,0.0,1.0,0.0,0.0,18.0,0.0,0.04,2.0,0.0,0.0,1.0,55.0,2.0
2026-09-05,3,391,Gvardiol,Man City,MCI,man city,DEF,1,90.0,8.0,0.0,0.0,1.0,0.0,0.0,2.0,31.0,0.01,0.02,8.0,0.0,0.0,1.0,56.0,8.0
2026-09-13,4,391,Gvardiol,Man City,MCI,man city,DEF,0,90.0,11.0,0.0,1.0,1.0,0.0,0.0,3.0,36.0,0.02,0.0,7.0,1.0,0.0,1.0,56.0,7.0
2026-09-20,5,391,Gvardiol,Man City,MCI,man city,DEF,1,90.0,4.0,0.0,1.0,0.0,3.0,0.0,0.0,22.0,0.0,0.63,7.0,0.0,0.0,1.0,57.0,7.0
2026-08-23,1,392,Aït-Nouri,Man City,MCI,man city,DEF,1,0.0,0.0,0.0,0.0,0.0,0.0,0.0,0.0,0.0,0.0,0.0,0.0,0.0,0.0,0.0,55.0,0.0
2026-08-28,2,392,Aït-Nouri,Man City,MCI,man city,DEF,0,0.0,0.0,0.0,0.0,0.0,0.0,0.0,0.0,0.0,0.0,0.0,0.0,0.0,0.0,0.0,55.0,0.0
2026-09-05,3,392,Aït-Nouri,Man City,MCI,man city,DEF,1,0.0,0.0,0.0,0.0,0.0,0.0,0.0,0.0,0.0,0.0,0.0,0.0,0.0,0.0,0.0,54.0,0.0
2026-09-13,4,392,Aït-Nouri,Man City,MCI,man city,DEF,0,0.0,0.0,0.0,0.0,0.0,0.0,0.0,0.0,0.0,0.0,0.0,0.0,0.0,0.0,0.0,53.0,0.0
2026-09-20,5,392,Aït-Nouri,Man City,MCI,man city,DEF,1,0.0,0.0,0.0,0.0,0.0,0.0,0.0,0.0,0.0,0.0,0.0,0.0,0.0,0.0,0.0,53.0,0.0
2026-08-23,1,399,Cherki,Man City,MCI,man city,MID,1,27.0,8.0,0.0,2.0,0.0,0.0,0.0,1.0,28.0,0.0,0.5,0.0,0.0,0.0,0.0,75.0,0.0
2026-08-28,2,399,Cherki,Man City,MCI,man city,MID,0,81.0,14.0,2.0,0.0,0.0,1.0,0.0,3.0,60.0,0.35,0.55,3.0,1.0,0.0,1.0,75.0,3.0
2026-09-05,3,399,Cherki,Man City,MCI,man city,MID,1,65.0,3.0,0.0,0.0,1.0,0.0,0.0,0.0,23.0,0.21,0.3,3.0,0.0,0.0,1.0,77.0,3.0
2026-09-13,4,399,Cherki,Man City,MCI,man city,MID,0,45.0,1.0,0.0,0.0,0.0,0.0,0.0,0.0,4.0,0.03,0.06,1.0,0.0,0.0,1.0,78.0,1.0
2026-09-20,5,399,Cherki,Man City,MCI,man city,MID,1,84.0,8.0,1.0,0.0,0.0,3.0,0.0,1.0,35.0,0.13,0.13,5.0,0.0,0.0,1.0,78.0,5.0
2026-08-23,1,400,Doku,Man City,MCI,man city,MID,1,0.0,0.0,0.0,0.0,0.0,0.0,0.0,0.0,0.0,0.0,0.0,0.0,0.0,0.0,0.0,75.0,0.0
2026-08-28,2,400,Doku,Man City,MCI,man city,MID,0,0.0,0.0,0.0,0.0,0.0,0.0,0.0,0.0,0.0,0.0,0.0,0.0,0.0,0.0,0.0,75.0,0.0
2026-09-05,3,400,Doku,Man City,MCI,man city,MID,1,0.0,0.0,0.0,0.0,0.0,0.0,0.0,0.0,0.0,0.0,0.0,0.0,0.0,0.0,0.0,74.0,0.0
2026-09-13,4,400,Doku,Man City,MCI,man city,MID,0,0.0,0.0,0.0,0.0,0.0,0.0,0.0,0.0,0.0,0.0,0.0,0.0,0.0,0.0,0.0,74.0,0.0
2026-09-20,5,400,Doku,Man City,MCI,man city,MID,1,15.0,1.0,0.0,0.0,0.0,0.0,0.0,0.0,7.0,0.23,0.32,2.0,0.0,0.0,0.0,74.0,2.0
2026-08-23,1,397,Semenyo,Man City,MCI,man city,MID,1,90.0,2.0,0.0,0.0,0.0,1.0,0.0,0.0,16.0,0.06,0.02,5.0,0.0,0.0,1.0,85.0,5.0
2026-08-28,2,397,Semenyo,Man City,MCI,man city,MID,0,90.0,5.0,0.0,1.0,0.0,1.0,0.0,0.0,33.0,0.06,0.57,3.0,0.0,0.0,1.0,85.0,3.0
2026-09-05,3,397,Semenyo,Man City,MCI,man city,MID,1,90.0,6.0,0.0,1.0,1.0,0.0,0.0,0.0,26.0,0.05,0.34,4.0,0.0,0.0,1.0,85.0,4.0
2026-09-13,4,397,Semenyo,Man City,MCI,man city,MID,0,90.0,3.0,0.0,0.0,1.0,0.0,0.0,0.0,7.0,0.0,0.06,3.0,0.0,0.0,1.0,84.0,3.0
2026-09-20,5,397,Semenyo,Man City,MCI,man city,MID,1,90.0,17.0,2.0,1.0,0.0,3.0,0.0,2.0,65.0,0.16,0.17,7.0,0.0,0.0,1.0,84.0,7.0
2026-08-23,1,393,Khusanov,Man City,MCI,man city,DEF,1,90.0,2.0,0.0,0.0,0.0,1.0,0.0,0.0,14.0,0.0,0.02,4.0,0.0,0.0,1.0,55.0,4.0
2026-08-28,2,393,Khusanov,Man City,MCI,man city,DEF,0,88.0,2.0,0.0,0.0,0.0,1.0,0.0,0.0,17.0,0.0,0.02,7.0,0.0,0.0,1.0,55.0,7.0
2026-09-05,3,393,Khusanov,Man City,MCI,man city,DEF,1,90.0,5.0,0.0,0.0,1.0,0.0,0.0,0.0,22.0,0.0,0.02,6.0,1.0,0.0,1.0,55.0,6.0
2026-09-13,4,393,Khusanov,Man City,MCI,man city,DEF,0,0.0,0.0,0.0,0.0,0.0,0.0,0.0,0.0,0.0,0.0,0.0,0.0,0.0,0.0,0.0,55.0,0.0
2026-09-20,5,393,Khusanov,Man City,MCI,man city,DEF,1,0.0,0.0,0.0,0.0,0.0,0.0,0.0,0.0,0.0,0.0,0.0,0.0,0.0,0.0,0.0,54.0,0.0
2026-08-23,1,396,Vitor Reis,Man City,MCI,man city,DEF,1,0.0,0.0,0.0,0.0,0.0,0.0,0.0,0.0,0.0,0.0,0.0,0.0,0.0,0.0,0.0,45.0,0.0
2026-08-28,2,396,Vitor Reis,Man City,MCI,man city,DEF,0,1.0,1.0,0.0,0.0,0.0,0.0,0.0,0.0,3.0,0.0,0.0,0.0,0.0,0.0,0.0,45.0,0.0
2026-09-05,3,396,Vitor Reis,Man City,MCI,man city,DEF,1,0.0,0.0,0.0,0.0,0.0,0.0,0.0,0.0,0.0,0.0,0.0,0.0,0.0,0.0,0.0,45.0,0.0
2026-09-13,4,396,Vitor Reis,Man City,MCI,man city,DEF,0,0.0,0.0,0.0,0.0,0.0,0.0,0.0,0.0,0.0,0.0,0.0,0.0,0.0,0.0,0.0,45.0,0.0
2026-09-20,5,396,Vitor Reis,Man City,MCI,man city,DEF,1,0.0,0.0,0.0,0.0,0.0,0.0,0.0,0.0,0.0,0.0,0.0,0.0,0.0,0.0,0.0,45.0,0.0
2026-08-23,1,395,Lewis,Man City,MCI,man city,DEF,1,56.0,1.0,0.0,0.0,0.0,1.0,0.0,0.0,-1.0,0.17,0.02,2.0,0.0,0.0,1.0,45.0,2.0
2026-08-28,2,395,Lewis,Man City,MCI,man city,DEF,0,0.0,0.0,0.0,0.0,0.0,0.0,0.0,0.0,0.0,0.0,0.0,0.0,0.0,0.0,0.0,45.0,0.0
2026-09-05,3,395,Lewis,Man City,MCI,man city,DEF,1,0.0,0.0,0.0,0.0,0.0,0.0,0.0,0.0,0.0,0.0,0.0,0.0,0.0,0.0,0.0,45.0,0.0
2026-09-13,4,395,Lewis,Man City,MCI,man city,DEF,0,0.0,0.0,0.0,0.0,0.0,0.0,0.0,0.0,0.0,0.0,0.0,0.0,0.0,0.0,0.0,44.0,0.0
2026-09-20,5,395,Lewis,Man City,MCI,man city,DEF,1,0.0,0.0,0.0,0.0,0.0,0.0,0.0,0.0,0.0,0.0,0.0,0.0,0.0,0.0,0.0,44.0,0.0
2026-08-23,1,398,Foden,Man City,MCI,man city,MID,1,81.0,1.0,0.0,0.0,0.0,1.0,0.0,0.0,15.0,0.12,0.4,6.0,1.0,0.0,1.0,70.0,6.0
2026-08-28,2,398,Foden,Man City,MCI,man city,MID,0,90.0,9.0,0.0,2.0,0.0,1.0,0.0,1.0,38.0,0.87,0.45,7.0,0.0,0.0,1.0,70.0,7.0
2026-09-05,3,398,Foden,Man City,MCI,man city,MID,1,24.0,1.0,0.0,0.0,0.0,0.0,0.0,0.0,3.0,0.62,0.01,1.0,0.0,0.0,0.0,70.0,1.0
2026-09-13,4,398,Foden,Man City,MCI,man city,MID,0,22.0,-2.0,0.0,0.0,0.0,0.0,0.0,0.0,-4.0,0.0,0.02,0.0,0.0,1.0,1.0,70.0,0.0
2026-09-20,5,398,Foden,Man City,MCI,man city,MID,1,0.0,0.0,0.0,0.0,0.0,0.0,0.0,0.0,0.0,0.0,0.0,0.0,0.0,0.0,0.0,69.0,0.0
2026-08-23,1,404,Reijnders,Man City,MCI,man city,MID,1,0.0,0.0,0.0,0.0,0.0,0.0,0.0,0.0,0.0,0.0,0.0,0.0,0.0,0.0,0.0,60.0,0.0
2026-08-28,2,404,Reijnders,Man City,MCI,man city,MID,0,0.0,0.0,0.0,0.0,0.0,0.0,0.0,0.0,0.0,0.0,0.0,0.0,0.0,0.0,0.0,60.0,0.0
2026-09-05,3,404,Reijnders,Man City,MCI,man city,MID,1,0.0,0.0,0.0,0.0,0.0,0.0,0.0,0.0,0.0,0.0,0.0,0.0,0.0,0.0,0.0,60.0,0.0
2026-09-13,4,404,Reijnders,Man City,MCI,man city,MID,0,0.0,0.0,0.0,0.0,0.0,0.0,0.0,0.0,0.0,0.0,0.0,0.0,0.0,0.0,0.0,60.0,0.0
2026-09-20,5,404,Reijnders,Man City,MCI,man city,MID,1,0.0,0.0,0.0,0.0,0.0,0.0,0.0,0.0,0.0,0.0,0.0,0.0,0.0,0.0,0.0,60.0,0.0
2026-08-23,1,402,Rodrigo,Man City,MCI,man city,MID,1,0.0,0.0,0.0,0.0,0.0,0.0,0.0,0.0,0.0,0.0,0.0,0.0,0.0,0.0,0.0,65.0,0.0
2026-08-28,2,402,Rodrigo,Man City,MCI,man city,MID,0,0.0,0.0,0.0,0.0,0.0,0.0,0.0,0.0,0.0,0.0,0.0,0.0,0.0,0.0,0.0,65.0,0.0
2026-09-05,3,402,Rodrigo,Man City,MCI,man city,MID,1,0.0,0.0,0.0,0.0,0.0,0.0,0.0,0.0,0.0,0.0,0.0,0.0,0.0,0.0,0.0,65.0,0.0
2026-09-13,4,402,Rodrigo,Man City,MCI,man city,MID,0,0.0,0.0,0.0,0.0,0.0,0.0,0.0,0.0,0.0,0.0,0.0,0.0,0.0,0.0,0.0,65.0,0.0
2026-09-20,5,402,Rodrigo,Man City,MCI,man city,MID,1,0.0,0.0,0.0,0.0,0.0,0.0,0.0,0.0,0.0,0.0,0.0,0.0,0.0,0.0,0.0,65.0,0.0
2026-08-23,1,407,Echeverri,Man City,MCI,man city,MID,1,0.0,0.0,0.0,0.0,0.0,0.0,0.0,0.0,0.0,0.0,0.0,0.0,0.0,0.0,0.0,50.0,0.0
2026-08-28,2,407,Echeverri,Man City,MCI,man city,MID,0,0.0,0.0,0.0,0.0,0.0,0.0,0.0,0.0,0.0,0.0,0.0,0.0,0.0,0.0,0.0,50.0,0.0
2026-09-05,3,407,Echeverri,Man City,MCI,man city,MID,1,0.0,0.0,0.0,0.0,0.0,0.0,0.0,0.0,0.0,0.0,0.0,0.0,0.0,0.0,0.0,49.0,0.0
2026-09-13,4,407,Echeverri,Man City,MCI,man city,MID,0,0.0,0.0,0.0,0.0,0.0,0.0,0.0,0.0,0.0,0.0,0.0,0.0,0.0,0.0,0.0,49.0,0.0
2026-09-20,5,407,Echeverri,Man City,MCI,man city,MID,1,0.0,0.0,0.0,0.0,0.0,0.0,0.0,0.0,0.0,0.0,0.0,0.0,0.0,0.0,0.0,49.0,0.0
2026-08-23,1,406,Kovačić,Man City,MCI,man city,MID,1,27.0,1.0,0.0,0.0,0.0,0.0,0.0,0.0,3.0,0.0,0.01,2.0,0.0,0.0,0.0,55.0,2.0
2026-08-28,2,406,Kovačić,Man City,MCI,man city,MID,0,15.0,1.0,0.0,0.0,0.0,0.0,0.0,0.0,9.0,0.0,0.01,0.0,0.0,0.0,0.0,55.0,0.0
2026-09-05,3,406,Kovačić,Man City,MCI,man city,MID,1,0.0,0.0,0.0,0.0,0.0,0.0,0.0,0.0,0.0,0.0,0.0,0.0,0.0,0.0,0.0,55.0,0.0
2026-09-13,4,406,Kovačić,Man City,MCI,man city,MID,0,0.0,0.0,0.0,0.0,0.0,0.0,0.0,0.0,0.0,0.0,0.0,0.0,0.0,0.0,0.0,54.0,0.0
2026-09-20,5,406,Kovačić,Man City,MCI,man city,MID,1,0.0,0.0,0.0,0.0,0.0,0.0,0.0,0.0,0.0,0.0,0.0,0.0,0.0,0.0,0.0,54.0,0.0
2026-08-23,1,408,Phillips,Man City,MCI,man city,MID,1,0.0,0.0,0.0,0.0,0.0,0.0,0.0,0.0,0.0,0.0,0.0,0.0,0.0,0.0,0.0,50.0,0.0
2026-08-28,2,408,Phillips,Man City,MCI,man city,MID,0,0.0,0.0,0.0,0.0,0.0,0.0,0.0,0.0,0.0,0.0,0.0,0.0,0.0,0.0,0.0,50.0,0.0
2026-09-05,3,408,Phillips,Man City,MCI,man city,MID,1,0.0,0.0,0.0,0.0,0.0,0.0,0.0,0.0,0.0,0.0,0.0,0.0,0.0,0.0,0.0,50.0,0.0
2026-09-13,4,408,Phillips,Man City,MCI,man city,MID,0,0.0,0.0,0.0,0.0,0.0,0.0,0.0,0.0,0.0,0.0,0.0,0.0,0.0,0.0,0.0,50.0,0.0
2026-09-20,5,408,Phillips,Man City,MCI,man city,MID,1,0.0,0.0,0.0,0.0,0.0,0.0,0.0,0.0,0.0,0.0,0.0,0.0,0.0,0.0,0.0,50.0,0.0
2026-08-23,1,587,Rulli,Man City,MCI,man city,GKP,1,0.0,0.0,0.0,0.0,0.0,0.0,0.0,0.0,0.0,0.0,0.0,0.0,0.0,0.0,0.0,50.0,0.0
2026-08-28,2,587,Rulli,Man City,MCI,man city,GKP,0,0.0,0.0,0.0,0.0,0.0,0.0,0.0,0.0,0.0,0.0,0.0,0.0,0.0,0.0,0.0,50.0,0.0
2026-09-05,3,587,Rulli,Man City,MCI,man city,GKP,1,0.0,0.0,0.0,0.0,0.0,0.0,0.0,0.0,0.0,0.0,0.0,0.0,0.0,0.0,0.0,50.0,0.0
2026-09-13,4,587,Rulli,Man City,MCI,man city,GKP,0,0.0,0.0,0.0,0.0,0.0,0.0,0.0,0.0,0.0,0.0,0.0,0.0,0.0,0.0,0.0,50.0,0.0
2026-09-20,5,587,Rulli,Man City,MCI,man city,GKP,1,0.0,0.0,0.0,0.0,0.0,0.0,0.0,0.0,0.0,0.0,0.0,0.0,0.0,0.0,0.0,50.0,0.0
2026-08-23,1,411,Haaland,Man City,MCI,man city,FWD,1,90.0,2.0,0.0,0.0,0.0,1.0,0.0,0.0,6.0,0.74,0.02,3.0,0.0,0.0,1.0,155.0,3.0
2026-08-28,2,411,Haaland,Man City,MCI,man city,FWD,0,90.0,13.0,2.0,0.0,0.0,1.0,0.0,3.0,60.0,0.66,0.0,5.0,0.0,0.0,1.0,155.0,5.0
2026-09-05,3,411,Haaland,Man City,MCI,man city,FWD,1,90.0,9.0,1.0,0.0,1.0,0.0,0.0,3.0,40.0,1.06,0.48,7.0,0.0,0.0,1.0,155.0,7.0
2026-09-13,4,411,Haaland,Man City,MCI,man city,FWD,0,90.0,9.0,1.0,0.0,1.0,0.0,0.0,3.0,36.0,0.87,0.01,3.0,0.0,0.0,1.0,155.0,3.0
2026-09-20,5,411,Haaland,Man City,MCI,man city,FWD,1,90.0,6.0,1.0,0.0,0.0,3.0,0.0,0.0,25.0,1.09,0.02,2.0,0.0,0.0,1.0,156.0,2.0
2026-08-23,1,409,Mukasa,Man City,MCI,man city,MID,1,0.0,0.0,0.0,0.0,0.0,0.0,0.0,0.0,0.0,0.0,0.0,0.0,0.0,0.0,0.0,45.0,0.0
2026-08-28,2,409,Mukasa,Man City,MCI,man city,MID,0,0.0,0.0,0.0,0.0,0.0,0.0,0.0,0.0,0.0,0.0,0.0,0.0,0.0,0.0,0.0,45.0,0.0
2026-09-05,3,409,Mukasa,Man City,MCI,man city,MID,1,0.0,0.0,0.0,0.0,0.0,0.0,0.0,0.0,0.0,0.0,0.0,0.0,0.0,0.0,0.0,45.0,0.0
2026-09-13,4,409,Mukasa,Man City,MCI,man city,MID,0,0.0,0.0,0.0,0.0,0.0,0.0,0.0,0.0,0.0,0.0,0.0,0.0,0.0,0.0,0.0,45.0,0.0
2026-09-20,5,409,Mukasa,Man City,MCI,man city,MID,1,0.0,0.0,0.0,0.0,0.0,0.0,0.0,0.0,0.0,0.0,0.0,0.0,0.0,0.0,0.0,45.0,0.0
2026-09-05,3,628,Allan,Man City,MCI,man city,MID,1,0.0,0.0,0.0,0.0,0.0,0.0,0.0,0.0,0.0,0.0,0.0,0.0,0.0,0.0,0.0,60.0,0.0
2026-09-13,4,628,Allan,Man City,MCI,man city,MID,0,0.0,0.0,0.0,0.0,0.0,0.0,0.0,0.0,0.0,0.0,0.0,0.0,0.0,0.0,0.0,60.0,0.0
2026-09-20,5,628,Allan,Man City,MCI,man city,MID,1,0.0,0.0,0.0,0.0,0.0,0.0,0.0,0.0,0.0,0.0,0.0,0.0,0.0,0.0,0.0,60.0,0.0
2026-09-05,3,653,Samba,Man City,MCI,man city,MID,1,0.0,0.0,0.0,0.0,0.0,0.0,0.0,0.0,0.0,0.0,0.0,0.0,0.0,0.0,0.0,45.0,0.0
2026-09-13,4,653,Samba,Man City,MCI,man city,MID,0,0.0,0.0,0.0,0.0,0.0,0.0,0.0,0.0,0.0,0.0,0.0,0.0,0.0,0.0,0.0,45.0,0.0
2026-09-20,5,653,Samba,Man City,MCI,man city,MID,1,0.0,0.0,0.0,0.0,0.0,0.0,0.0,0.0,0.0,0.0,0.0,0.0,0.0,0.0,0.0,45.0,0.0
2026-08-28,2,622,Braithwaite,Man City,MCI,man city,DEF,0,1.0,1.0,0.0,0.0,0.0,0.0,0.0,0.0,3.0,0.0,0.0,0.0,0.0,0.0,0.0,40.0,0.0
2026-09-05,3,622,Braithwaite,Man City,MCI,man city,DEF,1,0.0,0.0,0.0,0.0,0.0,0.0,0.0,0.0,0.0,0.0,0.0,0.0,0.0,0.0,0.0,40.0,0.0
2026-09-13,4,622,Braithwaite,Man City,MCI,man city,DEF,0,0.0,0.0,0.0,0.0,0.0,0.0,0.0,0.0,0.0,0.0,0.0,0.0,0.0,0.0,0.0,40.0,0.0
2026-09-20,5,622,Braithwaite,Man City,MCI,man city,DEF,1,0.0,0.0,0.0,0.0,0.0,0.0,0.0,0.0,0.0,0.0,0.0,0.0,0.0,0.0,0.0,40.0,0.0
2026-08-23,1,131,Baleba,Brighton,BHA,brighton,MID,1,0.0,0.0,0.0,0.0,0.0,0.0,0.0,0.0,0.0,0.0,0.0,0.0,0.0,0.0,0.0,50.0,0.0
2026-08-30,2,131,Baleba,Man Utd,MUN,man utd,MID,1,0.0,0.0,0.0,0.0,0.0,0.0,0.0,0.0,0.0,0.0,0.0,0.0,0.0,0.0,0.0,50.0,0.0
2026-09-06,3,131,Baleba,Man Utd,MUN,man utd,MID,0,0.0,0.0,0.0,0.0,0.0,0.0,0.0,0.0,0.0,0.0,0.0,0.0,0.0,0.0,0.0,50.0,0.0
2026-09-13,4,131,Baleba,Man Utd,MUN,man utd,MID,1,0.0,0.0,0.0,0.0,0.0,0.0,0.0,0.0,0.0,0.0,0.0,0.0,0.0,0.0,0.0,50.0,0.0
2026-09-20,5,131,Baleba,Man Utd,MUN,man utd,MID,0,0.0,0.0,0.0,0.0,0.0,0.0,0.0,0.0,0.0,0.0,0.0,0.0,0.0,0.0,0.0,49.0,0.0
2026-08-23,1,410,Monga,Man City,MCI,man city,MID,1,0.0,0.0,0.0,0.0,0.0,0.0,0.0,0.0,0.0,0.0,0.0,0.0,0.0,0.0,0.0,50.0,0.0
2026-08-28,2,410,Monga,Man City,MCI,man city,MID,0,0.0,0.0,0.0,0.0,0.0,0.0,0.0,0.0,0.0,0.0,0.0,0.0,0.0,0.0,0.0,50.0,0.0
2026-09-05,3,410,Monga,Man City,MCI,man city,MID,1,0.0,0.0,0.0,0.0,0.0,0.0,0.0,0.0,0.0,0.0,0.0,0.0,0.0,0.0,0.0,49.0,0.0
2026-09-13,4,410,Monga,Man City,MCI,man city,MID,0,0.0,0.0,0.0,0.0,0.0,0.0,0.0,0.0,0.0,0.0,0.0,0.0,0.0,0.0,0.0,49.0,0.0
2026-09-20,5,410,Monga,Man City,MCI,man city,MID,1,0.0,0.0,0.0,0.0,0.0,0.0,0.0,0.0,0.0,0.0,0.0,0.0,0.0,0.0,0.0,49.0,0.0
2026-08-22,1,325,Darlow,Man Utd,MUN,man utd,GKP,0,0.0,0.0,0.0,0.0,0.0,0.0,0.0,0.0,0.0,0.0,0.0,0.0,0.0,0.0,0.0,45.0,0.0
2026-08-30,2,325,Darlow,Man Utd,MUN,man utd,GKP,1,0.0,0.0,0.0,0.0,0.0,0.0,0.0,0.0,0.0,0.0,0.0,0.0,0.0,0.0,0.0,45.0,0.0
2026-09-06,3,325,Darlow,Man Utd,MUN,man utd,GKP,0,0.0,0.0,0.0,0.0,0.0,0.0,0.0,0.0,0.0,0.0,0.0,0.0,0.0,0.0,0.0,45.0,0.0
2026-09-13,4,325,Darlow,Man Utd,MUN,man utd,GKP,1,0.0,0.0,0.0,0.0,0.0,0.0,0.0,0.0,0.0,0.0,0.0,0.0,0.0,0.0,0.0,45.0,0.0
2026-09-20,5,325,Darlow,Man Utd,MUN,man utd,GKP,0,0.0,0.0,0.0,0.0,0.0,0.0,0.0,0.0,0.0,0.0,0.0,0.0,0.0,0.0,0.0,45.0,0.0
2026-08-28,2,621,McAidoo,Man City,MCI,man city,MID,0,8.0,1.0,0.0,0.0,0.0,0.0,0.0,0.0,3.0,0.1,0.0,0.0,0.0,0.0,0.0,45.0,0.0
2026-09-05,3,621,McAidoo,Man City,MCI,man city,MID,1,3.0,1.0,0.0,0.0,0.0,0.0,0.0,0.0,5.0,0.0,0.0,4.0,0.0,0.0,0.0,45.0,4.0
2026-09-13,4,621,McAidoo,Man City,MCI,man city,MID,0,0.0,0.0,0.0,0.0,0.0,0.0,0.0,0.0,0.0,0.0,0.0,0.0,0.0,0.0,0.0,45.0,0.0
2026-09-20,5,621,McAidoo,Man City,MCI,man city,MID,1,0.0,0.0,0.0,0.0,0.0,0.0,0.0,0.0,0.0,0.0,0.0,0.0,0.0,0.0,0.0,45.0,0.0
2026-08-28,2,616,Bouaddi,Man City,MCI,man city,MID,0,8.0,1.0,0.0,0.0,0.0,0.0,0.0,0.0,3.0,0.0,0.12,1.0,0.0,0.0,0.0,55.0,1.0
2026-09-05,3,616,Bouaddi,Man City,MCI,man city,MID,1,14.0,1.0,0.0,0.0,0.0,0.0,0.0,0.0,5.0,0.0,0.0,5.0,0.0,0.0,0.0,55.0,5.0
2026-09-13,4,616,Bouaddi,Man City,MCI,man city,MID,0,0.0,0.0,0.0,0.0,0.0,0.0,0.0,0.0,0.0,0.0,0.0,0.0,0.0,0.0,0.0,55.0,0.0
2026-09-20,5,616,Bouaddi,Man City,MCI,man city,MID,1,0.0,0.0,0.0,0.0,0.0,0.0,0.0,0.0,0.0,0.0,0.0,0.0,0.0,0.0,0.0,55.0,0.0
2026-08-22,1,43,Tielemans,Man Utd,MUN,man utd,MID,0,66.0,2.0,0.0,0.0,0.0,2.0,0.0,0.0,13.0,0.04,0.11,5.0,0.0,0.0,1.0,60.0,5.0
2026-08-30,2,43,Tielemans,Man Utd,MUN,man utd,MID,1,90.0,4.0,0.0,0.0,0.0,2.0,0.0,0.0,26.0,0.47,0.11,13.0,0.0,0.0,1.0,60.0,13.0
2026-09-06,3,43,Tielemans,Man Utd,MUN,man utd,MID,0,90.0,2.0,0.0,0.0,0.0,2.0,0.0,0.0,17.0,0.05,0.06,7.0,0.0,0.0,1.0,59.0,7.0
2026-09-13,4,43,Tielemans,Man Utd,MUN,man utd,MID,1,66.0,2.0,0.0,0.0,0.0,1.0,0.0,0.0,15.0,0.0,0.04,5.0,0.0,0.0,1.0,59.0,5.0
2026-09-20,5,43,Tielemans,Man Utd,MUN,man utd,MID,0,90.0,4.0,0.0,0.0,0.0,1.0,0.0,0.0,22.0,0.09,0.2,13.0,0.0,0.0,1.0,58.0,13.0
2026-08-23,1,481,Anderson,Man City,MCI,man city,MID,1,62.0,2.0,0.0,0.0,0.0,1.0,0.0,0.0,14.0,0.0,0.25,6.0,0.0,0.0,1.0,65.0,6.0
2026-08-28,2,481,Anderson,Man City,MCI,man city,MID,0,81.0,3.0,0.0,0.0,0.0,1.0,0.0,0.0,25.0,0.07,0.22,14.0,1.0,0.0,1.0,64.0,14.0
2026-09-05,3,481,Anderson,Man City,MCI,man city,MID,1,90.0,3.0,0.0,0.0,1.0,0.0,0.0,0.0,23.0,0.02,0.17,11.0,0.0,0.0,1.0,64.0,11.0
2026-09-13,4,481,Anderson,Man City,MCI,man city,MID,0,90.0,5.0,0.0,0.0,1.0,0.0,0.0,0.0,18.0,0.0,0.01,14.0,0.0,0.0,1.0,63.0,14.0
2026-09-20,5,481,Anderson,Man City,MCI,man city,MID,1,90.0,2.0,0.0,0.0,0.0,3.0,0.0,0.0,15.0,0.02,0.02,9.0,0.0,0.0,1.0,63.0,9.0
2026-08-22,1,162,Andrey Santos,Man Utd,MUN,man utd,MID,0,66.0,2.0,0.0,0.0,0.0,2.0,0.0,0.0,17.0,0.0,0.23,9.0,0.0,0.0,1.0,50.0,9.0
2026-08-30,2,162,Andrey Santos,Man Utd,MUN,man utd,MID,1,10.0,1.0,0.0,0.0,0.0,1.0,0.0,0.0,2.0,0.0,0.0,5.0,0.0,0.0,0.0,50.0,5.0
2026-09-06,3,162,Andrey Santos,Man Utd,MUN,man utd,MID,0,6.0,1.0,0.0,0.0,0.0,1.0,0.0,0.0,4.0,0.0,0.01,4.0,0.0,0.0,0.0,49.0,4.0
2026-09-13,4,162,Andrey Santos,Man Utd,MUN,man utd,MID,1,0.0,0.0,0.0,0.0,0.0,0.0,0.0,0.0,0.0,0.0,0.0,0.0,0.0,0.0,0.0,49.0,0.0
2026-09-20,5,162,Andrey Santos,Man Utd,MUN,man utd,MID,0,0.0,0.0,0.0,0.0,0.0,0.0,0.0,0.0,0.0,0.0,0.0,0.0,0.0,0.0,0.0,48.0,0.0
2026-08-22,1,413,Bayindir,Man Utd,MUN,man utd,GKP,0,0.0,0.0,0.0,0.0,0.0,0.0,0.0,0.0,0.0,0.0,0.0,0.0,0.0,0.0,0.0,45.0,0.0
2026-08-30,2,413,Bayindir,Man Utd,MUN,man utd,GKP,1,0.0,0.0,0.0,0.0,0.0,0.0,0.0,0.0,0.0,0.0,0.0,0.0,0.0,0.0,0.0,45.0,0.0
2026-09-06,3,413,Bayindir,Man Utd,MUN,man utd,GKP,0,0.0,0.0,0.0,0.0,0.0,0.0,0.0,0.0,0.0,0.0,0.0,0.0,0.0,0.0,0.0,45.0,0.0
2026-09-13,4,413,Bayindir,Man Utd,MUN,man utd,GKP,1,0.0,0.0,0.0,0.0,0.0,0.0,0.0,0.0,0.0,0.0,0.0,0.0,0.0,0.0,0.0,45.0,0.0
2026-09-20,5,413,Bayindir,Man Utd,MUN,man utd,GKP,0,0.0,0.0,0.0,0.0,0.0,0.0,0.0,0.0,0.0,0.0,0.0,0.0,0.0,0.0,0.0,45.0,0.0
2026-08-22,1,412,Lammens,Man Utd,MUN,man utd,GKP,0,90.0,1.0,0.0,0.0,0.0,2.0,2.0,0.0,7.0,0.0,0.0,0.0,0.0,0.0,1.0,50.0,0.0
2026-08-30,2,412,Lammens,Man Utd,MUN,man utd,GKP,1,90.0,2.0,0.0,0.0,0.0,2.0,3.0,0.0,11.0,0.0,0.0,0.0,0.0,0.0,1.0,50.0,0.0
2026-09-06,3,412,Lammens,Man Utd,MUN,man utd,GKP,0,90.0,2.0,0.0,0.0,0.0,2.0,4.0,0.0,13.0,0.0,0.0,0.0,0.0,0.0,1.0,50.0,0.0
2026-09-13,4,412,Lammens,Man Utd,MUN,man utd,GKP,1,90.0,2.0,0.0,0.0,0.0,1.0,1.0,0.0,5.0,0.0,0.0,0.0,0.0,0.0,1.0,50.0,0.0
2026-09-20,5,412,Lammens,Man Utd,MUN,man utd,GKP,0,90.0,4.0,0.0,0.0,0.0,1.0,6.0,0.0,22.0,0.0,0.0,0.0,0.0,0.0,1.0,49.0,0.0
2026-08-22,1,414,Heaton,Man Utd,MUN,man utd,GKP,0,0.0,0.0,0.0,0.0,0.0,0.0,0.0,0.0,0.0,0.0,0.0,0.0,0.0,0.0,0.0,40.0,0.0
2026-08-30,2,414,Heaton,Man Utd,MUN,man utd,GKP,1,0.0,0.0,0.0,0.0,0.0,0.0,0.0,0.0,0.0,0.0,0.0,0.0,0.0,0.0,0.0,40.0,0.0
2026-09-06,3,414,Heaton,Man Utd,MUN,man utd,GKP,0,0.0,0.0,0.0,0.0,0.0,0.0,0.0,0.0,0.0,0.0,0.0,0.0,0.0,0.0,0.0,40.0,0.0
2026-09-13,4,414,Heaton,Man Utd,MUN,man utd,GKP,1,0.0,0.0,0.0,0.0,0.0,0.0,0.0,0.0,0.0,0.0,0.0,0.0,0.0,0.0,0.0,40.0,0.0
2026-09-20,5,414,Heaton,Man Utd,MUN,man utd,GKP,0,0.0,0.0,0.0,0.0,0.0,0.0,0.0,0.0,0.0,0.0,0.0,0.0,0.0,0.0,0.0,40.0,0.0
2026-08-22,1,423,Shaw,Man Utd,MUN,man utd,DEF,0,90.0,1.0,0.0,0.0,0.0,2.0,0.0,0.0,13.0,0.0,0.26,4.0,0.0,0.0,1.0,45.0,4.0
2026-08-30,2,423,Shaw,Man Utd,MUN,man utd,DEF,1,72.0,2.0,0.0,0.0,0.0,1.0,0.0,0.0,12.0,0.0,0.02,8.0,0.0,0.0,1.0,45.0,8.0
2026-09-06,3,423,Shaw,Man Utd,MUN,man utd,DEF,0,90.0,4.0,0.0,1.0,0.0,1.0,0.0,0.0,22.0,0.02,0.23,8.0,1.0,0.0,1.0,45.0,8.0
2026-09-13,4,423,Shaw,Man Utd,MUN,man utd,DEF,1,0.0,0.0,0.0,0.0,0.0,0.0,0.0,0.0,0.0,0.0,0.0,0.0,0.0,0.0,0.0,44.0,0.0
2026-09-20,5,423,Shaw,Man Utd,MUN,man utd,DEF,0,83.0,2.0,0.0,0.0,0.0,1.0,0.0,0.0,7.0,0.01,0.07,3.0,0.0,0.0,1.0,44.0,3.0
2026-08-22,1,415,Dorgu,Man Utd,MUN,man utd,MID,0,45.0,0.0,0.0,0.0,0.0,2.0,0.0,0.0,-11.0,0.47,0.03,1.0,1.0,0.0,1.0,60.0,1.0
2026-08-30,2,415,Dorgu,Man Utd,MUN,man utd,MID,1,10.0,1.0,0.0,0.0,0.0,1.0,0.0,0.0,4.0,0.18,0.01,2.0,0.0,0.0,0.0,60.0,2.0
2026-09-06,3,415,Dorgu,Man Utd,MUN,man utd,MID,0,20.0,1.0,0.0,0.0,0.0,2.0,0.0,0.0,3.0,0.0,0.01,3.0,0.0,0.0,0.0,59.0,3.0
2026-09-13,4,415,Dorgu,Man Utd,MUN,man utd,MID,1,90.0,4.0,0.0,0.0,0.0,1.0,0.0,0.0,19.0,0.0,0.03,12.0,0.0,0.0,1.0,58.0,12.0
2026-09-20,5,415,Dorgu,Man Utd,MUN,man utd,MID,0,6.0,4.0,0.0,1.0,0.0,0.0,0.0,0.0,12.0,0.13,0.01,2.0,0.0,0.0,0.0,58.0,2.0
2026-08-22,1,417,Dalot,Man Utd,MUN,man utd,DEF,0,10.0,1.0,0.0,0.0,0.0,0.0,0.0,0.0,6.0,0.0,0.0,3.0,0.0,0.0,0.0,50.0,3.0
2026-08-30,2,417,Dalot,Man Utd,MUN,man utd,DEF,1,73.0,2.0,0.0,0.0,0.0,1.0,0.0,0.0,12.0,0.15,0.12,4.0,0.0,0.0,1.0,50.0,4.0
2026-09-06,3,417,Dalot,Man Utd,MUN,man utd,DEF,0,83.0,1.0,0.0,0.0,0.0,1.0,0.0,0.0,8.0,0.01,0.01,4.0,1.0,0.0,1.0,50.0,4.0
2026-09-13,4,417,Dalot,Man Utd,MUN,man utd,DEF,1,90.0,2.0,0.0,0.0,0.0,1.0,0.0,0.0,9.0,0.02,0.05,3.0,0.0,0.0,1.0,49.0,3.0
2026-09-20,5,417,Dalot,Man Utd,MUN,man utd,DEF,0,90.0,2.0,0.0,0.0,0.0,1.0,0.0,0.0,11.0,0.06,0.05,2.0,0.0,0.0,1.0,49.0,2.0
2026-08-22,1,422,Mazraoui,Man Utd,MUN,man utd,DEF,0,79.0,1.0,0.0,0.0,0.0,2.0,0.0,0.0,8.0,0.22,0.05,5.0,0.0,0.0,1.0,45.0,5.0
2026-08-30,2,422,Mazraoui,Man Utd,MUN,man utd,DEF,1,17.0,1.0,0.0,0.0,0.0,1.0,0.0,0.0,-1.0,0.0,0.0,0.0,0.0,0.0,0.0,45.0,0.0
2026-09-06,3,422,Mazraoui,Man Utd,MUN,man utd,DEF,0,1.0,1.0,0.0,0.0,0.0,1.0,0.0,0.0,-1.0,0.0,0.01,1.0,0.0,0.0,0.0,45.0,1.0
2026-09-13,4,422,Mazraoui,Man Utd,MUN,man utd,DEF,1,0.0,0.0,0.0,0.0,0.0,0.0,0.0,0.0,0.0,0.0,0.0,0.0,0.0,0.0,0.0,44.0,0.0
2026-09-20,5,422,Mazraoui,Man Utd,MUN,man utd,DEF,0,0.0,0.0,0.0,0.0,0.0,0.0,0.0,0.0,0.0,0.0,0.0,0.0,0.0,0.0,0.0,44.0,0.0
2026-08-22,1,416,De Ligt,Man Utd,MUN,man utd,DEF,0,0.0,0.0,0.0,0.0,0.0,0.0,0.0,0.0,0.0,0.0,0.0,0.0,0.0,0.0,0.0,50.0,0.0
2026-08-30,2,416,De Ligt,Man Utd,MUN,man utd,DEF,1,0.0,0.0,0.0,0.0,0.0,0.0,0.0,0.0,0.0,0.0,0.0,0.0,0.0,0.0,0.0,50.0,0.0
2026-09-06,3,416,De Ligt,Man Utd,MUN,man utd,DEF,0,0.0,0.0,0.0,0.0,0.0,0.0,0.0,0.0,0.0,0.0,0.0,0.0,0.0,0.0,0.0,50.0,0.0
2026-09-13,4,416,De Ligt,Man Utd,MUN,man utd,DEF,1,0.0,0.0,0.0,0.0,0.0,0.0,0.0,0.0,0.0,0.0,0.0,0.0,0.0,0.0,0.0,50.0,0.0
2026-09-20,5,416,De Ligt,Man Utd,MUN,man utd,DEF,0,0.0,0.0,0.0,0.0,0.0,0.0,0.0,0.0,0.0,0.0,0.0,0.0,0.0,0.0,0.0,50.0,0.0
2026-08-22,1,418,Maguire,Man Utd,MUN,man utd,DEF,0,90.0,1.0,0.0,0.0,0.0,2.0,0.0,0.0,15.0,0.04,0.4,4.0,0.0,0.0,1.0,50.0,4.0
2026-08-30,2,418,Maguire,Man Utd,MUN,man utd,DEF,1,90.0,4.0,0.0,1.0,0.0,2.0,0.0,0.0,13.0,0.03,0.01,5.0,0.0,0.0,1.0,50.0,5.0
2026-09-06,3,418,Maguire,Man Utd,MUN,man utd,DEF,0,90.0,2.0,0.0,0.0,0.0,2.0,0.0,0.0,1.0,0.0,0.01,12.0,1.0,0.0,1.0,50.0,12.0
2026-09-13,4,418,Maguire,Man Utd,MUN,man utd,DEF,1,90.0,1.0,0.0,0.0,0.0,1.0,0.0,0.0,4.0,0.12,0.01,5.0,1.0,0.0,1.0,49.0,5.0
2026-09-20,5,418,Maguire,Man Utd,MUN,man utd,DEF,0,90.0,2.0,0.0,0.0,0.0,1.0,0.0,0.0,17.0,0.01,0.03,5.0,0.0,0.0,1.0,49.0,5.0
2026-08-22,1,421,Heaven,Man Utd,MUN,man utd,DEF,0,90.0,1.0,0.0,0.0,0.0,2.0,0.0,0.0,5.0,0.12,0.04,2.0,0.0,0.0,1.0,45.0,2.0
2026-08-30,2,421,Heaven,Man Utd,MUN,man utd,DEF,1,0.0,0.0,0.0,0.0,0.0,0.0,0.0,0.0,0.0,0.0,0.0,0.0,0.0,0.0,0.0,45.0,0.0
2026-09-06,3,421,Heaven,Man Utd,MUN,man utd,DEF,0,0.0,0.0,0.0,0.0,0.0,0.0,0.0,0.0,0.0,0.0,0.0,0.0,0.0,0.0,0.0,45.0,0.0
2026-09-13,4,421,Heaven,Man Utd,MUN,man utd,DEF,1,0.0,0.0,0.0,0.0,0.0,0.0,0.0,0.0,0.0,0.0,0.0,0.0,0.0,0.0,0.0,44.0,0.0
2026-09-20,5,421,Heaven,Man Utd,MUN,man utd,DEF,0,0.0,0.0,0.0,0.0,0.0,0.0,0.0,0.0,0.0,0.0,0.0,0.0,0.0,0.0,0.0,44.0,0.0
2026-08-22,1,419,Martinez,Man Utd,MUN,man utd,DEF,0,0.0,0.0,0.0,0.0,0.0,0.0,0.0,0.0,0.0,0.0,0.0,0.0,0.0,0.0,0.0,50.0,0.0
2026-08-30,2,419,Martinez,Man Utd,MUN,man utd,DEF,1,90.0,1.0,0.0,0.0,0.0,2.0,0.0,0.0,2.0,0.03,0.06,0.0,0.0,0.0,1.0,50.0,0.0
2026-09-06,3,419,Martinez,Man Utd,MUN,man utd,DEF,0,90.0,3.0,0.0,0.0,0.0,2.0,0.0,0.0,7.0,0.0,0.0,10.0,0.0,0.0,1.0,50.0,10.0
2026-09-13,4,419,Martinez,Man Utd,MUN,man utd,DEF,1,90.0,2.0,0.0,0.0,0.0,1.0,0.0,0.0,14.0,0.03,0.08,6.0,0.0,0.0,1.0,50.0,6.0
2026-09-20,5,419,Martinez,Man Utd,MUN,man utd,DEF,0,90.0,0.0,0.0,0.0,0.0,1.0,0.0,0.0,6.0,0.15,0.02,4.0,0.0,0.0,1.0,50.0,4.0
2026-08-22,1,424,Amass,Man Utd,MUN,man utd,DEF,0,0.0,0.0,0.0,0.0,0.0,0.0,0.0,0.0,0.0,0.0,0.0,0.0,0.0,0.0,0.0,40.0,0.0
2026-08-30,2,424,Amass,Man Utd,MUN,man utd,DEF,1,0.0,0.0,0.0,0.0,0.0,0.0,0.0,0.0,0.0,0.0,0.0,0.0,0.0,0.0,0.0,40.0,0.0
2026-09-06,3,424,Amass,Man Utd,MUN,man utd,DEF,0,0.0,0.0,0.0,0.0,0.0,0.0,0.0,0.0,0.0,0.0,0.0,0.0,0.0,0.0,0.0,40.0,0.0
2026-09-13,4,424,Amass,Man Utd,MUN,man utd,DEF,1,0.0,0.0,0.0,0.0,0.0,0.0,0.0,0.0,0.0,0.0,0.0,0.0,0.0,0.0,0.0,40.0,0.0
2026-09-20,5,424,Amass,Man Utd,MUN,man utd,DEF,0,0.0,0.0,0.0,0.0,0.0,0.0,0.0,0.0,0.0,0.0,0.0,0.0,0.0,0.0,0.0,40.0,0.0
2026-08-22,1,420,Yoro,Man Utd,MUN,man utd,DEF,0,0.0,0.0,0.0,0.0,0.0,0.0,0.0,0.0,0.0,0.0,0.0,0.0,0.0,0.0,0.0,50.0,0.0
2026-08-30,2,420,Yoro,Man Utd,MUN,man utd,DEF,1,16.0,1.0,0.0,0.0,0.0,1.0,0.0,0.0,-2.0,0.0,0.01,2.0,0.0,0.0,0.0,50.0,2.0
2026-09-06,3,420,Yoro,Man Utd,MUN,man utd,DEF,0,6.0,1.0,0.0,0.0,0.0,1.0,0.0,0.0,1.0,0.0,0.01,3.0,0.0,0.0,0.0,49.0,3.0
2026-09-13,4,420,Yoro,Man Utd,MUN,man utd,DEF,1,0.0,0.0,0.0,0.0,0.0,0.0,0.0,0.0,0.0,0.0,0.0,0.0,0.0,0.0,0.0,49.0,0.0
2026-09-20,5,420,Yoro,Man Utd,MUN,man utd,DEF,0,0.0,0.0,0.0,0.0,0.0,0.0,0.0,0.0,0.0,0.0,0.0,0.0,0.0,0.0,0.0,49.0,0.0
2026-08-22,1,425,Fredricson,Man Utd,MUN,man utd,DEF,0,0.0,0.0,0.0,0.0,0.0,0.0,0.0,0.0,0.0,0.0,0.0,0.0,0.0,0.0,0.0,40.0,0.0
2026-08-30,2,425,Fredricson,Man Utd,MUN,man utd,DEF,1,0.0,0.0,0.0,0.0,0.0,0.0,0.0,0.0,0.0,0.0,0.0,0.0,0.0,0.0,0.0,40.0,0.0
2026-09-06,3,425,Fredricson,Man Utd,MUN,man utd,DEF,0,0.0,0.0,0.0,0.0,0.0,0.0,0.0,0.0,0.0,0.0,0.0,0.0,0.0,0.0,0.0,40.0,0.0
2026-09-13,4,425,Fredricson,Man Utd,MUN,man utd,DEF,1,0.0,0.0,0.0,0.0,0.0,0.0,0.0,0.0,0.0,0.0,0.0,0.0,0.0,0.0,0.0,40.0,0.0
2026-09-20,5,425,Fredricson,Man Utd,MUN,man utd,DEF,0,0.0,0.0,0.0,0.0,0.0,0.0,0.0,0.0,0.0,0.0,0.0,0.0,0.0,0.0,0.0,40.0,0.0
2026-08-22,1,426,B.Fernandes,Man Utd,MUN,man utd,MID,0,90.0,2.0,0.0,0.0,0.0,2.0,0.0,0.0,18.0,0.08,0.26,6.0,0.0,0.0,1.0,120.0,6.0
2026-08-30,2,426,B.Fernandes,Man Utd,MUN,man utd,MID,1,90.0,23.0,3.0,1.0,0.0,2.0,0.0,3.0,87.0,2.02,0.48,8.0,0.0,0.0,1.0,120.0,8.0
2026-09-06,3,426,B.Fernandes,Man Utd,MUN,man utd,MID,0,90.0,2.0,0.0,0.0,0.0,2.0,0.0,0.0,11.0,0.15,0.06,2.0,0.0,0.0,1.0,120.0,2.0
2026-09-13,4,426,B.Fernandes,Man Utd,MUN,man utd,MID,1,90.0,2.0,0.0,0.0,0.0,1.0,0.0,0.0,17.0,0.03,0.33,7.0,0.0,0.0,1.0,120.0,7.0
2026-09-20,5,426,B.Fernandes,Man Utd,MUN,man utd,MID,0,90.0,2.0,0.0,0.0,0.0,1.0,0.0,0.0,15.0,0.28,0.19,6.0,0.0,0.0,1.0,120.0,6.0
2026-08-22,1,427,Mbeumo,Man Utd,MUN,man utd,MID,0,90.0,2.0,0.0,0.0,0.0,2.0,0.0,0.0,12.0,0.5,0.23,4.0,0.0,0.0,1.0,80.0,4.0
2026-08-30,2,427,Mbeumo,Man Utd,MUN,man utd,MID,1,90.0,11.0,1.0,1.0,0.0,2.0,0.0,2.0,37.0,1.76,0.21,5.0,1.0,0.0,1.0,80.0,5.0
2026-09-06,3,427,Mbeumo,Man Utd,MUN,man utd,MID,0,90.0,8.0,1.0,0.0,0.0,2.0,0.0,1.0,29.0,0.05,0.03,8.0,0.0,0.0,1.0,80.0,8.0
2026-09-13,4,427,Mbeumo,Man Utd,MUN,man utd,MID,1,90.0,2.0,0.0,0.0,0.0,1.0,0.0,0.0,9.0,0.49,0.08,5.0,0.0,0.0,1.0,79.0,5.0
2026-09-20,5,427,Mbeumo,Man Utd,MUN,man utd,MID,0,90.0,2.0,0.0,0.0,0.0,1.0,0.0,0.0,23.0,0.27,0.25,4.0,0.0,0.0,1.0,79.0,4.0
2026-08-22,1,428,Cunha,Man Utd,MUN,man utd,MID,0,79.0,2.0,0.0,0.0,0.0,2.0,0.0,0.0,14.0,0.24,0.21,3.0,0.0,0.0,1.0,80.0,3.0
2026-08-30,2,428,Cunha,Man Utd,MUN,man utd,MID,1,79.0,9.0,0.0,2.0,0.0,1.0,0.0,1.0,31.0,0.11,0.15,2.0,0.0,0.0,1.0,80.0,2.0
2026-09-06,3,428,Cunha,Man Utd,MUN,man utd,MID,0,69.0,3.0,0.0,0.0,1.0,0.0,0.0,0.0,10.0,0.12,0.05,3.0,0.0,0.0,1.0,80.0,3.0
2026-09-13,4,428,Cunha,Man Utd,MUN,man utd,MID,1,90.0,2.0,0.0,0.0,0.0,1.0,0.0,0.0,8.0,0.11,0.03,2.0,0.0,0.0,1.0,79.0,2.0
2026-09-20,5,428,Cunha,Man Utd,MUN,man utd,MID,0,90.0,10.0,1.0,0.0,0.0,1.0,0.0,3.0,32.0,0.05,0.39,3.0,0.0,0.0,1.0,79.0,3.0
2026-08-22,1,429,Rashford,Man Utd,MUN,man utd,MID,0,45.0,1.0,0.0,0.0,0.0,0.0,0.0,0.0,9.0,0.0,0.1,1.0,0.0,0.0,0.0,70.0,1.0
2026-08-30,2,429,Rashford,Man Utd,MUN,man utd,MID,1,79.0,2.0,0.0,0.0,0.0,1.0,0.0,0.0,17.0,0.26,0.05,6.0,0.0,0.0,1.0,70.0,6.0
2026-09-06,3,429,Rashford,Man Utd,MUN,man utd,MID,0,69.0,3.0,0.0,0.0,1.0,0.0,0.0,0.0,11.0,0.0,0.06,4.0,0.0,0.0,1.0,70.0,4.0
2026-09-13,4,429,Rashford,Man Utd,MUN,man utd,MID,1,82.0,2.0,0.0,0.0,0.0,1.0,0.0,0.0,6.0,0.12,0.08,5.0,0.0,0.0,1.0,70.0,5.0
2026-09-20,5,429,Rashford,Man Utd,MUN,man utd,MID,0,76.0,2.0,0.0,0.0,0.0,1.0,0.0,0.0,15.0,0.4,0.14,2.0,0.0,0.0,1.0,70.0,2.0
2026-08-22,1,433,Ugarte,Man Utd,MUN,man utd,MID,0,0.0,0.0,0.0,0.0,0.0,0.0,0.0,0.0,0.0,0.0,0.0,0.0,0.0,0.0,0.0,50.0,0.0
2026-08-30,2,433,Ugarte,Man Utd,MUN,man utd,MID,1,0.0,0.0,0.0,0.0,0.0,0.0,0.0,0.0,0.0,0.0,0.0,0.0,0.0,0.0,0.0,50.0,0.0
2026-09-06,3,433,Ugarte,Man Utd,MUN,man utd,MID,0,0.0,0.0,0.0,0.0,0.0,0.0,0.0,0.0,0.0,0.0,0.0,0.0,0.0,0.0,0.0,50.0,0.0
2026-09-13,4,433,Ugarte,Man Utd,MUN,man utd,MID,1,0.0,0.0,0.0,0.0,0.0,0.0,0.0,0.0,0.0,0.0,0.0,0.0,0.0,0.0,0.0,50.0,0.0
2026-09-20,5,433,Ugarte,Man Utd,MUN,man utd,MID,0,0.0,0.0,0.0,0.0,0.0,0.0,0.0,0.0,0.0,0.0,0.0,0.0,0.0,0.0,0.0,50.0,0.0
2026-08-22,1,437,Bendito Mantato,Man Utd,MUN,man utd,MID,0,0.0,0.0,0.0,0.0,0.0,0.0,0.0,0.0,0.0,0.0,0.0,0.0,0.0,0.0,0.0,45.0,0.0
2026-08-30,2,437,Bendito Mantato,Man Utd,MUN,man utd,MID,1,0.0,0.0,0.0,0.0,0.0,0.0,0.0,0.0,0.0,0.0,0.0,0.0,0.0,0.0,0.0,45.0,0.0
2026-09-06,3,437,Bendito Mantato,Man Utd,MUN,man utd,MID,0,0.0,0.0,0.0,0.0,0.0,0.0,0.0,0.0,0.0,0.0,0.0,0.0,0.0,0.0,0.0,45.0,0.0
2026-09-13,4,437,Bendito Mantato,Man Utd,MUN,man utd,MID,1,0.0,0.0,0.0,0.0,0.0,0.0,0.0,0.0,0.0,0.0,0.0,0.0,0.0,0.0,0.0,45.0,0.0
2026-09-20,5,437,Bendito Mantato,Man Utd,MUN,man utd,MID,0,0.0,0.0,0.0,0.0,0.0,0.0,0.0,0.0,0.0,0.0,0.0,0.0,0.0,0.0,0.0,45.0,0.0
2026-08-22,1,435,Lacey,Man Utd,MUN,man utd,MID,0,10.0,1.0,0.0,0.0,0.0,0.0,0.0,0.0,3.0,0.0,0.0,1.0,0.0,0.0,0.0,50.0,1.0
2026-08-30,2,435,Lacey,Man Utd,MUN,man utd,MID,1,0.0,0.0,0.0,0.0,0.0,0.0,0.0,0.0,0.0,0.0,0.0,0.0,0.0,0.0,0.0,50.0,0.0
2026-09-06,3,435,Lacey,Man Utd,MUN,man utd,MID,0,0.0,0.0,0.0,0.0,0.0,0.0,0.0,0.0,0.0,0.0,0.0,0.0,0.0,0.0,0.0,50.0,0.0
2026-09-13,4,435,Lacey,Man Utd,MUN,man utd,MID,1,0.0,0.0,0.0,0.0,0.0,0.0,0.0,0.0,0.0,0.0,0.0,0.0,0.0,0.0,0.0,49.0,0.0
2026-09-20,5,435,Lacey,Man Utd,MUN,man utd,MID,0,0.0,0.0,0.0,0.0,0.0,0.0,0.0,0.0,0.0,0.0,0.0,0.0,0.0,0.0,0.0,49.0,0.0
2026-08-22,1,430,Mount,Man Utd,MUN,man utd,MID,0,0.0,0.0,0.0,0.0,0.0,0.0,0.0,0.0,0.0,0.0,0.0,0.0,0.0,0.0,0.0,55.0,0.0
2026-08-30,2,430,Mount,Man Utd,MUN,man utd,MID,1,0.0,0.0,0.0,0.0,0.0,0.0,0.0,0.0,0.0,0.0,0.0,0.0,0.0,0.0,0.0,55.0,0.0
2026-09-06,3,430,Mount,Man Utd,MUN,man utd,MID,0,0.0,0.0,0.0,0.0,0.0,0.0,0.0,0.0,0.0,0.0,0.0,0.0,0.0,0.0,0.0,54.0,0.0
2026-09-13,4,430,Mount,Man Utd,MUN,man utd,MID,1,0.0,0.0,0.0,0.0,0.0,0.0,0.0,0.0,0.0,0.0,0.0,0.0,0.0,0.0,0.0,54.0,0.0
2026-09-20,5,430,Mount,Man Utd,MUN,man utd,MID,0,10.0,1.0,0.0,0.0,0.0,0.0,0.0,0.0,3.0,0.09,0.01,1.0,0.0,0.0,0.0,54.0,1.0
2026-08-22,1,434,J.Fletcher,Man Utd,MUN,man utd,MID,0,0.0,0.0,0.0,0.0,0.0,0.0,0.0,0.0,0.0,0.0,0.0,0.0,0.0,0.0,0.0,50.0,0.0
2026-08-30,2,434,J.Fletcher,Man Utd,MUN,man utd,MID,1,0.0,0.0,0.0,0.0,0.0,0.0,0.0,0.0,0.0,0.0,0.0,0.0,0.0,0.0,0.0,50.0,0.0
2026-09-06,3,434,J.Fletcher,Man Utd,MUN,man utd,MID,0,0.0,0.0,0.0,0.0,0.0,0.0,0.0,0.0,0.0,0.0,0.0,0.0,0.0,0.0,0.0,50.0,0.0
2026-09-13,4,434,J.Fletcher,Man Utd,MUN,man utd,MID,1,0.0,0.0,0.0,0.0,0.0,0.0,0.0,0.0,0.0,0.0,0.0,0.0,0.0,0.0,0.0,49.0,0.0
2026-09-20,5,434,J.Fletcher,Man Utd,MUN,man utd,MID,0,0.0,0.0,0.0,0.0,0.0,0.0,0.0,0.0,0.0,0.0,0.0,0.0,0.0,0.0,0.0,49.0,0.0
2026-08-22,1,431,Amad,Man Utd,MUN,man utd,MID,0,0.0,0.0,0.0,0.0,0.0,0.0,0.0,0.0,0.0,0.0,0.0,0.0,0.0,0.0,0.0,60.0,0.0
2026-08-30,2,431,Amad,Man Utd,MUN,man utd,MID,1,0.0,0.0,0.0,0.0,0.0,0.0,0.0,0.0,0.0,0.0,0.0,0.0,0.0,0.0,0.0,59.0,0.0
2026-09-06,3,431,Amad,Man Utd,MUN,man utd,MID,0,0.0,0.0,0.0,0.0,0.0,0.0,0.0,0.0,0.0,0.0,0.0,0.0,0.0,0.0,0.0,58.0,0.0
2026-09-13,4,431,Amad,Man Utd,MUN,man utd,MID,1,0.0,0.0,0.0,0.0,0.0,0.0,0.0,0.0,0.0,0.0,0.0,0.0,0.0,0.0,0.0,58.0,0.0
2026-09-20,5,431,Amad,Man Utd,MUN,man utd,MID,0,0.0,0.0,0.0,0.0,0.0,0.0,0.0,0.0,0.0,0.0,0.0,0.0,0.0,0.0,0.0,57.0,0.0
2026-08-22,1,440,Zirkzee,Man Utd,MUN,man utd,FWD,0,0.0,0.0,0.0,0.0,0.0,0.0,0.0,0.0,0.0,0.0,0.0,0.0,0.0,0.0,0.0,55.0,0.0
2026-08-30,2,440,Zirkzee,Man Utd,MUN,man utd,FWD,1,0.0,0.0,0.0,0.0,0.0,0.0,0.0,0.0,0.0,0.0,0.0,0.0,0.0,0.0,0.0,55.0,0.0
2026-09-06,3,440,Zirkzee,Man Utd,MUN,man utd,FWD,0,0.0,0.0,0.0,0.0,0.0,0.0,0.0,0.0,0.0,0.0,0.0,0.0,0.0,0.0,0.0,54.0,0.0
2026-09-13,4,440,Zirkzee,Man Utd,MUN,man utd,FWD,1,7.0,1.0,0.0,0.0,0.0,0.0,0.0,0.0,4.0,0.0,0.01,3.0,0.0,0.0,0.0,54.0,3.0
2026-09-20,5,440,Zirkzee,Man Utd,MUN,man utd,FWD,0,13.0,1.0,0.0,0.0,0.0,0.0,0.0,0.0,4.0,0.0,0.0,1.0,0.0,0.0,0.0,54.0,1.0
2026-08-22,1,436,Collyer,Man Utd,MUN,man utd,MID,0,0.0,0.0,0.0,0.0,0.0,0.0,0.0,0.0,0.0,0.0,0.0,0.0,0.0,0.0,0.0,50.0,0.0
2026-08-30,2,436,Collyer,Man Utd,MUN,man utd,MID,1,0.0,0.0,0.0,0.0,0.0,0.0,0.0,0.0,0.0,0.0,0.0,0.0,0.0,0.0,0.0,50.0,0.0
2026-09-06,3,436,Collyer,Man Utd,MUN,man utd,MID,0,0.0,0.0,0.0,0.0,0.0,0.0,0.0,0.0,0.0,0.0,0.0,0.0,0.0,0.0,0.0,50.0,0.0
2026-09-13,4,436,Collyer,Man Utd,MUN,man utd,MID,1,0.0,0.0,0.0,0.0,0.0,0.0,0.0,0.0,0.0,0.0,0.0,0.0,0.0,0.0,0.0,50.0,0.0
2026-09-20,5,436,Collyer,Man Utd,MUN,man utd,MID,0,0.0,0.0,0.0,0.0,0.0,0.0,0.0,0.0,0.0,0.0,0.0,0.0,0.0,0.0,0.0,50.0,0.0
2026-08-22,1,432,Mainoo,Man Utd,MUN,man utd,MID,0,23.0,1.0,0.0,0.0,0.0,0.0,0.0,0.0,7.0,0.07,0.01,1.0,0.0,0.0,0.0,55.0,1.0
2026-08-30,2,432,Mainoo,Man Utd,MUN,man utd,MID,1,79.0,4.0,0.0,0.0,0.0,1.0,0.0,0.0,25.0,0.14,0.27,15.0,0.0,0.0,1.0,55.0,15.0
2026-09-06,3,432,Mainoo,Man Utd,MUN,man utd,MID,0,83.0,9.0,0.0,1.0,0.0,1.0,0.0,2.0,32.0,0.0,0.07,15.0,0.0,0.0,1.0,55.0,15.0
2026-09-13,4,432,Mainoo,Man Utd,MUN,man utd,MID,1,90.0,4.0,0.0,0.0,0.0,1.0,0.0,0.0,20.0,0.03,0.07,13.0,0.0,0.0,1.0,55.0,13.0
2026-09-20,5,432,Mainoo,Man Utd,MUN,man utd,MID,0,79.0,4.0,0.0,0.0,0.0,1.0,0.0,0.0,18.0,0.06,0.1,12.0,0.0,0.0,1.0,55.0,12.0
2026-08-22,1,438,Fletcher,Man Utd,MUN,man utd,MID,0,0.0,0.0,0.0,0.0,0.0,0.0,0.0,0.0,0.0,0.0,0.0,0.0,0.0,0.0,0.0,45.0,0.0
2026-08-30,2,438,Fletcher,Man Utd,MUN,man utd,MID,1,0.0,0.0,0.0,0.0,0.0,0.0,0.0,0.0,0.0,0.0,0.0,0.0,0.0,0.0,0.0,45.0,0.0
2026-09-06,3,438,Fletcher,Man Utd,MUN,man utd,MID,0,0.0,0.0,0.0,0.0,0.0,0.0,0.0,0.0,0.0,0.0,0.0,0.0,0.0,0.0,0.0,45.0,0.0
2026-09-13,4,438,Fletcher,Man Utd,MUN,man utd,MID,1,0.0,0.0,0.0,0.0,0.0,0.0,0.0,0.0,0.0,0.0,0.0,0.0,0.0,0.0,0.0,45.0,0.0
2026-09-20,5,438,Fletcher,Man Utd,MUN,man utd,MID,0,0.0,0.0,0.0,0.0,0.0,0.0,0.0,0.0,0.0,0.0,0.0,0.0,0.0,0.0,0.0,44.0,0.0
2026-08-22,1,439,Šeško,Man Utd,MUN,man utd,FWD,0,23.0,1.0,0.0,0.0,0.0,0.0,0.0,0.0,2.0,0.04,0.0,0.0,0.0,0.0,0.0,70.0,0.0
2026-08-30,2,439,Šeško,Man Utd,MUN,man utd,FWD,1,10.0,1.0,0.0,0.0,0.0,1.0,0.0,0.0,5.0,0.0,0.01,3.0,0.0,0.0,0.0,70.0,3.0
2026-09-06,3,439,Šeško,Man Utd,MUN,man utd,FWD,0,20.0,5.0,1.0,0.0,0.0,2.0,0.0,0.0,28.0,0.29,0.0,0.0,0.0,0.0,0.0,70.0,0.0
2026-09-13,4,439,Šeško,Man Utd,MUN,man utd,FWD,1,23.0,1.0,0.0,0.0,0.0,0.0,0.0,0.0,4.0,0.06,0.0,2.0,0.0,0.0,0.0,70.0,2.0
2026-09-20,5,439,Šeško,Man Utd,MUN,man utd,FWD,0,0.0,0.0,0.0,0.0,0.0,0.0,0.0,0.0,0.0,0.0,0.0,0.0,0.0,0.0,0.0,70.0,0.0
2026-08-22,1,441,Obi,Man Utd,MUN,man utd,FWD,0,0.0,0.0,0.0,0.0,0.0,0.0,0.0,0.0,0.0,0.0,0.0,0.0,0.0,0.0,0.0,45.0,0.0
2026-08-30,2,441,Obi,Man Utd,MUN,man utd,FWD,1,0.0,0.0,0.0,0.0,0.0,0.0,0.0,0.0,0.0,0.0,0.0,0.0,0.0,0.0,0.0,45.0,0.0
2026-09-06,3,441,Obi,Man Utd,MUN,man utd,FWD,0,0.0,0.0,0.0,0.0,0.0,0.0,0.0,0.0,0.0,0.0,0.0,0.0,0.0,0.0,0.0,45.0,0.0
2026-09-13,4,441,Obi,Man Utd,MUN,man utd,FWD,1,0.0,0.0,0.0,0.0,0.0,0.0,0.0,0.0,0.0,0.0,0.0,0.0,0.0,0.0,0.0,45.0,0.0
2026-09-20,5,441,Obi,Man Utd,MUN,man utd,FWD,0,0.0,0.0,0.0,0.0,0.0,0.0,0.0,0.0,0.0,0.0,0.0,0.0,0.0,0.0,0.0,45.0,0.0
2026-08-23,1,405,N.Gonzalez,Man City,MCI,man city,MID,1,0.0,0.0,0.0,0.0,0.0,0.0,0.0,0.0,0.0,0.0,0.0,0.0,0.0,0.0,0.0,55.0,0.0
2026-08-29,2,405,N.Gonzalez,Newcastle,NEW,newcastle,MID,0,70.0,2.0,0.0,0.0,1.0,0.0,0.0,0.0,9.0,0.0,0.2,4.0,1.0,0.0,1.0,55.0,4.0
2026-09-05,3,405,N.Gonzalez,Newcastle,NEW,newcastle,MID,1,76.0,2.0,0.0,0.0,0.0,2.0,0.0,0.0,11.0,0.0,0.01,7.0,0.0,0.0,1.0,55.0,7.0
2026-09-14,4,405,N.Gonzalez,Newcastle,NEW,newcastle,MID,0,18.0,1.0,0.0,0.0,0.0,0.0,0.0,0.0,3.0,0.0,0.0,1.0,0.0,0.0,1.0,55.0,1.0
2026-09-19,5,405,N.Gonzalez,Newcastle,NEW,newcastle,MID,1,0.0,0.0,0.0,0.0,0.0,0.0,0.0,0.0,0.0,0.0,0.0,0.0,0.0,0.0,0.0,55.0,0.0
2026-08-23,1,442,Pope,Newcastle,NEW,newcastle,GKP,1,0.0,0.0,0.0,0.0,0.0,0.0,0.0,0.0,0.0,0.0,0.0,0.0,0.0,0.0,0.0,50.0,0.0
2026-08-29,2,442,Pope,Newcastle,NEW,newcastle,GKP,0,0.0,0.0,0.0,0.0,0.0,0.0,0.0,0.0,0.0,0.0,0.0,0.0,0.0,0.0,0.0,50.0,0.0
2026-09-05,3,442,Pope,Newcastle,NEW,newcastle,GKP,1,0.0,0.0,0.0,0.0,0.0,0.0,0.0,0.0,0.0,0.0,0.0,0.0,0.0,0.0,0.0,50.0,0.0
2026-09-14,4,442,Pope,Newcastle,NEW,newcastle,GKP,0,0.0,0.0,0.0,0.0,0.0,0.0,0.0,0.0,0.0,0.0,0.0,0.0,0.0,0.0,0.0,49.0,0.0
2026-09-19,5,442,Pope,Newcastle,NEW,newcastle,GKP,1,0.0,0.0,0.0,0.0,0.0,0.0,0.0,0.0,0.0,0.0,0.0,0.0,0.0,0.0,0.0,49.0,0.0
2026-08-23,1,443,Gillespie,Newcastle,NEW,newcastle,GKP,1,0.0,0.0,0.0,0.0,0.0,0.0,0.0,0.0,0.0,0.0,0.0,0.0,0.0,0.0,0.0,45.0,0.0
2026-08-29,2,443,Gillespie,Newcastle,NEW,newcastle,GKP,0,0.0,0.0,0.0,0.0,0.0,0.0,0.0,0.0,0.0,0.0,0.0,0.0,0.0,0.0,0.0,45.0,0.0
2026-09-05,3,443,Gillespie,Newcastle,NEW,newcastle,GKP,1,0.0,0.0,0.0,0.0,0.0,0.0,0.0,0.0,0.0,0.0,0.0,0.0,0.0,0.0,0.0,45.0,0.0
2026-09-14,4,443,Gillespie,Newcastle,NEW,newcastle,GKP,0,0.0,0.0,0.0,0.0,0.0,0.0,0.0,0.0,0.0,0.0,0.0,0.0,0.0,0.0,0.0,45.0,0.0
2026-09-19,5,443,Gillespie,Newcastle,NEW,newcastle,GKP,1,0.0,0.0,0.0,0.0,0.0,0.0,0.0,0.0,0.0,0.0,0.0,0.0,0.0,0.0,0.0,45.0,0.0
2026-08-23,1,453,Barnes,Newcastle,NEW,newcastle,MID,1,90.0,2.0,0.0,0.0,0.0,2.0,0.0,0.0,12.0,0.07,0.02,8.0,0.0,0.0,1.0,60.0,8.0
2026-08-29,2,453,Barnes,Newcastle,NEW,newcastle,MID,0,90.0,3.0,0.0,0.0,1.0,0.0,0.0,0.0,9.0,0.04,0.01,4.0,0.0,0.0,1.0,60.0,4.0
2026-09-05,3,453,Barnes,Newcastle,NEW,newcastle,MID,1,90.0,12.0,1.0,1.0,0.0,2.0,0.0,2.0,37.0,0.11,0.03,6.0,0.0,0.0,1.0,60.0,6.0
2026-09-14,4,453,Barnes,Newcastle,NEW,newcastle,MID,0,90.0,2.0,0.0,0.0,0.0,4.0,0.0,0.0,13.0,0.29,0.31,6.0,0.0,0.0,1.0,60.0,6.0
2026-09-19,5,453,Barnes,Newcastle,NEW,newcastle,MID,1,90.0,9.0,0.0,2.0,0.0,1.0,0.0,1.0,34.0,0.11,0.11,9.0,0.0,0.0,1.0,60.0,9.0
2026-08-23,1,451,A.Murphy,Newcastle,NEW,newcastle,DEF,1,0.0,0.0,0.0,0.0,0.0,0.0,0.0,0.0,0.0,0.0,0.0,0.0,0.0,0.0,0.0,40.0,0.0
2026-08-29,2,451,A.Murphy,Newcastle,NEW,newcastle,DEF,0,0.0,0.0,0.0,0.0,0.0,0.0,0.0,0.0,0.0,0.0,0.0,0.0,0.0,0.0,0.0,40.0,0.0
2026-09-05,3,451,A.Murphy,Newcastle,NEW,newcastle,DEF,1,0.0,0.0,0.0,0.0,0.0,0.0,0.0,0.0,0.0,0.0,0.0,0.0,0.0,0.0,0.0,40.0,0.0
2026-09-14,4,451,A.Murphy,Newcastle,NEW,newcastle,DEF,0,0.0,0.0,0.0,0.0,0.0,0.0,0.0,0.0,0.0,0.0,0.0,0.0,0.0,0.0,0.0,40.0,0.0
2026-09-19,5,451,A.Murphy,Newcastle,NEW,newcastle,DEF,1,0.0,0.0,0.0,0.0,0.0,0.0,0.0,0.0,0.0,0.0,0.0,0.0,0.0,0.0,0.0,40.0,0.0
2026-08-23,1,444,Jaouen,Newcastle,NEW,newcastle,GKP,1,0.0,0.0,0.0,0.0,0.0,0.0,0.0,0.0,0.0,0.0,0.0,0.0,0.0,0.0,0.0,45.0,0.0
2026-08-29,2,444,Jaouen,Newcastle,NEW,newcastle,GKP,0,0.0,0.0,0.0,0.0,0.0,0.0,0.0,0.0,0.0,0.0,0.0,0.0,0.0,0.0,0.0,45.0,0.0
2026-09-05,3,444,Jaouen,Newcastle,NEW,newcastle,GKP,1,0.0,0.0,0.0,0.0,0.0,0.0,0.0,0.0,0.0,0.0,0.0,0.0,0.0,0.0,0.0,45.0,0.0
2026-09-14,4,444,Jaouen,Newcastle,NEW,newcastle,GKP,0,0.0,0.0,0.0,0.0,0.0,0.0,0.0,0.0,0.0,0.0,0.0,0.0,0.0,0.0,0.0,45.0,0.0
2026-09-19,5,444,Jaouen,Newcastle,NEW,newcastle,GKP,1,0.0,0.0,0.0,0.0,0.0,0.0,0.0,0.0,0.0,0.0,0.0,0.0,0.0,0.0,0.0,45.0,0.0
2026-08-23,1,449,Hall,Newcastle,NEW,newcastle,DEF,1,90.0,3.0,0.0,0.0,0.0,2.0,0.0,0.0,8.0,0.0,0.35,11.0,0.0,0.0,1.0,50.0,11.0
2026-08-29,2,449,Hall,Newcastle,NEW,newcastle,DEF,0,90.0,11.0,0.0,0.0,1.0,0.0,0.0,3.0,52.0,0.03,0.31,13.0,0.0,0.0,1.0,50.0,13.0
2026-09-05,3,449,Hall,Newcastle,NEW,newcastle,DEF,1,89.0,4.0,0.0,1.0,0.0,2.0,0.0,0.0,20.0,0.01,0.01,6.0,0.0,0.0,1.0,51.0,6.0
2026-09-14,4,449,Hall,Newcastle,NEW,newcastle,DEF,0,90.0,0.0,0.0,0.0,0.0,4.0,0.0,0.0,9.0,0.02,0.01,6.0,0.0,0.0,1.0,52.0,6.0
2026-09-19,5,449,Hall,Newcastle,NEW,newcastle,DEF,1,90.0,13.0,1.0,0.0,0.0,1.0,0.0,3.0,38.0,0.19,0.11,10.0,0.0,0.0,1.0,52.0,10.0
2026-08-23,1,450,Livramento,Newcastle,NEW,newcastle,DEF,1,0.0,0.0,0.0,0.0,0.0,0.0,0.0,0.0,0.0,0.0,0.0,0.0,0.0,0.0,0.0,50.0,0.0
2026-08-29,2,450,Livramento,Newcastle,NEW,newcastle,DEF,0,0.0,0.0,0.0,0.0,0.0,0.0,0.0,0.0,0.0,0.0,0.0,0.0,0.0,0.0,0.0,50.0,0.0
2026-09-05,3,450,Livramento,Newcastle,NEW,newcastle,DEF,1,1.0,1.0,0.0,0.0,0.0,0.0,0.0,0.0,3.0,0.0,0.0,0.0,0.0,0.0,0.0,49.0,0.0
2026-09-14,4,450,Livramento,Newcastle,NEW,newcastle,DEF,0,32.0,3.0,0.0,1.0,0.0,1.0,0.0,0.0,9.0,0.0,0.01,3.0,1.0,0.0,0.0,49.0,3.0
2026-09-19,5,450,Livramento,Newcastle,NEW,newcastle,DEF,1,0.0,0.0,0.0,0.0,0.0,0.0,0.0,0.0,0.0,0.0,0.0,0.0,0.0,0.0,0.0,49.0,0.0
2026-08-23,1,445,Thiaw,Newcastle,NEW,newcastle,DEF,1,90.0,3.0,0.0,0.0,0.0,2.0,0.0,0.0,0.0,0.0,0.0,15.0,0.0,0.0,1.0,50.0,15.0
2026-08-29,2,445,Thiaw,Newcastle,NEW,newcastle,DEF,0,90.0,6.0,0.0,0.0,1.0,0.0,0.0,0.0,25.0,0.0,0.02,3.0,0.0,0.0,1.0,50.0,3.0
2026-09-05,3,445,Thiaw,Newcastle,NEW,newcastle,DEF,1,90.0,-1.0,0.0,0.0,0.0,2.0,0.0,0.0,0.0,0.0,0.05,3.0,0.0,0.0,1.0,50.0,3.0
2026-09-14,4,445,Thiaw,Newcastle,NEW,newcastle,DEF,0,90.0,2.0,0.0,0.0,0.0,4.0,0.0,0.0,-6.0,0.0,0.0,11.0,0.0,0.0,1.0,50.0,11.0
2026-09-19,5,445,Thiaw,Newcastle,NEW,newcastle,DEF,1,90.0,4.0,0.0,0.0,0.0,1.0,0.0,0.0,13.0,0.0,0.01,13.0,0.0,0.0,1.0,50.0,13.0
2026-08-23,1,448,Burn,Newcastle,NEW,newcastle,DEF,1,0.0,0.0,0.0,0.0,0.0,0.0,0.0,0.0,0.0,0.0,0.0,0.0,0.0,0.0,0.0,50.0,0.0
2026-08-29,2,448,Burn,Newcastle,NEW,newcastle,DEF,0,0.0,0.0,0.0,0.0,0.0,0.0,0.0,0.0,0.0,0.0,0.0,0.0,0.0,0.0,0.0,50.0,0.0
2026-09-05,3,448,Burn,Newcastle,NEW,newcastle,DEF,1,0.0,0.0,0.0,0.0,0.0,0.0,0.0,0.0,0.0,0.0,0.0,0.0,0.0,0.0,0.0,49.0,0.0
2026-09-14,4,448,Burn,Newcastle,NEW,newcastle,DEF,0,0.0,0.0,0.0,0.0,0.0,0.0,0.0,0.0,0.0,0.0,0.0,0.0,0.0,0.0,0.0,49.0,0.0
2026-09-19,5,448,Burn,Newcastle,NEW,newcastle,DEF,1,0.0,0.0,0.0,0.0,0.0,0.0,0.0,0.0,0.0,0.0,0.0,0.0,0.0,0.0,0.0,49.0,0.0
2026-08-23,1,446,Schär,Newcastle,NEW,newcastle,DEF,1,1.0,1.0,0.0,0.0,0.0,1.0,0.0,0.0,-1.0,0.0,0.0,0.0,0.0,0.0,0.0,50.0,0.0
2026-08-29,2,446,Schär,Newcastle,NEW,newcastle,DEF,0,0.0,0.0,0.0,0.0,0.0,0.0,0.0,0.0,0.0,0.0,0.0,0.0,0.0,0.0,0.0,50.0,0.0
2026-09-05,3,446,Schär,Newcastle,NEW,newcastle,DEF,1,0.0,0.0,0.0,0.0,0.0,0.0,0.0,0.0,0.0,0.0,0.0,0.0,0.0,0.0,0.0,50.0,0.0
2026-09-14,4,446,Schär,Newcastle,NEW,newcastle,DEF,0,0.0,0.0,0.0,0.0,0.0,0.0,0.0,0.0,0.0,0.0,0.0,0.0,0.0,0.0,0.0,50.0,0.0
2026-09-19,5,446,Schär,Newcastle,NEW,newcastle,DEF,1,24.0,1.0,0.0,0.0,0.0,1.0,0.0,0.0,1.0,0.0,0.01,7.0,0.0,0.0,0.0,49.0,7.0
2026-08-23,1,447,Botman,Newcastle,NEW,newcastle,DEF,1,90.0,3.0,0.0,0.0,0.0,2.0,0.0,0.0,4.0,0.0,0.01,10.0,0.0,0.0,1.0,50.0,10.0
2026-08-29,2,447,Botman,Newcastle,NEW,newcastle,DEF,0,90.0,5.0,0.0,0.0,1.0,0.0,0.0,0.0,22.0,0.01,0.0,5.0,1.0,0.0,1.0,50.0,5.0
2026-09-05,3,447,Botman,Newcastle,NEW,newcastle,DEF,1,90.0,1.0,0.0,0.0,0.0,2.0,0.0,0.0,3.0,0.0,0.16,9.0,0.0,0.0,1.0,50.0,9.0
2026-09-14,4,447,Botman,Newcastle,NEW,newcastle,DEF,0,90.0,2.0,0.0,0.0,0.0,4.0,0.0,0.0,2.0,0.0,0.0,17.0,0.0,0.0,1.0,50.0,17.0
2026-09-19,5,447,Botman,Newcastle,NEW,newcastle,DEF,1,90.0,4.0,0.0,0.0,0.0,1.0,0.0,0.0,12.0,0.05,0.0,18.0,0.0,0.0,1.0,50.0,18.0
2026-08-23,1,456,J.Ramsey,Newcastle,NEW,newcastle,MID,1,34.0,0.0,0.0,0.0,0.0,1.0,0.0,0.0,1.0,0.06,0.01,6.0,1.0,0.0,0.0,50.0,6.0
2026-08-29,2,456,J.Ramsey,Newcastle,NEW,newcastle,MID,0,8.0,1.0,0.0,0.0,0.0,0.0,0.0,0.0,3.0,0.0,0.13,1.0,0.0,0.0,0.0,50.0,1.0
2026-09-05,3,456,J.Ramsey,Newcastle,NEW,newcastle,MID,1,27.0,6.0,1.0,0.0,0.0,0.0,0.0,0.0,22.0,0.11,0.02,4.0,0.0,0.0,0.0,50.0,4.0
2026-09-14,4,456,J.Ramsey,Newcastle,NEW,newcastle,MID,0,0.0,0.0,0.0,0.0,0.0,0.0,0.0,0.0,0.0,0.0,0.0,0.0,0.0,0.0,0.0,49.0,0.0
2026-09-19,5,456,J.Ramsey,Newcastle,NEW,newcastle,MID,1,0.0,0.0,0.0,0.0,0.0,0.0,0.0,0.0,0.0,0.0,0.0,0.0,0.0,0.0,0.0,49.0,0.0
2026-08-23,1,454,Elanga,Newcastle,NEW,newcastle,MID,1,75.0,9.0,1.0,0.0,0.0,1.0,0.0,2.0,31.0,0.22,0.01,2.0,0.0,0.0,1.0,60.0,2.0
2026-08-29,2,454,Elanga,Newcastle,NEW,newcastle,MID,0,81.0,8.0,1.0,0.0,1.0,0.0,0.0,0.0,32.0,0.2,0.1,3.0,0.0,0.0,1.0,60.0,3.0
2026-09-05,3,454,Elanga,Newcastle,NEW,newcastle,MID,1,76.0,1.0,0.0,0.0,0.0,2.0,0.0,0.0,8.0,0.0,0.23,4.0,1.0,0.0,1.0,61.0,4.0
2026-09-14,4,454,Elanga,Newcastle,NEW,newcastle,MID,0,0.0,0.0,0.0,0.0,0.0,0.0,0.0,0.0,0.0,0.0,0.0,0.0,0.0,0.0,0.0,62.0,0.0
2026-09-19,5,454,Elanga,Newcastle,NEW,newcastle,MID,1,0.0,0.0,0.0,0.0,0.0,0.0,0.0,0.0,0.0,0.0,0.0,0.0,0.0,0.0,0.0,62.0,0.0
2026-08-23,1,457,J.Murphy,Newcastle,NEW,newcastle,MID,1,14.0,0.0,0.0,0.0,0.0,1.0,0.0,0.0,-1.0,0.0,0.0,2.0,1.0,0.0,0.0,60.0,2.0
2026-08-29,2,457,J.Murphy,Newcastle,NEW,newcastle,MID,0,8.0,1.0,0.0,0.0,0.0,0.0,0.0,0.0,3.0,0.0,0.2,3.0,0.0,0.0,0.0,60.0,3.0
2026-09-05,3,457,J.Murphy,Newcastle,NEW,newcastle,MID,1,13.0,1.0,0.0,0.0,0.0,0.0,0.0,0.0,5.0,0.0,0.0,1.0,0.0,0.0,0.0,59.0,1.0
2026-09-14,4,457,J.Murphy,Newcastle,NEW,newcastle,MID,0,56.0,0.0,0.0,0.0,0.0,3.0,0.0,0.0,2.0,0.0,0.14,4.0,1.0,0.0,1.0,59.0,4.0
2026-09-19,5,457,J.Murphy,Newcastle,NEW,newcastle,MID,1,90.0,1.0,0.0,0.0,0.0,1.0,0.0,0.0,12.0,0.03,0.07,8.0,1.0,0.0,1.0,59.0,8.0
2026-08-23,1,458,Joelinton,Newcastle,NEW,newcastle,MID,1,0.0,0.0,0.0,0.0,0.0,0.0,0.0,0.0,0.0,0.0,0.0,0.0,0.0,0.0,0.0,55.0,0.0
2026-08-29,2,458,Joelinton,Newcastle,NEW,newcastle,MID,0,0.0,0.0,0.0,0.0,0.0,0.0,0.0,0.0,0.0,0.0,0.0,0.0,0.0,0.0,0.0,55.0,0.0
2026-09-05,3,458,Joelinton,Newcastle,NEW,newcastle,MID,1,0.0,0.0,0.0,0.0,0.0,0.0,0.0,0.0,0.0,0.0,0.0,0.0,0.0,0.0,0.0,54.0,0.0
2026-09-14,4,458,Joelinton,Newcastle,NEW,newcastle,MID,0,0.0,0.0,0.0,0.0,0.0,0.0,0.0,0.0,0.0,0.0,0.0,0.0,0.0,0.0,0.0,54.0,0.0
2026-09-19,5,458,Joelinton,Newcastle,NEW,newcastle,MID,1,0.0,0.0,0.0,0.0,0.0,0.0,0.0,0.0,0.0,0.0,0.0,0.0,0.0,0.0,0.0,54.0,0.0
2026-08-23,1,459,L.Miley,Newcastle,NEW,newcastle,MID,1,75.0,3.0,0.0,0.0,0.0,1.0,0.0,0.0,13.0,0.05,0.01,13.0,1.0,0.0,1.0,55.0,13.0
2026-08-29,2,459,L.Miley,Newcastle,NEW,newcastle,MID,0,90.0,3.0,0.0,0.0,1.0,0.0,0.0,0.0,16.0,0.0,0.04,9.0,0.0,0.0,1.0,55.0,9.0
2026-09-05,3,459,L.Miley,Newcastle,NEW,newcastle,MID,1,62.0,2.0,0.0,0.0,0.0,2.0,0.0,0.0,11.0,0.0,0.02,4.0,0.0,0.0,1.0,55.0,4.0
2026-09-14,4,459,L.Miley,Newcastle,NEW,newcastle,MID,0,79.0,0.0,0.0,0.0,0.0,4.0,0.0,0.0,9.0,0.0,0.03,10.0,0.0,0.0,1.0,55.0,10.0
2026-09-19,5,459,L.Miley,Newcastle,NEW,newcastle,MID,1,90.0,4.0,0.0,0.0,0.0,1.0,0.0,0.0,19.0,0.0,0.04,16.0,0.0,0.0,1.0,55.0,16.0
2026-08-23,1,464,Wissa,Newcastle,NEW,newcastle,FWD,1,90.0,4.0,0.0,1.0,0.0,1.0,0.0,0.0,7.0,1.0,0.02,8.0,1.0,0.0,1.0,60.0,8.0
2026-08-29,2,464,Wissa,Newcastle,NEW,newcastle,FWD,0,81.0,8.0,1.0,0.0,1.0,0.0,0.0,2.0,37.0,0.35,0.0,6.0,0.0,0.0,1.0,60.0,6.0
2026-09-05,3,464,Wissa,Newcastle,NEW,newcastle,FWD,1,90.0,1.0,0.0,0.0,0.0,2.0,0.0,0.0,7.0,0.0,0.03,3.0,1.0,0.0,1.0,61.0,3.0
2026-09-14,4,464,Wissa,Newcastle,NEW,newcastle,FWD,0,90.0,2.0,0.0,0.0,0.0,4.0,0.0,0.0,3.0,0.16,0.0,5.0,0.0,0.0,1.0,62.0,5.0
2026-09-19,5,464,Wissa,Newcastle,NEW,newcastle,FWD,1,90.0,0.0,0.0,0.0,0.0,1.0,0.0,0.0,0.0,0.84,0.01,5.0,0.0,0.0,1.0,62.0,5.0
2026-08-23,1,466,Neave,Newcastle,NEW,newcastle,FWD,1,0.0,0.0,0.0,0.0,0.0,0.0,0.0,0.0,0.0,0.0,0.0,0.0,0.0,0.0,0.0,45.0,0.0
2026-08-29,2,466,Neave,Newcastle,NEW,newcastle,FWD,0,0.0,0.0,0.0,0.0,0.0,0.0,0.0,0.0,0.0,0.0,0.0,0.0,0.0,0.0,0.0,45.0,0.0
2026-09-05,3,466,Neave,Newcastle,NEW,newcastle,FWD,1,0.0,0.0,0.0,0.0,0.0,0.0,0.0,0.0,0.0,0.0,0.0,0.0,0.0,0.0,0.0,45.0,0.0
2026-09-14,4,466,Neave,Newcastle,NEW,newcastle,FWD,0,0.0,0.0,0.0,0.0,0.0,0.0,0.0,0.0,0.0,0.0,0.0,0.0,0.0,0.0,0.0,45.0,0.0
2026-09-19,5,466,Neave,Newcastle,NEW,newcastle,FWD,1,0.0,0.0,0.0,0.0,0.0,0.0,0.0,0.0,0.0,0.0,0.0,0.0,0.0,0.0,0.0,45.0,0.0
2026-08-23,1,461,Touré,Newcastle,NEW,newcastle,MID,1,0.0,0.0,0.0,0.0,0.0,0.0,0.0,0.0,0.0,0.0,0.0,0.0,0.0,0.0,0.0,60.0,0.0
2026-08-29,2,461,Touré,Newcastle,NEW,newcastle,MID,0,1.0,1.0,0.0,0.0,0.0,0.0,0.0,0.0,3.0,0.0,0.0,0.0,0.0,0.0,0.0,60.0,0.0
2026-09-05,3,461,Touré,Newcastle,NEW,newcastle,MID,1,0.0,0.0,0.0,0.0,0.0,0.0,0.0,0.0,0.0,0.0,0.0,0.0,0.0,0.0,0.0,59.0,0.0
2026-09-14,4,461,Touré,Newcastle,NEW,newcastle,MID,0,33.0,6.0,1.0,0.0,0.0,1.0,0.0,0.0,24.0,0.28,0.01,2.0,0.0,0.0,0.0,58.0,2.0
2026-09-19,5,461,Touré,Newcastle,NEW,newcastle,MID,1,16.0,1.0,0.0,0.0,0.0,0.0,0.0,0.0,2.0,0.0,0.0,2.0,0.0,0.0,0.0,58.0,2.0
2026-08-23,1,463,Woltemade,Newcastle,NEW,newcastle,FWD,1,0.0,0.0,0.0,0.0,0.0,0.0,0.0,0.0,0.0,0.0,0.0,0.0,0.0,0.0,0.0,60.0,0.0
2026-08-29,2,463,Woltemade,Newcastle,NEW,newcastle,FWD,0,19.0,4.0,0.0,1.0,0.0,0.0,0.0,0.0,18.0,0.02,0.01,0.0,0.0,0.0,0.0,60.0,0.0
2026-09-05,3,463,Woltemade,Newcastle,NEW,newcastle,FWD,1,0.0,0.0,0.0,0.0,0.0,0.0,0.0,0.0,0.0,0.0,0.0,0.0,0.0,0.0,0.0,59.0,0.0
2026-09-14,4,463,Woltemade,Newcastle,NEW,newcastle,FWD,0,0.0,0.0,0.0,0.0,0.0,0.0,0.0,0.0,0.0,0.0,0.0,0.0,0.0,0.0,0.0,59.0,0.0
2026-09-19,5,463,Woltemade,Newcastle,NEW,newcastle,FWD,1,0.0,0.0,0.0,0.0,0.0,0.0,0.0,0.0,0.0,0.0,0.0,0.0,0.0,0.0,0.0,59.0,0.0
2026-08-23,1,567,Horníček,Newcastle,NEW,newcastle,GKP,1,90.0,1.0,0.0,0.0,0.0,2.0,5.0,0.0,12.0,0.0,0.0,0.0,1.0,0.0,1.0,50.0,0.0
2026-08-29,2,567,Horníček,Newcastle,NEW,newcastle,GKP,0,90.0,7.0,0.0,0.0,1.0,0.0,4.0,0.0,32.0,0.0,0.0,0.0,0.0,0.0,1.0,50.0,0.0
2026-09-05,3,567,Horníček,Newcastle,NEW,newcastle,GKP,1,90.0,2.0,0.0,0.0,0.0,2.0,4.0,0.0,12.0,0.0,0.0,0.0,0.0,0.0,1.0,50.0,0.0
2026-09-14,4,567,Horníček,Newcastle,NEW,newcastle,GKP,0,90.0,1.0,0.0,0.0,0.0,4.0,3.0,0.0,2.0,0.0,0.0,0.0,0.0,0.0,1.0,50.0,0.0
2026-09-19,5,567,Horníček,Newcastle,NEW,newcastle,GKP,1,90.0,3.0,0.0,0.0,0.0,1.0,3.0,0.0,14.0,0.0,0.0,0.0,0.0,0.0,1.0,50.0,0.0
2026-08-23,1,460,Willock,Newcastle,NEW,newcastle,MID,1,34.0,6.0,1.0,0.0,0.0,1.0,0.0,0.0,28.0,0.09,0.17,3.0,0.0,0.0,0.0,50.0,3.0
2026-08-29,2,460,Willock,Newcastle,NEW,newcastle,MID,0,70.0,3.0,0.0,0.0,1.0,0.0,0.0,0.0,0.0,0.07,0.02,2.0,0.0,0.0,1.0,50.0,2.0
2026-09-05,3,460,Willock,Newcastle,NEW,newcastle,MID,1,62.0,2.0,0.0,0.0,0.0,2.0,0.0,0.0,6.0,0.36,0.01,3.0,0.0,0.0,1.0,50.0,3.0
2026-09-14,4,460,Willock,Newcastle,NEW,newcastle,MID,0,32.0,1.0,0.0,0.0,0.0,1.0,0.0,0.0,8.0,0.12,0.06,4.0,0.0,0.0,0.0,50.0,4.0
2026-09-19,5,460,Willock,Newcastle,NEW,newcastle,MID,1,86.0,10.0,1.0,0.0,0.0,1.0,0.0,3.0,38.0,0.17,0.04,6.0,0.0,0.0,1.0,50.0,6.0
2026-08-23,1,609,Shahar,Newcastle,NEW,newcastle,DEF,1,0.0,0.0,0.0,0.0,0.0,0.0,0.0,0.0,0.0,0.0,0.0,0.0,0.0,0.0,0.0,40.0,0.0
2026-08-29,2,609,Shahar,Newcastle,NEW,newcastle,DEF,0,0.0,0.0,0.0,0.0,0.0,0.0,0.0,0.0,0.0,0.0,0.0,0.0,0.0,0.0,0.0,40.0,0.0
2026-09-05,3,609,Shahar,Newcastle,NEW,newcastle,DEF,1,0.0,0.0,0.0,0.0,0.0,0.0,0.0,0.0,0.0,0.0,0.0,0.0,0.0,0.0,0.0,40.0,0.0
2026-09-14,4,609,Shahar,Newcastle,NEW,newcastle,DEF,0,0.0,0.0,0.0,0.0,0.0,0.0,0.0,0.0,0.0,0.0,0.0,0.0,0.0,0.0,0.0,40.0,0.0
2026-09-19,5,609,Shahar,Newcastle,NEW,newcastle,DEF,1,0.0,0.0,0.0,0.0,0.0,0.0,0.0,0.0,0.0,0.0,0.0,0.0,0.0,0.0,0.0,40.0,0.0
2026-08-23,1,462,Steur,Newcastle,NEW,newcastle,MID,1,55.0,1.0,0.0,0.0,0.0,1.0,0.0,0.0,3.0,0.0,0.0,2.0,0.0,0.0,1.0,50.0,2.0
2026-08-29,2,462,Steur,Newcastle,NEW,newcastle,MID,0,19.0,1.0,0.0,0.0,0.0,0.0,0.0,0.0,4.0,0.0,0.0,3.0,0.0,0.0,0.0,50.0,3.0
2026-09-05,3,462,Steur,Newcastle,NEW,newcastle,MID,1,13.0,1.0,0.0,0.0,0.0,0.0,0.0,0.0,3.0,0.0,0.0,2.0,0.0,0.0,0.0,50.0,2.0
2026-09-14,4,462,Steur,Newcastle,NEW,newcastle,MID,0,71.0,2.0,0.0,0.0,0.0,4.0,0.0,0.0,14.0,0.0,0.03,7.0,0.0,0.0,0.0,49.0,7.0
2026-09-19,5,462,Steur,Newcastle,NEW,newcastle,MID,1,65.0,3.0,0.0,0.0,1.0,0.0,0.0,0.0,18.0,0.0,0.03,7.0,0.0,0.0,1.0,49.0,7.0
2026-08-23,1,593,Dedić,Newcastle,NEW,newcastle,DEF,1,90.0,1.0,0.0,0.0,0.0,2.0,0.0,0.0,-1.0,0.03,0.0,9.0,0.0,0.0,1.0,45.0,9.0
2026-08-29,2,593,Dedić,Newcastle,NEW,newcastle,DEF,0,90.0,11.0,0.0,1.0,1.0,0.0,0.0,2.0,37.0,0.0,0.06,8.0,0.0,0.0,1.0,45.0,8.0
2026-09-05,3,593,Dedić,Newcastle,NEW,newcastle,DEF,1,90.0,1.0,0.0,0.0,0.0,2.0,0.0,0.0,3.0,0.11,0.02,1.0,0.0,0.0,1.0,45.0,1.0
2026-09-14,4,593,Dedić,Newcastle,NEW,newcastle,DEF,0,57.0,0.0,0.0,0.0,0.0,3.0,0.0,0.0,-3.0,0.0,0.0,6.0,0.0,0.0,1.0,45.0,6.0
2026-09-19,5,593,Dedić,Newcastle,NEW,newcastle,DEF,1,0.0,0.0,0.0,0.0,0.0,0.0,0.0,0.0,0.0,0.0,0.0,0.0,0.0,0.0,0.0,45.0,0.0
2026-08-23,1,465,Osula,Newcastle,NEW,newcastle,FWD,1,55.0,4.0,0.0,1.0,0.0,1.0,0.0,0.0,18.0,0.06,0.14,5.0,0.0,0.0,1.0,60.0,5.0
2026-08-29,2,465,Osula,Newcastle,NEW,newcastle,FWD,0,0.0,0.0,0.0,0.0,0.0,0.0,0.0,0.0,0.0,0.0,0.0,0.0,0.0,0.0,0.0,60.0,0.0
2026-09-05,3,465,Osula,Newcastle,NEW,newcastle,FWD,1,0.0,0.0,0.0,0.0,0.0,0.0,0.0,0.0,0.0,0.0,0.0,0.0,0.0,0.0,0.0,59.0,0.0
2026-09-14,4,465,Osula,Newcastle,NEW,newcastle,FWD,0,0.0,0.0,0.0,0.0,0.0,0.0,0.0,0.0,0.0,0.0,0.0,0.0,0.0,0.0,0.0,59.0,0.0
2026-09-19,5,465,Osula,Newcastle,NEW,newcastle,FWD,1,0.0,0.0,0.0,0.0,0.0,0.0,0.0,0.0,0.0,0.0,0.0,0.0,0.0,0.0,0.0,59.0,0.0
2026-08-23,1,559,Bamba,Newcastle,NEW,newcastle,MID,1,14.0,1.0,0.0,0.0,0.0,1.0,0.0,0.0,5.0,0.0,0.0,2.0,0.0,0.0,0.0,50.0,2.0
2026-08-29,2,559,Bamba,Newcastle,NEW,newcastle,MID,0,0.0,0.0,0.0,0.0,0.0,0.0,0.0,0.0,0.0,0.0,0.0,0.0,0.0,0.0,0.0,50.0,0.0
2026-09-05,3,559,Bamba,Newcastle,NEW,newcastle,MID,1,0.0,0.0,0.0,0.0,0.0,0.0,0.0,0.0,0.0,0.0,0.0,0.0,0.0,0.0,0.0,50.0,0.0
2026-09-14,4,559,Bamba,Newcastle,NEW,newcastle,MID,0,10.0,1.0,0.0,0.0,0.0,0.0,0.0,0.0,4.0,0.0,0.0,2.0,0.0,0.0,0.0,49.0,2.0
2026-09-19,5,559,Bamba,Newcastle,NEW,newcastle,MID,1,3.0,1.0,0.0,0.0,0.0,0.0,0.0,0.0,3.0,0.0,0.0,4.0,0.0,0.0,0.0,49.0,4.0
2026-09-05,3,634,Fernandez-Pardo,Newcastle,NEW,newcastle,FWD,1,27.0,1.0,0.0,0.0,0.0,0.0,0.0,0.0,4.0,0.0,0.0,1.0,0.0,0.0,0.0,60.0,1.0
2026-09-14,4,634,Fernandez-Pardo,Newcastle,NEW,newcastle,FWD,0,57.0,1.0,0.0,0.0,0.0,3.0,0.0,0.0,5.0,0.0,0.01,2.0,0.0,0.0,1.0,60.0,2.0
2026-09-19,5,634,Fernandez-Pardo,Newcastle,NEW,newcastle,FWD,1,73.0,2.0,0.0,0.0,0.0,1.0,0.0,0.0,7.0,0.05,0.0,2.0,0.0,0.0,1.0,60.0,2.0
2026-09-14,4,659,Miley,Newcastle,NEW,newcastle,MID,0,0.0,0.0,0.0,0.0,0.0,0.0,0.0,0.0,0.0,0.0,0.0,0.0,0.0,0.0,0.0,45.0,0.0
2026-09-19,5,659,Miley,Newcastle,NEW,newcastle,MID,1,0.0,0.0,0.0,0.0,0.0,0.0,0.0,0.0,0.0,0.0,0.0,0.0,0.0,0.0,0.0,45.0,0.0
2026-09-19,5,663,Pivas,Newcastle,NEW,newcastle,DEF,1,0.0,0.0,0.0,0.0,0.0,0.0,0.0,0.0,0.0,0.0,0.0,0.0,0.0,0.0,0.0,40.0,0.0
2026-08-22,1,201,Muñoz,Crystal Palace,CRY,crystal palace,DEF,0,54.0,0.0,0.0,0.0,0.0,2.0,0.0,0.0,-4.0,0.23,0.01,4.0,0.0,0.0,1.0,55.0,4.0
2026-08-28,2,201,Muñoz,Crystal Palace,CRY,crystal palace,DEF,1,0.0,0.0,0.0,0.0,0.0,0.0,0.0,0.0,0.0,0.0,0.0,0.0,0.0,0.0,0.0,55.0,0.0
2026-09-05,3,201,Muñoz,Nott'm Forest,NFO,nottm forest,DEF,1,31.0,1.0,0.0,0.0,0.0,0.0,0.0,0.0,5.0,0.03,0.0,1.0,0.0,0.0,0.0,54.0,1.0
2026-09-12,4,201,Muñoz,Nott'm Forest,NFO,nottm forest,DEF,0,90.0,2.0,0.0,0.0,0.0,1.0,0.0,0.0,23.0,0.22,0.18,7.0,0.0,0.0,1.0,54.0,7.0
2026-09-19,5,201,Muñoz,Nott'm Forest,NFO,nottm forest,DEF,1,82.0,2.0,0.0,0.0,0.0,1.0,0.0,0.0,5.0,0.12,0.02,3.0,0.0,0.0,1.0,54.0,3.0
2026-09-19,5,665,Mills,Newcastle,NEW,newcastle,MID,1,0.0,0.0,0.0,0.0,0.0,0.0,0.0,0.0,0.0,0.0,0.0,0.0,0.0,0.0,0.0,45.0,0.0
2026-09-19,5,664,Salia,Newcastle,NEW,newcastle,FWD,1,0.0,0.0,0.0,0.0,0.0,0.0,0.0,0.0,0.0,0.0,0.0,0.0,0.0,0.0,0.0,45.0,0.0
2026-09-19,5,666,Thompson,Newcastle,NEW,newcastle,MID,1,0.0,0.0,0.0,0.0,0.0,0.0,0.0,0.0,0.0,0.0,0.0,0.0,0.0,0.0,0.0,45.0,0.0
2026-08-24,1,167,Delap,Chelsea,CHE,chelsea,FWD,0,0.0,0.0,0.0,0.0,0.0,0.0,0.0,0.0,0.0,0.0,0.0,0.0,0.0,0.0,0.0,55.0,0.0
2026-08-29,2,167,Delap,Nott'm Forest,NFO,nottm forest,FWD,0,24.0,1.0,0.0,0.0,0.0,1.0,0.0,0.0,9.0,0.07,0.0,0.0,0.0,0.0,0.0,55.0,0.0
2026-09-05,3,167,Delap,Nott'm Forest,NFO,nottm forest,FWD,1,73.0,2.0,0.0,0.0,1.0,0.0,0.0,0.0,6.0,0.06,0.06,5.0,0.0,0.0,1.0,55.0,5.0
2026-09-12,4,167,Delap,Nott'm Forest,NFO,nottm forest,FWD,0,90.0,5.0,1.0,0.0,0.0,1.0,0.0,0.0,25.0,0.63,0.08,4.0,1.0,0.0,1.0,55.0,4.0
2026-09-19,5,167,Delap,Nott'm Forest,NFO,nottm forest,FWD,1,90.0,1.0,0.0,0.0,0.0,1.0,0.0,0.0,9.0,0.13,0.21,8.0,1.0,0.0,1.0,55.0,8.0
2026-08-22,1,467,Sels,Nott'm Forest,NFO,nottm forest,GKP,1,90.0,2.0,0.0,0.0,0.0,1.0,2.0,0.0,11.0,0.0,0.0,0.0,0.0,0.0,1.0,50.0,0.0
2026-08-29,2,467,Sels,Nott'm Forest,NFO,nottm forest,GKP,0,90.0,1.0,0.0,0.0,0.0,2.0,2.0,0.0,6.0,0.0,0.01,0.0,0.0,0.0,1.0,50.0,0.0
2026-09-05,3,467,Sels,Nott'm Forest,NFO,nottm forest,GKP,1,90.0,6.0,0.0,0.0,1.0,0.0,0.0,0.0,21.0,0.0,0.0,0.0,0.0,0.0,1.0,50.0,0.0
2026-09-12,4,467,Sels,Nott'm Forest,NFO,nottm forest,GKP,0,90.0,3.0,0.0,0.0,0.0,1.0,5.0,0.0,19.0,0.0,0.0,0.0,0.0,0.0,1.0,50.0,0.0
2026-09-19,5,467,Sels,Nott'm Forest,NFO,nottm forest,GKP,1,90.0,2.0,0.0,0.0,0.0,1.0,2.0,0.0,10.0,0.0,0.0,0.0,0.0,0.0,1.0,50.0,0.0
2026-08-22,1,471,Milenković,Nott'm Forest,NFO,nottm forest,DEF,1,90.0,2.0,0.0,0.0,0.0,1.0,0.0,0.0,4.0,0.11,0.02,7.0,0.0,0.0,1.0,55.0,7.0
2026-08-29,2,471,Milenković,Nott'm Forest,NFO,nottm forest,DEF,0,90.0,3.0,0.0,0.0,0.0,2.0,0.0,0.0,3.0,0.0,0.0,13.0,0.0,0.0,1.0,55.0,13.0
2026-09-05,3,471,Milenković,Nott'm Forest,NFO,nottm forest,DEF,1,90.0,7.0,0.0,0.0,1.0,0.0,0.0,0.0,27.0,0.0,0.01,11.0,1.0,0.0,1.0,55.0,11.0
2026-09-12,4,471,Milenković,Nott'm Forest,NFO,nottm forest,DEF,0,0.0,0.0,0.0,0.0,0.0,0.0,0.0,0.0,0.0,0.0,0.0,0.0,0.0,0.0,0.0,55.0,0.0
2026-09-19,5,471,Milenković,Nott'm Forest,NFO,nottm forest,DEF,1,0.0,0.0,0.0,0.0,0.0,0.0,0.0,0.0,0.0,0.0,0.0,0.0,0.0,0.0,0.0,55.0,0.0
2026-08-22,1,472,Murillo,Nott'm Forest,NFO,nottm forest,DEF,1,90.0,4.0,0.0,0.0,0.0,1.0,0.0,0.0,15.0,0.0,0.28,14.0,0.0,0.0,1.0,55.0,14.0
2026-08-29,2,472,Murillo,Nott'm Forest,NFO,nottm forest,DEF,0,90.0,1.0,0.0,0.0,0.0,2.0,0.0,0.0,2.0,0.18,0.0,6.0,0.0,0.0,1.0,55.0,6.0
2026-09-05,3,472,Murillo,Nott'm Forest,NFO,nottm forest,DEF,1,89.0,8.0,0.0,0.0,1.0,0.0,0.0,0.0,25.0,0.17,0.0,10.0,0.0,0.0,1.0,55.0,10.0
2026-09-12,4,472,Murillo,Nott'm Forest,NFO,nottm forest,DEF,0,90.0,6.0,0.0,1.0,0.0,1.0,0.0,0.0,18.0,0.0,0.01,12.0,1.0,0.0,1.0,55.0,12.0
2026-09-19,5,472,Murillo,Nott'm Forest,NFO,nottm forest,DEF,1,90.0,4.0,0.0,0.0,0.0,1.0,0.0,0.0,16.0,0.07,0.08,11.0,0.0,0.0,1.0,55.0,11.0
2026-08-22,1,474,Jair Cunha,Nott'm Forest,NFO,nottm forest,DEF,1,90.0,1.0,0.0,0.0,0.0,1.0,0.0,0.0,5.0,0.0,0.0,8.0,1.0,0.0,1.0,45.0,8.0
2026-08-29,2,474,Jair Cunha,Nott'm Forest,NFO,nottm forest,DEF,0,90.0,1.0,0.0,0.0,0.0,2.0,0.0,0.0,6.0,0.0,0.0,8.0,0.0,0.0,1.0,45.0,8.0
2026-09-05,3,474,Jair Cunha,Nott'm Forest,NFO,nottm forest,DEF,1,90.0,8.0,0.0,0.0,1.0,0.0,0.0,0.0,24.0,0.03,0.01,12.0,0.0,0.0,1.0,45.0,12.0
2026-09-12,4,474,Jair Cunha,Nott'm Forest,NFO,nottm forest,DEF,0,0.0,0.0,0.0,0.0,0.0,0.0,0.0,0.0,0.0,0.0,0.0,0.0,0.0,0.0,0.0,45.0,0.0
2026-09-19,5,474,Jair Cunha,Nott'm Forest,NFO,nottm forest,DEF,1,90.0,1.0,0.0,0.0,0.0,1.0,0.0,0.0,5.0,0.02,0.01,8.0,1.0,0.0,1.0,45.0,8.0
2026-08-22,1,470,Morato,Nott'm Forest,NFO,nottm forest,DEF,1,0.0,0.0,0.0,0.0,0.0,0.0,0.0,0.0,0.0,0.0,0.0,0.0,0.0,0.0,0.0,50.0,0.0
2026-08-29,2,470,Morato,Nott'm Forest,NFO,nottm forest,DEF,0,0.0,0.0,0.0,0.0,0.0,0.0,0.0,0.0,0.0,0.0,0.0,0.0,0.0,0.0,0.0,50.0,0.0
2026-09-05,3,470,Morato,Nott'm Forest,NFO,nottm forest,DEF,1,0.0,0.0,0.0,0.0,0.0,0.0,0.0,0.0,0.0,0.0,0.0,0.0,0.0,0.0,0.0,50.0,0.0
2026-09-12,4,470,Morato,Nott'm Forest,NFO,nottm forest,DEF,0,0.0,0.0,0.0,0.0,0.0,0.0,0.0,0.0,0.0,0.0,0.0,0.0,0.0,0.0,0.0,50.0,0.0
2026-09-19,5,470,Morato,Nott'm Forest,NFO,nottm forest,DEF,1,0.0,0.0,0.0,0.0,0.0,0.0,0.0,0.0,0.0,0.0,0.0,0.0,0.0,0.0,0.0,50.0,0.0
2026-08-22,1,468,John,Nott'm Forest,NFO,nottm forest,GKP,1,0.0,0.0,0.0,0.0,0.0,0.0,0.0,0.0,0.0,0.0,0.0,0.0,0.0,0.0,0.0,45.0,0.0
2026-08-29,2,468,John,Nott'm Forest,NFO,nottm forest,GKP,0,0.0,0.0,0.0,0.0,0.0,0.0,0.0,0.0,0.0,0.0,0.0,0.0,0.0,0.0,0.0,45.0,0.0
2026-09-05,3,468,John,Nott'm Forest,NFO,nottm forest,GKP,1,0.0,0.0,0.0,0.0,0.0,0.0,0.0,0.0,0.0,0.0,0.0,0.0,0.0,0.0,0.0,45.0,0.0
2026-09-12,4,468,John,Nott'm Forest,NFO,nottm forest,GKP,0,0.0,0.0,0.0,0.0,0.0,0.0,0.0,0.0,0.0,0.0,0.0,0.0,0.0,0.0,0.0,45.0,0.0
2026-09-19,5,468,John,Nott'm Forest,NFO,nottm forest,GKP,1,0.0,0.0,0.0,0.0,0.0,0.0,0.0,0.0,0.0,0.0,0.0,0.0,0.0,0.0,0.0,45.0,0.0
2026-08-22,1,473,Aina,Nott'm Forest,NFO,nottm forest,DEF,1,73.0,5.0,0.0,0.0,1.0,0.0,0.0,0.0,24.0,0.04,0.17,2.0,1.0,0.0,1.0,45.0,2.0
2026-08-29,2,473,Aina,Nott'm Forest,NFO,nottm forest,DEF,0,85.0,0.0,0.0,0.0,0.0,2.0,0.0,0.0,2.0,0.0,0.35,5.0,1.0,0.0,1.0,45.0,5.0
2026-09-05,3,473,Aina,Nott'm Forest,NFO,nottm forest,DEF,1,58.0,1.0,0.0,0.0,0.0,0.0,0.0,0.0,8.0,0.0,0.0,7.0,0.0,0.0,1.0,45.0,7.0
2026-09-12,4,473,Aina,Nott'm Forest,NFO,nottm forest,DEF,0,90.0,2.0,0.0,0.0,0.0,1.0,0.0,0.0,11.0,0.0,0.01,8.0,0.0,0.0,1.0,45.0,8.0
2026-09-19,5,473,Aina,Nott'm Forest,NFO,nottm forest,DEF,1,0.0,0.0,0.0,0.0,0.0,0.0,0.0,0.0,0.0,0.0,0.0,0.0,0.0,0.0,0.0,45.0,0.0
2026-08-22,1,469,N.Williams,Nott'm Forest,NFO,nottm forest,DEF,1,90.0,2.0,0.0,0.0,0.0,1.0,0.0,0.0,13.0,0.0,0.02,6.0,0.0,0.0,1.0,50.0,6.0
2026-08-29,2,469,N.Williams,Nott'm Forest,NFO,nottm forest,DEF,0,90.0,6.0,0.0,1.0,0.0,2.0,0.0,0.0,16.0,0.12,0.15,12.0,0.0,0.0,1.0,50.0,12.0
2026-09-05,3,469,N.Williams,Nott'm Forest,NFO,nottm forest,DEF,1,90.0,7.0,0.0,0.0,1.0,0.0,0.0,1.0,28.0,0.0,0.07,6.0,0.0,0.0,1.0,50.0,6.0
2026-09-12,4,469,N.Williams,Nott'm Forest,NFO,nottm forest,DEF,0,90.0,2.0,0.0,0.0,0.0,1.0,0.0,0.0,9.0,0.2,0.16,3.0,0.0,0.0,1.0,50.0,3.0
2026-09-19,5,469,N.Williams,Nott'm Forest,NFO,nottm forest,DEF,1,90.0,2.0,0.0,0.0,0.0,1.0,0.0,0.0,19.0,0.09,0.21,2.0,0.0,0.0,1.0,50.0,2.0
2026-08-22,1,475,Savona,Nott'm Forest,NFO,nottm forest,DEF,1,0.0,0.0,0.0,0.0,0.0,0.0,0.0,0.0,0.0,0.0,0.0,0.0,0.0,0.0,0.0,45.0,0.0
2026-08-29,2,475,Savona,Nott'm Forest,NFO,nottm forest,DEF,0,0.0,0.0,0.0,0.0,0.0,0.0,0.0,0.0,0.0,0.0,0.0,0.0,0.0,0.0,0.0,45.0,0.0
2026-09-05,3,475,Savona,Nott'm Forest,NFO,nottm forest,DEF,1,0.0,0.0,0.0,0.0,0.0,0.0,0.0,0.0,0.0,0.0,0.0,0.0,0.0,0.0,0.0,45.0,0.0
2026-09-12,4,475,Savona,Nott'm Forest,NFO,nottm forest,DEF,0,0.0,0.0,0.0,0.0,0.0,0.0,0.0,0.0,0.0,0.0,0.0,0.0,0.0,0.0,0.0,45.0,0.0
2026-09-19,5,475,Savona,Nott'm Forest,NFO,nottm forest,DEF,1,0.0,0.0,0.0,0.0,0.0,0.0,0.0,0.0,0.0,0.0,0.0,0.0,0.0,0.0,0.0,45.0,0.0
2026-08-22,1,476,O.Richards,Nott'm Forest,NFO,nottm forest,DEF,1,0.0,0.0,0.0,0.0,0.0,0.0,0.0,0.0,0.0,0.0,0.0,0.0,0.0,0.0,0.0,40.0,0.0
2026-08-29,2,476,O.Richards,Nott'm Forest,NFO,nottm forest,DEF,0,0.0,0.0,0.0,0.0,0.0,0.0,0.0,0.0,0.0,0.0,0.0,0.0,0.0,0.0,0.0,40.0,0.0
2026-09-05,3,476,O.Richards,Nott'm Forest,NFO,nottm forest,DEF,1,0.0,0.0,0.0,0.0,0.0,0.0,0.0,0.0,0.0,0.0,0.0,0.0,0.0,0.0,0.0,40.0,0.0
2026-09-12,4,476,O.Richards,Nott'm Forest,NFO,nottm forest,DEF,0,0.0,0.0,0.0,0.0,0.0,0.0,0.0,0.0,0.0,0.0,0.0,0.0,0.0,0.0,0.0,40.0,0.0
2026-09-19,5,476,O.Richards,Nott'm Forest,NFO,nottm forest,DEF,1,0.0,0.0,0.0,0.0,0.0,0.0,0.0,0.0,0.0,0.0,0.0,0.0,0.0,0.0,0.0,40.0,0.0
2026-08-22,1,478,Netz,Nott'm Forest,NFO,nottm forest,DEF,1,16.0,1.0,0.0,0.0,0.0,1.0,0.0,0.0,-2.0,0.0,0.0,0.0,0.0,0.0,0.0,45.0,0.0
2026-08-29,2,478,Netz,Nott'm Forest,NFO,nottm forest,DEF,0,4.0,1.0,0.0,0.0,0.0,0.0,0.0,0.0,5.0,0.0,0.0,1.0,0.0,0.0,0.0,45.0,1.0
2026-09-05,3,478,Netz,Nott'm Forest,NFO,nottm forest,DEF,1,0.0,0.0,0.0,0.0,0.0,0.0,0.0,0.0,0.0,0.0,0.0,0.0,0.0,0.0,0.0,45.0,0.0
2026-09-12,4,478,Netz,Nott'm Forest,NFO,nottm forest,DEF,0,0.0,0.0,0.0,0.0,0.0,0.0,0.0,0.0,0.0,0.0,0.0,0.0,0.0,0.0,0.0,45.0,0.0
2026-09-19,5,478,Netz,Nott'm Forest,NFO,nottm forest,DEF,1,7.0,1.0,0.0,0.0,0.0,0.0,0.0,0.0,5.0,0.0,0.02,0.0,0.0,0.0,0.0,44.0,0.0
2026-08-22,1,477,Abbott,Nott'm Forest,NFO,nottm forest,DEF,1,0.0,0.0,0.0,0.0,0.0,0.0,0.0,0.0,0.0,0.0,0.0,0.0,0.0,0.0,0.0,40.0,0.0
2026-08-29,2,477,Abbott,Nott'm Forest,NFO,nottm forest,DEF,0,0.0,0.0,0.0,0.0,0.0,0.0,0.0,0.0,0.0,0.0,0.0,0.0,0.0,0.0,0.0,40.0,0.0
2026-09-05,3,477,Abbott,Nott'm Forest,NFO,nottm forest,DEF,1,0.0,0.0,0.0,0.0,0.0,0.0,0.0,0.0,0.0,0.0,0.0,0.0,0.0,0.0,0.0,40.0,0.0
2026-09-12,4,477,Abbott,Nott'm Forest,NFO,nottm forest,DEF,0,0.0,0.0,0.0,0.0,0.0,0.0,0.0,0.0,0.0,0.0,0.0,0.0,0.0,0.0,0.0,40.0,0.0
2026-09-19,5,477,Abbott,Nott'm Forest,NFO,nottm forest,DEF,1,0.0,0.0,0.0,0.0,0.0,0.0,0.0,0.0,0.0,0.0,0.0,0.0,0.0,0.0,0.0,40.0,0.0
2026-08-22,1,479,Bindon,Nott'm Forest,NFO,nottm forest,DEF,1,0.0,0.0,0.0,0.0,0.0,0.0,0.0,0.0,0.0,0.0,0.0,0.0,0.0,0.0,0.0,40.0,0.0
2026-08-29,2,479,Bindon,Nott'm Forest,NFO,nottm forest,DEF,0,0.0,0.0,0.0,0.0,0.0,0.0,0.0,0.0,0.0,0.0,0.0,0.0,0.0,0.0,0.0,40.0,0.0
2026-09-05,3,479,Bindon,Nott'm Forest,NFO,nottm forest,DEF,1,0.0,0.0,0.0,0.0,0.0,0.0,0.0,0.0,0.0,0.0,0.0,0.0,0.0,0.0,0.0,40.0,0.0
2026-09-12,4,479,Bindon,Nott'm Forest,NFO,nottm forest,DEF,0,0.0,0.0,0.0,0.0,0.0,0.0,0.0,0.0,0.0,0.0,0.0,0.0,0.0,0.0,0.0,40.0,0.0
2026-09-19,5,479,Bindon,Nott'm Forest,NFO,nottm forest,DEF,1,0.0,0.0,0.0,0.0,0.0,0.0,0.0,0.0,0.0,0.0,0.0,0.0,0.0,0.0,0.0,40.0,0.0
2026-08-22,1,482,Hudson-Odoi,Nott'm Forest,NFO,nottm forest,MID,1,0.0,0.0,0.0,0.0,0.0,0.0,0.0,0.0,0.0,0.0,0.0,0.0,0.0,0.0,0.0,60.0,0.0
2026-08-29,2,482,Hudson-Odoi,Nott'm Forest,NFO,nottm forest,MID,0,1.0,1.0,0.0,0.0,0.0,0.0,0.0,0.0,2.0,0.0,0.0,0.0,0.0,0.0,0.0,60.0,0.0
2026-09-05,3,482,Hudson-Odoi,Nott'm Forest,NFO,nottm forest,MID,1,0.0,0.0,0.0,0.0,0.0,0.0,0.0,0.0,0.0,0.0,0.0,0.0,0.0,0.0,0.0,59.0,0.0
2026-09-12,4,482,Hudson-Odoi,Nott'm Forest,NFO,nottm forest,MID,0,0.0,0.0,0.0,0.0,0.0,0.0,0.0,0.0,0.0,0.0,0.0,0.0,0.0,0.0,0.0,59.0,0.0
2026-09-19,5,482,Hudson-Odoi,Nott'm Forest,NFO,nottm forest,MID,1,0.0,0.0,0.0,0.0,0.0,0.0,0.0,0.0,0.0,0.0,0.0,0.0,0.0,0.0,0.0,58.0,0.0
2026-08-22,1,484,Hutchinson,Nott'm Forest,NFO,nottm forest,MID,1,0.0,0.0,0.0,0.0,0.0,0.0,0.0,0.0,0.0,0.0,0.0,0.0,0.0,0.0,0.0,55.0,0.0
2026-08-29,2,484,Hutchinson,Nott'm Forest,NFO,nottm forest,MID,0,0.0,0.0,0.0,0.0,0.0,0.0,0.0,0.0,0.0,0.0,0.0,0.0,0.0,0.0,0.0,55.0,0.0
2026-09-05,3,484,Hutchinson,Nott'm Forest,NFO,nottm forest,MID,1,0.0,0.0,0.0,0.0,0.0,0.0,0.0,0.0,0.0,0.0,0.0,0.0,0.0,0.0,0.0,54.0,0.0
2026-09-12,4,484,Hutchinson,Nott'm Forest,NFO,nottm forest,MID,0,0.0,0.0,0.0,0.0,0.0,0.0,0.0,0.0,0.0,0.0,0.0,0.0,0.0,0.0,0.0,54.0,0.0
2026-09-19,5,484,Hutchinson,Nott'm Forest,NFO,nottm forest,MID,1,0.0,0.0,0.0,0.0,0.0,0.0,0.0,0.0,0.0,0.0,0.0,0.0,0.0,0.0,0.0,54.0,0.0
2026-08-22,1,487,Dominguez,Nott'm Forest,NFO,nottm forest,MID,1,0.0,0.0,0.0,0.0,0.0,0.0,0.0,0.0,0.0,0.0,0.0,0.0,0.0,0.0,0.0,50.0,0.0
2026-08-29,2,487,Dominguez,Nott'm Forest,NFO,nottm forest,MID,0,1.0,1.0,0.0,0.0,0.0,0.0,0.0,0.0,3.0,0.0,0.0,0.0,0.0,0.0,0.0,50.0,0.0
2026-09-05,3,487,Dominguez,Nott'm Forest,NFO,nottm forest,MID,1,0.0,0.0,0.0,0.0,0.0,0.0,0.0,0.0,0.0,0.0,0.0,0.0,0.0,0.0,0.0,50.0,0.0
2026-09-12,4,487,Dominguez,Nott'm Forest,NFO,nottm forest,MID,0,0.0,0.0,0.0,0.0,0.0,0.0,0.0,0.0,0.0,0.0,0.0,0.0,0.0,0.0,0.0,49.0,0.0
2026-09-19,5,487,Dominguez,Nott'm Forest,NFO,nottm forest,MID,1,0.0,0.0,0.0,0.0,0.0,0.0,0.0,0.0,0.0,0.0,0.0,0.0,0.0,0.0,0.0,49.0,0.0
2026-08-22,1,485,Bakwa,Nott'm Forest,NFO,nottm forest,MID,1,0.0,0.0,0.0,0.0,0.0,0.0,0.0,0.0,0.0,0.0,0.0,0.0,0.0,0.0,0.0,55.0,0.0
2026-08-29,2,485,Bakwa,Nott'm Forest,NFO,nottm forest,MID,0,0.0,0.0,0.0,0.0,0.0,0.0,0.0,0.0,0.0,0.0,0.0,0.0,0.0,0.0,0.0,55.0,0.0
2026-09-05,3,485,Bakwa,Nott'm Forest,NFO,nottm forest,MID,1,0.0,0.0,0.0,0.0,0.0,0.0,0.0,0.0,0.0,0.0,0.0,0.0,0.0,0.0,0.0,55.0,0.0
2026-09-12,4,485,Bakwa,Nott'm Forest,NFO,nottm forest,MID,0,0.0,0.0,0.0,0.0,0.0,0.0,0.0,0.0,0.0,0.0,0.0,0.0,0.0,0.0,0.0,55.0,0.0
2026-09-19,5,485,Bakwa,Nott'm Forest,NFO,nottm forest,MID,1,0.0,0.0,0.0,0.0,0.0,0.0,0.0,0.0,0.0,0.0,0.0,0.0,0.0,0.0,0.0,55.0,0.0
2026-08-22,1,486,McAtee,Nott'm Forest,NFO,nottm forest,MID,1,73.0,3.0,0.0,0.0,1.0,0.0,0.0,0.0,18.0,0.0,0.16,8.0,0.0,0.0,1.0,55.0,8.0
2026-08-29,2,486,McAtee,Nott'm Forest,NFO,nottm forest,MID,0,90.0,2.0,0.0,0.0,0.0,2.0,0.0,0.0,16.0,0.0,0.16,8.0,0.0,0.0,1.0,55.0,8.0
2026-09-05,3,486,McAtee,Nott'm Forest,NFO,nottm forest,MID,1,90.0,2.0,0.0,0.0,1.0,0.0,0.0,0.0,22.0,0.13,0.22,7.0,1.0,0.0,1.0,55.0,7.0
2026-09-12,4,486,McAtee,Nott'm Forest,NFO,nottm forest,MID,0,81.0,3.0,0.0,0.0,0.0,1.0,0.0,0.0,18.0,0.03,0.38,12.0,1.0,0.0,1.0,55.0,12.0
2026-09-19,5,486,McAtee,Nott'm Forest,NFO,nottm forest,MID,1,82.0,2.0,0.0,0.0,0.0,1.0,0.0,0.0,17.0,0.21,0.04,4.0,0.0,0.0,1.0,55.0,4.0
2026-08-22,1,483,Ndoye,Nott'm Forest,NFO,nottm forest,MID,1,61.0,3.0,0.0,0.0,1.0,0.0,0.0,0.0,5.0,0.0,0.0,3.0,0.0,0.0,1.0,55.0,3.0
2026-08-29,2,483,Ndoye,Nott'm Forest,NFO,nottm forest,MID,0,65.0,9.0,1.0,0.0,0.0,1.0,0.0,2.0,30.0,0.35,0.63,9.0,0.0,0.0,1.0,55.0,9.0
2026-09-05,3,483,Ndoye,Nott'm Forest,NFO,nottm forest,MID,1,58.0,1.0,0.0,0.0,0.0,0.0,0.0,0.0,5.0,0.0,0.0,5.0,0.0,0.0,1.0,55.0,5.0
2026-09-12,4,483,Ndoye,Nott'm Forest,NFO,nottm forest,MID,0,74.0,1.0,0.0,0.0,0.0,1.0,0.0,0.0,1.0,0.7,0.25,2.0,1.0,0.0,1.0,55.0,2.0
2026-09-19,5,483,Ndoye,Nott'm Forest,NFO,nottm forest,MID,1,58.0,1.0,0.0,0.0,0.0,1.0,0.0,0.0,3.0,0.2,0.05,1.0,0.0,0.0,1.0,55.0,1.0
2026-08-22,1,490,Wood,Nott'm Forest,NFO,nottm forest,FWD,1,28.0,1.0,0.0,0.0,0.0,1.0,0.0,0.0,3.0,0.12,0.01,1.0,0.0,0.0,0.0,60.0,1.0
2026-08-29,2,490,Wood,Nott'm Forest,NFO,nottm forest,FWD,0,0.0,0.0,0.0,0.0,0.0,0.0,0.0,0.0,0.0,0.0,0.0,0.0,0.0,0.0,0.0,60.0,0.0
2026-09-05,3,490,Wood,Nott'm Forest,NFO,nottm forest,FWD,1,16.0,1.0,0.0,0.0,0.0,0.0,0.0,0.0,3.0,0.0,0.0,0.0,0.0,0.0,0.0,59.0,0.0
2026-09-12,4,490,Wood,Nott'm Forest,NFO,nottm forest,FWD,0,1.0,1.0,0.0,0.0,0.0,0.0,0.0,0.0,3.0,0.0,0.0,0.0,0.0,0.0,0.0,59.0,0.0
2026-09-19,5,490,Wood,Nott'm Forest,NFO,nottm forest,FWD,1,17.0,1.0,0.0,0.0,0.0,0.0,0.0,0.0,4.0,0.0,0.0,0.0,0.0,0.0,0.0,58.0,0.0
2026-08-22,1,480,Gibbs-White,Nott'm Forest,NFO,nottm forest,MID,1,90.0,2.0,0.0,0.0,0.0,1.0,0.0,0.0,10.0,0.13,0.06,3.0,0.0,0.0,1.0,80.0,3.0
2026-08-29,2,480,Gibbs-White,Nott'm Forest,NFO,nottm forest,MID,0,90.0,13.0,1.0,1.0,0.0,2.0,0.0,3.0,36.0,0.79,0.04,5.0,0.0,0.0,1.0,80.0,5.0
2026-09-05,3,480,Gibbs-White,Nott'm Forest,NFO,nottm forest,MID,1,90.0,3.0,0.0,0.0,1.0,0.0,0.0,0.0,3.0,0.48,0.01,7.0,0.0,0.0,1.0,79.0,7.0
2026-09-12,4,480,Gibbs-White,Nott'm Forest,NFO,nottm forest,MID,0,90.0,8.0,0.0,1.0,0.0,1.0,0.0,3.0,42.0,0.16,0.91,4.0,0.0,0.0,1.0,79.0,4.0
2026-09-19,5,480,Gibbs-White,Nott'm Forest,NFO,nottm forest,MID,1,90.0,2.0,0.0,0.0,0.0,1.0,0.0,0.0,25.0,0.0,0.4,2.0,0.0,0.0,1.0,80.0,2.0
2026-08-22,1,491,Igor Jesus,Nott'm Forest,NFO,nottm forest,FWD,1,90.0,2.0,0.0,0.0,0.0,1.0,0.0,0.0,8.0,0.22,0.02,3.0,0.0,0.0,1.0,60.0,3.0
2026-08-29,2,491,Igor Jesus,Nott'm Forest,NFO,nottm forest,FWD,0,90.0,1.0,0.0,0.0,0.0,2.0,0.0,0.0,4.0,0.74,0.04,5.0,1.0,0.0,1.0,60.0,5.0
2026-09-05,3,491,Igor Jesus,Nott'm Forest,NFO,nottm forest,FWD,1,31.0,1.0,0.0,0.0,0.0,0.0,0.0,0.0,3.0,0.0,0.0,1.0,0.0,0.0,0.0,59.0,1.0
2026-09-12,4,491,Igor Jesus,Nott'm Forest,NFO,nottm forest,FWD,0,15.0,7.0,1.0,0.0,0.0,0.0,0.0,2.0,34.0,0.13,0.01,3.0,0.0,0.0,0.0,59.0,3.0
2026-09-19,5,491,Igor Jesus,Nott'm Forest,NFO,nottm forest,FWD,1,31.0,1.0,0.0,0.0,0.0,0.0,0.0,0.0,4.0,0.16,0.01,3.0,0.0,0.0,0.0,58.0,3.0
2026-08-22,1,488,I.Sangaré,Nott'm Forest,NFO,nottm forest,MID,1,90.0,2.0,0.0,0.0,0.0,1.0,0.0,0.0,10.0,0.03,0.01,6.0,0.0,0.0,1.0,50.0,6.0
2026-08-29,2,488,I.Sangaré,Nott'm Forest,NFO,nottm forest,MID,0,0.0,0.0,0.0,0.0,0.0,0.0,0.0,0.0,0.0,0.0,0.0,0.0,0.0,0.0,0.0,50.0,0.0
2026-09-05,3,488,I.Sangaré,Nott'm Forest,NFO,nottm forest,MID,1,0.0,0.0,0.0,0.0,0.0,0.0,0.0,0.0,0.0,0.0,0.0,0.0,0.0,0.0,0.0,49.0,0.0
2026-09-12,4,488,I.Sangaré,Nott'm Forest,NFO,nottm forest,MID,0,8.0,1.0,0.0,0.0,0.0,0.0,0.0,0.0,2.0,0.06,0.01,2.0,0.0,0.0,0.0,49.0,2.0
2026-09-19,5,488,I.Sangaré,Nott'm Forest,NFO,nottm forest,MID,1,7.0,1.0,0.0,0.0,0.0,0.0,0.0,0.0,3.0,0.0,0.0,0.0,0.0,0.0,0.0,49.0,0.0
2026-08-22,1,489,Yates,Nott'm Forest,NFO,nottm forest,MID,1,0.0,0.0,0.0,0.0,0.0,0.0,0.0,0.0,0.0,0.0,0.0,0.0,0.0,0.0,0.0,45.0,0.0
2026-08-29,2,489,Yates,Nott'm Forest,NFO,nottm forest,MID,0,0.0,0.0,0.0,0.0,0.0,0.0,0.0,0.0,0.0,0.0,0.0,0.0,0.0,0.0,0.0,45.0,0.0
2026-09-05,3,489,Yates,Nott'm Forest,NFO,nottm forest,MID,1,0.0,0.0,0.0,0.0,0.0,0.0,0.0,0.0,0.0,0.0,0.0,0.0,0.0,0.0,0.0,45.0,0.0
2026-09-12,4,489,Yates,Nott'm Forest,NFO,nottm forest,MID,0,0.0,0.0,0.0,0.0,0.0,0.0,0.0,0.0,0.0,0.0,0.0,0.0,0.0,0.0,0.0,45.0,0.0
2026-09-19,5,489,Yates,Nott'm Forest,NFO,nottm forest,MID,1,0.0,0.0,0.0,0.0,0.0,0.0,0.0,0.0,0.0,0.0,0.0,0.0,0.0,0.0,0.0,45.0,0.0
2026-08-22,1,493,Kalimuendo,Nott'm Forest,NFO,nottm forest,FWD,1,1.0,1.0,0.0,0.0,0.0,0.0,0.0,0.0,3.0,0.0,0.0,0.0,0.0,0.0,0.0,55.0,0.0
2026-08-29,2,493,Kalimuendo,Nott'm Forest,NFO,nottm forest,FWD,0,0.0,0.0,0.0,0.0,0.0,0.0,0.0,0.0,0.0,0.0,0.0,0.0,0.0,0.0,0.0,55.0,0.0
2026-09-05,3,493,Kalimuendo,Nott'm Forest,NFO,nottm forest,FWD,1,0.0,0.0,0.0,0.0,0.0,0.0,0.0,0.0,0.0,0.0,0.0,0.0,0.0,0.0,0.0,54.0,0.0
2026-09-12,4,493,Kalimuendo,Nott'm Forest,NFO,nottm forest,FWD,0,0.0,0.0,0.0,0.0,0.0,0.0,0.0,0.0,0.0,0.0,0.0,0.0,0.0,0.0,0.0,54.0,0.0
2026-09-19,5,493,Kalimuendo,Nott'm Forest,NFO,nottm forest,FWD,1,0.0,0.0,0.0,0.0,0.0,0.0,0.0,0.0,0.0,0.0,0.0,0.0,0.0,0.0,0.0,54.0,0.0
2026-08-22,1,558,Schlager,Nott'm Forest,NFO,nottm forest,MID,1,16.0,1.0,0.0,0.0,0.0,1.0,0.0,0.0,3.0,0.0,0.0,1.0,0.0,0.0,0.0,50.0,1.0
2026-08-29,2,558,Schlager,Nott'm Forest,NFO,nottm forest,MID,0,90.0,4.0,0.0,0.0,0.0,2.0,0.0,0.0,15.0,0.05,0.0,15.0,0.0,0.0,1.0,50.0,15.0
2026-09-05,3,558,Schlager,Nott'm Forest,NFO,nottm forest,MID,1,90.0,3.0,0.0,0.0,1.0,0.0,0.0,0.0,18.0,0.03,0.06,10.0,0.0,0.0,1.0,50.0,10.0
2026-09-12,4,558,Schlager,Nott'm Forest,NFO,nottm forest,MID,0,90.0,3.0,0.0,0.0,0.0,1.0,0.0,0.0,18.0,0.06,0.02,16.0,1.0,0.0,1.0,50.0,16.0
2026-09-19,5,558,Schlager,Nott'm Forest,NFO,nottm forest,MID,1,90.0,2.0,0.0,0.0,0.0,1.0,0.0,0.0,16.0,0.05,0.1,7.0,0.0,0.0,1.0,50.0,7.0
2026-08-23,1,401,Marmoush,Man City,MCI,man city,FWD,1,0.0,0.0,0.0,0.0,0.0,0.0,0.0,0.0,0.0,0.0,0.0,0.0,0.0,0.0,0.0,70.0,0.0
2026-08-29,2,401,Marmoush,Spurs,TOT,spurs,FWD,1,90.0,2.0,0.0,0.0,0.0,2.0,0.0,0.0,14.0,0.17,0.07,4.0,0.0,0.0,1.0,70.0,4.0
2026-09-05,3,401,Marmoush,Spurs,TOT,spurs,FWD,0,83.0,2.0,0.0,0.0,1.0,0.0,0.0,0.0,6.0,0.17,0.01,0.0,0.0,0.0,1.0,70.0,0.0
2026-09-12,4,401,Marmoush,Spurs,TOT,spurs,FWD,1,76.0,2.0,0.0,0.0,1.0,0.0,0.0,0.0,9.0,0.02,0.03,5.0,0.0,0.0,1.0,70.0,5.0
2026-09-19,5,401,Marmoush,Spurs,TOT,spurs,FWD,1,90.0,2.0,0.0,0.0,0.0,3.0,0.0,0.0,8.0,0.02,0.04,4.0,0.0,0.0,1.0,70.0,4.0
2026-08-22,1,590,Benda,Nott'm Forest,NFO,nottm forest,GKP,1,0.0,0.0,0.0,0.0,0.0,0.0,0.0,0.0,0.0,0.0,0.0,0.0,0.0,0.0,0.0,45.0,0.0
2026-08-29,2,590,Benda,Nott'm Forest,NFO,nottm forest,GKP,0,0.0,0.0,0.0,0.0,0.0,0.0,0.0,0.0,0.0,0.0,0.0,0.0,0.0,0.0,0.0,45.0,0.0
2026-09-05,3,590,Benda,Nott'm Forest,NFO,nottm forest,GKP,1,0.0,0.0,0.0,0.0,0.0,0.0,0.0,0.0,0.0,0.0,0.0,0.0,0.0,0.0,0.0,45.0,0.0
2026-09-12,4,590,Benda,Nott'm Forest,NFO,nottm forest,GKP,0,0.0,0.0,0.0,0.0,0.0,0.0,0.0,0.0,0.0,0.0,0.0,0.0,0.0,0.0,0.0,45.0,0.0
2026-09-19,5,590,Benda,Nott'm Forest,NFO,nottm forest,GKP,1,0.0,0.0,0.0,0.0,0.0,0.0,0.0,0.0,0.0,0.0,0.0,0.0,0.0,0.0,0.0,45.0,0.0
2026-08-22,1,496,Kinsky,Spurs,TOT,spurs,GKP,0,90.0,2.0,0.0,0.0,0.0,3.0,5.0,0.0,15.0,0.0,0.0,0.0,0.0,0.0,1.0,45.0,0.0
2026-08-29,2,496,Kinsky,Spurs,TOT,spurs,GKP,1,90.0,1.0,0.0,0.0,0.0,2.0,0.0,0.0,4.0,0.0,0.0,0.0,0.0,0.0,1.0,45.0,0.0
2026-09-05,3,496,Kinsky,Spurs,TOT,spurs,GKP,0,90.0,6.0,0.0,0.0,1.0,0.0,1.0,0.0,24.0,0.0,0.0,0.0,0.0,0.0,1.0,45.0,0.0
2026-09-12,4,496,Kinsky,Spurs,TOT,spurs,GKP,1,90.0,7.0,0.0,0.0,1.0,0.0,3.0,0.0,29.0,0.0,0.0,0.0,0.0,0.0,1.0,45.0,0.0
2026-09-19,5,496,Kinsky,Spurs,TOT,spurs,GKP,1,90.0,2.0,0.0,0.0,0.0,3.0,3.0,0.0,5.0,0.0,0.0,0.0,0.0,0.0,1.0,45.0,0.0
2026-08-22,1,498,Senesi,Spurs,TOT,spurs,DEF,0,90.0,3.0,0.0,0.0,0.0,3.0,0.0,0.0,10.0,0.0,0.02,16.0,0.0,0.0,1.0,60.0,16.0
2026-08-29,2,498,Senesi,Spurs,TOT,spurs,DEF,1,0.0,0.0,0.0,0.0,0.0,0.0,0.0,0.0,0.0,0.0,0.0,0.0,0.0,0.0,0.0,60.0,0.0
2026-09-05,3,498,Senesi,Spurs,TOT,spurs,DEF,0,0.0,0.0,0.0,0.0,0.0,0.0,0.0,0.0,0.0,0.0,0.0,0.0,0.0,0.0,0.0,59.0,0.0
2026-09-12,4,498,Senesi,Spurs,TOT,spurs,DEF,1,0.0,0.0,0.0,0.0,0.0,0.0,0.0,0.0,0.0,0.0,0.0,0.0,0.0,0.0,0.0,59.0,0.0
2026-09-19,5,498,Senesi,Spurs,TOT,spurs,DEF,1,0.0,0.0,0.0,0.0,0.0,0.0,0.0,0.0,0.0,0.0,0.0,0.0,0.0,0.0,0.0,58.0,0.0
2026-08-22,1,495,Austin,Spurs,TOT,spurs,GKP,0,0.0,0.0,0.0,0.0,0.0,0.0,0.0,0.0,0.0,0.0,0.0,0.0,0.0,0.0,0.0,40.0,0.0
2026-08-29,2,495,Austin,Spurs,TOT,spurs,GKP,1,0.0,0.0,0.0,0.0,0.0,0.0,0.0,0.0,0.0,0.0,0.0,0.0,0.0,0.0,0.0,40.0,0.0
2026-09-05,3,495,Austin,Spurs,TOT,spurs,GKP,0,0.0,0.0,0.0,0.0,0.0,0.0,0.0,0.0,0.0,0.0,0.0,0.0,0.0,0.0,0.0,40.0,0.0
2026-09-12,4,495,Austin,Spurs,TOT,spurs,GKP,1,0.0,0.0,0.0,0.0,0.0,0.0,0.0,0.0,0.0,0.0,0.0,0.0,0.0,0.0,0.0,40.0,0.0
2026-09-19,5,495,Austin,Spurs,TOT,spurs,GKP,1,0.0,0.0,0.0,0.0,0.0,0.0,0.0,0.0,0.0,0.0,0.0,0.0,0.0,0.0,0.0,40.0,0.0
2026-08-22,1,581,Diomande,Nott'm Forest,NFO,nottm forest,DEF,1,0.0,0.0,0.0,0.0,0.0,0.0,0.0,0.0,0.0,0.0,0.0,0.0,0.0,0.0,0.0,55.0,0.0
2026-08-29,2,581,Diomande,Nott'm Forest,NFO,nottm forest,DEF,0,0.0,0.0,0.0,0.0,0.0,0.0,0.0,0.0,0.0,0.0,0.0,0.0,0.0,0.0,0.0,55.0,0.0
2026-09-05,3,581,Diomande,Nott'm Forest,NFO,nottm forest,DEF,1,1.0,1.0,0.0,0.0,0.0,0.0,0.0,0.0,3.0,0.0,0.0,0.0,0.0,0.0,0.0,54.0,0.0
2026-09-12,4,581,Diomande,Nott'm Forest,NFO,nottm forest,DEF,0,90.0,4.0,0.0,0.0,0.0,1.0,0.0,0.0,10.0,0.11,0.0,14.0,0.0,0.0,1.0,54.0,14.0
2026-09-19,5,581,Diomande,Nott'm Forest,NFO,nottm forest,DEF,1,72.0,2.0,0.0,0.0,0.0,1.0,0.0,0.0,4.0,0.05,0.01,5.0,0.0,0.0,1.0,54.0,5.0
2026-08-22,1,112,Van Hecke,Spurs,TOT,spurs,DEF,0,90.0,1.0,0.0,0.0,0.0,3.0,0.0,0.0,3.0,0.0,0.03,9.0,0.0,0.0,1.0,50.0,9.0
2026-08-29,2,112,Van Hecke,Spurs,TOT,spurs,DEF,1,90.0,1.0,0.0,0.0,0.0,2.0,0.0,0.0,9.0,0.11,0.03,8.0,0.0,0.0,1.0,50.0,8.0
2026-09-05,3,112,Van Hecke,Spurs,TOT,spurs,DEF,0,90.0,8.0,0.0,0.0,1.0,0.0,0.0,2.0,29.0,0.09,0.01,4.0,0.0,0.0,1.0,49.0,4.0
2026-09-12,4,112,Van Hecke,Spurs,TOT,spurs,DEF,1,90.0,8.0,0.0,0.0,1.0,0.0,0.0,0.0,27.0,0.14,0.05,13.0,0.0,0.0,1.0,49.0,13.0
2026-09-19,5,112,Van Hecke,Spurs,TOT,spurs,DEF,1,90.0,6.0,1.0,0.0,0.0,3.0,0.0,0.0,17.0,0.35,0.3,9.0,1.0,0.0,1.0,49.0,9.0
2026-08-24,1,147,Tosin,Chelsea,CHE,chelsea,DEF,0,0.0,0.0,0.0,0.0,0.0,0.0,0.0,0.0,0.0,0.0,0.0,0.0,0.0,0.0,0.0,45.0,0.0
2026-08-30,2,147,Tosin,Chelsea,CHE,chelsea,DEF,1,0.0,0.0,0.0,0.0,0.0,0.0,0.0,0.0,0.0,0.0,0.0,0.0,0.0,0.0,0.0,45.0,0.0
2026-09-05,3,147,Tosin,Spurs,TOT,spurs,DEF,0,0.0,0.0,0.0,0.0,0.0,0.0,0.0,0.0,0.0,0.0,0.0,0.0,0.0,0.0,0.0,45.0,0.0
2026-09-12,4,147,Tosin,Spurs,TOT,spurs,DEF,1,5.0,1.0,0.0,0.0,0.0,0.0,0.0,0.0,5.0,0.0,0.0,4.0,0.0,0.0,0.0,44.0,4.0
2026-09-19,5,147,Tosin,Spurs,TOT,spurs,DEF,1,0.0,0.0,0.0,0.0,0.0,0.0,0.0,0.0,0.0,0.0,0.0,0.0,0.0,0.0,0.0,44.0,0.0
2026-08-22,1,500,Romero,Spurs,TOT,spurs,DEF,0,0.0,0.0,0.0,0.0,0.0,0.0,0.0,0.0,0.0,0.0,0.0,0.0,0.0,0.0,0.0,50.0,0.0
2026-08-29,2,500,Romero,Spurs,TOT,spurs,DEF,1,0.0,0.0,0.0,0.0,0.0,0.0,0.0,0.0,0.0,0.0,0.0,0.0,0.0,0.0,0.0,50.0,0.0
2026-09-05,3,500,Romero,Spurs,TOT,spurs,DEF,0,0.0,0.0,0.0,0.0,0.0,0.0,0.0,0.0,0.0,0.0,0.0,0.0,0.0,0.0,0.0,50.0,0.0
2026-09-12,4,500,Romero,Spurs,TOT,spurs,DEF,1,0.0,0.0,0.0,0.0,0.0,0.0,0.0,0.0,0.0,0.0,0.0,0.0,0.0,0.0,0.0,50.0,0.0
2026-09-19,5,500,Romero,Spurs,TOT,spurs,DEF,1,0.0,0.0,0.0,0.0,0.0,0.0,0.0,0.0,0.0,0.0,0.0,0.0,0.0,0.0,0.0,50.0,0.0
2026-08-22,1,497,Dubravka,Spurs,TOT,spurs,GKP,0,0.0,0.0,0.0,0.0,0.0,0.0,0.0,0.0,0.0,0.0,0.0,0.0,0.0,0.0,0.0,40.0,0.0
2026-08-29,2,497,Dubravka,Spurs,TOT,spurs,GKP,1,0.0,0.0,0.0,0.0,0.0,0.0,0.0,0.0,0.0,0.0,0.0,0.0,0.0,0.0,0.0,40.0,0.0
2026-09-05,3,497,Dubravka,Spurs,TOT,spurs,GKP,0,0.0,0.0,0.0,0.0,0.0,0.0,0.0,0.0,0.0,0.0,0.0,0.0,0.0,0.0,0.0,40.0,0.0
2026-09-12,4,497,Dubravka,Spurs,TOT,spurs,GKP,1,0.0,0.0,0.0,0.0,0.0,0.0,0.0,0.0,0.0,0.0,0.0,0.0,0.0,0.0,0.0,40.0,0.0
2026-09-19,5,497,Dubravka,Spurs,TOT,spurs,GKP,1,0.0,0.0,0.0,0.0,0.0,0.0,0.0,0.0,0.0,0.0,0.0,0.0,0.0,0.0,0.0,40.0,0.0
2026-08-23,1,403,Sávio,Man City,MCI,man city,MID,1,0.0,0.0,0.0,0.0,0.0,0.0,0.0,0.0,0.0,0.0,0.0,0.0,0.0,0.0,0.0,65.0,0.0
2026-08-29,2,403,Sávio,Spurs,TOT,spurs,MID,1,0.0,0.0,0.0,0.0,0.0,0.0,0.0,0.0,0.0,0.0,0.0,0.0,0.0,0.0,0.0,65.0,0.0
2026-09-05,3,403,Sávio,Spurs,TOT,spurs,MID,0,60.0,3.0,0.0,0.0,1.0,0.0,0.0,0.0,15.0,0.02,0.27,0.0,0.0,0.0,1.0,65.0,0.0
2026-09-12,4,403,Sávio,Spurs,TOT,spurs,MID,1,90.0,3.0,0.0,0.0,1.0,0.0,0.0,0.0,22.0,0.1,0.26,6.0,0.0,0.0,1.0,65.0,6.0
2026-09-19,5,403,Sávio,Spurs,TOT,spurs,MID,1,90.0,2.0,0.0,0.0,0.0,3.0,0.0,0.0,29.0,0.29,0.17,5.0,0.0,0.0,1.0,65.0,5.0
2026-08-22,1,494,Vicario,Spurs,TOT,spurs,GKP,0,0.0,0.0,0.0,0.0,0.0,0.0,0.0,0.0,0.0,0.0,0.0,0.0,0.0,0.0,0.0,45.0,0.0
2026-08-29,2,494,Vicario,Spurs,TOT,spurs,GKP,1,0.0,0.0,0.0,0.0,0.0,0.0,0.0,0.0,0.0,0.0,0.0,0.0,0.0,0.0,0.0,45.0,0.0
2026-09-05,3,494,Vicario,Spurs,TOT,spurs,GKP,0,0.0,0.0,0.0,0.0,0.0,0.0,0.0,0.0,0.0,0.0,0.0,0.0,0.0,0.0,0.0,45.0,0.0
2026-09-12,4,494,Vicario,Spurs,TOT,spurs,GKP,1,0.0,0.0,0.0,0.0,0.0,0.0,0.0,0.0,0.0,0.0,0.0,0.0,0.0,0.0,0.0,45.0,0.0
2026-09-19,5,494,Vicario,Spurs,TOT,spurs,GKP,1,0.0,0.0,0.0,0.0,0.0,0.0,0.0,0.0,0.0,0.0,0.0,0.0,0.0,0.0,0.0,45.0,0.0
2026-08-22,1,455,Tonali,Spurs,TOT,spurs,MID,0,90.0,2.0,0.0,0.0,0.0,3.0,0.0,0.0,14.0,0.04,0.06,4.0,0.0,0.0,1.0,55.0,4.0
2026-08-29,2,455,Tonali,Spurs,TOT,spurs,MID,1,74.0,2.0,0.0,0.0,0.0,2.0,0.0,0.0,16.0,0.05,0.02,4.0,0.0,0.0,1.0,55.0,4.0
2026-09-05,3,455,Tonali,Spurs,TOT,spurs,MID,0,90.0,5.0,0.0,0.0,1.0,0.0,0.0,0.0,22.0,0.0,0.01,12.0,0.0,0.0,1.0,54.0,12.0
2026-09-12,4,455,Tonali,Spurs,TOT,spurs,MID,1,90.0,3.0,0.0,0.0,1.0,0.0,0.0,0.0,16.0,0.09,0.31,11.0,0.0,0.0,1.0,54.0,11.0
2026-09-19,5,455,Tonali,Spurs,TOT,spurs,MID,1,83.0,2.0,0.0,0.0,0.0,3.0,0.0,0.0,18.0,0.06,0.21,11.0,0.0,0.0,1.0,54.0,11.0
2026-08-22,1,502,Robertson,Spurs,TOT,spurs,DEF,0,90.0,3.0,0.0,0.0,0.0,3.0,0.0,0.0,13.0,0.0,0.06,11.0,0.0,0.0,1.0,45.0,11.0
2026-08-29,2,502,Robertson,Spurs,TOT,spurs,DEF,1,67.0,2.0,0.0,0.0,0.0,1.0,0.0,0.0,7.0,0.06,0.02,3.0,0.0,0.0,1.0,45.0,3.0
2026-09-05,3,502,Robertson,Spurs,TOT,spurs,DEF,0,29.0,1.0,0.0,0.0,0.0,0.0,0.0,0.0,3.0,0.0,0.0,1.0,0.0,0.0,0.0,45.0,1.0
2026-09-12,4,502,Robertson,Spurs,TOT,spurs,DEF,1,90.0,7.0,0.0,0.0,1.0,0.0,0.0,1.0,30.0,0.07,0.09,2.0,0.0,0.0,1.0,44.0,2.0
2026-09-19,5,502,Robertson,Spurs,TOT,spurs,DEF,1,90.0,4.0,0.0,1.0,0.0,3.0,0.0,0.0,15.0,0.0,0.26,3.0,0.0,0.0,1.0,44.0,3.0
2026-08-22,1,499,Pedro Porro,Spurs,TOT,spurs,DEF,0,0.0,0.0,0.0,0.0,0.0,0.0,0.0,0.0,0.0,0.0,0.0,0.0,0.0,0.0,0.0,55.0,0.0
2026-08-29,2,499,Pedro Porro,Spurs,TOT,spurs,DEF,1,90.0,1.0,0.0,0.0,0.0,2.0,0.0,0.0,1.0,0.33,0.1,4.0,0.0,0.0,1.0,55.0,4.0
2026-09-05,3,499,Pedro Porro,Spurs,TOT,spurs,DEF,0,90.0,7.0,0.0,0.0,1.0,0.0,0.0,1.0,28.0,0.03,0.06,4.0,0.0,0.0,1.0,55.0,4.0
2026-09-12,4,499,Pedro Porro,Spurs,TOT,spurs,DEF,1,0.0,0.0,0.0,0.0,0.0,0.0,0.0,0.0,0.0,0.0,0.0,0.0,0.0,0.0,0.0,55.0,0.0
2026-09-19,5,499,Pedro Porro,Spurs,TOT,spurs,DEF,1,18.0,1.0,0.0,0.0,0.0,0.0,0.0,0.0,4.0,0.01,0.0,1.0,0.0,0.0,1.0,54.0,1.0
2026-08-22,1,506,Udogie,Spurs,TOT,spurs,DEF,0,4.0,1.0,0.0,0.0,0.0,0.0,0.0,0.0,3.0,0.0,0.02,0.0,0.0,0.0,0.0,45.0,0.0
2026-08-29,2,506,Udogie,Spurs,TOT,spurs,DEF,1,22.0,1.0,0.0,0.0,0.0,1.0,0.0,0.0,2.0,0.0,0.19,1.0,0.0,0.0,0.0,45.0,1.0
2026-09-05,3,506,Udogie,Spurs,TOT,spurs,DEF,0,60.0,5.0,0.0,0.0,1.0,0.0,0.0,0.0,16.0,0.0,0.02,3.0,1.0,0.0,1.0,45.0,3.0
2026-09-12,4,506,Udogie,Spurs,TOT,spurs,DEF,1,0.0,0.0,0.0,0.0,0.0,0.0,0.0,0.0,0.0,0.0,0.0,0.0,0.0,0.0,0.0,45.0,0.0
2026-09-19,5,506,Udogie,Spurs,TOT,spurs,DEF,1,0.0,0.0,0.0,0.0,0.0,0.0,0.0,0.0,0.0,0.0,0.0,0.0,0.0,0.0,0.0,44.0,0.0
2026-08-22,1,505,Spence,Spurs,TOT,spurs,DEF,0,0.0,0.0,0.0,0.0,0.0,0.0,0.0,0.0,0.0,0.0,0.0,0.0,0.0,0.0,0.0,45.0,0.0
2026-08-29,2,505,Spence,Spurs,TOT,spurs,DEF,1,0.0,0.0,0.0,0.0,0.0,0.0,0.0,0.0,0.0,0.0,0.0,0.0,0.0,0.0,0.0,45.0,0.0
2026-09-05,3,505,Spence,Spurs,TOT,spurs,DEF,0,0.0,0.0,0.0,0.0,0.0,0.0,0.0,0.0,0.0,0.0,0.0,0.0,0.0,0.0,0.0,45.0,0.0
2026-09-12,4,505,Spence,Spurs,TOT,spurs,DEF,1,0.0,0.0,0.0,0.0,0.0,0.0,0.0,0.0,0.0,0.0,0.0,0.0,0.0,0.0,0.0,45.0,0.0
2026-09-19,5,505,Spence,Spurs,TOT,spurs,DEF,1,0.0,0.0,0.0,0.0,0.0,0.0,0.0,0.0,0.0,0.0,0.0,0.0,0.0,0.0,0.0,45.0,0.0
2026-08-22,1,503,Van de Ven,Spurs,TOT,spurs,DEF,0,0.0,0.0,0.0,0.0,0.0,0.0,0.0,0.0,0.0,0.0,0.0,0.0,0.0,0.0,0.0,50.0,0.0
2026-08-29,2,503,Van de Ven,Spurs,TOT,spurs,DEF,1,90.0,0.0,0.0,0.0,0.0,2.0,0.0,0.0,5.0,0.0,0.02,8.0,1.0,0.0,1.0,50.0,8.0
2026-09-05,3,503,Van de Ven,Spurs,TOT,spurs,DEF,0,90.0,9.0,0.0,0.0,1.0,0.0,0.0,3.0,30.0,0.57,0.0,9.0,0.0,0.0,1.0,50.0,9.0
2026-09-12,4,503,Van de Ven,Spurs,TOT,spurs,DEF,1,90.0,6.0,0.0,0.0,1.0,0.0,0.0,0.0,27.0,0.0,0.02,6.0,0.0,0.0,1.0,50.0,6.0
2026-09-19,5,503,Van de Ven,Spurs,TOT,spurs,DEF,1,90.0,1.0,0.0,0.0,0.0,3.0,0.0,0.0,7.0,0.02,0.01,6.0,0.0,0.0,1.0,50.0,6.0
2026-08-22,1,510,Rowswell,Spurs,TOT,spurs,DEF,0,0.0,0.0,0.0,0.0,0.0,0.0,0.0,0.0,0.0,0.0,0.0,0.0,0.0,0.0,0.0,40.0,0.0
2026-08-29,2,510,Rowswell,Spurs,TOT,spurs,DEF,1,0.0,0.0,0.0,0.0,0.0,0.0,0.0,0.0,0.0,0.0,0.0,0.0,0.0,0.0,0.0,40.0,0.0
2026-09-05,3,510,Rowswell,Spurs,TOT,spurs,DEF,0,0.0,0.0,0.0,0.0,0.0,0.0,0.0,0.0,0.0,0.0,0.0,0.0,0.0,0.0,0.0,40.0,0.0
2026-09-12,4,510,Rowswell,Spurs,TOT,spurs,DEF,1,0.0,0.0,0.0,0.0,0.0,0.0,0.0,0.0,0.0,0.0,0.0,0.0,0.0,0.0,0.0,40.0,0.0
2026-09-19,5,510,Rowswell,Spurs,TOT,spurs,DEF,1,0.0,0.0,0.0,0.0,0.0,0.0,0.0,0.0,0.0,0.0,0.0,0.0,0.0,0.0,0.0,40.0,0.0
2026-08-22,1,507,Phillips,Spurs,TOT,spurs,DEF,0,0.0,0.0,0.0,0.0,0.0,0.0,0.0,0.0,0.0,0.0,0.0,0.0,0.0,0.0,0.0,45.0,0.0
2026-08-29,2,507,Phillips,Spurs,TOT,spurs,DEF,1,0.0,0.0,0.0,0.0,0.0,0.0,0.0,0.0,0.0,0.0,0.0,0.0,0.0,0.0,0.0,45.0,0.0
2026-09-05,3,507,Phillips,Spurs,TOT,spurs,DEF,0,0.0,0.0,0.0,0.0,0.0,0.0,0.0,0.0,0.0,0.0,0.0,0.0,0.0,0.0,0.0,45.0,0.0
2026-09-12,4,507,Phillips,Spurs,TOT,spurs,DEF,1,0.0,0.0,0.0,0.0,0.0,0.0,0.0,0.0,0.0,0.0,0.0,0.0,0.0,0.0,0.0,45.0,0.0
2026-09-19,5,507,Phillips,Spurs,TOT,spurs,DEF,1,0.0,0.0,0.0,0.0,0.0,0.0,0.0,0.0,0.0,0.0,0.0,0.0,0.0,0.0,0.0,45.0,0.0
2026-08-22,1,509,Byfield,Spurs,TOT,spurs,DEF,0,0.0,0.0,0.0,0.0,0.0,0.0,0.0,0.0,0.0,0.0,0.0,0.0,0.0,0.0,0.0,40.0,0.0
2026-08-29,2,509,Byfield,Spurs,TOT,spurs,DEF,1,0.0,0.0,0.0,0.0,0.0,0.0,0.0,0.0,0.0,0.0,0.0,0.0,0.0,0.0,0.0,40.0,0.0
2026-09-05,3,509,Byfield,Spurs,TOT,spurs,DEF,0,0.0,0.0,0.0,0.0,0.0,0.0,0.0,0.0,0.0,0.0,0.0,0.0,0.0,0.0,0.0,40.0,0.0
2026-09-12,4,509,Byfield,Spurs,TOT,spurs,DEF,1,0.0,0.0,0.0,0.0,0.0,0.0,0.0,0.0,0.0,0.0,0.0,0.0,0.0,0.0,0.0,40.0,0.0
2026-09-19,5,509,Byfield,Spurs,TOT,spurs,DEF,1,0.0,0.0,0.0,0.0,0.0,0.0,0.0,0.0,0.0,0.0,0.0,0.0,0.0,0.0,0.0,40.0,0.0
2026-08-22,1,516,Bentancur,Spurs,TOT,spurs,MID,0,45.0,1.0,0.0,0.0,0.0,1.0,0.0,0.0,8.0,0.0,0.01,5.0,0.0,0.0,0.0,55.0,5.0
2026-08-29,2,516,Bentancur,Spurs,TOT,spurs,MID,1,90.0,2.0,0.0,0.0,0.0,2.0,0.0,0.0,17.0,0.0,0.02,11.0,0.0,0.0,1.0,55.0,11.0
2026-09-05,3,516,Bentancur,Spurs,TOT,spurs,MID,0,90.0,5.0,0.0,0.0,1.0,0.0,0.0,0.0,14.0,0.02,0.01,17.0,0.0,0.0,1.0,55.0,17.0
2026-09-12,4,516,Bentancur,Spurs,TOT,spurs,MID,1,62.0,3.0,0.0,0.0,1.0,0.0,0.0,0.0,15.0,0.0,0.04,10.0,0.0,0.0,1.0,55.0,10.0
2026-09-19,5,516,Bentancur,Spurs,TOT,spurs,MID,1,83.0,4.0,0.0,0.0,0.0,3.0,0.0,0.0,15.0,0.0,0.04,17.0,0.0,0.0,1.0,55.0,17.0
2026-08-22,1,508,Davies,Spurs,TOT,spurs,DEF,0,0.0,0.0,0.0,0.0,0.0,0.0,0.0,0.0,0.0,0.0,0.0,0.0,0.0,0.0,0.0,40.0,0.0
2026-08-29,2,508,Davies,Spurs,TOT,spurs,DEF,1,0.0,0.0,0.0,0.0,0.0,0.0,0.0,0.0,0.0,0.0,0.0,0.0,0.0,0.0,0.0,40.0,0.0
2026-09-05,3,508,Davies,Spurs,TOT,spurs,DEF,0,0.0,0.0,0.0,0.0,0.0,0.0,0.0,0.0,0.0,0.0,0.0,0.0,0.0,0.0,0.0,40.0,0.0
2026-09-12,4,508,Davies,Spurs,TOT,spurs,DEF,1,0.0,0.0,0.0,0.0,0.0,0.0,0.0,0.0,0.0,0.0,0.0,0.0,0.0,0.0,0.0,40.0,0.0
2026-09-19,5,508,Davies,Spurs,TOT,spurs,DEF,1,0.0,0.0,0.0,0.0,0.0,0.0,0.0,0.0,0.0,0.0,0.0,0.0,0.0,0.0,0.0,40.0,0.0
2026-08-22,1,514,Tel,Spurs,TOT,spurs,MID,0,90.0,2.0,0.0,0.0,0.0,3.0,0.0,0.0,17.0,0.06,0.06,8.0,0.0,0.0,1.0,60.0,8.0
2026-08-29,2,514,Tel,Spurs,TOT,spurs,MID,1,67.0,2.0,0.0,0.0,0.0,1.0,0.0,0.0,10.0,0.14,0.03,3.0,0.0,0.0,1.0,60.0,3.0
2026-09-05,3,514,Tel,Spurs,TOT,spurs,MID,0,73.0,3.0,0.0,0.0,1.0,0.0,0.0,0.0,11.0,0.0,0.05,2.0,0.0,0.0,1.0,59.0,2.0
2026-09-12,4,514,Tel,Spurs,TOT,spurs,MID,1,27.0,1.0,0.0,0.0,0.0,0.0,0.0,0.0,3.0,0.01,0.09,0.0,0.0,0.0,0.0,58.0,0.0
2026-09-19,5,514,Tel,Spurs,TOT,spurs,MID,1,0.0,0.0,0.0,0.0,0.0,0.0,0.0,0.0,0.0,0.0,0.0,0.0,0.0,0.0,0.0,58.0,0.0
2026-08-22,1,511,Souza,Spurs,TOT,spurs,DEF,0,0.0,0.0,0.0,0.0,0.0,0.0,0.0,0.0,0.0,0.0,0.0,0.0,0.0,0.0,0.0,40.0,0.0
2026-08-29,2,511,Souza,Spurs,TOT,spurs,DEF,1,0.0,0.0,0.0,0.0,0.0,0.0,0.0,0.0,0.0,0.0,0.0,0.0,0.0,0.0,0.0,40.0,0.0
2026-09-05,3,511,Souza,Spurs,TOT,spurs,DEF,0,0.0,0.0,0.0,0.0,0.0,0.0,0.0,0.0,0.0,0.0,0.0,0.0,0.0,0.0,0.0,40.0,0.0
2026-09-12,4,511,Souza,Spurs,TOT,spurs,DEF,1,0.0,0.0,0.0,0.0,0.0,0.0,0.0,0.0,0.0,0.0,0.0,0.0,0.0,0.0,0.0,40.0,0.0
2026-09-19,5,511,Souza,Spurs,TOT,spurs,DEF,1,0.0,0.0,0.0,0.0,0.0,0.0,0.0,0.0,0.0,0.0,0.0,0.0,0.0,0.0,0.0,40.0,0.0
2026-08-22,1,517,Odobert,Spurs,TOT,spurs,MID,0,0.0,0.0,0.0,0.0,0.0,0.0,0.0,0.0,0.0,0.0,0.0,0.0,0.0,0.0,0.0,55.0,0.0
2026-08-29,2,517,Odobert,Spurs,TOT,spurs,MID,1,0.0,0.0,0.0,0.0,0.0,0.0,0.0,0.0,0.0,0.0,0.0,0.0,0.0,0.0,0.0,55.0,0.0
2026-09-05,3,517,Odobert,Spurs,TOT,spurs,MID,0,0.0,0.0,0.0,0.0,0.0,0.0,0.0,0.0,0.0,0.0,0.0,0.0,0.0,0.0,0.0,55.0,0.0
2026-09-12,4,517,Odobert,Spurs,TOT,spurs,MID,1,0.0,0.0,0.0,0.0,0.0,0.0,0.0,0.0,0.0,0.0,0.0,0.0,0.0,0.0,0.0,55.0,0.0
2026-09-19,5,517,Odobert,Spurs,TOT,spurs,MID,1,0.0,0.0,0.0,0.0,0.0,0.0,0.0,0.0,0.0,0.0,0.0,0.0,0.0,0.0,0.0,55.0,0.0
2026-08-22,1,513,Xavi,Spurs,TOT,spurs,MID,0,0.0,0.0,0.0,0.0,0.0,0.0,0.0,0.0,0.0,0.0,0.0,0.0,0.0,0.0,0.0,60.0,0.0
2026-08-29,2,513,Xavi,Spurs,TOT,spurs,MID,1,0.0,0.0,0.0,0.0,0.0,0.0,0.0,0.0,0.0,0.0,0.0,0.0,0.0,0.0,0.0,60.0,0.0
2026-09-05,3,513,Xavi,Spurs,TOT,spurs,MID,0,0.0,0.0,0.0,0.0,0.0,0.0,0.0,0.0,0.0,0.0,0.0,0.0,0.0,0.0,0.0,60.0,0.0
2026-09-12,4,513,Xavi,Spurs,TOT,spurs,MID,1,0.0,0.0,0.0,0.0,0.0,0.0,0.0,0.0,0.0,0.0,0.0,0.0,0.0,0.0,0.0,59.0,0.0
2026-09-19,5,513,Xavi,Spurs,TOT,spurs,MID,1,0.0,0.0,0.0,0.0,0.0,0.0,0.0,0.0,0.0,0.0,0.0,0.0,0.0,0.0,0.0,59.0,0.0
2026-08-22,1,512,Kudus,Spurs,TOT,spurs,MID,0,0.0,0.0,0.0,0.0,0.0,0.0,0.0,0.0,0.0,0.0,0.0,0.0,0.0,0.0,0.0,65.0,0.0
2026-08-29,2,512,Kudus,Spurs,TOT,spurs,MID,1,22.0,1.0,0.0,0.0,0.0,1.0,0.0,0.0,4.0,0.04,0.01,2.0,0.0,0.0,0.0,65.0,2.0
2026-09-05,3,512,Kudus,Spurs,TOT,spurs,MID,0,29.0,1.0,0.0,0.0,0.0,0.0,0.0,0.0,13.0,0.0,0.16,3.0,0.0,0.0,0.0,65.0,3.0
2026-09-12,4,512,Kudus,Spurs,TOT,spurs,MID,1,27.0,1.0,0.0,0.0,0.0,0.0,0.0,0.0,8.0,0.0,0.05,2.0,0.0,0.0,0.0,65.0,2.0
2026-09-19,5,512,Kudus,Spurs,TOT,spurs,MID,1,45.0,4.0,0.0,1.0,0.0,2.0,0.0,0.0,24.0,0.07,0.2,7.0,0.0,0.0,0.0,65.0,7.0
2026-08-22,1,518,P.M.Sarr,Spurs,TOT,spurs,MID,0,0.0,0.0,0.0,0.0,0.0,0.0,0.0,0.0,0.0,0.0,0.0,0.0,0.0,0.0,0.0,50.0,0.0
2026-08-29,2,518,P.M.Sarr,Spurs,TOT,spurs,MID,1,0.0,0.0,0.0,0.0,0.0,0.0,0.0,0.0,0.0,0.0,0.0,0.0,0.0,0.0,0.0,49.0,0.0
2026-09-05,3,518,P.M.Sarr,Spurs,TOT,spurs,MID,0,0.0,0.0,0.0,0.0,0.0,0.0,0.0,0.0,0.0,0.0,0.0,0.0,0.0,0.0,0.0,49.0,0.0
2026-09-12,4,518,P.M.Sarr,Spurs,TOT,spurs,MID,1,0.0,0.0,0.0,0.0,0.0,0.0,0.0,0.0,0.0,0.0,0.0,0.0,0.0,0.0,0.0,49.0,0.0
2026-09-19,5,518,P.M.Sarr,Spurs,TOT,spurs,MID,1,0.0,0.0,0.0,0.0,0.0,0.0,0.0,0.0,0.0,0.0,0.0,0.0,0.0,0.0,0.0,49.0,0.0
2026-08-22,1,515,Maddison,Spurs,TOT,spurs,MID,0,22.0,1.0,0.0,0.0,0.0,0.0,0.0,0.0,6.0,0.0,0.01,2.0,0.0,0.0,0.0,65.0,2.0
2026-08-29,2,515,Maddison,Spurs,TOT,spurs,MID,1,0.0,0.0,0.0,0.0,0.0,0.0,0.0,0.0,0.0,0.0,0.0,0.0,0.0,0.0,0.0,65.0,0.0
2026-09-05,3,515,Maddison,Spurs,TOT,spurs,MID,0,0.0,0.0,0.0,0.0,0.0,0.0,0.0,0.0,0.0,0.0,0.0,0.0,0.0,0.0,0.0,64.0,0.0
2026-09-12,4,515,Maddison,Spurs,TOT,spurs,MID,1,13.0,1.0,0.0,0.0,0.0,0.0,0.0,0.0,3.0,0.0,0.01,3.0,0.0,0.0,0.0,63.0,3.0
2026-09-19,5,515,Maddison,Spurs,TOT,spurs,MID,1,24.0,1.0,0.0,0.0,0.0,2.0,0.0,0.0,9.0,0.06,0.02,6.0,0.0,0.0,0.0,63.0,6.0
2026-08-22,1,519,Gallagher,Spurs,TOT,spurs,MID,0,45.0,0.0,0.0,0.0,0.0,2.0,0.0,0.0,1.0,0.02,0.06,3.0,1.0,0.0,1.0,55.0,3.0
2026-08-29,2,519,Gallagher,Spurs,TOT,spurs,MID,1,0.0,0.0,0.0,0.0,0.0,0.0,0.0,0.0,0.0,0.0,0.0,0.0,0.0,0.0,0.0,55.0,0.0
2026-09-05,3,519,Gallagher,Spurs,TOT,spurs,MID,0,83.0,3.0,0.0,0.0,1.0,0.0,0.0,0.0,23.0,0.0,0.06,11.0,0.0,0.0,1.0,54.0,11.0
2026-09-12,4,519,Gallagher,Spurs,TOT,spurs,MID,1,0.0,0.0,0.0,0.0,0.0,0.0,0.0,0.0,0.0,0.0,0.0,0.0,0.0,0.0,0.0,54.0,0.0
2026-09-19,5,519,Gallagher,Spurs,TOT,spurs,MID,1,6.0,6.0,1.0,0.0,0.0,0.0,0.0,0.0,24.0,0.35,0.0,4.0,0.0,0.0,0.0,53.0,4.0
2026-08-22,1,520,Bergvall,Spurs,TOT,spurs,MID,0,45.0,1.0,0.0,0.0,0.0,2.0,0.0,0.0,2.0,0.0,0.01,8.0,0.0,0.0,1.0,55.0,8.0
2026-08-29,2,520,Bergvall,Spurs,TOT,spurs,MID,1,0.0,0.0,0.0,0.0,0.0,0.0,0.0,0.0,0.0,0.0,0.0,0.0,0.0,0.0,0.0,55.0,0.0
2026-09-05,3,520,Bergvall,Spurs,TOT,spurs,MID,0,0.0,0.0,0.0,0.0,0.0,0.0,0.0,0.0,0.0,0.0,0.0,0.0,0.0,0.0,0.0,54.0,0.0
2026-09-12,4,520,Bergvall,Spurs,TOT,spurs,MID,1,27.0,1.0,0.0,0.0,0.0,0.0,0.0,0.0,8.0,0.06,0.25,4.0,0.0,0.0,0.0,54.0,4.0
2026-09-19,5,520,Bergvall,Spurs,TOT,spurs,MID,1,6.0,1.0,0.0,0.0,0.0,0.0,0.0,0.0,3.0,0.0,0.01,1.0,0.0,0.0,0.0,54.0,1.0
2026-08-22,1,523,Moore,Spurs,TOT,spurs,MID,0,67.0,2.0,0.0,0.0,0.0,3.0,0.0,0.0,10.0,0.38,0.02,2.0,0.0,0.0,1.0,50.0,2.0
2026-08-29,2,523,Moore,Spurs,TOT,spurs,MID,1,22.0,1.0,0.0,0.0,0.0,1.0,0.0,0.0,1.0,0.02,0.0,1.0,0.0,0.0,0.0,50.0,1.0
2026-09-05,3,523,Moore,Spurs,TOT,spurs,MID,0,0.0,0.0,0.0,0.0,0.0,0.0,0.0,0.0,0.0,0.0,0.0,0.0,0.0,0.0,0.0,50.0,0.0
2026-09-12,4,523,Moore,Spurs,TOT,spurs,MID,1,0.0,0.0,0.0,0.0,0.0,0.0,0.0,0.0,0.0,0.0,0.0,0.0,0.0,0.0,0.0,50.0,0.0
2026-09-19,5,523,Moore,Spurs,TOT,spurs,MID,1,0.0,0.0,0.0,0.0,0.0,0.0,0.0,0.0,0.0,0.0,0.0,0.0,0.0,0.0,0.0,50.0,0.0
2026-08-22,1,522,Gray,Spurs,TOT,spurs,MID,0,85.0,2.0,0.0,0.0,0.0,3.0,0.0,0.0,15.0,0.0,0.01,5.0,0.0,0.0,1.0,50.0,5.0
2026-08-29,2,522,Gray,Spurs,TOT,spurs,MID,1,67.0,2.0,0.0,0.0,0.0,1.0,0.0,0.0,9.0,0.0,0.0,6.0,0.0,0.0,1.0,50.0,6.0
2026-09-05,3,522,Gray,Spurs,TOT,spurs,MID,0,0.0,0.0,0.0,0.0,0.0,0.0,0.0,0.0,0.0,0.0,0.0,0.0,0.0,0.0,0.0,50.0,0.0
2026-09-12,4,522,Gray,Spurs,TOT,spurs,MID,1,84.0,3.0,0.0,0.0,1.0,0.0,0.0,0.0,13.0,0.09,0.03,11.0,0.0,0.0,1.0,50.0,11.0
2026-09-19,5,522,Gray,Spurs,TOT,spurs,MID,1,71.0,2.0,0.0,0.0,0.0,3.0,0.0,0.0,14.0,0.14,0.01,5.0,0.0,0.0,0.0,49.0,5.0
2026-08-22,1,521,Kulusevski,Spurs,TOT,spurs,MID,0,0.0,0.0,0.0,0.0,0.0,0.0,0.0,0.0,0.0,0.0,0.0,0.0,0.0,0.0,0.0,65.0,0.0
2026-08-29,2,521,Kulusevski,Spurs,TOT,spurs,MID,1,0.0,0.0,0.0,0.0,0.0,0.0,0.0,0.0,0.0,0.0,0.0,0.0,0.0,0.0,0.0,65.0,0.0
2026-09-05,3,521,Kulusevski,Spurs,TOT,spurs,MID,0,0.0,0.0,0.0,0.0,0.0,0.0,0.0,0.0,0.0,0.0,0.0,0.0,0.0,0.0,0.0,65.0,0.0
2026-09-12,4,521,Kulusevski,Spurs,TOT,spurs,MID,1,0.0,0.0,0.0,0.0,0.0,0.0,0.0,0.0,0.0,0.0,0.0,0.0,0.0,0.0,0.0,65.0,0.0
2026-09-19,5,521,Kulusevski,Spurs,TOT,spurs,MID,1,0.0,0.0,0.0,0.0,0.0,0.0,0.0,0.0,0.0,0.0,0.0,0.0,0.0,0.0,0.0,65.0,0.0
2026-08-22,1,524,Olusesi,Spurs,TOT,spurs,MID,0,0.0,0.0,0.0,0.0,0.0,0.0,0.0,0.0,0.0,0.0,0.0,0.0,0.0,0.0,0.0,45.0,0.0
2026-08-29,2,524,Olusesi,Spurs,TOT,spurs,MID,1,0.0,0.0,0.0,0.0,0.0,0.0,0.0,0.0,0.0,0.0,0.0,0.0,0.0,0.0,0.0,45.0,0.0
2026-09-05,3,524,Olusesi,Spurs,TOT,spurs,MID,0,0.0,0.0,0.0,0.0,0.0,0.0,0.0,0.0,0.0,0.0,0.0,0.0,0.0,0.0,0.0,45.0,0.0
2026-09-12,4,524,Olusesi,Spurs,TOT,spurs,MID,1,0.0,0.0,0.0,0.0,0.0,0.0,0.0,0.0,0.0,0.0,0.0,0.0,0.0,0.0,0.0,44.0,0.0
2026-09-19,5,524,Olusesi,Spurs,TOT,spurs,MID,1,0.0,0.0,0.0,0.0,0.0,0.0,0.0,0.0,0.0,0.0,0.0,0.0,0.0,0.0,0.0,44.0,0.0
2026-08-22,1,528,Scarlett,Spurs,TOT,spurs,FWD,0,0.0,0.0,0.0,0.0,0.0,0.0,0.0,0.0,0.0,0.0,0.0,0.0,0.0,0.0,0.0,45.0,0.0
2026-08-29,2,528,Scarlett,Spurs,TOT,spurs,FWD,1,0.0,0.0,0.0,0.0,0.0,0.0,0.0,0.0,0.0,0.0,0.0,0.0,0.0,0.0,0.0,45.0,0.0
2026-09-05,3,528,Scarlett,Spurs,TOT,spurs,FWD,0,0.0,0.0,0.0,0.0,0.0,0.0,0.0,0.0,0.0,0.0,0.0,0.0,0.0,0.0,0.0,45.0,0.0
2026-09-12,4,528,Scarlett,Spurs,TOT,spurs,FWD,1,0.0,0.0,0.0,0.0,0.0,0.0,0.0,0.0,0.0,0.0,0.0,0.0,0.0,0.0,0.0,45.0,0.0
2026-09-19,5,528,Scarlett,Spurs,TOT,spurs,FWD,1,0.0,0.0,0.0,0.0,0.0,0.0,0.0,0.0,0.0,0.0,0.0,0.0,0.0,0.0,0.0,45.0,0.0
2026-08-22,1,601,Williams-Barnett,Spurs,TOT,spurs,MID,0,0.0,0.0,0.0,0.0,0.0,0.0,0.0,0.0,0.0,0.0,0.0,0.0,0.0,0.0,0.0,45.0,0.0
2026-08-29,2,601,Williams-Barnett,Spurs,TOT,spurs,MID,1,0.0,0.0,0.0,0.0,0.0,0.0,0.0,0.0,0.0,0.0,0.0,0.0,0.0,0.0,0.0,45.0,0.0
2026-09-05,3,601,Williams-Barnett,Spurs,TOT,spurs,MID,0,0.0,0.0,0.0,0.0,0.0,0.0,0.0,0.0,0.0,0.0,0.0,0.0,0.0,0.0,0.0,45.0,0.0
2026-09-12,4,601,Williams-Barnett,Spurs,TOT,spurs,MID,1,0.0,0.0,0.0,0.0,0.0,0.0,0.0,0.0,0.0,0.0,0.0,0.0,0.0,0.0,0.0,45.0,0.0
2026-09-19,5,601,Williams-Barnett,Spurs,TOT,spurs,MID,1,0.0,0.0,0.0,0.0,0.0,0.0,0.0,0.0,0.0,0.0,0.0,0.0,0.0,0.0,0.0,45.0,0.0
2026-08-22,1,527,Richarlison,Spurs,TOT,spurs,FWD,0,67.0,2.0,0.0,0.0,0.0,3.0,0.0,0.0,6.0,0.0,0.0,1.0,0.0,0.0,1.0,60.0,1.0
2026-08-29,2,527,Richarlison,Spurs,TOT,spurs,FWD,1,0.0,0.0,0.0,0.0,0.0,0.0,0.0,0.0,0.0,0.0,0.0,0.0,0.0,0.0,0.0,60.0,0.0
2026-09-05,3,527,Richarlison,Spurs,TOT,spurs,FWD,0,0.0,0.0,0.0,0.0,0.0,0.0,0.0,0.0,0.0,0.0,0.0,0.0,0.0,0.0,0.0,59.0,0.0
2026-09-12,4,527,Richarlison,Spurs,TOT,spurs,FWD,1,0.0,0.0,0.0,0.0,0.0,0.0,0.0,0.0,0.0,0.0,0.0,0.0,0.0,0.0,0.0,59.0,0.0
2026-09-19,5,527,Richarlison,Spurs,TOT,spurs,FWD,1,0.0,0.0,0.0,0.0,0.0,0.0,0.0,0.0,0.0,0.0,0.0,0.0,0.0,0.0,0.0,59.0,0.0
2026-08-24,1,578,Mudryk,Chelsea,CHE,chelsea,MID,0,0.0,0.0,0.0,0.0,0.0,0.0,0.0,0.0,0.0,0.0,0.0,0.0,0.0,0.0,0.0,55.0,0.0
2026-08-30,2,578,Mudryk,Chelsea,CHE,chelsea,MID,1,0.0,0.0,0.0,0.0,0.0,0.0,0.0,0.0,0.0,0.0,0.0,0.0,0.0,0.0,0.0,55.0,0.0
2026-09-05,3,578,Mudryk,Spurs,TOT,spurs,MID,0,16.0,1.0,0.0,0.0,0.0,0.0,0.0,0.0,3.0,0.0,0.0,0.0,0.0,0.0,0.0,54.0,0.0
2026-09-12,4,578,Mudryk,Spurs,TOT,spurs,MID,1,0.0,0.0,0.0,0.0,0.0,0.0,0.0,0.0,0.0,0.0,0.0,0.0,0.0,0.0,0.0,54.0,0.0
2026-09-19,5,578,Mudryk,Spurs,TOT,spurs,MID,1,0.0,0.0,0.0,0.0,0.0,0.0,0.0,0.0,0.0,0.0,0.0,0.0,0.0,0.0,0.0,54.0,0.0
2026-08-22,1,529,Roefs,Sunderland,SUN,sunderland,GKP,0,90.0,1.0,0.0,0.0,0.0,2.0,1.0,0.0,7.0,0.0,0.0,0.0,0.0,0.0,1.0,50.0,0.0
2026-08-30,2,529,Roefs,Sunderland,SUN,sunderland,GKP,1,90.0,6.0,0.0,0.0,1.0,0.0,0.0,0.0,22.0,0.0,0.0,0.0,0.0,0.0,1.0,50.0,0.0
2026-09-05,3,529,Roefs,Sunderland,SUN,sunderland,GKP,0,90.0,2.0,0.0,0.0,0.0,1.0,1.0,0.0,11.0,0.0,0.0,0.0,0.0,0.0,1.0,50.0,0.0
2026-09-12,4,529,Roefs,Sunderland,SUN,sunderland,GKP,1,90.0,2.0,0.0,0.0,0.0,2.0,3.0,0.0,9.0,0.0,0.0,0.0,0.0,0.0,1.0,50.0,0.0
2026-09-20,5,529,Roefs,Sunderland,SUN,sunderland,GKP,0,90.0,0.0,0.0,0.0,0.0,5.0,1.0,0.0,-8.0,0.0,0.01,0.0,0.0,0.0,1.0,49.0,0.0
2026-08-22,1,526,Solanke,Spurs,TOT,spurs,FWD,0,22.0,1.0,0.0,0.0,0.0,0.0,0.0,0.0,3.0,0.07,0.0,0.0,0.0,0.0,0.0,60.0,0.0
2026-08-29,2,526,Solanke,Spurs,TOT,spurs,FWD,1,15.0,1.0,0.0,0.0,0.0,0.0,0.0,0.0,6.0,0.2,0.0,0.0,0.0,0.0,0.0,60.0,0.0
2026-09-05,3,526,Solanke,Spurs,TOT,spurs,FWD,0,6.0,1.0,0.0,0.0,0.0,0.0,0.0,0.0,-1.0,0.17,0.0,1.0,0.0,0.0,0.0,59.0,1.0
2026-09-12,4,526,Solanke,Spurs,TOT,spurs,FWD,1,62.0,2.0,0.0,0.0,1.0,0.0,0.0,0.0,4.0,0.0,0.01,2.0,0.0,0.0,1.0,59.0,2.0
2026-09-19,5,526,Solanke,Spurs,TOT,spurs,FWD,1,65.0,2.0,0.0,0.0,0.0,1.0,0.0,0.0,9.0,0.12,0.0,6.0,0.0,0.0,1.0,58.0,6.0
2026-08-22,1,525,Fernandes,Spurs,TOT,spurs,MID,0,45.0,1.0,0.0,0.0,0.0,1.0,0.0,0.0,16.0,0.0,0.06,2.0,0.0,0.0,0.0,60.0,2.0
2026-08-29,2,525,Fernandes,Spurs,TOT,spurs,MID,1,90.0,2.0,0.0,0.0,0.0,2.0,0.0,0.0,18.0,0.01,0.17,8.0,0.0,0.0,1.0,60.0,8.0
2026-09-05,3,525,Fernandes,Spurs,TOT,spurs,MID,0,7.0,0.0,0.0,0.0,0.0,0.0,0.0,0.0,-1.0,0.0,0.0,0.0,1.0,0.0,0.0,59.0,0.0
2026-09-12,4,525,Fernandes,Spurs,TOT,spurs,MID,1,62.0,3.0,0.0,0.0,1.0,0.0,0.0,0.0,15.0,0.11,0.03,4.0,0.0,0.0,1.0,58.0,4.0
2026-09-19,5,525,Fernandes,Spurs,TOT,spurs,MID,1,45.0,1.0,0.0,0.0,0.0,1.0,0.0,0.0,2.0,0.07,0.02,7.0,0.0,0.0,1.0,58.0,7.0
2026-08-22,1,531,Ellborg,Sunderland,SUN,sunderland,GKP,0,0.0,0.0,0.0,0.0,0.0,0.0,0.0,0.0,0.0,0.0,0.0,0.0,0.0,0.0,0.0,45.0,0.0
2026-08-30,2,531,Ellborg,Sunderland,SUN,sunderland,GKP,1,0.0,0.0,0.0,0.0,0.0,0.0,0.0,0.0,0.0,0.0,0.0,0.0,0.0,0.0,0.0,45.0,0.0
2026-09-05,3,531,Ellborg,Sunderland,SUN,sunderland,GKP,0,0.0,0.0,0.0,0.0,0.0,0.0,0.0,0.0,0.0,0.0,0.0,0.0,0.0,0.0,0.0,45.0,0.0
2026-09-12,4,531,Ellborg,Sunderland,SUN,sunderland,GKP,1,0.0,0.0,0.0,0.0,0.0,0.0,0.0,0.0,0.0,0.0,0.0,0.0,0.0,0.0,0.0,45.0,0.0
2026-09-20,5,531,Ellborg,Sunderland,SUN,sunderland,GKP,0,0.0,0.0,0.0,0.0,0.0,0.0,0.0,0.0,0.0,0.0,0.0,0.0,0.0,0.0,0.0,45.0,0.0
2026-08-22,1,501,Danso,Spurs,TOT,spurs,DEF,0,0.0,0.0,0.0,0.0,0.0,0.0,0.0,0.0,0.0,0.0,0.0,0.0,0.0,0.0,0.0,50.0,0.0
2026-08-29,2,501,Danso,Spurs,TOT,spurs,DEF,1,0.0,0.0,0.0,0.0,0.0,0.0,0.0,0.0,0.0,0.0,0.0,0.0,0.0,0.0,0.0,50.0,0.0
2026-09-05,3,501,Danso,Sunderland,SUN,sunderland,DEF,0,90.0,2.0,0.0,0.0,0.0,1.0,0.0,0.0,9.0,0.0,0.08,8.0,0.0,0.0,1.0,50.0,8.0
2026-09-12,4,501,Danso,Sunderland,SUN,sunderland,DEF,1,90.0,1.0,0.0,0.0,0.0,2.0,0.0,0.0,6.0,0.0,0.08,4.0,0.0,0.0,1.0,50.0,4.0
2026-09-20,5,501,Danso,Sunderland,SUN,sunderland,DEF,0,90.0,0.0,0.0,0.0,0.0,5.0,0.0,0.0,-8.0,0.07,0.01,8.0,0.0,0.0,1.0,50.0,8.0
2026-08-22,1,530,Patterson,Sunderland,SUN,sunderland,GKP,0,0.0,0.0,0.0,0.0,0.0,0.0,0.0,0.0,0.0,0.0,0.0,0.0,0.0,0.0,0.0,40.0,0.0
2026-08-30,2,530,Patterson,Sunderland,SUN,sunderland,GKP,1,0.0,0.0,0.0,0.0,0.0,0.0,0.0,0.0,0.0,0.0,0.0,0.0,0.0,0.0,0.0,40.0,0.0
2026-09-05,3,530,Patterson,Sunderland,SUN,sunderland,GKP,0,0.0,0.0,0.0,0.0,0.0,0.0,0.0,0.0,0.0,0.0,0.0,0.0,0.0,0.0,0.0,40.0,0.0
2026-09-12,4,530,Patterson,Sunderland,SUN,sunderland,GKP,1,0.0,0.0,0.0,0.0,0.0,0.0,0.0,0.0,0.0,0.0,0.0,0.0,0.0,0.0,0.0,40.0,0.0
2026-09-20,5,530,Patterson,Sunderland,SUN,sunderland,GKP,0,0.0,0.0,0.0,0.0,0.0,0.0,0.0,0.0,0.0,0.0,0.0,0.0,0.0,0.0,0.0,40.0,0.0
2026-08-22,1,533,Mukiele,Sunderland,SUN,sunderland,DEF,0,0.0,0.0,0.0,0.0,0.0,0.0,0.0,0.0,0.0,0.0,0.0,0.0,0.0,0.0,0.0,55.0,0.0
2026-08-30,2,533,Mukiele,Sunderland,SUN,sunderland,DEF,1,90.0,9.0,0.0,0.0,1.0,0.0,0.0,1.0,28.0,0.0,0.01,19.0,0.0,0.0,1.0,55.0,19.0
2026-09-05,3,533,Mukiele,Sunderland,SUN,sunderland,DEF,0,90.0,4.0,0.0,0.0,0.0,1.0,0.0,0.0,16.0,0.0,0.02,14.0,0.0,0.0,1.0,55.0,14.0
2026-09-12,4,533,Mukiele,Sunderland,SUN,sunderland,DEF,1,90.0,0.0,0.0,0.0,0.0,2.0,0.0,0.0,-5.0,0.7,0.02,6.0,1.0,0.0,1.0,55.0,6.0
2026-09-20,5,533,Mukiele,Sunderland,SUN,sunderland,DEF,0,90.0,0.0,0.0,0.0,0.0,5.0,0.0,0.0,5.0,0.05,0.23,9.0,0.0,0.0,1.0,54.0,9.0
2026-08-22,1,532,Ballard,Sunderland,SUN,sunderland,DEF,0,90.0,0.0,0.0,0.0,0.0,2.0,0.0,0.0,4.0,0.0,0.01,9.0,1.0,0.0,1.0,50.0,9.0
2026-08-30,2,532,Ballard,Sunderland,SUN,sunderland,DEF,1,90.0,8.0,0.0,0.0,1.0,0.0,0.0,0.0,27.0,0.03,0.0,10.0,0.0,0.0,1.0,50.0,10.0
2026-09-05,3,532,Ballard,Sunderland,SUN,sunderland,DEF,0,90.0,4.0,0.0,0.0,0.0,1.0,0.0,0.0,12.0,0.06,0.14,10.0,0.0,0.0,1.0,50.0,10.0
2026-09-12,4,532,Ballard,Sunderland,SUN,sunderland,DEF,1,90.0,0.0,0.0,0.0,0.0,2.0,0.0,0.0,0.0,0.08,0.01,6.0,1.0,0.0,1.0,49.0,6.0
2026-09-20,5,532,Ballard,Sunderland,SUN,sunderland,DEF,0,90.0,2.0,0.0,0.0,0.0,5.0,0.0,0.0,-12.0,0.14,0.0,14.0,0.0,0.0,1.0,49.0,14.0
2026-08-22,1,536,Reinildo,Sunderland,SUN,sunderland,DEF,0,90.0,1.0,0.0,0.0,0.0,2.0,0.0,0.0,9.0,0.0,0.29,8.0,0.0,0.0,1.0,45.0,8.0
2026-08-30,2,536,Reinildo,Sunderland,SUN,sunderland,DEF,1,90.0,6.0,0.0,0.0,1.0,0.0,0.0,0.0,26.0,0.0,0.01,7.0,0.0,0.0,1.0,45.0,7.0
2026-09-05,3,536,Reinildo,Sunderland,SUN,sunderland,DEF,0,90.0,2.0,0.0,0.0,0.0,1.0,0.0,0.0,14.0,0.0,0.01,7.0,0.0,0.0,1.0,45.0,7.0
2026-09-12,4,536,Reinildo,Sunderland,SUN,sunderland,DEF,1,90.0,-2.0,0.0,0.0,0.0,2.0,0.0,0.0,-12.0,0.0,0.01,7.0,0.0,1.0,1.0,45.0,7.0
2026-09-20,5,536,Reinildo,Sunderland,SUN,sunderland,DEF,0,0.0,0.0,0.0,0.0,0.0,0.0,0.0,0.0,0.0,0.0,0.0,0.0,0.0,0.0,0.0,45.0,0.0
2026-08-22,1,537,Seelt,Sunderland,SUN,sunderland,DEF,0,0.0,0.0,0.0,0.0,0.0,0.0,0.0,0.0,0.0,0.0,0.0,0.0,0.0,0.0,0.0,45.0,0.0
2026-08-30,2,537,Seelt,Sunderland,SUN,sunderland,DEF,1,0.0,0.0,0.0,0.0,0.0,0.0,0.0,0.0,0.0,0.0,0.0,0.0,0.0,0.0,0.0,45.0,0.0
2026-09-05,3,537,Seelt,Sunderland,SUN,sunderland,DEF,0,0.0,0.0,0.0,0.0,0.0,0.0,0.0,0.0,0.0,0.0,0.0,0.0,0.0,0.0,0.0,45.0,0.0
2026-09-12,4,537,Seelt,Sunderland,SUN,sunderland,DEF,1,0.0,0.0,0.0,0.0,0.0,0.0,0.0,0.0,0.0,0.0,0.0,0.0,0.0,0.0,0.0,45.0,0.0
2026-09-20,5,537,Seelt,Sunderland,SUN,sunderland,DEF,0,0.0,0.0,0.0,0.0,0.0,0.0,0.0,0.0,0.0,0.0,0.0,0.0,0.0,0.0,0.0,45.0,0.0
2026-08-22,1,535,Alderete,Sunderland,SUN,sunderland,DEF,0,23.0,1.0,0.0,0.0,0.0,1.0,0.0,0.0,2.0,0.0,0.01,0.0,0.0,0.0,0.0,50.0,0.0
2026-08-30,2,535,Alderete,Sunderland,SUN,sunderland,DEF,1,0.0,0.0,0.0,0.0,0.0,0.0,0.0,0.0,0.0,0.0,0.0,0.0,0.0,0.0,0.0,50.0,0.0
2026-09-05,3,535,Alderete,Sunderland,SUN,sunderland,DEF,0,0.0,0.0,0.0,0.0,0.0,0.0,0.0,0.0,0.0,0.0,0.0,0.0,0.0,0.0,0.0,50.0,0.0
2026-09-12,4,535,Alderete,Sunderland,SUN,sunderland,DEF,1,0.0,0.0,0.0,0.0,0.0,0.0,0.0,0.0,0.0,0.0,0.0,0.0,0.0,0.0,0.0,49.0,0.0
2026-09-20,5,535,Alderete,Sunderland,SUN,sunderland,DEF,0,0.0,0.0,0.0,0.0,0.0,0.0,0.0,0.0,0.0,0.0,0.0,0.0,0.0,0.0,0.0,49.0,0.0
2026-08-22,1,534,Hume,Sunderland,SUN,sunderland,DEF,0,79.0,2.0,0.0,0.0,0.0,1.0,0.0,0.0,14.0,0.04,0.27,4.0,0.0,0.0,1.0,45.0,4.0
2026-08-30,2,534,Hume,Sunderland,SUN,sunderland,DEF,1,90.0,6.0,0.0,0.0,1.0,0.0,0.0,0.0,24.0,0.0,0.01,6.0,0.0,0.0,1.0,45.0,6.0
2026-09-05,3,534,Hume,Sunderland,SUN,sunderland,DEF,0,26.0,1.0,0.0,0.0,0.0,0.0,0.0,0.0,8.0,0.0,0.0,2.0,0.0,0.0,0.0,45.0,2.0
2026-09-12,4,534,Hume,Sunderland,SUN,sunderland,DEF,1,0.0,0.0,0.0,0.0,0.0,0.0,0.0,0.0,0.0,0.0,0.0,0.0,0.0,0.0,0.0,44.0,0.0
2026-09-20,5,534,Hume,Sunderland,SUN,sunderland,DEF,0,11.0,1.0,0.0,0.0,0.0,1.0,0.0,0.0,-2.0,0.1,0.01,1.0,0.0,0.0,0.0,44.0,1.0
2026-08-22,1,544,Xhaka,Sunderland,SUN,sunderland,MID,0,90.0,9.0,0.0,1.0,0.0,2.0,0.0,2.0,31.0,0.0,0.09,13.0,0.0,0.0,1.0,55.0,13.0
2026-08-30,2,544,Xhaka,Sunderland,SUN,sunderland,MID,1,90.0,6.0,0.0,0.0,1.0,0.0,0.0,3.0,29.0,0.0,0.36,7.0,0.0,0.0,1.0,55.0,7.0
2026-09-05,3,544,Xhaka,Sunderland,SUN,sunderland,MID,0,90.0,3.0,0.0,0.0,0.0,1.0,0.0,0.0,12.0,0.06,0.12,15.0,1.0,0.0,1.0,55.0,15.0
2026-09-12,4,544,Xhaka,Sunderland,SUN,sunderland,MID,1,90.0,1.0,0.0,0.0,0.0,2.0,0.0,0.0,19.0,0.0,0.37,11.0,1.0,0.0,1.0,55.0,11.0
2026-09-20,5,544,Xhaka,Sunderland,SUN,sunderland,MID,0,90.0,2.0,0.0,0.0,0.0,5.0,0.0,0.0,25.0,0.0,0.38,8.0,0.0,0.0,1.0,55.0,8.0
2026-08-22,1,538,Hjelde,Sunderland,SUN,sunderland,DEF,0,0.0,0.0,0.0,0.0,0.0,0.0,0.0,0.0,0.0,0.0,0.0,0.0,0.0,0.0,0.0,40.0,0.0
2026-08-30,2,538,Hjelde,Sunderland,SUN,sunderland,DEF,1,0.0,0.0,0.0,0.0,0.0,0.0,0.0,0.0,0.0,0.0,0.0,0.0,0.0,0.0,0.0,40.0,0.0
2026-09-05,3,538,Hjelde,Sunderland,SUN,sunderland,DEF,0,0.0,0.0,0.0,0.0,0.0,0.0,0.0,0.0,0.0,0.0,0.0,0.0,0.0,0.0,0.0,40.0,0.0
2026-09-12,4,538,Hjelde,Sunderland,SUN,sunderland,DEF,1,0.0,0.0,0.0,0.0,0.0,0.0,0.0,0.0,0.0,0.0,0.0,0.0,0.0,0.0,0.0,40.0,0.0
2026-09-20,5,538,Hjelde,Sunderland,SUN,sunderland,DEF,0,0.0,0.0,0.0,0.0,0.0,0.0,0.0,0.0,0.0,0.0,0.0,0.0,0.0,0.0,0.0,40.0,0.0
2026-08-22,1,539,O'Nien,Sunderland,SUN,sunderland,DEF,0,66.0,1.0,0.0,0.0,0.0,1.0,0.0,0.0,1.0,0.01,0.01,5.0,1.0,0.0,1.0,40.0,5.0
2026-08-30,2,539,O'Nien,Sunderland,SUN,sunderland,DEF,1,0.0,0.0,0.0,0.0,0.0,0.0,0.0,0.0,0.0,0.0,0.0,0.0,0.0,0.0,0.0,40.0,0.0
2026-09-05,3,539,O'Nien,Sunderland,SUN,sunderland,DEF,0,0.0,0.0,0.0,0.0,0.0,0.0,0.0,0.0,0.0,0.0,0.0,0.0,0.0,0.0,0.0,40.0,0.0
2026-09-12,4,539,O'Nien,Sunderland,SUN,sunderland,DEF,1,0.0,0.0,0.0,0.0,0.0,0.0,0.0,0.0,0.0,0.0,0.0,0.0,0.0,0.0,0.0,40.0,0.0
2026-09-20,5,539,O'Nien,Sunderland,SUN,sunderland,DEF,0,0.0,0.0,0.0,0.0,0.0,0.0,0.0,0.0,0.0,0.0,0.0,0.0,0.0,0.0,0.0,40.0,0.0
2026-08-22,1,543,Diarra,Sunderland,SUN,sunderland,MID,0,10.0,1.0,0.0,0.0,0.0,1.0,0.0,0.0,3.0,0.03,0.0,0.0,0.0,0.0,0.0,55.0,0.0
2026-08-30,2,543,Diarra,Sunderland,SUN,sunderland,MID,1,18.0,4.0,0.0,1.0,0.0,0.0,0.0,0.0,15.0,0.0,0.16,0.0,0.0,0.0,0.0,55.0,0.0
2026-09-05,3,543,Diarra,Sunderland,SUN,sunderland,MID,0,0.0,0.0,0.0,0.0,0.0,0.0,0.0,0.0,0.0,0.0,0.0,0.0,0.0,0.0,0.0,55.0,0.0
2026-09-12,4,543,Diarra,Sunderland,SUN,sunderland,MID,1,0.0,0.0,0.0,0.0,0.0,0.0,0.0,0.0,0.0,0.0,0.0,0.0,0.0,0.0,0.0,54.0,0.0
2026-09-20,5,543,Diarra,Sunderland,SUN,sunderland,MID,0,0.0,0.0,0.0,0.0,0.0,0.0,0.0,0.0,0.0,0.0,0.0,0.0,0.0,0.0,0.0,54.0,0.0
2026-08-22,1,545,Sadiki,Sunderland,SUN,sunderland,MID,0,90.0,2.0,0.0,0.0,0.0,2.0,0.0,0.0,18.0,0.06,0.03,2.0,0.0,0.0,1.0,50.0,2.0
2026-08-30,2,545,Sadiki,Sunderland,SUN,sunderland,MID,1,90.0,3.0,0.0,0.0,1.0,0.0,0.0,0.0,21.0,0.02,0.02,11.0,0.0,0.0,1.0,50.0,11.0
2026-09-05,3,545,Sadiki,Sunderland,SUN,sunderland,MID,0,73.0,1.0,0.0,0.0,0.0,1.0,0.0,0.0,16.0,0.28,0.18,3.0,1.0,0.0,1.0,50.0,3.0
2026-09-12,4,545,Sadiki,Sunderland,SUN,sunderland,MID,1,90.0,2.0,0.0,0.0,0.0,2.0,0.0,0.0,11.0,0.04,0.0,10.0,0.0,0.0,1.0,49.0,10.0
2026-09-20,5,545,Sadiki,Sunderland,SUN,sunderland,MID,0,67.0,2.0,0.0,0.0,0.0,4.0,0.0,0.0,9.0,0.04,0.01,3.0,0.0,0.0,1.0,49.0,3.0
2026-08-22,1,540,Masuaku,Sunderland,SUN,sunderland,DEF,0,0.0,0.0,0.0,0.0,0.0,0.0,0.0,0.0,0.0,0.0,0.0,0.0,0.0,0.0,0.0,40.0,0.0
2026-08-30,2,540,Masuaku,Sunderland,SUN,sunderland,DEF,1,0.0,0.0,0.0,0.0,0.0,0.0,0.0,0.0,0.0,0.0,0.0,0.0,0.0,0.0,0.0,40.0,0.0
2026-09-05,3,540,Masuaku,Sunderland,SUN,sunderland,DEF,0,0.0,0.0,0.0,0.0,0.0,0.0,0.0,0.0,0.0,0.0,0.0,0.0,0.0,0.0,0.0,40.0,0.0
2026-09-12,4,540,Masuaku,Sunderland,SUN,sunderland,DEF,1,0.0,0.0,0.0,0.0,0.0,0.0,0.0,0.0,0.0,0.0,0.0,0.0,0.0,0.0,0.0,40.0,0.0
2026-09-20,5,540,Masuaku,Sunderland,SUN,sunderland,DEF,0,0.0,0.0,0.0,0.0,0.0,0.0,0.0,0.0,0.0,0.0,0.0,0.0,0.0,0.0,0.0,40.0,0.0
2026-08-22,1,541,Meunier,Sunderland,SUN,sunderland,DEF,0,90.0,1.0,0.0,0.0,0.0,2.0,0.0,0.0,5.0,0.08,0.08,4.0,0.0,0.0,1.0,45.0,4.0
2026-08-30,2,541,Meunier,Sunderland,SUN,sunderland,DEF,1,90.0,6.0,0.0,0.0,1.0,0.0,0.0,0.0,27.0,0.02,0.05,8.0,0.0,0.0,1.0,45.0,8.0
2026-09-05,3,541,Meunier,Sunderland,SUN,sunderland,DEF,0,63.0,2.0,0.0,0.0,0.0,1.0,0.0,0.0,0.0,0.11,0.0,2.0,0.0,0.0,1.0,45.0,2.0
2026-09-12,4,541,Meunier,Sunderland,SUN,sunderland,DEF,1,75.0,2.0,0.0,0.0,0.0,1.0,0.0,0.0,5.0,0.13,0.0,2.0,0.0,0.0,1.0,45.0,2.0
2026-09-20,5,541,Meunier,Sunderland,SUN,sunderland,DEF,0,78.0,3.0,0.0,1.0,0.0,4.0,0.0,0.0,5.0,0.0,0.45,4.0,0.0,0.0,1.0,45.0,4.0
2026-08-22,1,542,E.Le Fée,Sunderland,SUN,sunderland,MID,0,79.0,2.0,0.0,0.0,0.0,1.0,0.0,0.0,13.0,0.0,0.03,2.0,0.0,0.0,1.0,60.0,2.0
2026-08-30,2,542,E.Le Fée,Sunderland,SUN,sunderland,MID,1,89.0,3.0,0.0,0.0,1.0,0.0,0.0,0.0,13.0,0.37,0.17,6.0,0.0,0.0,1.0,60.0,6.0
2026-09-05,3,542,E.Le Fée,Sunderland,SUN,sunderland,MID,0,90.0,8.0,1.0,0.0,0.0,1.0,0.0,1.0,25.0,0.84,0.03,6.0,0.0,0.0,1.0,59.0,6.0
2026-09-12,4,542,E.Le Fée,Sunderland,SUN,sunderland,MID,1,90.0,0.0,0.0,0.0,0.0,2.0,0.0,0.0,6.0,0.85,0.59,4.0,0.0,0.0,1.0,58.0,4.0
2026-09-20,5,542,E.Le Fée,Sunderland,SUN,sunderland,MID,0,90.0,5.0,0.0,1.0,0.0,5.0,0.0,0.0,33.0,0.0,0.52,3.0,0.0,0.0,1.0,58.0,3.0
2026-08-22,1,546,Adingra,Sunderland,SUN,sunderland,MID,0,0.0,0.0,0.0,0.0,0.0,0.0,0.0,0.0,0.0,0.0,0.0,0.0,0.0,0.0,0.0,50.0,0.0
2026-08-30,2,546,Adingra,Sunderland,SUN,sunderland,MID,1,0.0,0.0,0.0,0.0,0.0,0.0,0.0,0.0,0.0,0.0,0.0,0.0,0.0,0.0,0.0,50.0,0.0
2026-09-05,3,546,Adingra,Sunderland,SUN,sunderland,MID,0,0.0,0.0,0.0,0.0,0.0,0.0,0.0,0.0,0.0,0.0,0.0,0.0,0.0,0.0,0.0,49.0,0.0
2026-09-12,4,546,Adingra,Sunderland,SUN,sunderland,MID,1,0.0,0.0,0.0,0.0,0.0,0.0,0.0,0.0,0.0,0.0,0.0,0.0,0.0,0.0,0.0,49.0,0.0
2026-09-20,5,546,Adingra,Sunderland,SUN,sunderland,MID,0,0.0,0.0,0.0,0.0,0.0,0.0,0.0,0.0,0.0,0.0,0.0,0.0,0.0,0.0,0.0,49.0,0.0
2026-08-22,1,548,Rigg,Sunderland,SUN,sunderland,MID,0,10.0,1.0,0.0,0.0,0.0,1.0,0.0,0.0,3.0,0.0,0.0,1.0,0.0,0.0,0.0,50.0,1.0
2026-08-30,2,548,Rigg,Sunderland,SUN,sunderland,MID,1,7.0,1.0,0.0,0.0,0.0,0.0,0.0,0.0,3.0,0.0,0.0,0.0,0.0,0.0,0.0,50.0,0.0
2026-09-05,3,548,Rigg,Sunderland,SUN,sunderland,MID,0,0.0,0.0,0.0,0.0,0.0,0.0,0.0,0.0,0.0,0.0,0.0,0.0,0.0,0.0,0.0,50.0,0.0
2026-09-12,4,548,Rigg,Sunderland,SUN,sunderland,MID,1,0.0,0.0,0.0,0.0,0.0,0.0,0.0,0.0,0.0,0.0,0.0,0.0,0.0,0.0,0.0,49.0,0.0
2026-09-20,5,548,Rigg,Sunderland,SUN,sunderland,MID,0,0.0,0.0,0.0,0.0,0.0,0.0,0.0,0.0,0.0,0.0,0.0,0.0,0.0,0.0,0.0,49.0,0.0
2026-08-22,1,547,Mundle,Sunderland,SUN,sunderland,MID,0,0.0,0.0,0.0,0.0,0.0,0.0,0.0,0.0,0.0,0.0,0.0,0.0,0.0,0.0,0.0,50.0,0.0
2026-08-30,2,547,Mundle,Sunderland,SUN,sunderland,MID,1,1.0,1.0,0.0,0.0,0.0,0.0,0.0,0.0,2.0,0.17,0.0,1.0,0.0,0.0,0.0,50.0,1.0
2026-09-05,3,547,Mundle,Sunderland,SUN,sunderland,MID,0,0.0,0.0,0.0,0.0,0.0,0.0,0.0,0.0,0.0,0.0,0.0,0.0,0.0,0.0,0.0,50.0,0.0
2026-09-12,4,547,Mundle,Sunderland,SUN,sunderland,MID,1,0.0,0.0,0.0,0.0,0.0,0.0,0.0,0.0,0.0,0.0,0.0,0.0,0.0,0.0,0.0,49.0,0.0
2026-09-20,5,547,Mundle,Sunderland,SUN,sunderland,MID,0,0.0,0.0,0.0,0.0,0.0,0.0,0.0,0.0,0.0,0.0,0.0,0.0,0.0,0.0,0.0,49.0,0.0
2026-08-30,2,612,Methalie,Sunderland,SUN,sunderland,DEF,1,0.0,0.0,0.0,0.0,0.0,0.0,0.0,0.0,0.0,0.0,0.0,0.0,0.0,0.0,0.0,45.0,0.0
2026-09-05,3,612,Methalie,Sunderland,SUN,sunderland,DEF,0,0.0,0.0,0.0,0.0,0.0,0.0,0.0,0.0,0.0,0.0,0.0,0.0,0.0,0.0,0.0,45.0,0.0
2026-09-12,4,612,Methalie,Sunderland,SUN,sunderland,DEF,1,0.0,0.0,0.0,0.0,0.0,0.0,0.0,0.0,0.0,0.0,0.0,0.0,0.0,0.0,0.0,45.0,0.0
2026-09-20,5,612,Methalie,Sunderland,SUN,sunderland,DEF,0,90.0,-1.0,0.0,0.0,0.0,5.0,0.0,0.0,-8.0,0.03,0.01,3.0,1.0,0.0,1.0,45.0,3.0
2026-08-22,1,550,Jocelin.T,Sunderland,SUN,sunderland,MID,0,0.0,0.0,0.0,0.0,0.0,0.0,0.0,0.0,0.0,0.0,0.0,0.0,0.0,0.0,0.0,50.0,0.0
2026-08-30,2,550,Jocelin.T,Sunderland,SUN,sunderland,MID,1,0.0,0.0,0.0,0.0,0.0,0.0,0.0,0.0,0.0,0.0,0.0,0.0,0.0,0.0,0.0,50.0,0.0
2026-09-05,3,550,Jocelin.T,Sunderland,SUN,sunderland,MID,0,0.0,0.0,0.0,0.0,0.0,0.0,0.0,0.0,0.0,0.0,0.0,0.0,0.0,0.0,0.0,50.0,0.0
2026-09-12,4,550,Jocelin.T,Sunderland,SUN,sunderland,MID,1,0.0,0.0,0.0,0.0,0.0,0.0,0.0,0.0,0.0,0.0,0.0,0.0,0.0,0.0,0.0,50.0,0.0
2026-09-20,5,550,Jocelin.T,Sunderland,SUN,sunderland,MID,0,0.0,0.0,0.0,0.0,0.0,0.0,0.0,0.0,0.0,0.0,0.0,0.0,0.0,0.0,0.0,50.0,0.0
2026-08-22,1,549,Talbi,Sunderland,SUN,sunderland,MID,0,31.0,1.0,0.0,0.0,0.0,1.0,0.0,0.0,1.0,0.0,0.0,2.0,0.0,0.0,0.0,55.0,2.0
2026-08-30,2,549,Talbi,Sunderland,SUN,sunderland,MID,1,0.0,0.0,0.0,0.0,0.0,0.0,0.0,0.0,0.0,0.0,0.0,0.0,0.0,0.0,0.0,55.0,0.0
2026-09-05,3,549,Talbi,Sunderland,SUN,sunderland,MID,0,0.0,0.0,0.0,0.0,0.0,0.0,0.0,0.0,0.0,0.0,0.0,0.0,0.0,0.0,0.0,54.0,0.0
2026-09-12,4,549,Talbi,Sunderland,SUN,sunderland,MID,1,0.0,0.0,0.0,0.0,0.0,0.0,0.0,0.0,0.0,0.0,0.0,0.0,0.0,0.0,0.0,54.0,0.0
2026-09-20,5,549,Talbi,Sunderland,SUN,sunderland,MID,0,0.0,0.0,0.0,0.0,0.0,0.0,0.0,0.0,0.0,0.0,0.0,0.0,0.0,0.0,0.0,53.0,0.0
2026-08-22,1,551,N.Angulo,Sunderland,SUN,sunderland,MID,0,58.0,5.0,1.0,0.0,0.0,1.0,0.0,0.0,23.0,0.15,0.01,7.0,1.0,0.0,1.0,50.0,7.0
2026-08-30,2,551,N.Angulo,Sunderland,SUN,sunderland,MID,1,64.0,3.0,0.0,0.0,1.0,0.0,0.0,0.0,13.0,0.0,0.04,5.0,0.0,0.0,1.0,50.0,5.0
2026-09-05,3,551,N.Angulo,Sunderland,SUN,sunderland,MID,0,63.0,2.0,0.0,0.0,0.0,1.0,0.0,0.0,11.0,0.0,0.07,5.0,0.0,0.0,1.0,50.0,5.0
2026-09-12,4,551,N.Angulo,Sunderland,SUN,sunderland,MID,1,69.0,2.0,0.0,0.0,0.0,1.0,0.0,0.0,7.0,0.0,0.0,3.0,0.0,0.0,1.0,50.0,3.0
2026-09-20,5,551,N.Angulo,Sunderland,SUN,sunderland,MID,0,59.0,4.0,0.0,1.0,0.0,4.0,0.0,0.0,13.0,0.45,0.01,4.0,0.0,0.0,1.0,50.0,4.0
2026-08-22,1,552,Brobbey,Sunderland,SUN,sunderland,FWD,0,66.0,2.0,0.0,0.0,0.0,1.0,0.0,0.0,1.0,0.3,0.0,0.0,0.0,0.0,1.0,60.0,0.0
2026-08-30,2,552,Brobbey,Sunderland,SUN,sunderland,FWD,1,63.0,2.0,0.0,0.0,1.0,0.0,0.0,0.0,5.0,0.03,0.0,4.0,0.0,0.0,1.0,60.0,4.0
2026-09-05,3,552,Brobbey,Sunderland,SUN,sunderland,FWD,0,90.0,2.0,0.0,0.0,0.0,1.0,0.0,0.0,11.0,0.26,0.06,3.0,0.0,0.0,1.0,59.0,3.0
2026-09-12,4,552,Brobbey,Sunderland,SUN,sunderland,FWD,1,90.0,1.0,0.0,0.0,0.0,2.0,0.0,0.0,4.0,0.0,0.01,4.0,1.0,0.0,1.0,58.0,4.0
2026-09-20,5,552,Brobbey,Sunderland,SUN,sunderland,FWD,0,90.0,17.0,3.0,0.0,0.0,5.0,0.0,3.0,92.0,2.35,0.04,0.0,0.0,0.0,1.0,58.0,0.0
2026-08-30,2,613,Ahoka,Sunderland,SUN,sunderland,MID,1,0.0,0.0,0.0,0.0,0.0,0.0,0.0,0.0,0.0,0.0,0.0,0.0,0.0,0.0,0.0,45.0,0.0
2026-09-05,3,613,Ahoka,Sunderland,SUN,sunderland,MID,0,0.0,0.0,0.0,0.0,0.0,0.0,0.0,0.0,0.0,0.0,0.0,0.0,0.0,0.0,0.0,45.0,0.0
2026-09-12,4,613,Ahoka,Sunderland,SUN,sunderland,MID,1,0.0,0.0,0.0,0.0,0.0,0.0,0.0,0.0,0.0,0.0,0.0,0.0,0.0,0.0,0.0,45.0,0.0
2026-09-20,5,613,Ahoka,Sunderland,SUN,sunderland,MID,0,0.0,0.0,0.0,0.0,0.0,0.0,0.0,0.0,0.0,0.0,0.0,0.0,0.0,0.0,0.0,45.0,0.0
2026-09-05,3,646,Fofana,Sunderland,SUN,sunderland,MID,0,16.0,1.0,0.0,0.0,0.0,0.0,0.0,0.0,3.0,0.0,0.0,0.0,0.0,0.0,0.0,55.0,0.0
2026-09-12,4,646,Fofana,Sunderland,SUN,sunderland,MID,1,14.0,1.0,0.0,0.0,0.0,1.0,0.0,0.0,2.0,0.0,0.0,0.0,0.0,0.0,0.0,55.0,0.0
2026-09-20,5,646,Fofana,Sunderland,SUN,sunderland,MID,0,30.0,1.0,0.0,0.0,0.0,1.0,0.0,0.0,6.0,0.39,0.01,3.0,0.0,0.0,0.0,55.0,3.0
2026-08-22,1,553,Isidor,Sunderland,SUN,sunderland,FWD,0,23.0,1.0,0.0,0.0,0.0,1.0,0.0,0.0,3.0,0.0,0.0,0.0,0.0,0.0,0.0,55.0,0.0
2026-08-30,2,553,Isidor,Sunderland,SUN,sunderland,FWD,1,26.0,8.0,1.0,0.0,0.0,0.0,0.0,3.0,29.0,1.39,0.0,0.0,0.0,0.0,0.0,55.0,0.0
2026-09-05,3,553,Isidor,Sunderland,SUN,sunderland,FWD,0,26.0,4.0,0.0,1.0,0.0,0.0,0.0,0.0,15.0,0.1,0.01,2.0,0.0,0.0,0.0,55.0,2.0
2026-09-12,4,553,Isidor,Sunderland,SUN,sunderland,FWD,1,20.0,1.0,0.0,0.0,0.0,1.0,0.0,0.0,1.0,0.0,0.0,1.0,0.0,0.0,0.0,55.0,1.0
2026-09-20,5,553,Isidor,Sunderland,SUN,sunderland,FWD,0,22.0,1.0,0.0,0.0,0.0,1.0,0.0,0.0,3.0,0.0,0.0,2.0,0.0,0.0,0.0,55.0,2.0
2026-09-05,3,651,J.Angulo,Sunderland,SUN,sunderland,FWD,0,0.0,0.0,0.0,0.0,0.0,0.0,0.0,0.0,0.0,0.0,0.0,0.0,0.0,0.0,0.0,45.0,0.0
2026-09-12,4,651,J.Angulo,Sunderland,SUN,sunderland,FWD,1,0.0,0.0,0.0,0.0,0.0,0.0,0.0,0.0,0.0,0.0,0.0,0.0,0.0,0.0,0.0,45.0,0.0
2026-09-20,5,651,J.Angulo,Sunderland,SUN,sunderland,FWD,0,0.0,0.0,0.0,0.0,0.0,0.0,0.0,0.0,0.0,0.0,0.0,0.0,0.0,0.0,0.0,45.0,0.0
