season,squad,path,gw,method,mode,xi_points,xi_points_cap,hit_cost,n_transfers,hits,ft_before,ft_after,chip,bank,formation,squad_sell_value,n_eligible,n_autosubs,n_blank_intended,n_blank_final,sub_points
2022-23,template,hold,1,xp_ft,ft,59.0,66.0,0.0,0,0,0,1,,5,1-3-4-3,995.0,0,0,0,0,0.0
2022-23,template,hold,2,xp_ft,ft,50.0,61.0,0.0,0,0,1,2,,5,1-4-5-1,995.0,0,0,0,0,0.0
2022-23,template,hold,3,xp_ft,ft,40.0,42.0,0.0,0,0,2,3,,5,1-4-5-1,995.0,0,0,0,0,0.0
2022-23,template,hold,4,xp_ft,ft,59.0,62.0,0.0,0,0,3,4,,5,1-3-5-2,996.0,190,0,0,0,0.0
2022-23,template,hold,5,xp_ft,ft,70.0,82.0,0.0,0,0,4,5,,5,1-4-4-2,987.0,195,1,1,0,-1.0
2022-23,template,hold,6,xp_ft,ft,34.0,36.0,0.0,0,0,5,5,,5,1-5-4-1,994.0,210,0,0,0,0.0
2022-23,template,hold,8,xp_ft,ft,40.0,49.0,0.0,0,0,5,5,,5,1-3-4-3,882.0,149,0,1,1,0.0
2022-23,template,hold,9,xp_ft,ft,48.0,48.0,0.0,0,0,5,5,,5,1-4-5-1,996.0,210,1,1,0,8.0
2022-23,template,hold,10,xp_ft,ft,67.0,85.0,0.0,0,0,5,5,,5,1-4-4-2,997.0,205,2,2,0,7.0
2022-23,template,hold,11,xp_ft,ft,48.0,48.0,0.0,0,0,5,5,,5,1-4-5-1,983.0,214,2,2,0,8.0
2022-23,template,hold,12,xp_ft,ft,30.0,30.0,0.0,0,0,5,5,,5,1-4-4-2,822.0,202,1,5,4,9.0
2022-23,template,hold,13,xp_ft,ft,55.0,57.0,0.0,0,0,5,5,,5,1-3-5-2,980.0,222,2,2,0,21.0
2022-23,template,hold,14,xp_ft,ft,48.0,50.0,0.0,0,0,5,5,,5,1-4-5-1,917.0,223,2,2,0,3.0
2022-23,template,hold,15,xp_ft,ft,46.0,44.0,0.0,0,0,5,5,,5,1-3-5-2,980.0,234,1,1,0,2.0
2022-23,template,hold,16,xp_ft,ft,21.0,22.0,0.0,0,0,5,5,,5,1-4-5-1,979.0,225,1,1,0,2.0
2022-23,template,hold,17,xp_ft,ft,55.0,67.0,0.0,0,0,5,5,,5,1-4-4-2,959.0,218,1,1,0,1.0
2022-23,template,hold,18,xp_ft,ft,45.0,51.0,0.0,0,0,5,5,,5,1-3-5-2,934.0,225,3,4,1,14.0
2022-23,template,hold,19,xp_ft,ft,32.0,34.0,0.0,0,0,5,5,,5,1-3-5-2,951.0,229,1,1,0,1.0
2022-23,template,hold,20,xp_ft,ft,31.0,33.0,0.0,0,0,5,5,,5,1-3-5-2,952.0,222,1,1,0,2.0
2022-23,template,hold,21,xp_ft,ft,46.0,63.0,0.0,0,0,5,5,,5,1-3-5-2,930.0,214,2,2,0,2.0
2022-23,template,hold,22,xp_ft,ft,21.0,23.0,0.0,0,0,5,5,,5,1-3-5-2,934.0,217,2,2,0,3.0
2022-23,template,hold,23,xp_ft,ft,44.0,48.0,0.0,0,0,5,5,,5,1-3-5-2,939.0,214,2,2,0,4.0
2022-23,template,hold,24,xp_ft,ft,40.0,42.0,0.0,0,0,5,5,,5,1-3-5-2,924.0,213,3,3,0,4.0
2022-23,template,hold,25,xp_ft,ft,39.0,49.0,0.0,0,0,5,5,,5,1-4-5-1,934.0,187,2,3,1,2.0
2022-23,template,hold,26,xp_ft,ft,58.0,62.0,0.0,0,0,5,5,,5,1-3-5-2,930.0,231,1,2,1,1.0
2022-23,template,hold,27,xp_ft,ft,27.0,33.0,0.0,0,0,5,5,,5,1-3-5-2,956.0,237,3,4,1,4.0
2022-23,template,hold,28,xp_ft,ft,42.0,49.0,0.0,0,0,5,5,,5,1-5-3-2,808.0,161,0,4,4,0.0
2022-23,template,hold,29,xp_ft,ft,36.0,37.0,0.0,0,0,5,5,,5,1-4-5-1,904.0,241,2,3,1,14.0
2022-23,template,hold,30,xp_ft,ft,52.0,64.0,0.0,0,0,5,5,,5,1-3-5-2,973.0,225,1,2,1,7.0
2022-23,template,hold,31,xp_ft,ft,53.0,65.0,0.0,0,0,5,5,,5,1-4-4-2,980.0,216,1,2,1,0.0
2022-23,template,hold,32,xp_ft,ft,51.0,58.0,0.0,0,0,5,5,,5,1-3-5-2,906.0,181,0,3,3,0.0
2022-23,template,hold,33,xp_ft,ft,31.0,45.0,0.0,0,0,5,5,,5,1-3-5-2,978.0,225,1,3,2,2.0
2022-23,template,hold,34,xp_ft,ft,34.0,42.0,0.0,0,0,5,5,,5,1-3-5-2,983.0,237,1,4,3,4.0
2022-23,template,hold,35,xp_ft,ft,32.0,34.0,0.0,0,0,5,5,,5,1-3-4-3,968.0,238,1,4,3,1.0
2022-23,template,hold,36,xp_ft,ft,46.0,53.0,0.0,0,0,5,5,,5,1-3-4-3,969.0,223,1,2,1,1.0
2022-23,template,hold,37,xp_ft,ft,13.0,18.0,0.0,0,0,5,5,,5,1-3-4-3,959.0,229,2,5,3,2.0
2022-23,template,hold,38,xp_ft,ft,29.0,34.0,0.0,0,0,5,5,,5,1-4-4-2,893.0,213,0,6,6,0.0
2022-23,template,climb,1,xp_ft,ft,59.0,66.0,0.0,0,0,0,1,,5,1-3-4-3,995.0,0,0,0,0,0.0
2022-23,template,climb,2,xp_ft,ft,50.0,61.0,0.0,0,0,1,2,,5,1-4-5-1,995.0,0,0,0,0,0.0
2022-23,template,climb,3,xp_ft,ft,40.0,42.0,0.0,0,0,2,3,,5,1-4-5-1,995.0,0,0,0,0,0.0
2022-23,template,climb,4,xp_ft,ft,63.0,66.0,0.0,2,0,3,2,,4,1-5-4-1,997.0,190,0,0,0,0.0
2022-23,template,climb,5,xp_ft,ft,77.0,89.0,0.0,0,0,2,3,,4,1-4-4-2,988.0,195,1,1,0,6.0
2022-23,template,climb,6,xp_ft,ft,33.0,35.0,0.0,2,0,3,2,,2,1-5-4-1,997.0,210,0,0,0,0.0
2022-23,template,climb,8,xp_ft,ft,42.0,51.0,0.0,2,0,2,1,,12,1-4-4-2,884.0,149,1,1,0,6.0
2022-23,template,climb,9,xp_ft,ft,51.0,52.0,0.0,0,0,1,2,,12,1-5-4-1,964.0,210,1,1,0,8.0
2022-23,template,climb,10,xp_ft,ft,70.0,88.0,0.0,2,0,2,1,,0,1-5-4-1,977.0,205,2,2,0,7.0
2022-23,template,climb,11,xp_ft,ft,52.0,52.0,0.0,1,0,1,1,,0,1-4-5-1,962.0,214,2,2,0,14.0
2022-23,template,climb,12,xp_ft,ft,34.0,30.0,4.0,2,1,1,1,,2,1-5-4-1,800.0,202,1,3,2,9.0
2022-23,template,climb,13,xp_ft,ft,55.0,57.0,0.0,1,0,1,1,,1,1-4-4-2,926.0,222,2,2,0,21.0
2022-23,template,climb,14,xp_ft,ft,48.0,54.0,0.0,1,0,1,1,,6,1-4-5-1,856.0,223,1,1,0,2.0
2022-23,template,climb,15,xp_ft,ft,52.0,54.0,0.0,0,0,1,2,,6,1-4-5-1,919.0,234,1,1,0,6.0
2022-23,template,climb,16,xp_ft,ft,34.0,39.0,0.0,0,0,2,3,,6,1-4-5-1,918.0,225,1,1,0,2.0
2022-23,template,climb,17,xp_ft,ft,44.0,46.0,0.0,3,0,3,1,,28,1-5-3-2,876.0,218,1,1,0,1.0
2022-23,template,climb,18,xp_ft,ft,42.0,39.0,8.0,3,2,1,1,,3,1-3-4-3,897.0,225,1,1,0,3.0
2022-23,template,climb,19,xp_ft,ft,30.0,28.0,4.0,2,1,1,1,,1,1-3-4-3,901.0,229,0,0,0,0.0
2022-23,template,climb,20,xp_ft,ft,48.0,51.0,0.0,1,0,1,1,,2,1-3-5-2,859.0,222,2,2,0,10.0
2022-23,template,climb,21,xp_ft,ft,36.0,42.0,0.0,1,0,1,1,,12,1-3-5-2,875.0,214,2,3,1,4.0
2022-23,template,climb,22,xp_ft,ft,37.0,39.0,0.0,1,0,1,1,,13,1-4-4-2,862.0,217,2,3,1,3.0
2022-23,template,climb,23,xp_ft,ft,31.0,31.0,8.0,3,2,1,1,,52,1-4-3-3,822.0,214,2,2,0,5.0
2022-23,template,climb,24,xp_ft,ft,32.0,34.0,0.0,1,0,1,1,,48,1-4-3-3,826.0,213,2,2,0,3.0
2022-23,template,climb,25,xp_ft,ft,36.0,39.0,0.0,1,0,1,1,,47,1-3-5-2,828.0,187,2,4,2,9.0
2022-23,template,climb,26,xp_ft,ft,71.0,70.0,4.0,2,1,1,1,,21,1-4-3-3,835.0,231,1,2,1,8.0
2022-23,template,climb,27,xp_ft,ft,31.0,28.0,4.0,2,1,1,1,,29,1-5-2-3,822.0,237,2,3,1,7.0
2022-23,template,climb,28,xp_ft,ft,26.0,34.0,0.0,1,0,1,1,,29,1-5-3-2,804.0,161,2,2,0,1.0
2022-23,template,climb,29,xp_ft,ft,39.0,37.0,4.0,2,1,1,1,,40,1-4-4-2,794.0,241,3,3,0,12.0
2022-23,template,climb,30,xp_ft,ft,29.0,31.0,0.0,1,0,1,1,,12,1-4-4-2,820.0,225,3,3,0,3.0
2022-23,template,climb,31,xp_ft,ft,37.0,38.0,0.0,1,0,1,1,,16,1-4-3-3,828.0,216,1,1,0,6.0
2022-23,template,climb,32,xp_ft,ft,39.0,40.0,0.0,1,0,1,1,,10,1-3-4-3,816.0,181,1,1,0,-1.0
2022-23,template,climb,33,xp_ft,ft,32.0,33.0,0.0,1,0,1,1,,1,1-3-4-3,823.0,225,3,4,1,3.0
2022-23,template,climb,34,xp_ft,ft,47.0,54.0,0.0,0,0,1,2,,1,1-3-4-3,801.0,237,2,4,2,3.0
2022-23,template,climb,35,xp_ft,ft,52.0,64.0,0.0,2,0,2,1,,5,1-4-3-3,819.0,238,3,3,0,6.0
2022-23,template,climb,36,xp_ft,ft,28.0,29.0,0.0,0,0,1,2,,5,1-4-3-3,814.0,223,2,2,0,5.0
2022-23,template,climb,37,xp_ft,ft,42.0,47.0,0.0,2,0,2,1,,2,1-3-4-3,815.0,229,2,2,0,12.0
2022-23,template,climb,38,xp_ft,ft,37.0,45.0,0.0,0,0,1,2,,2,1-3-4-3,783.0,213,3,5,2,4.0
2022-23,premium,hold,1,xp_ft,ft,55.0,55.0,0.0,0,0,0,1,,0,1-4-4-2,1000.0,0,3,3,0,8.0
2022-23,premium,hold,2,xp_ft,ft,55.0,66.0,0.0,0,0,1,2,,0,1-4-5-1,1000.0,0,0,0,0,0.0
2022-23,premium,hold,3,xp_ft,ft,44.0,45.0,0.0,0,0,2,3,,0,1-4-5-1,998.0,0,0,0,0,0.0
2022-23,premium,hold,4,xp_ft,ft,34.0,35.0,0.0,0,0,3,4,,0,1-4-5-1,997.0,190,0,0,0,0.0
2022-23,premium,hold,5,xp_ft,ft,52.0,64.0,0.0,0,0,4,5,,0,1-4-5-1,995.0,195,0,0,0,0.0
2022-23,premium,hold,6,xp_ft,ft,47.0,49.0,0.0,0,0,5,5,,0,1-4-5-1,991.0,210,0,0,0,0.0
2022-23,premium,hold,8,xp_ft,ft,54.0,63.0,0.0,0,0,5,5,,0,1-4-4-2,933.0,149,0,2,2,0.0
2022-23,premium,hold,9,xp_ft,ft,57.0,65.0,0.0,0,0,5,5,,0,1-4-5-1,1013.0,210,0,1,1,0.0
2022-23,premium,hold,10,xp_ft,ft,55.0,73.0,0.0,0,0,5,5,,0,1-4-5-1,1012.0,205,0,1,1,0.0
2022-23,premium,hold,11,xp_ft,ft,39.0,45.0,0.0,0,0,5,5,,0,1-4-5-1,989.0,214,0,0,0,0.0
2022-23,premium,hold,12,xp_ft,ft,32.0,41.0,0.0,0,0,5,5,,0,1-4-4-2,849.0,202,0,3,3,0.0
2022-23,premium,hold,13,xp_ft,ft,73.0,75.0,0.0,0,0,5,5,,0,1-4-5-1,990.0,222,0,0,0,0.0
2022-23,premium,hold,14,xp_ft,ft,46.0,52.0,0.0,0,0,5,5,,0,1-4-5-1,944.0,223,0,1,1,0.0
2022-23,premium,hold,15,xp_ft,ft,68.0,66.0,0.0,0,0,5,5,,0,1-4-4-2,940.0,234,1,1,0,9.0
2022-23,premium,hold,16,xp_ft,ft,29.0,30.0,0.0,0,0,5,5,,0,1-4-4-2,940.0,225,1,1,0,1.0
2022-23,premium,hold,17,xp_ft,ft,53.0,65.0,0.0,0,0,5,5,,0,1-3-5-2,1010.0,218,1,1,0,1.0
2022-23,premium,hold,18,xp_ft,ft,32.0,38.0,0.0,0,0,5,5,,0,1-3-5-2,989.0,225,1,2,1,1.0
2022-23,premium,hold,19,xp_ft,ft,32.0,34.0,0.0,0,0,5,5,,0,1-3-5-2,988.0,229,0,0,0,0.0
2022-23,premium,hold,20,xp_ft,ft,39.0,41.0,0.0,0,0,5,5,,0,1-3-5-2,1010.0,222,1,1,0,1.0
2022-23,premium,hold,21,xp_ft,ft,48.0,65.0,0.0,0,0,5,5,,0,1-3-5-2,984.0,214,1,1,0,1.0
2022-23,premium,hold,22,xp_ft,ft,23.0,25.0,0.0,0,0,5,5,,0,1-3-5-2,981.0,217,1,1,0,5.0
2022-23,premium,hold,23,xp_ft,ft,30.0,34.0,0.0,0,0,5,5,,0,1-3-5-2,986.0,214,0,1,1,0.0
2022-23,premium,hold,24,xp_ft,ft,32.0,34.0,0.0,0,0,5,5,,0,1-3-5-2,978.0,213,1,1,0,1.0
2022-23,premium,hold,25,xp_ft,ft,30.0,40.0,0.0,0,0,5,5,,0,1-3-5-2,902.0,187,0,3,3,0.0
2022-23,premium,hold,26,xp_ft,ft,56.0,60.0,0.0,0,0,5,5,,0,1-3-5-2,978.0,231,1,2,1,1.0
2022-23,premium,hold,27,xp_ft,ft,37.0,43.0,0.0,0,0,5,5,,0,1-4-5-1,978.0,237,0,1,1,0.0
2022-23,premium,hold,28,xp_ft,ft,22.0,24.0,0.0,0,0,5,5,,0,1-4-4-2,770.0,161,0,5,5,0.0
2022-23,premium,hold,29,xp_ft,ft,43.0,46.0,0.0,0,0,5,5,,0,1-4-5-1,923.0,241,0,4,4,0.0
2022-23,premium,hold,30,xp_ft,ft,39.0,51.0,0.0,0,0,5,5,,0,1-4-5-1,991.0,225,0,3,3,0.0
2022-23,premium,hold,31,xp_ft,ft,46.0,58.0,0.0,0,0,5,5,,0,1-4-5-1,998.0,216,0,4,4,0.0
2022-23,premium,hold,32,xp_ft,ft,28.0,35.0,0.0,0,0,5,5,,0,1-4-4-2,855.0,181,1,6,5,1.0
2022-23,premium,hold,33,xp_ft,ft,51.0,65.0,0.0,0,0,5,5,,0,1-4-5-1,996.0,225,0,3,3,0.0
2022-23,premium,hold,34,xp_ft,ft,27.0,35.0,0.0,0,0,5,5,,0,1-4-5-1,932.0,237,1,6,5,0.0
2022-23,premium,hold,35,xp_ft,ft,26.0,28.0,0.0,0,0,5,5,,0,1-3-5-2,991.0,238,1,4,3,1.0
2022-23,premium,hold,36,xp_ft,ft,31.0,38.0,0.0,0,0,5,5,,0,1-3-5-2,916.0,223,1,4,3,1.0
2022-23,premium,hold,37,xp_ft,ft,23.0,28.0,0.0,0,0,5,5,,0,1-3-5-2,988.0,229,1,3,2,1.0
2022-23,premium,hold,38,xp_ft,ft,15.0,20.0,0.0,0,0,5,5,,0,1-4-5-1,854.0,213,0,5,5,0.0
2022-23,premium,climb,1,xp_ft,ft,55.0,55.0,0.0,0,0,0,1,,0,1-4-4-2,1000.0,0,3,3,0,8.0
2022-23,premium,climb,2,xp_ft,ft,55.0,66.0,0.0,0,0,1,2,,0,1-4-5-1,1000.0,0,0,0,0,0.0
2022-23,premium,climb,3,xp_ft,ft,44.0,45.0,0.0,0,0,2,3,,0,1-4-5-1,998.0,0,0,0,0,0.0
2022-23,premium,climb,4,xp_ft,ft,37.0,38.0,0.0,2,0,3,2,,2,1-4-5-1,995.0,190,0,0,0,0.0
2022-23,premium,climb,5,xp_ft,ft,59.0,71.0,0.0,2,0,2,1,,2,1-5-4-1,993.0,195,0,0,0,0.0
2022-23,premium,climb,6,xp_ft,ft,38.0,40.0,0.0,0,0,1,2,,2,1-5-4-1,991.0,210,0,0,0,0.0
2022-23,premium,climb,8,xp_ft,ft,72.0,81.0,0.0,1,0,2,2,,2,1-5-4-1,923.0,149,0,0,0,0.0
2022-23,premium,climb,9,xp_ft,ft,56.0,64.0,0.0,0,0,2,3,,2,1-4-5-1,1006.0,210,1,1,0,-1.0
2022-23,premium,climb,10,xp_ft,ft,55.0,73.0,0.0,2,0,3,2,,0,1-4-5-1,1011.0,205,1,2,1,6.0
2022-23,premium,climb,11,xp_ft,ft,38.0,44.0,0.0,2,0,2,1,,13,1-4-5-1,977.0,214,0,0,0,0.0
2022-23,premium,climb,12,xp_ft,ft,51.0,60.0,0.0,1,0,1,1,,10,1-4-5-1,854.0,202,1,1,0,6.0
2022-23,premium,climb,13,xp_ft,ft,48.0,50.0,0.0,1,0,1,1,,0,1-5-4-1,919.0,222,0,0,0,0.0
2022-23,premium,climb,14,xp_ft,ft,38.0,39.0,0.0,1,0,1,1,,5,1-4-5-1,860.0,223,1,2,1,2.0
2022-23,premium,climb,15,xp_ft,ft,56.0,58.0,0.0,0,0,1,2,,5,1-4-4-2,852.0,234,3,3,0,20.0
2022-23,premium,climb,16,xp_ft,ft,34.0,39.0,0.0,0,0,2,3,,5,1-4-4-2,853.0,225,2,2,0,3.0
2022-23,premium,climb,17,xp_ft,ft,55.0,57.0,0.0,3,0,3,1,,0,1-4-4-2,915.0,218,0,0,0,0.0
2022-23,premium,climb,18,xp_ft,ft,42.0,39.0,8.0,3,2,1,1,,15,1-4-4-2,877.0,225,1,1,0,1.0
2022-23,premium,climb,19,xp_ft,ft,18.0,20.0,0.0,1,0,1,1,,15,1-3-4-3,874.0,229,1,1,0,1.0
2022-23,premium,climb,20,xp_ft,ft,43.0,38.0,8.0,3,2,1,1,,38,1-3-5-2,839.0,222,2,2,0,4.0
2022-23,premium,climb,21,xp_ft,ft,47.0,53.0,0.0,1,0,1,1,,42,1-3-4-3,860.0,214,1,1,0,6.0
2022-23,premium,climb,22,xp_ft,ft,51.0,53.0,0.0,1,0,1,1,,20,1-4-4-2,863.0,217,2,2,0,4.0
2022-23,premium,climb,23,xp_ft,ft,36.0,40.0,4.0,2,1,1,1,,12,1-3-4-3,870.0,214,0,0,0,0.0
2022-23,premium,climb,24,xp_ft,ft,41.0,43.0,0.0,1,0,1,1,,17,1-3-4-3,864.0,213,1,1,0,6.0
2022-23,premium,climb,25,xp_ft,ft,39.0,33.0,8.0,3,2,1,1,,2,1-3-4-3,877.0,187,1,1,0,1.0
2022-23,premium,climb,26,xp_ft,ft,61.0,63.0,0.0,1,0,1,1,,4,1-4-4-2,860.0,231,3,3,0,10.0
2022-23,premium,climb,27,xp_ft,ft,35.0,36.0,0.0,1,0,1,1,,0,1-5-3-2,859.0,237,3,3,0,7.0
2022-23,premium,climb,28,xp_ft,ft,26.0,34.0,0.0,1,0,1,1,,0,1-5-3-2,762.0,161,2,2,0,6.0
2022-23,premium,climb,29,xp_ft,ft,35.0,37.0,0.0,1,0,1,1,,0,1-4-4-2,847.0,241,2,4,2,13.0
2022-23,premium,climb,30,xp_ft,ft,15.0,13.0,4.0,2,1,1,1,,13,1-4-4-2,830.0,225,3,4,1,4.0
2022-23,premium,climb,31,xp_ft,ft,32.0,33.0,0.0,1,0,1,1,,18,1-4-3-3,837.0,216,1,2,1,0.0
2022-23,premium,climb,32,xp_ft,ft,34.0,35.0,0.0,1,0,1,1,,1,1-3-4-3,829.0,181,2,2,0,2.0
2022-23,premium,climb,33,xp_ft,ft,27.0,24.0,4.0,2,1,1,1,,2,1-3-4-3,825.0,225,2,3,1,1.0
2022-23,premium,climb,34,xp_ft,ft,28.0,35.0,0.0,1,0,1,1,,13,1-3-4-3,795.0,237,3,6,3,3.0
2022-23,premium,climb,35,xp_ft,ft,49.0,61.0,0.0,1,0,1,1,,7,1-3-4-3,822.0,238,2,3,1,0.0
2022-23,premium,climb,36,xp_ft,ft,27.0,28.0,0.0,1,0,1,1,,10,1-4-4-2,790.0,223,2,2,0,6.0
2022-23,premium,climb,37,xp_ft,ft,33.0,38.0,0.0,1,0,1,1,,2,1-3-5-2,796.0,229,2,2,0,8.0
2022-23,premium,climb,38,xp_ft,ft,36.0,44.0,0.0,1,0,1,1,,10,1-3-5-2,763.0,213,2,5,3,3.0
2022-23,next,hold,1,xp_ft,ft,49.0,50.0,0.0,0,0,0,1,,0,1-4-4-2,1000.0,0,2,2,0,18.0
2022-23,next,hold,2,xp_ft,ft,46.0,52.0,0.0,0,0,1,2,,0,1-4-5-1,999.0,0,0,0,0,0.0
2022-23,next,hold,3,xp_ft,ft,45.0,46.0,0.0,0,0,2,3,,0,1-4-5-1,995.0,0,0,0,0,0.0
2022-23,next,hold,4,xp_ft,ft,47.0,48.0,0.0,0,0,3,4,,0,1-4-5-1,992.0,190,0,1,1,0.0
2022-23,next,hold,5,xp_ft,ft,27.0,33.0,0.0,0,0,4,5,,0,1-3-5-2,991.0,195,0,1,1,0.0
2022-23,next,hold,6,xp_ft,ft,34.0,36.0,0.0,0,0,5,5,,0,1-4-4-2,985.0,210,0,0,0,0.0
2022-23,next,hold,8,xp_ft,ft,50.0,56.0,0.0,0,0,5,5,,0,1-4-4-2,907.0,149,0,4,4,0.0
2022-23,next,hold,9,xp_ft,ft,30.0,32.0,0.0,0,0,5,5,,0,1-3-5-2,987.0,210,1,2,1,3.0
2022-23,next,hold,10,xp_ft,ft,49.0,55.0,0.0,0,0,5,5,,0,1-3-5-2,988.0,205,1,2,1,6.0
2022-23,next,hold,11,xp_ft,ft,31.0,33.0,0.0,0,0,5,5,,0,1-3-5-2,959.0,214,1,3,2,1.0
2022-23,next,hold,12,xp_ft,ft,33.0,48.0,0.0,0,0,5,5,,0,1-3-4-3,916.0,202,0,5,5,0.0
2022-23,next,hold,13,xp_ft,ft,28.0,33.0,0.0,0,0,5,5,,0,1-4-5-1,921.0,222,0,3,3,0.0
2022-23,next,hold,14,xp_ft,ft,30.0,32.0,0.0,0,0,5,5,,0,1-3-5-2,959.0,223,1,3,2,1.0
2022-23,next,hold,15,xp_ft,ft,42.0,44.0,0.0,0,0,5,5,,0,1-4-4-2,877.0,234,0,3,3,0.0
2022-23,next,hold,16,xp_ft,ft,57.0,59.0,0.0,0,0,5,5,,0,1-4-4-2,869.0,225,0,4,4,0.0
2022-23,next,hold,17,xp_ft,ft,38.0,49.0,0.0,0,0,5,5,,0,1-3-5-2,956.0,218,1,4,3,1.0
2022-23,next,hold,18,xp_ft,ft,35.0,40.0,0.0,0,0,5,5,,0,1-3-5-2,953.0,225,1,3,2,1.0
2022-23,next,hold,19,xp_ft,ft,44.0,45.0,0.0,0,0,5,5,,0,1-3-5-2,953.0,229,1,3,2,0.0
2022-23,next,hold,20,xp_ft,ft,31.0,40.0,0.0,0,0,5,5,,0,1-3-5-2,928.0,222,1,4,3,1.0
2022-23,next,hold,21,xp_ft,ft,34.0,35.0,0.0,0,0,5,5,,0,1-3-5-2,954.0,214,1,3,2,1.0
2022-23,next,hold,22,xp_ft,ft,22.0,24.0,0.0,0,0,5,5,,0,1-3-5-2,954.0,217,1,3,2,1.0
2022-23,next,hold,23,xp_ft,ft,19.0,24.0,0.0,0,0,5,5,,0,1-4-4-2,962.0,214,1,2,1,0.0
2022-23,next,hold,24,xp_ft,ft,47.0,52.0,0.0,0,0,5,5,,0,1-4-4-2,962.0,213,1,2,1,3.0
2022-23,next,hold,25,xp_ft,ft,29.0,31.0,0.0,0,0,5,5,,0,1-3-5-2,941.0,187,0,3,3,0.0
2022-23,next,hold,26,xp_ft,ft,47.0,49.0,0.0,0,0,5,5,,0,1-4-4-2,946.0,231,0,1,1,0.0
2022-23,next,hold,27,xp_ft,ft,56.0,58.0,0.0,0,0,5,5,,0,1-4-4-2,947.0,237,0,1,1,0.0
2022-23,next,hold,28,xp_ft,ft,24.0,30.0,0.0,0,0,5,5,,0,1-4-4-2,892.0,161,0,4,4,0.0
2022-23,next,hold,29,xp_ft,ft,39.0,46.0,0.0,0,0,5,5,,0,1-4-4-2,950.0,241,0,2,2,0.0
2022-23,next,hold,30,xp_ft,ft,26.0,35.0,0.0,0,0,5,5,,0,1-4-4-2,950.0,225,0,3,3,0.0
2022-23,next,hold,31,xp_ft,ft,34.0,36.0,0.0,0,0,5,5,,0,1-4-4-2,978.0,216,0,2,2,0.0
2022-23,next,hold,32,xp_ft,ft,22.0,23.0,0.0,0,0,5,5,,0,1-3-5-2,964.0,181,0,2,2,0.0
2022-23,next,hold,33,xp_ft,ft,32.0,43.0,0.0,0,0,5,5,,0,1-3-5-2,977.0,225,1,2,1,4.0
2022-23,next,hold,34,xp_ft,ft,52.0,54.0,0.0,0,0,5,5,,0,1-3-5-2,973.0,237,1,2,1,2.0
2022-23,next,hold,35,xp_ft,ft,36.0,44.0,0.0,0,0,5,5,,0,1-4-4-2,962.0,238,0,2,2,0.0
2022-23,next,hold,36,xp_ft,ft,31.0,38.0,0.0,0,0,5,5,,0,1-4-4-2,933.0,223,0,2,2,0.0
2022-23,next,hold,37,xp_ft,ft,26.0,33.0,0.0,0,0,5,5,,0,1-4-4-2,920.0,229,1,5,4,2.0
2022-23,next,hold,38,xp_ft,ft,29.0,45.0,0.0,0,0,5,5,,0,1-4-4-2,922.0,213,1,5,4,3.0
2022-23,next,climb,1,xp_ft,ft,49.0,50.0,0.0,0,0,0,1,,0,1-4-4-2,1000.0,0,2,2,0,18.0
2022-23,next,climb,2,xp_ft,ft,46.0,52.0,0.0,0,0,1,2,,0,1-4-5-1,999.0,0,0,0,0,0.0
2022-23,next,climb,3,xp_ft,ft,45.0,46.0,0.0,0,0,2,3,,0,1-4-5-1,995.0,0,0,0,0,0.0
2022-23,next,climb,4,xp_ft,ft,56.0,57.0,0.0,3,0,3,1,,0,1-5-4-1,992.0,190,0,0,0,0.0
2022-23,next,climb,5,xp_ft,ft,37.0,43.0,0.0,1,0,1,1,,4,1-5-4-1,987.0,195,0,0,0,0.0
2022-23,next,climb,6,xp_ft,ft,32.0,34.0,0.0,0,0,1,2,,4,1-5-4-1,985.0,210,0,0,0,0.0
2022-23,next,climb,8,xp_ft,ft,69.0,75.0,0.0,2,0,2,1,,9,1-5-4-1,892.0,149,0,1,1,0.0
2022-23,next,climb,9,xp_ft,ft,28.0,30.0,0.0,0,0,1,2,,9,1-4-4-2,962.0,210,2,2,0,2.0
2022-23,next,climb,10,xp_ft,ft,56.0,62.0,0.0,2,0,2,1,,1,1-5-4-1,983.0,205,0,0,0,0.0
2022-23,next,climb,11,xp_ft,ft,39.0,41.0,0.0,1,0,1,1,,12,1-5-3-2,942.0,214,1,1,0,1.0
2022-23,next,climb,12,xp_ft,ft,51.0,66.0,0.0,1,0,1,1,,15,1-5-3-2,917.0,202,0,2,2,0.0
2022-23,next,climb,13,xp_ft,ft,26.0,31.0,0.0,1,0,1,1,,9,1-5-4-1,906.0,222,0,2,2,0.0
2022-23,next,climb,14,xp_ft,ft,38.0,40.0,0.0,1,0,1,1,,14,1-4-4-2,939.0,223,1,3,2,2.0
2022-23,next,climb,15,xp_ft,ft,32.0,34.0,0.0,0,0,1,2,,14,1-4-4-2,872.0,234,1,3,2,7.0
2022-23,next,climb,16,xp_ft,ft,66.0,68.0,0.0,0,0,2,3,,14,1-5-3-2,877.0,225,1,2,1,11.0
2022-23,next,climb,17,xp_ft,ft,49.0,51.0,0.0,3,0,3,1,,12,1-3-5-2,946.0,218,0,0,0,0.0
2022-23,next,climb,18,xp_ft,ft,39.0,40.0,4.0,2,1,1,1,,3,1-3-4-3,925.0,225,1,1,0,3.0
2022-23,next,climb,19,xp_ft,ft,44.0,46.0,0.0,1,0,1,1,,3,1-3-4-3,925.0,229,1,1,0,3.0
2022-23,next,climb,20,xp_ft,ft,48.0,42.0,8.0,3,2,1,1,,22,1-3-5-2,895.0,222,2,2,0,10.0
2022-23,next,climb,21,xp_ft,ft,61.0,67.0,0.0,1,0,1,1,,26,1-3-4-3,917.0,214,1,1,0,6.0
2022-23,next,climb,22,xp_ft,ft,52.0,54.0,0.0,1,0,1,1,,4,1-4-4-2,921.0,217,2,2,0,5.0
2022-23,next,climb,23,xp_ft,ft,38.0,38.0,4.0,2,1,1,1,,3,1-3-4-3,920.0,214,0,0,0,0.0
2022-23,next,climb,24,xp_ft,ft,33.0,35.0,0.0,1,0,1,1,,20,1-3-4-3,903.0,213,0,0,0,0.0
2022-23,next,climb,25,xp_ft,ft,33.0,31.0,4.0,2,1,1,1,,46,1-3-4-3,876.0,187,1,2,1,1.0
2022-23,next,climb,26,xp_ft,ft,74.0,76.0,0.0,1,0,1,1,,53,1-4-4-2,854.0,231,1,1,0,8.0
2022-23,next,climb,27,xp_ft,ft,40.0,41.0,0.0,0,0,1,2,,53,1-5-3-2,851.0,237,2,2,0,7.0
2022-23,next,climb,28,xp_ft,ft,29.0,33.0,4.0,3,1,2,1,,25,1-5-3-2,807.0,161,2,2,0,1.0
2022-23,next,climb,29,xp_ft,ft,45.0,43.0,4.0,2,1,1,1,,32,1-4-4-2,806.0,241,2,2,0,11.0
2022-23,next,climb,30,xp_ft,ft,29.0,31.0,0.0,1,0,1,1,,7,1-4-4-2,830.0,225,3,3,0,3.0
2022-23,next,climb,31,xp_ft,ft,37.0,38.0,0.0,1,0,1,1,,11,1-4-3-3,838.0,216,1,1,0,6.0
2022-23,next,climb,32,xp_ft,ft,39.0,40.0,0.0,1,0,1,1,,5,1-3-4-3,826.0,181,1,1,0,-1.0
2022-23,next,climb,33,xp_ft,ft,33.0,34.0,0.0,1,0,1,1,,0,1-3-4-3,829.0,225,3,4,1,3.0
2022-23,next,climb,34,xp_ft,ft,46.0,53.0,0.0,0,0,1,2,,0,1-3-5-2,815.0,237,1,3,2,1.0
2022-23,next,climb,35,xp_ft,ft,51.0,63.0,0.0,2,0,2,1,,0,1-4-3-3,829.0,238,3,3,0,10.0
2022-23,next,climb,36,xp_ft,ft,29.0,30.0,0.0,0,0,1,2,,0,1-3-4-3,832.0,223,3,3,0,7.0
2022-23,next,climb,37,xp_ft,ft,46.0,51.0,0.0,2,0,2,1,,5,1-3-4-3,819.0,229,2,2,0,8.0
2022-23,next,climb,38,xp_ft,ft,40.0,48.0,0.0,1,0,1,1,,0,1-3-4-3,789.0,213,3,5,2,6.0
2022-23,third,hold,1,xp_ft,ft,46.0,50.0,0.0,0,0,0,1,,35,1-3-4-3,965.0,0,0,0,0,0.0
2022-23,third,hold,2,xp_ft,ft,38.0,44.0,0.0,0,0,1,2,,35,1-4-5-1,965.0,0,0,0,0,0.0
2022-23,third,hold,3,xp_ft,ft,41.0,47.0,0.0,0,0,2,3,,35,1-5-4-1,958.0,0,0,0,0,0.0
2022-23,third,hold,4,xp_ft,ft,47.0,49.0,0.0,0,0,3,4,,35,1-4-4-2,958.0,190,0,0,0,0.0
2022-23,third,hold,5,xp_ft,ft,37.0,39.0,0.0,0,0,4,5,,35,1-5-4-1,958.0,195,0,0,0,0.0
2022-23,third,hold,6,xp_ft,ft,57.0,58.0,0.0,0,0,5,5,,35,1-5-4-1,957.0,210,0,0,0,0.0
2022-23,third,hold,8,xp_ft,ft,22.0,28.0,0.0,0,0,5,5,,35,1-3-4-3,859.0,149,0,6,6,0.0
2022-23,third,hold,9,xp_ft,ft,21.0,23.0,0.0,0,0,5,5,,35,1-3-5-2,935.0,210,2,3,1,2.0
2022-23,third,hold,10,xp_ft,ft,59.0,61.0,0.0,0,0,5,5,,35,1-3-4-3,901.0,205,2,3,1,6.0
2022-23,third,hold,11,xp_ft,ft,56.0,66.0,0.0,0,0,5,5,,35,1-4-5-1,957.0,214,1,1,0,6.0
2022-23,third,hold,12,xp_ft,ft,52.0,58.0,0.0,0,0,5,5,,35,1-4-4-2,885.0,202,0,0,0,0.0
2022-23,third,hold,13,xp_ft,ft,32.0,34.0,0.0,0,0,5,5,,35,1-3-5-2,950.0,222,2,2,0,4.0
2022-23,third,hold,14,xp_ft,ft,41.0,47.0,0.0,0,0,5,5,,35,1-3-5-2,933.0,223,2,3,1,2.0
2022-23,third,hold,15,xp_ft,ft,26.0,28.0,0.0,0,0,5,5,,35,1-5-4-1,894.0,234,0,3,3,0.0
2022-23,third,hold,16,xp_ft,ft,42.0,48.0,0.0,0,0,5,5,,35,1-4-4-2,916.0,225,2,2,0,14.0
2022-23,third,hold,17,xp_ft,ft,84.0,89.0,0.0,0,0,5,5,,35,1-4-4-2,938.0,218,1,1,0,15.0
2022-23,third,hold,18,xp_ft,ft,32.0,34.0,0.0,0,0,5,5,,35,1-4-4-2,940.0,225,1,1,0,2.0
2022-23,third,hold,19,xp_ft,ft,33.0,34.0,0.0,0,0,5,5,,35,1-5-4-1,919.0,229,1,1,0,2.0
2022-23,third,hold,20,xp_ft,ft,42.0,51.0,0.0,0,0,5,5,,35,1-4-4-2,925.0,222,1,2,1,1.0
2022-23,third,hold,21,xp_ft,ft,35.0,37.0,0.0,0,0,5,5,,35,1-4-4-2,922.0,214,1,3,2,6.0
2022-23,third,hold,22,xp_ft,ft,36.0,37.0,0.0,0,0,5,5,,35,1-3-5-2,932.0,217,2,3,1,7.0
2022-23,third,hold,23,xp_ft,ft,36.0,38.0,0.0,0,0,5,5,,35,1-3-5-2,931.0,214,2,3,1,4.0
2022-23,third,hold,24,xp_ft,ft,45.0,47.0,0.0,0,0,5,5,,35,1-4-4-2,935.0,213,2,3,1,12.0
2022-23,third,hold,25,xp_ft,ft,22.0,27.0,0.0,0,0,5,5,,35,1-5-3-2,801.0,187,0,5,5,0.0
2022-23,third,hold,26,xp_ft,ft,45.0,53.0,0.0,0,0,5,5,,35,1-4-4-2,913.0,231,1,2,1,1.0
2022-23,third,hold,27,xp_ft,ft,28.0,31.0,0.0,0,0,5,5,,35,1-5-3-2,934.0,237,0,0,0,0.0
2022-23,third,hold,28,xp_ft,ft,7.0,9.0,0.0,0,0,5,5,,35,1-3-4-3,777.0,161,0,7,7,0.0
2022-23,third,hold,29,xp_ft,ft,34.0,36.0,0.0,0,0,5,5,,35,1-4-4-2,920.0,241,2,3,1,1.0
2022-23,third,hold,30,xp_ft,ft,32.0,38.0,0.0,0,0,5,5,,35,1-5-4-1,917.0,225,2,2,0,2.0
2022-23,third,hold,31,xp_ft,ft,23.0,25.0,0.0,0,0,5,5,,35,1-3-5-2,913.0,216,2,4,2,3.0
2022-23,third,hold,32,xp_ft,ft,18.0,27.0,0.0,0,0,5,5,,35,1-3-4-3,804.0,181,0,6,6,0.0
2022-23,third,hold,33,xp_ft,ft,57.0,69.0,0.0,0,0,5,5,,35,1-4-4-2,910.0,225,2,4,2,3.0
2022-23,third,hold,34,xp_ft,ft,24.0,31.0,0.0,0,0,5,5,,35,1-4-4-2,838.0,237,0,3,3,0.0
2022-23,third,hold,35,xp_ft,ft,38.0,41.0,0.0,0,0,5,5,,35,1-4-4-2,909.0,238,2,4,2,11.0
2022-23,third,hold,36,xp_ft,ft,29.0,34.0,0.0,0,0,5,5,,35,1-4-4-2,813.0,223,1,5,4,3.0
2022-23,third,hold,37,xp_ft,ft,39.0,46.0,0.0,0,0,5,5,,35,1-4-4-2,907.0,229,1,2,1,1.0
2022-23,third,hold,38,xp_ft,ft,20.0,22.0,0.0,0,0,5,5,,35,1-4-4-2,798.0,213,0,5,5,0.0
2022-23,third,climb,1,xp_ft,ft,46.0,50.0,0.0,0,0,0,1,,35,1-3-4-3,965.0,0,0,0,0,0.0
2022-23,third,climb,2,xp_ft,ft,38.0,44.0,0.0,0,0,1,2,,35,1-4-5-1,965.0,0,0,0,0,0.0
2022-23,third,climb,3,xp_ft,ft,41.0,47.0,0.0,0,0,2,3,,35,1-5-4-1,958.0,0,0,0,0,0.0
2022-23,third,climb,4,xp_ft,ft,41.0,43.0,0.0,1,0,3,3,,30,1-5-4-1,963.0,190,0,0,0,0.0
2022-23,third,climb,5,xp_ft,ft,47.0,49.0,0.0,3,0,3,1,,14,1-5-4-1,979.0,195,0,0,0,0.0
2022-23,third,climb,6,xp_ft,ft,24.0,25.0,0.0,0,0,1,2,,14,1-5-4-1,979.0,210,0,0,0,0.0
2022-23,third,climb,8,xp_ft,ft,42.0,44.0,4.0,3,1,2,1,,18,1-4-3-3,880.0,149,1,1,0,2.0
2022-23,third,climb,9,xp_ft,ft,46.0,48.0,0.0,0,0,1,2,,18,1-4-5-1,910.0,210,1,1,0,1.0
2022-23,third,climb,10,xp_ft,ft,55.0,61.0,0.0,2,0,2,1,,6,1-4-5-1,915.0,205,1,1,0,1.0
2022-23,third,climb,11,xp_ft,ft,51.0,61.0,0.0,0,0,1,2,,6,1-4-4-2,922.0,214,1,1,0,2.0
2022-23,third,climb,12,xp_ft,ft,53.0,59.0,0.0,2,0,2,1,,17,1-5-4-1,843.0,202,0,0,0,0.0
2022-23,third,climb,13,xp_ft,ft,39.0,41.0,0.0,1,0,1,1,,11,1-4-4-2,905.0,222,1,1,0,1.0
2022-23,third,climb,14,xp_ft,ft,62.0,68.0,0.0,1,0,1,1,,8,1-4-4-2,920.0,223,1,1,0,1.0
2022-23,third,climb,15,xp_ft,ft,37.0,39.0,0.0,0,0,1,2,,8,1-4-5-1,881.0,234,1,1,0,7.0
2022-23,third,climb,16,xp_ft,ft,47.0,53.0,0.0,0,0,2,3,,8,1-5-4-1,909.0,225,1,1,0,13.0
2022-23,third,climb,17,xp_ft,ft,50.0,52.0,0.0,3,0,3,1,,43,1-3-4-3,890.0,218,0,0,0,0.0
2022-23,third,climb,18,xp_ft,ft,53.0,54.0,4.0,2,1,1,1,,41,1-3-4-3,882.0,225,1,1,0,5.0
2022-23,third,climb,19,xp_ft,ft,41.0,43.0,0.0,1,0,1,1,,43,1-4-4-2,860.0,229,2,2,0,8.0
2022-23,third,climb,20,xp_ft,ft,65.0,74.0,0.0,1,0,1,1,,67,1-4-4-2,817.0,222,3,3,0,19.0
2022-23,third,climb,21,xp_ft,ft,59.0,72.0,4.0,2,1,1,1,,2,1-3-4-3,906.0,214,2,3,1,10.0
2022-23,third,climb,22,xp_ft,ft,48.0,50.0,0.0,0,0,1,2,,2,1-3-4-3,886.0,217,2,4,2,14.0
2022-23,third,climb,23,xp_ft,ft,41.0,45.0,0.0,2,0,2,1,,0,1-3-4-3,904.0,214,1,1,0,10.0
2022-23,third,climb,24,xp_ft,ft,31.0,29.0,4.0,2,1,1,1,,8,1-4-3-3,902.0,213,1,1,0,1.0
2022-23,third,climb,25,xp_ft,ft,36.0,34.0,4.0,2,1,1,1,,49,1-3-4-3,858.0,187,2,3,1,3.0
2022-23,third,climb,26,xp_ft,ft,51.0,49.0,4.0,2,1,1,1,,50,1-3-4-3,860.0,231,2,2,0,9.0
2022-23,third,climb,27,xp_ft,ft,42.0,43.0,0.0,1,0,1,1,,22,1-4-3-3,885.0,237,2,2,0,6.0
2022-23,third,climb,28,xp_ft,ft,22.0,30.0,0.0,1,0,1,1,,22,1-4-4-2,821.0,161,1,1,0,1.0
2022-23,third,climb,29,xp_ft,ft,25.0,23.0,4.0,2,1,1,1,,40,1-3-4-3,844.0,241,2,2,0,2.0
2022-23,third,climb,30,xp_ft,ft,18.0,20.0,0.0,1,0,1,1,,16,1-3-4-3,864.0,225,3,3,0,4.0
2022-23,third,climb,31,xp_ft,ft,42.0,43.0,0.0,1,0,1,1,,25,1-4-3-3,850.0,216,1,1,0,8.0
2022-23,third,climb,32,xp_ft,ft,31.0,32.0,0.0,1,0,1,1,,1,1-3-5-2,853.0,181,1,2,1,1.0
2022-23,third,climb,33,xp_ft,ft,38.0,39.0,0.0,1,0,1,1,,11,1-4-3-3,867.0,225,4,4,0,11.0
2022-23,third,climb,34,xp_ft,ft,35.0,42.0,0.0,1,0,1,1,,22,1-3-4-3,838.0,237,2,4,2,3.0
2022-23,third,climb,35,xp_ft,ft,53.0,65.0,0.0,1,0,1,1,,0,1-3-4-3,876.0,238,2,4,2,12.0
2022-23,third,climb,36,xp_ft,ft,28.0,29.0,0.0,0,0,1,2,,0,1-3-5-2,829.0,223,1,5,4,3.0
2022-23,third,climb,37,xp_ft,ft,33.0,38.0,0.0,2,0,2,1,,4,1-3-5-2,850.0,229,1,2,1,10.0
2022-23,third,climb,38,xp_ft,ft,43.0,51.0,0.0,0,0,1,2,,4,1-3-5-2,823.0,213,1,4,3,2.0
2023-24,template,hold,1,xp_ft,ft,62.0,65.0,0.0,0,0,0,1,,0,1-3-4-3,1000.0,0,1,1,0,7.0
2023-24,template,hold,2,xp_ft,ft,42.0,42.0,0.0,0,0,1,2,,0,1-3-4-3,999.0,0,0,0,0,0.0
2023-24,template,hold,3,xp_ft,ft,41.0,53.0,0.0,0,0,2,3,,0,1-3-4-3,998.0,0,0,0,0,0.0
2023-24,template,hold,4,xp_ft,ft,49.0,69.0,0.0,0,0,3,4,,0,1-3-4-3,997.0,163,0,0,0,0.0
2023-24,template,hold,5,xp_ft,ft,53.0,59.0,0.0,0,0,4,5,,0,1-3-4-3,990.0,186,1,1,0,5.0
2023-24,template,hold,6,xp_ft,ft,91.0,97.0,0.0,0,0,5,5,,0,1-4-4-2,992.0,198,0,0,0,0.0
2023-24,template,hold,7,xp_ft,ft,64.0,66.0,0.0,0,0,5,5,,0,1-3-5-2,992.0,212,1,1,0,3.0
2023-24,template,hold,8,xp_ft,ft,34.0,36.0,0.0,0,0,5,5,,0,1-3-4-3,954.0,210,3,3,0,11.0
2023-24,template,hold,9,xp_ft,ft,52.0,60.0,0.0,0,0,5,5,,0,1-3-5-2,991.0,223,2,2,0,4.0
2023-24,template,hold,10,xp_ft,ft,39.0,45.0,0.0,0,0,5,5,,0,1-3-4-3,994.0,213,1,2,1,6.0
2023-24,template,hold,11,xp_ft,ft,46.0,47.0,0.0,0,0,5,5,,0,1-3-4-3,959.0,214,2,3,1,3.0
2023-24,template,hold,12,xp_ft,ft,46.0,51.0,0.0,0,0,5,5,,0,1-3-4-3,992.0,218,1,2,1,1.0
2023-24,template,hold,13,xp_ft,ft,57.0,64.0,0.0,0,0,5,5,,0,1-3-4-3,978.0,216,1,3,2,13.0
2023-24,template,hold,14,xp_ft,ft,51.0,58.0,0.0,0,0,5,5,,0,1-3-4-3,994.0,219,2,3,1,5.0
2023-24,template,hold,15,xp_ft,ft,21.0,23.0,0.0,0,0,5,5,,0,1-3-4-3,1001.0,210,3,3,0,4.0
2023-24,template,hold,16,xp_ft,ft,12.0,13.0,0.0,0,0,5,5,,0,1-3-4-3,912.0,221,3,4,1,2.0
2023-24,template,hold,17,xp_ft,ft,32.0,32.0,0.0,0,0,5,5,,0,1-3-4-3,860.0,195,4,6,2,12.0
2023-24,template,hold,18,xp_ft,ft,30.0,32.0,0.0,0,0,5,5,,0,1-3-5-2,903.0,202,1,2,1,1.0
2023-24,template,hold,19,xp_ft,ft,37.0,39.0,0.0,0,0,5,5,,0,1-5-3-2,890.0,221,2,2,0,6.0
2023-24,template,hold,20,xp_ft,ft,40.0,47.0,0.0,0,0,5,5,,0,1-3-4-3,871.0,228,1,3,2,6.0
2023-24,template,hold,21,xp_ft,ft,45.0,48.0,0.0,0,0,5,5,,0,1-4-3-3,889.0,213,1,2,1,1.0
2023-24,template,hold,22,xp_ft,ft,44.0,45.0,0.0,0,0,5,5,,0,1-4-3-3,982.0,233,1,1,0,2.0
2023-24,template,hold,23,xp_ft,ft,66.0,71.0,0.0,0,0,5,5,,0,1-4-3-3,979.0,237,1,1,0,-1.0
2023-24,template,hold,24,xp_ft,ft,66.0,79.0,0.0,0,0,5,5,,0,1-4-4-2,992.0,231,1,1,0,7.0
2023-24,template,hold,25,xp_ft,ft,59.0,61.0,0.0,0,0,5,5,,0,1-4-4-2,993.0,237,1,1,0,1.0
2023-24,template,hold,26,xp_ft,ft,39.0,44.0,0.0,0,0,5,5,,0,1-5-3-2,982.0,180,2,2,0,-2.0
2023-24,template,hold,27,xp_ft,ft,67.0,73.0,0.0,0,0,5,5,,0,1-4-4-2,977.0,226,2,2,0,8.0
2023-24,template,hold,28,xp_ft,ft,46.0,48.0,0.0,0,0,5,5,,0,1-4-4-2,960.0,227,3,3,0,12.0
2023-24,template,hold,29,xp_ft,ft,5.0,7.0,0.0,0,0,5,5,,0,1-3-4-3,770.0,93,0,9,9,0.0
2023-24,template,hold,30,xp_ft,ft,22.0,24.0,0.0,0,0,5,5,,0,1-3-4-3,958.0,227,2,4,2,2.0
2023-24,template,hold,31,xp_ft,ft,22.0,22.0,0.0,0,0,5,5,,0,1-3-4-3,802.0,220,2,7,5,5.0
2023-24,template,hold,32,xp_ft,ft,54.0,62.0,0.0,0,0,5,5,,0,1-3-4-3,966.0,228,3,3,0,4.0
2023-24,template,hold,33,xp_ft,ft,44.0,54.0,0.0,0,0,5,5,,0,1-3-4-3,963.0,225,2,3,1,10.0
2023-24,template,hold,34,xp_ft,ft,40.0,58.0,0.0,0,0,5,5,,0,1-3-4-3,842.0,231,2,6,4,3.0
2023-24,template,hold,35,xp_ft,ft,32.0,37.0,0.0,0,0,5,5,,0,1-3-4-3,930.0,230,2,5,3,4.0
2023-24,template,hold,36,xp_ft,ft,48.0,69.0,0.0,0,0,5,5,,0,1-3-4-3,899.0,237,1,4,3,0.0
2023-24,template,hold,37,xp_ft,ft,38.0,40.0,0.0,0,0,5,5,,0,1-3-4-3,980.0,241,2,3,1,13.0
2023-24,template,hold,38,xp_ft,ft,17.0,19.0,0.0,0,0,5,5,,0,1-3-4-3,943.0,228,2,4,2,2.0
2023-24,template,climb,1,xp_ft,ft,62.0,65.0,0.0,0,0,0,1,,0,1-3-4-3,1000.0,0,1,1,0,7.0
2023-24,template,climb,2,xp_ft,ft,42.0,42.0,0.0,0,0,1,2,,0,1-3-4-3,999.0,0,0,0,0,0.0
2023-24,template,climb,3,xp_ft,ft,41.0,53.0,0.0,0,0,2,3,,0,1-3-4-3,998.0,0,0,0,0,0.0
2023-24,template,climb,4,xp_ft,ft,53.0,73.0,0.0,3,0,3,1,,9,1-3-5-2,988.0,163,0,0,0,0.0
2023-24,template,climb,5,xp_ft,ft,39.0,45.0,0.0,1,0,1,1,,18,1-3-5-2,975.0,186,1,1,0,2.0
2023-24,template,climb,6,xp_ft,ft,91.0,97.0,0.0,1,0,1,1,,21,1-3-5-2,971.0,198,0,0,0,0.0
2023-24,template,climb,7,xp_ft,ft,53.0,55.0,0.0,1,0,1,1,,14,1-4-5-1,962.0,212,2,2,0,4.0
2023-24,template,climb,8,xp_ft,ft,28.0,30.0,0.0,0,0,1,2,,14,1-3-4-3,932.0,210,1,2,1,2.0
2023-24,template,climb,9,xp_ft,ft,60.0,68.0,0.0,2,0,2,1,,2,1-3-5-2,979.0,223,1,1,0,1.0
2023-24,template,climb,10,xp_ft,ft,54.0,60.0,0.0,0,0,1,2,,2,1-3-4-3,977.0,213,1,2,1,13.0
2023-24,template,climb,11,xp_ft,ft,55.0,56.0,0.0,2,0,2,1,,10,1-3-5-2,969.0,214,1,1,0,9.0
2023-24,template,climb,12,xp_ft,ft,56.0,61.0,0.0,0,0,1,2,,10,1-3-4-3,971.0,218,1,2,1,1.0
2023-24,template,climb,13,xp_ft,ft,50.0,57.0,0.0,0,0,2,3,,10,1-3-4-3,947.0,216,2,2,0,14.0
2023-24,template,climb,14,xp_ft,ft,46.0,53.0,0.0,2,0,3,2,,1,1-4-4-2,970.0,219,1,1,0,2.0
2023-24,template,climb,15,xp_ft,ft,27.0,29.0,0.0,0,0,2,3,,1,1-3-4-3,975.0,210,4,5,1,11.0
2023-24,template,climb,16,xp_ft,ft,18.0,19.0,0.0,2,0,3,2,,11,1-4-3-3,858.0,221,4,5,1,4.0
2023-24,template,climb,17,xp_ft,ft,61.0,67.0,0.0,2,0,2,1,,9,1-5-4-1,830.0,195,3,3,0,12.0
2023-24,template,climb,18,xp_ft,ft,32.0,40.0,0.0,1,0,1,1,,12,1-4-5-1,857.0,202,0,0,0,0.0
2023-24,template,climb,19,xp_ft,ft,28.0,30.0,0.0,1,0,1,1,,8,1-5-4-1,856.0,221,2,2,0,3.0
2023-24,template,climb,20,xp_ft,ft,59.0,66.0,0.0,1,0,1,1,,6,1-3-5-2,868.0,228,0,1,1,0.0
2023-24,template,climb,21,xp_ft,ft,43.0,46.0,0.0,0,0,1,2,,6,1-4-5-1,852.0,213,2,3,1,8.0
2023-24,template,climb,22,xp_ft,ft,63.0,64.0,0.0,2,0,2,1,,7,1-4-4-2,943.0,233,1,1,0,0.0
2023-24,template,climb,23,xp_ft,ft,52.0,57.0,0.0,0,0,1,2,,7,1-4-3-3,950.0,237,1,1,0,1.0
2023-24,template,climb,24,xp_ft,ft,73.0,86.0,0.0,2,0,2,1,,9,1-4-3-3,943.0,231,1,1,0,1.0
2023-24,template,climb,25,xp_ft,ft,53.0,55.0,0.0,0,0,1,2,,9,1-4-3-3,936.0,237,3,3,0,9.0
2023-24,template,climb,26,xp_ft,ft,56.0,61.0,0.0,2,0,2,1,,7,1-5-3-2,916.0,180,1,1,0,6.0
2023-24,template,climb,27,xp_ft,ft,58.0,64.0,0.0,1,0,1,1,,11,1-4-3-3,933.0,226,2,2,0,8.0
2023-24,template,climb,28,xp_ft,ft,36.0,38.0,0.0,1,0,1,1,,2,1-4-4-2,942.0,227,1,1,0,10.0
2023-24,template,climb,29,xp_ft,ft,18.0,12.0,8.0,3,2,1,1,,1,1-3-4-3,773.0,93,0,4,4,0.0
2023-24,template,climb,30,xp_ft,ft,45.0,60.0,0.0,1,0,1,1,,2,1-4-5-1,836.0,227,2,2,0,3.0
2023-24,template,climb,31,xp_ft,ft,46.0,46.0,0.0,1,0,1,1,,10,1-3-4-3,809.0,220,3,3,0,11.0
2023-24,template,climb,32,xp_ft,ft,37.0,42.0,0.0,1,0,1,1,,8,1-4-3-3,850.0,228,2,2,0,6.0
2023-24,template,climb,33,xp_ft,ft,74.0,76.0,0.0,1,0,1,1,,10,1-3-4-3,820.0,225,1,2,1,10.0
2023-24,template,climb,34,xp_ft,ft,39.0,42.0,0.0,0,0,1,2,,10,1-4-3-3,814.0,231,3,3,0,4.0
2023-24,template,climb,35,xp_ft,ft,57.0,70.0,0.0,2,0,2,1,,6,1-4-3-3,840.0,230,2,2,0,3.0
2023-24,template,climb,36,xp_ft,ft,68.0,76.0,0.0,1,0,1,1,,0,1-3-5-2,858.0,237,1,1,0,1.0
2023-24,template,climb,37,xp_ft,ft,78.0,80.0,0.0,0,0,1,2,,0,1-3-5-2,861.0,241,1,1,0,1.0
2023-24,template,climb,38,xp_ft,ft,58.0,64.0,0.0,0,0,2,3,,0,1-4-4-2,805.0,228,1,2,1,1.0
2023-24,premium,hold,1,xp_ft,ft,54.0,57.0,0.0,0,0,0,1,,0,1-3-5-2,1000.0,0,1,1,0,5.0
2023-24,premium,hold,2,xp_ft,ft,19.0,24.0,0.0,0,0,1,2,,0,1-3-4-3,998.0,0,0,3,3,0.0
2023-24,premium,hold,3,xp_ft,ft,36.0,40.0,0.0,0,0,2,3,,0,1-3-4-3,998.0,0,0,1,1,0.0
2023-24,premium,hold,4,xp_ft,ft,46.0,66.0,0.0,0,0,3,4,,0,1-3-4-3,995.0,163,1,2,1,0.0
2023-24,premium,hold,5,xp_ft,ft,47.0,53.0,0.0,0,0,4,5,,0,1-3-4-3,933.0,186,0,2,2,0.0
2023-24,premium,hold,6,xp_ft,ft,60.0,66.0,0.0,0,0,5,5,,0,1-3-4-3,990.0,198,0,1,1,0.0
2023-24,premium,hold,7,xp_ft,ft,31.0,33.0,0.0,0,0,5,5,,0,1-3-4-3,955.0,212,0,2,2,0.0
2023-24,premium,hold,8,xp_ft,ft,40.0,55.0,0.0,0,0,5,5,,0,1-3-4-3,929.0,210,0,5,5,0.0
2023-24,premium,hold,9,xp_ft,ft,34.0,42.0,0.0,0,0,5,5,,0,1-3-4-3,965.0,223,0,4,4,0.0
2023-24,premium,hold,10,xp_ft,ft,35.0,43.0,0.0,0,0,5,5,,0,1-4-4-2,936.0,213,0,5,5,0.0
2023-24,premium,hold,11,xp_ft,ft,10.0,11.0,0.0,0,0,5,5,,0,1-4-4-2,904.0,214,0,6,6,0.0
2023-24,premium,hold,12,xp_ft,ft,44.0,60.0,0.0,0,0,5,5,,0,1-4-4-2,940.0,218,0,5,5,0.0
2023-24,premium,hold,13,xp_ft,ft,48.0,55.0,0.0,0,0,5,5,,0,1-3-4-3,955.0,216,1,2,1,1.0
2023-24,premium,hold,14,xp_ft,ft,28.0,35.0,0.0,0,0,5,5,,0,1-4-4-2,962.0,219,0,3,3,0.0
2023-24,premium,hold,15,xp_ft,ft,13.0,16.0,0.0,0,0,5,5,,0,1-4-4-2,972.0,210,0,5,5,0.0
2023-24,premium,hold,16,xp_ft,ft,23.0,36.0,0.0,0,0,5,5,,0,1-3-4-3,877.0,221,2,6,4,4.0
2023-24,premium,hold,17,xp_ft,ft,10.0,13.0,0.0,0,0,5,5,,0,1-3-4-3,855.0,195,1,6,5,2.0
2023-24,premium,hold,18,xp_ft,ft,28.0,35.0,0.0,0,0,5,5,,0,1-4-4-2,864.0,202,0,3,3,0.0
2023-24,premium,hold,19,xp_ft,ft,22.0,25.0,0.0,0,0,5,5,,0,1-4-4-2,864.0,221,0,3,3,0.0
2023-24,premium,hold,20,xp_ft,ft,56.0,72.0,0.0,0,0,5,5,,0,1-3-4-3,860.0,228,1,3,2,1.0
2023-24,premium,hold,21,xp_ft,ft,36.0,36.0,0.0,0,0,5,5,,0,1-3-4-3,781.0,213,2,4,2,2.0
2023-24,premium,hold,22,xp_ft,ft,38.0,39.0,0.0,0,0,5,5,,0,1-3-5-2,875.0,233,0,2,2,0.0
2023-24,premium,hold,23,xp_ft,ft,28.0,33.0,0.0,0,0,5,5,,0,1-3-5-2,912.0,237,0,3,3,0.0
2023-24,premium,hold,24,xp_ft,ft,42.0,55.0,0.0,0,0,5,5,,0,1-3-5-2,913.0,231,0,3,3,0.0
2023-24,premium,hold,25,xp_ft,ft,37.0,39.0,0.0,0,0,5,5,,0,1-3-5-2,991.0,237,0,2,2,0.0
2023-24,premium,hold,26,xp_ft,ft,25.0,30.0,0.0,0,0,5,5,,0,1-3-4-3,946.0,180,0,3,3,0.0
2023-24,premium,hold,27,xp_ft,ft,52.0,58.0,0.0,0,0,5,5,,0,1-4-4-2,928.0,226,1,1,0,1.0
2023-24,premium,hold,28,xp_ft,ft,31.0,33.0,0.0,0,0,5,5,,0,1-3-5-2,1010.0,227,1,1,0,1.0
2023-24,premium,hold,29,xp_ft,ft,3.0,6.0,0.0,0,0,5,5,,0,1-3-4-3,709.0,93,0,10,10,0.0
2023-24,premium,hold,30,xp_ft,ft,37.0,44.0,0.0,0,0,5,5,,0,1-3-5-2,1018.0,227,1,3,2,1.0
2023-24,premium,hold,31,xp_ft,ft,14.0,15.0,0.0,0,0,5,5,,0,1-3-5-2,841.0,220,1,7,6,3.0
2023-24,premium,hold,32,xp_ft,ft,50.0,58.0,0.0,0,0,5,5,,0,1-3-5-2,1023.0,228,1,4,3,1.0
2023-24,premium,hold,33,xp_ft,ft,33.0,43.0,0.0,0,0,5,5,,0,1-3-5-2,1031.0,225,0,4,4,0.0
2023-24,premium,hold,34,xp_ft,ft,16.0,19.0,0.0,0,0,5,5,,0,1-3-5-2,906.0,231,0,6,6,0.0
2023-24,premium,hold,35,xp_ft,ft,45.0,50.0,0.0,0,0,5,5,,0,1-3-5-2,993.0,230,0,4,4,0.0
2023-24,premium,hold,36,xp_ft,ft,56.0,77.0,0.0,0,0,5,5,,0,1-3-5-2,995.0,237,0,4,4,0.0
2023-24,premium,hold,37,xp_ft,ft,26.0,28.0,0.0,0,0,5,5,,0,1-3-5-2,1023.0,241,0,2,2,0.0
2023-24,premium,hold,38,xp_ft,ft,31.0,33.0,0.0,0,0,5,5,,0,1-3-5-2,986.0,228,1,4,3,4.0
2023-24,premium,climb,1,xp_ft,ft,54.0,57.0,0.0,0,0,0,1,,0,1-3-5-2,1000.0,0,1,1,0,5.0
2023-24,premium,climb,2,xp_ft,ft,19.0,24.0,0.0,0,0,1,2,,0,1-3-4-3,998.0,0,0,3,3,0.0
2023-24,premium,climb,3,xp_ft,ft,36.0,40.0,0.0,0,0,2,3,,0,1-3-4-3,998.0,0,0,1,1,0.0
2023-24,premium,climb,4,xp_ft,ft,63.0,83.0,0.0,3,0,3,1,,1,1-3-5-2,994.0,163,0,0,0,0.0
2023-24,premium,climb,5,xp_ft,ft,42.0,44.0,4.0,2,1,1,1,,1,1-4-5-1,985.0,186,1,1,0,2.0
2023-24,premium,climb,6,xp_ft,ft,51.0,57.0,0.0,1,0,1,1,,6,1-3-5-2,996.0,198,0,0,0,0.0
2023-24,premium,climb,7,xp_ft,ft,35.0,33.0,4.0,2,1,1,1,,0,1-4-5-1,986.0,212,1,1,0,2.0
2023-24,premium,climb,8,xp_ft,ft,45.0,60.0,0.0,0,0,1,2,,0,1-3-5-2,980.0,210,0,1,1,0.0
2023-24,premium,climb,9,xp_ft,ft,67.0,75.0,0.0,2,0,2,1,,7,1-3-5-2,1009.0,223,0,0,0,0.0
2023-24,premium,climb,10,xp_ft,ft,57.0,65.0,0.0,1,0,1,1,,2,1-3-5-2,987.0,213,1,2,1,1.0
2023-24,premium,climb,11,xp_ft,ft,52.0,53.0,0.0,1,0,1,1,,15,1-3-5-2,1005.0,214,0,0,0,0.0
2023-24,premium,climb,12,xp_ft,ft,59.0,75.0,0.0,1,0,1,1,,17,1-3-5-2,1002.0,218,2,2,0,3.0
2023-24,premium,climb,13,xp_ft,ft,39.0,46.0,0.0,0,0,1,2,,17,1-3-5-2,1009.0,216,1,1,0,2.0
2023-24,premium,climb,14,xp_ft,ft,38.0,45.0,0.0,0,0,2,3,,17,1-4-4-2,994.0,219,2,2,0,3.0
2023-24,premium,climb,15,xp_ft,ft,19.0,22.0,0.0,0,0,3,4,,17,1-3-5-2,1001.0,210,1,5,4,1.0
2023-24,premium,climb,16,xp_ft,ft,40.0,53.0,0.0,3,0,4,2,,1,1-5-3-2,903.0,221,4,4,0,14.0
2023-24,premium,climb,17,xp_ft,ft,45.0,48.0,0.0,2,0,2,1,,8,1-4-4-2,872.0,195,3,3,0,2.0
2023-24,premium,climb,18,xp_ft,ft,27.0,34.0,0.0,1,0,1,1,,14,1-5-4-1,894.0,202,1,1,0,1.0
2023-24,premium,climb,19,xp_ft,ft,16.0,19.0,0.0,0,0,1,2,,14,1-3-5-2,891.0,221,2,5,3,5.0
2023-24,premium,climb,20,xp_ft,ft,90.0,106.0,0.0,2,0,2,1,,5,1-3-5-2,907.0,228,2,2,0,8.0
2023-24,premium,climb,21,xp_ft,ft,40.0,40.0,0.0,0,0,1,2,,5,1-5-3-2,802.0,213,3,4,1,7.0
2023-24,premium,climb,22,xp_ft,ft,41.0,42.0,0.0,0,0,2,3,,5,1-4-4-2,901.0,233,2,2,0,3.0
2023-24,premium,climb,23,xp_ft,ft,33.0,38.0,0.0,0,0,3,4,,5,1-4-4-2,923.0,237,1,1,0,1.0
2023-24,premium,climb,24,xp_ft,ft,48.0,61.0,0.0,3,0,4,2,,0,1-5-3-2,921.0,231,2,2,0,1.0
2023-24,premium,climb,25,xp_ft,ft,55.0,57.0,0.0,2,0,2,1,,0,1-4-4-2,991.0,237,1,2,1,7.0
2023-24,premium,climb,26,xp_ft,ft,37.0,42.0,0.0,1,0,1,1,,3,1-3-5-2,907.0,180,0,2,2,0.0
2023-24,premium,climb,27,xp_ft,ft,50.0,56.0,0.0,1,0,1,1,,7,1-4-4-2,908.0,226,2,2,0,4.0
2023-24,premium,climb,28,xp_ft,ft,33.0,33.0,0.0,1,0,1,1,,0,1-4-4-2,918.0,227,1,1,0,6.0
2023-24,premium,climb,29,xp_ft,ft,15.0,9.0,8.0,3,2,1,1,,0,1-4-4-2,762.0,93,0,2,2,0.0
2023-24,premium,climb,30,xp_ft,ft,37.0,48.0,4.0,2,1,1,1,,2,1-3-4-3,913.0,227,0,0,0,0.0
2023-24,premium,climb,31,xp_ft,ft,46.0,46.0,0.0,1,0,1,1,,10,1-4-4-2,780.0,220,2,3,1,15.0
2023-24,premium,climb,32,xp_ft,ft,49.0,57.0,0.0,1,0,1,1,,4,1-4-3-3,918.0,228,0,1,1,0.0
2023-24,premium,climb,33,xp_ft,ft,61.0,71.0,0.0,1,0,1,1,,8,1-3-4-3,913.0,225,1,2,1,0.0
2023-24,premium,climb,34,xp_ft,ft,39.0,42.0,0.0,1,0,1,1,,0,1-3-4-3,817.0,231,1,4,3,1.0
2023-24,premium,climb,35,xp_ft,ft,48.0,53.0,0.0,1,0,1,1,,0,1-3-4-3,906.0,230,2,2,0,3.0
2023-24,premium,climb,36,xp_ft,ft,68.0,89.0,0.0,0,0,1,2,,0,1-3-5-2,917.0,237,1,1,0,2.0
2023-24,premium,climb,37,xp_ft,ft,69.0,71.0,0.0,0,0,2,3,,0,1-3-4-3,919.0,241,1,1,0,1.0
2023-24,premium,climb,38,xp_ft,ft,57.0,59.0,0.0,0,0,3,4,,0,1-4-4-2,862.0,228,3,3,0,10.0
2023-24,next,hold,1,xp_ft,ft,40.0,42.0,0.0,0,0,0,1,,5,1-4-4-2,995.0,0,1,1,0,1.0
2023-24,next,hold,2,xp_ft,ft,36.0,41.0,0.0,0,0,1,2,,5,1-3-4-3,994.0,0,0,1,1,0.0
2023-24,next,hold,3,xp_ft,ft,19.0,21.0,0.0,0,0,2,3,,5,1-3-4-3,993.0,0,0,1,1,0.0
2023-24,next,hold,4,xp_ft,ft,62.0,70.0,0.0,0,0,3,4,,5,1-3-4-3,989.0,163,0,1,1,0.0
2023-24,next,hold,5,xp_ft,ft,24.0,34.0,0.0,0,0,4,5,,5,1-3-4-3,880.0,186,1,5,4,3.0
2023-24,next,hold,6,xp_ft,ft,29.0,39.0,0.0,0,0,5,5,,5,1-3-4-3,904.0,198,1,4,3,2.0
2023-24,next,hold,7,xp_ft,ft,40.0,41.0,0.0,0,0,5,5,,5,1-3-4-3,932.0,212,0,2,2,0.0
2023-24,next,hold,8,xp_ft,ft,51.0,66.0,0.0,0,0,5,5,,5,1-3-4-3,920.0,210,0,3,3,0.0
2023-24,next,hold,9,xp_ft,ft,34.0,50.0,0.0,0,0,5,5,,5,1-3-4-3,921.0,223,1,3,2,2.0
2023-24,next,hold,10,xp_ft,ft,36.0,44.0,0.0,0,0,5,5,,5,1-4-4-2,855.0,213,1,4,3,5.0
2023-24,next,hold,11,xp_ft,ft,21.0,23.0,0.0,0,0,5,5,,5,1-4-4-2,868.0,214,1,3,2,2.0
2023-24,next,hold,12,xp_ft,ft,46.0,62.0,0.0,0,0,5,5,,5,1-4-4-2,850.0,218,1,5,4,2.0
2023-24,next,hold,13,xp_ft,ft,50.0,51.0,0.0,0,0,5,5,,5,1-5-3-2,976.0,216,0,0,0,0.0
2023-24,next,hold,14,xp_ft,ft,52.0,57.0,0.0,0,0,5,5,,5,1-4-4-2,917.0,219,2,3,1,8.0
2023-24,next,hold,15,xp_ft,ft,34.0,37.0,0.0,0,0,5,5,,5,1-4-4-2,928.0,210,1,2,1,7.0
2023-24,next,hold,16,xp_ft,ft,38.0,51.0,0.0,0,0,5,5,,5,1-4-3-3,920.0,221,2,3,1,11.0
2023-24,next,hold,17,xp_ft,ft,36.0,39.0,0.0,0,0,5,5,,5,1-3-4-3,903.0,195,3,5,2,12.0
2023-24,next,hold,18,xp_ft,ft,28.0,35.0,0.0,0,0,5,5,,5,1-4-4-2,912.0,202,2,4,2,4.0
2023-24,next,hold,19,xp_ft,ft,29.0,32.0,0.0,0,0,5,5,,5,1-4-4-2,921.0,221,2,4,2,4.0
2023-24,next,hold,20,xp_ft,ft,39.0,55.0,0.0,0,0,5,5,,5,1-3-4-3,926.0,228,3,3,0,4.0
2023-24,next,hold,21,xp_ft,ft,43.0,43.0,0.0,0,0,5,5,,5,1-3-4-3,822.0,213,3,5,2,22.0
2023-24,next,hold,22,xp_ft,ft,43.0,57.0,0.0,0,0,5,5,,5,1-3-5-2,861.0,233,2,3,1,11.0
2023-24,next,hold,23,xp_ft,ft,21.0,21.0,0.0,0,0,5,5,,5,1-3-5-2,881.0,237,2,5,3,4.0
2023-24,next,hold,24,xp_ft,ft,35.0,35.0,0.0,0,0,5,5,,5,1-3-5-2,881.0,231,2,5,3,2.0
2023-24,next,hold,25,xp_ft,ft,45.0,56.0,0.0,0,0,5,5,,5,1-3-5-2,925.0,237,1,4,3,1.0
2023-24,next,hold,26,xp_ft,ft,12.0,14.0,0.0,0,0,5,5,,5,1-3-4-3,863.0,180,1,6,5,4.0
2023-24,next,hold,27,xp_ft,ft,43.0,43.0,0.0,0,0,5,5,,5,1-3-5-2,875.0,226,3,5,2,3.0
2023-24,next,hold,28,xp_ft,ft,33.0,34.0,0.0,0,0,5,5,,5,1-3-5-2,947.0,227,2,3,1,11.0
2023-24,next,hold,29,xp_ft,ft,0.0,0.0,0.0,0,0,5,5,,5,1-3-4-3,739.0,93,0,11,11,0.0
2023-24,next,hold,30,xp_ft,ft,47.0,54.0,0.0,0,0,5,5,,5,1-3-5-2,958.0,227,2,4,2,3.0
2023-24,next,hold,31,xp_ft,ft,42.0,43.0,0.0,0,0,5,5,,5,1-4-5-1,899.0,220,1,5,4,3.0
2023-24,next,hold,32,xp_ft,ft,48.0,56.0,0.0,0,0,5,5,,5,1-4-5-1,954.0,228,1,4,3,8.0
2023-24,next,hold,33,xp_ft,ft,33.0,35.0,0.0,0,0,5,5,,5,1-4-5-1,989.0,225,1,3,2,0.0
2023-24,next,hold,34,xp_ft,ft,58.0,59.0,0.0,0,0,5,5,,5,1-4-5-1,990.0,231,1,3,2,8.0
2023-24,next,hold,35,xp_ft,ft,40.0,53.0,0.0,0,0,5,5,,5,1-4-5-1,980.0,230,1,4,3,10.0
2023-24,next,hold,36,xp_ft,ft,39.0,52.0,0.0,0,0,5,5,,5,1-4-5-1,993.0,237,1,3,2,3.0
2023-24,next,hold,37,xp_ft,ft,45.0,47.0,0.0,0,0,5,5,,5,1-4-5-1,994.0,241,0,1,1,0.0
2023-24,next,hold,38,xp_ft,ft,68.0,74.0,0.0,0,0,5,5,,5,1-4-5-1,991.0,228,1,3,2,1.0
2023-24,next,climb,1,xp_ft,ft,40.0,42.0,0.0,0,0,0,1,,5,1-4-4-2,995.0,0,1,1,0,1.0
2023-24,next,climb,2,xp_ft,ft,36.0,41.0,0.0,0,0,1,2,,5,1-3-4-3,994.0,0,0,1,1,0.0
2023-24,next,climb,3,xp_ft,ft,19.0,21.0,0.0,0,0,2,3,,5,1-3-4-3,993.0,0,0,1,1,0.0
2023-24,next,climb,4,xp_ft,ft,69.0,77.0,0.0,3,0,3,1,,11,1-3-5-2,983.0,163,0,0,0,0.0
2023-24,next,climb,5,xp_ft,ft,36.0,40.0,4.0,2,1,1,1,,14,1-4-5-1,927.0,186,2,2,0,9.0
2023-24,next,climb,6,xp_ft,ft,56.0,66.0,0.0,1,0,1,1,,12,1-3-5-2,953.0,198,2,2,0,8.0
2023-24,next,climb,7,xp_ft,ft,42.0,51.0,0.0,1,0,1,1,,6,1-3-5-2,980.0,212,1,1,0,6.0
2023-24,next,climb,8,xp_ft,ft,53.0,68.0,0.0,0,0,1,2,,6,1-4-4-2,916.0,210,2,4,2,8.0
2023-24,next,climb,9,xp_ft,ft,56.0,72.0,0.0,2,0,2,1,,0,1-4-5-1,958.0,223,3,3,0,9.0
2023-24,next,climb,10,xp_ft,ft,52.0,60.0,0.0,0,0,1,2,,0,1-3-5-2,947.0,213,3,4,1,8.0
2023-24,next,climb,11,xp_ft,ft,40.0,42.0,0.0,2,0,2,1,,4,1-4-5-1,943.0,214,2,2,0,4.0
2023-24,next,climb,12,xp_ft,ft,50.0,66.0,0.0,0,0,1,2,,4,1-3-5-2,944.0,218,3,4,1,5.0
2023-24,next,climb,13,xp_ft,ft,45.0,53.0,0.0,0,0,2,3,,4,1-3-5-2,966.0,216,1,1,0,0.0
2023-24,next,climb,14,xp_ft,ft,57.0,62.0,0.0,3,0,3,1,,11,1-3-4-3,953.0,219,2,2,0,16.0
2023-24,next,climb,15,xp_ft,ft,47.0,50.0,0.0,0,0,1,2,,11,1-3-4-3,957.0,210,2,4,2,13.0
2023-24,next,climb,16,xp_ft,ft,37.0,50.0,0.0,0,0,2,3,,11,1-3-4-3,937.0,221,3,4,1,12.0
2023-24,next,climb,17,xp_ft,ft,60.0,63.0,0.0,2,0,3,2,,10,1-4-4-2,945.0,195,2,2,0,7.0
2023-24,next,climb,18,xp_ft,ft,31.0,38.0,0.0,2,0,2,1,,11,1-4-5-1,943.0,202,1,1,0,2.0
2023-24,next,climb,19,xp_ft,ft,36.0,39.0,0.0,0,0,1,2,,11,1-4-4-2,942.0,221,3,3,0,6.0
2023-24,next,climb,20,xp_ft,ft,86.0,102.0,0.0,2,0,2,1,,8,1-3-5-2,953.0,228,1,1,0,2.0
2023-24,next,climb,21,xp_ft,ft,51.0,54.0,0.0,0,0,1,2,,8,1-3-5-2,817.0,213,3,6,3,18.0
2023-24,next,climb,22,xp_ft,ft,45.0,61.0,0.0,0,0,2,3,,8,1-4-4-2,860.0,233,3,3,0,13.0
2023-24,next,climb,23,xp_ft,ft,30.0,38.0,0.0,0,0,3,4,,8,1-4-4-2,877.0,237,2,2,0,2.0
2023-24,next,climb,24,xp_ft,ft,62.0,68.0,0.0,3,0,4,2,,4,1-4-3-3,877.0,231,3,3,0,11.0
2023-24,next,climb,25,xp_ft,ft,62.0,73.0,0.0,2,0,2,1,,0,1-4-4-2,910.0,237,3,3,0,6.0
2023-24,next,climb,26,xp_ft,ft,51.0,61.0,0.0,1,0,1,1,,0,1-4-3-3,803.0,180,1,3,2,4.0
2023-24,next,climb,27,xp_ft,ft,31.0,38.0,0.0,1,0,1,1,,1,1-4-3-3,807.0,226,3,4,1,2.0
2023-24,next,climb,28,xp_ft,ft,47.0,45.0,4.0,2,1,1,1,,24,1-4-4-2,857.0,227,3,3,0,15.0
2023-24,next,climb,29,xp_ft,ft,21.0,14.0,8.0,3,2,1,1,,3,1-3-5-2,838.0,93,0,2,2,0.0
2023-24,next,climb,30,xp_ft,ft,41.0,56.0,0.0,1,0,1,1,,1,1-3-5-2,843.0,227,4,5,1,19.0
2023-24,next,climb,31,xp_ft,ft,43.0,43.0,0.0,1,0,1,1,,7,1-3-5-2,802.0,220,3,3,0,7.0
2023-24,next,climb,32,xp_ft,ft,46.0,51.0,0.0,0,0,1,2,,7,1-3-4-3,841.0,228,2,2,0,14.0
2023-24,next,climb,33,xp_ft,ft,55.0,57.0,0.0,2,0,2,1,,2,1-5-4-1,849.0,225,2,2,0,0.0
2023-24,next,climb,34,xp_ft,ft,44.0,47.0,0.0,1,0,1,1,,5,1-3-4-3,843.0,231,3,4,1,8.0
2023-24,next,climb,35,xp_ft,ft,75.0,88.0,0.0,1,0,1,1,,13,1-3-5-2,873.0,230,3,3,0,13.0
2023-24,next,climb,36,xp_ft,ft,57.0,65.0,0.0,1,0,1,1,,2,1-3-5-2,884.0,237,2,2,0,4.0
2023-24,next,climb,37,xp_ft,ft,75.0,77.0,0.0,0,0,1,2,,2,1-3-5-2,883.0,241,1,1,0,2.0
2023-24,next,climb,38,xp_ft,ft,47.0,53.0,0.0,0,0,2,3,,2,1-3-5-2,813.0,228,2,4,2,3.0
2023-24,third,hold,1,xp_ft,ft,40.0,46.0,0.0,0,0,0,1,,65,1-3-4-3,935.0,0,0,0,0,0.0
2023-24,third,hold,2,xp_ft,ft,47.0,63.0,0.0,0,0,1,2,,65,1-3-5-2,934.0,0,0,0,0,0.0
2023-24,third,hold,3,xp_ft,ft,35.0,41.0,0.0,0,0,2,3,,65,1-3-5-2,932.0,0,0,0,0,0.0
2023-24,third,hold,4,xp_ft,ft,42.0,50.0,0.0,0,0,3,4,,65,1-3-5-2,932.0,163,0,0,0,0.0
2023-24,third,hold,5,xp_ft,ft,20.0,21.0,0.0,0,0,4,5,,65,1-3-5-2,930.0,186,0,0,0,0.0
2023-24,third,hold,6,xp_ft,ft,53.0,54.0,0.0,0,0,5,5,,65,1-4-3-3,907.0,198,1,1,0,2.0
2023-24,third,hold,7,xp_ft,ft,36.0,38.0,0.0,0,0,5,5,,65,1-3-4-3,829.0,212,2,5,3,12.0
2023-24,third,hold,8,xp_ft,ft,39.0,45.0,0.0,0,0,5,5,,65,1-3-4-3,931.0,210,1,2,1,6.0
2023-24,third,hold,9,xp_ft,ft,45.0,59.0,0.0,0,0,5,5,,65,1-3-4-3,928.0,223,0,1,1,0.0
2023-24,third,hold,10,xp_ft,ft,75.0,81.0,0.0,0,0,5,5,,65,1-3-4-3,933.0,213,0,1,1,0.0
2023-24,third,hold,11,xp_ft,ft,40.0,45.0,0.0,0,0,5,5,,65,1-3-4-3,938.0,214,0,1,1,0.0
2023-24,third,hold,12,xp_ft,ft,24.0,29.0,0.0,0,0,5,5,,65,1-3-4-3,877.0,218,1,4,3,1.0
2023-24,third,hold,13,xp_ft,ft,22.0,24.0,0.0,0,0,5,5,,65,1-3-4-3,878.0,216,2,3,1,8.0
2023-24,third,hold,14,xp_ft,ft,31.0,36.0,0.0,0,0,5,5,,65,1-3-4-3,879.0,219,2,3,1,4.0
2023-24,third,hold,15,xp_ft,ft,45.0,48.0,0.0,0,0,5,5,,65,1-3-4-3,880.0,210,2,3,1,2.0
2023-24,third,hold,16,xp_ft,ft,20.0,22.0,0.0,0,0,5,5,,65,1-3-4-3,884.0,221,2,3,1,3.0
2023-24,third,hold,17,xp_ft,ft,37.0,43.0,0.0,0,0,5,5,,65,1-3-4-3,889.0,195,1,3,2,9.0
2023-24,third,hold,18,xp_ft,ft,20.0,21.0,0.0,0,0,5,5,,65,1-4-3-3,852.0,202,0,2,2,0.0
2023-24,third,hold,19,xp_ft,ft,33.0,34.0,0.0,0,0,5,5,,65,1-3-4-3,883.0,221,2,3,1,2.0
2023-24,third,hold,20,xp_ft,ft,37.0,42.0,0.0,0,0,5,5,,65,1-3-4-3,855.0,228,2,4,2,2.0
2023-24,third,hold,21,xp_ft,ft,45.0,45.0,0.0,0,0,5,5,,65,1-4-3-3,840.0,213,2,4,2,4.0
2023-24,third,hold,22,xp_ft,ft,29.0,36.0,0.0,0,0,5,5,,65,1-4-4-2,867.0,233,2,3,1,0.0
2023-24,third,hold,23,xp_ft,ft,43.0,44.0,0.0,0,0,5,5,,65,1-3-4-3,920.0,237,1,1,0,10.0
2023-24,third,hold,24,xp_ft,ft,38.0,44.0,0.0,0,0,5,5,,65,1-4-3-3,919.0,231,1,1,0,2.0
2023-24,third,hold,25,xp_ft,ft,35.0,37.0,0.0,0,0,5,5,,65,1-4-4-2,892.0,237,2,2,0,7.0
2023-24,third,hold,26,xp_ft,ft,30.0,41.0,0.0,0,0,5,5,,65,1-3-4-3,813.0,180,0,6,6,0.0
2023-24,third,hold,27,xp_ft,ft,66.0,81.0,0.0,0,0,5,5,,65,1-4-4-2,893.0,226,2,2,0,2.0
2023-24,third,hold,28,xp_ft,ft,39.0,47.0,0.0,0,0,5,5,,65,1-3-4-3,868.0,227,1,4,3,2.0
2023-24,third,hold,29,xp_ft,ft,3.0,4.0,0.0,0,0,5,5,,65,1-3-4-3,780.0,93,0,9,9,0.0
2023-24,third,hold,30,xp_ft,ft,19.0,21.0,0.0,0,0,5,5,,65,1-3-5-2,906.0,227,1,3,2,1.0
2023-24,third,hold,31,xp_ft,ft,40.0,46.0,0.0,0,0,5,5,,65,1-3-4-3,896.0,220,0,3,3,0.0
2023-24,third,hold,32,xp_ft,ft,23.0,25.0,0.0,0,0,5,5,,65,1-3-4-3,870.0,228,1,5,4,1.0
2023-24,third,hold,33,xp_ft,ft,34.0,37.0,0.0,0,0,5,5,,65,1-3-4-3,879.0,225,1,3,2,1.0
2023-24,third,hold,34,xp_ft,ft,45.0,54.0,0.0,0,0,5,5,,65,1-3-4-3,904.0,231,0,2,2,0.0
2023-24,third,hold,35,xp_ft,ft,15.0,20.0,0.0,0,0,5,5,,65,1-3-4-3,903.0,230,1,3,2,1.0
2023-24,third,hold,36,xp_ft,ft,41.0,46.0,0.0,0,0,5,5,,65,1-3-4-3,942.0,237,0,1,1,0.0
2023-24,third,hold,37,xp_ft,ft,45.0,54.0,0.0,0,0,5,5,,65,1-3-5-2,915.0,241,1,2,1,0.0
2023-24,third,hold,38,xp_ft,ft,37.0,39.0,0.0,0,0,5,5,,65,1-3-4-3,938.0,228,0,2,2,0.0
2023-24,third,climb,1,xp_ft,ft,40.0,46.0,0.0,0,0,0,1,,65,1-3-4-3,935.0,0,0,0,0,0.0
2023-24,third,climb,2,xp_ft,ft,47.0,63.0,0.0,0,0,1,2,,65,1-3-5-2,934.0,0,0,0,0,0.0
2023-24,third,climb,3,xp_ft,ft,35.0,41.0,0.0,0,0,2,3,,65,1-3-5-2,932.0,0,0,0,0,0.0
2023-24,third,climb,4,xp_ft,ft,67.0,87.0,0.0,3,0,3,1,,31,1-3-4-3,966.0,163,0,0,0,0.0
2023-24,third,climb,5,xp_ft,ft,39.0,41.0,4.0,2,1,1,1,,2,1-3-4-3,993.0,186,0,0,0,0.0
2023-24,third,climb,6,xp_ft,ft,58.0,64.0,0.0,1,0,1,1,,10,1-3-4-3,986.0,198,0,0,0,0.0
2023-24,third,climb,7,xp_ft,ft,41.0,43.0,0.0,1,0,1,1,,13,1-3-5-2,957.0,212,2,3,1,4.0
2023-24,third,climb,8,xp_ft,ft,27.0,29.0,0.0,0,0,1,2,,13,1-3-4-3,949.0,210,1,2,1,2.0
2023-24,third,climb,9,xp_ft,ft,54.0,62.0,0.0,2,0,2,1,,6,1-3-5-2,987.0,223,1,2,1,1.0
2023-24,third,climb,10,xp_ft,ft,62.0,68.0,0.0,1,0,1,1,,1,1-3-4-3,972.0,213,3,3,0,16.0
2023-24,third,climb,11,xp_ft,ft,42.0,43.0,0.0,1,0,1,1,,18,1-3-5-2,983.0,214,1,1,0,1.0
2023-24,third,climb,12,xp_ft,ft,52.0,57.0,0.0,1,0,1,1,,16,1-3-4-3,984.0,218,2,3,1,5.0
2023-24,third,climb,13,xp_ft,ft,35.0,42.0,0.0,0,0,1,2,,16,1-3-4-3,961.0,216,2,2,0,9.0
2023-24,third,climb,14,xp_ft,ft,42.0,49.0,0.0,0,0,2,3,,16,1-3-4-3,976.0,219,2,2,0,11.0
2023-24,third,climb,15,xp_ft,ft,28.0,30.0,0.0,0,0,3,4,,16,1-3-4-3,977.0,210,2,4,2,8.0
2023-24,third,climb,16,xp_ft,ft,15.0,16.0,0.0,0,0,4,5,,16,1-4-3-3,862.0,221,3,4,1,3.0
2023-24,third,climb,17,xp_ft,ft,42.0,48.0,0.0,2,0,5,4,,15,1-5-3-2,834.0,195,2,3,1,2.0
2023-24,third,climb,18,xp_ft,ft,29.0,37.0,0.0,2,0,4,3,,16,1-4-5-1,861.0,202,0,0,0,0.0
2023-24,third,climb,19,xp_ft,ft,27.0,29.0,0.0,2,0,3,2,,6,1-5-4-1,877.0,221,1,1,0,2.0
2023-24,third,climb,20,xp_ft,ft,58.0,65.0,0.0,2,0,2,1,,4,1-3-5-2,882.0,228,0,1,1,0.0
2023-24,third,climb,21,xp_ft,ft,29.0,32.0,0.0,0,0,1,2,,4,1-3-5-2,861.0,213,1,4,3,5.0
2023-24,third,climb,22,xp_ft,ft,48.0,49.0,0.0,2,0,2,1,,1,1-3-5-2,964.0,233,1,1,0,5.0
2023-24,third,climb,23,xp_ft,ft,60.0,65.0,0.0,0,0,1,2,,1,1-3-5-2,987.0,237,1,1,0,1.0
2023-24,third,climb,24,xp_ft,ft,56.0,69.0,0.0,2,0,2,1,,5,1-4-4-2,974.0,231,1,1,0,0.0
2023-24,third,climb,25,xp_ft,ft,51.0,53.0,0.0,1,0,1,1,,9,1-4-4-2,971.0,237,1,1,0,2.0
2023-24,third,climb,26,xp_ft,ft,69.0,74.0,0.0,1,0,1,1,,3,1-4-4-2,935.0,180,0,0,0,0.0
2023-24,third,climb,27,xp_ft,ft,50.0,56.0,0.0,1,0,1,1,,7,1-4-3-3,943.0,226,2,2,0,0.0
2023-24,third,climb,28,xp_ft,ft,42.0,44.0,0.0,1,0,1,1,,27,1-4-3-3,925.0,227,3,3,0,19.0
2023-24,third,climb,29,xp_ft,ft,15.0,8.0,8.0,3,2,1,1,,2,1-4-4-2,797.0,93,0,4,4,0.0
2023-24,third,climb,30,xp_ft,ft,39.0,54.0,0.0,1,0,1,1,,3,1-3-4-3,943.0,227,2,4,2,12.0
2023-24,third,climb,31,xp_ft,ft,34.0,34.0,0.0,1,0,1,1,,6,1-3-4-3,810.0,220,1,4,3,2.0
2023-24,third,climb,32,xp_ft,ft,43.0,51.0,0.0,0,0,1,2,,6,1-3-4-3,946.0,228,1,2,1,1.0
2023-24,third,climb,33,xp_ft,ft,51.0,61.0,0.0,2,0,2,1,,1,1-3-4-3,928.0,225,2,2,0,3.0
2023-24,third,climb,34,xp_ft,ft,40.0,43.0,0.0,0,0,1,2,,1,1-3-4-3,829.0,231,1,4,3,12.0
2023-24,third,climb,35,xp_ft,ft,54.0,59.0,0.0,2,0,2,1,,11,1-3-5-2,943.0,230,1,1,0,3.0
2023-24,third,climb,36,xp_ft,ft,78.0,99.0,0.0,1,0,1,1,,12,1-3-5-2,945.0,237,0,1,1,0.0
2023-24,third,climb,37,xp_ft,ft,66.0,68.0,0.0,1,0,1,1,,0,1-3-5-2,961.0,241,0,1,1,0.0
2023-24,third,climb,38,xp_ft,ft,64.0,66.0,0.0,0,0,1,2,,0,1-3-5-2,914.0,228,0,2,2,0.0
2024-25,template,hold,1,xp_ft,ft,48.0,49.0,0.0,0,0,0,1,,0,1-3-4-3,1000.0,0,1,1,0,8.0
2024-25,template,hold,2,xp_ft,ft,76.0,93.0,0.0,0,0,1,2,,0,1-4-4-2,1000.0,0,0,0,0,0.0
2024-25,template,hold,3,xp_ft,ft,58.0,64.0,0.0,0,0,2,3,,0,1-3-4-3,999.0,0,0,0,0,0.0
2024-25,template,hold,4,xp_ft,ft,58.0,71.0,0.0,0,0,3,4,,0,1-3-4-3,999.0,178,0,0,0,0.0
2024-25,template,hold,5,xp_ft,ft,54.0,63.0,0.0,0,0,4,5,,0,1-3-4-3,1000.0,195,0,0,0,0.0
2024-25,template,hold,6,xp_ft,ft,67.0,69.0,0.0,0,0,5,5,,0,1-3-5-2,976.0,210,1,1,0,2.0
2024-25,template,hold,7,xp_ft,ft,23.0,25.0,0.0,0,0,5,5,,0,1-4-4-2,979.0,215,1,1,0,1.0
2024-25,template,hold,8,xp_ft,ft,36.0,38.0,0.0,0,0,5,5,,0,1-3-4-3,1002.0,218,0,0,0,0.0
2024-25,template,hold,9,xp_ft,ft,50.0,56.0,0.0,0,0,5,5,,0,1-3-4-3,1003.0,208,1,1,0,2.0
2024-25,template,hold,10,xp_ft,ft,46.0,48.0,0.0,0,0,5,5,,0,1-4-3-3,996.0,217,1,1,0,2.0
2024-25,template,hold,11,xp_ft,ft,41.0,46.0,0.0,0,0,5,5,,0,1-4-3-3,996.0,225,1,1,0,0.0
2024-25,template,hold,12,xp_ft,ft,44.0,46.0,0.0,0,0,5,5,,0,1-3-4-3,997.0,216,1,1,0,1.0
2024-25,template,hold,13,xp_ft,ft,31.0,45.0,0.0,0,0,5,5,,0,1-3-4-3,1003.0,219,1,1,0,1.0
2024-25,template,hold,14,xp_ft,ft,79.0,84.0,0.0,0,0,5,5,,0,1-3-4-3,1018.0,212,0,0,0,0.0
2024-25,template,hold,15,xp_ft,ft,54.0,55.0,0.0,0,0,5,5,,0,1-3-4-3,1012.0,205,0,0,0,0.0
2024-25,template,hold,16,xp_ft,ft,45.0,48.0,0.0,0,0,5,5,,0,1-4-3-3,1013.0,223,0,0,0,0.0
2024-25,template,hold,17,xp_ft,ft,50.0,53.0,0.0,0,0,5,5,,0,1-4-3-3,989.0,220,1,1,0,-1.0
2024-25,template,hold,18,xp_ft,ft,41.0,51.0,0.0,0,0,5,5,,0,1-4-3-3,1006.0,224,0,0,0,0.0
2024-25,template,hold,19,xp_ft,ft,65.0,73.0,0.0,0,0,5,5,,0,1-3-4-3,1001.0,217,0,0,0,0.0
2024-25,template,hold,20,xp_ft,ft,48.0,61.0,0.0,0,0,5,5,,0,1-4-3-3,1009.0,212,1,1,0,1.0
2024-25,template,hold,21,xp_ft,ft,56.0,66.0,0.0,0,0,5,5,,0,1-3-4-3,1001.0,226,0,0,0,0.0
2024-25,template,hold,22,xp_ft,ft,45.0,47.0,0.0,0,0,5,5,,0,1-3-4-3,999.0,222,1,1,0,1.0
2024-25,template,hold,23,xp_ft,ft,69.0,82.0,0.0,0,0,5,5,,0,1-3-4-3,999.0,223,0,0,0,0.0
2024-25,template,hold,24,xp_ft,ft,25.0,31.0,0.0,0,0,5,5,,0,1-3-4-3,999.0,221,0,0,0,0.0
2024-25,template,hold,25,xp_ft,ft,54.0,62.0,0.0,0,0,5,5,,0,1-3-4-3,1017.0,221,0,0,0,0.0
2024-25,template,hold,26,xp_ft,ft,29.0,42.0,0.0,0,0,5,5,,0,1-3-4-3,920.0,221,0,1,1,0.0
2024-25,template,hold,27,xp_ft,ft,53.0,56.0,0.0,0,0,5,5,,0,1-4-4-2,967.0,220,2,2,0,2.0
2024-25,template,hold,28,xp_ft,ft,30.0,31.0,0.0,0,0,5,5,,0,1-3-4-3,994.0,229,0,0,0,0.0
2024-25,template,hold,29,xp_ft,ft,28.0,35.0,0.0,0,0,5,5,,0,1-5-3-2,848.0,193,0,4,4,0.0
2024-25,template,hold,30,xp_ft,ft,40.0,46.0,0.0,0,0,5,5,,0,1-4-4-2,910.0,234,1,1,0,0.0
2024-25,template,hold,31,xp_ft,ft,38.0,40.0,0.0,0,0,5,5,,0,1-4-4-2,913.0,226,1,1,0,1.0
2024-25,template,hold,32,xp_ft,ft,35.0,39.0,0.0,0,0,5,5,,0,1-3-4-3,912.0,230,1,2,1,0.0
2024-25,template,hold,33,xp_ft,ft,48.0,50.0,0.0,0,0,5,5,,0,1-4-3-3,915.0,242,1,2,1,2.0
2024-25,template,hold,34,xp_ft,ft,18.0,24.0,0.0,0,0,5,5,,0,1-3-4-3,823.0,176,0,7,7,0.0
2024-25,template,hold,35,xp_ft,ft,45.0,55.0,0.0,0,0,5,5,,0,1-3-4-3,913.0,227,1,2,1,1.0
2024-25,template,hold,36,xp_ft,ft,51.0,53.0,0.0,0,0,5,5,,0,1-3-4-3,1013.0,228,0,0,0,0.0
2024-25,template,hold,37,xp_ft,ft,33.0,35.0,0.0,0,0,5,5,,0,1-3-4-3,973.0,221,1,2,1,1.0
2024-25,template,hold,38,xp_ft,ft,27.0,29.0,0.0,0,0,5,5,,0,1-3-4-3,1009.0,231,0,1,1,0.0
2024-25,template,climb,1,xp_ft,ft,48.0,49.0,0.0,0,0,0,1,,0,1-3-4-3,1000.0,0,1,1,0,8.0
2024-25,template,climb,2,xp_ft,ft,76.0,93.0,0.0,0,0,1,2,,0,1-4-4-2,1000.0,0,0,0,0,0.0
2024-25,template,climb,3,xp_ft,ft,58.0,64.0,0.0,0,0,2,3,,0,1-3-4-3,999.0,0,0,0,0,0.0
2024-25,template,climb,4,xp_ft,ft,53.0,66.0,0.0,3,0,3,1,,11,1-3-4-3,988.0,178,0,0,0,0.0
2024-25,template,climb,5,xp_ft,ft,86.0,95.0,0.0,1,0,1,1,,19,1-3-4-3,987.0,195,1,1,0,10.0
2024-25,template,climb,6,xp_ft,ft,39.0,41.0,0.0,1,0,1,1,,13,1-4-3-3,989.0,210,0,0,0,0.0
2024-25,template,climb,7,xp_ft,ft,35.0,37.0,0.0,1,0,1,1,,7,1-4-3-3,1003.0,215,0,0,0,0.0
2024-25,template,climb,8,xp_ft,ft,32.0,34.0,0.0,1,0,1,1,,1,1-4-4-2,1003.0,218,0,0,0,0.0
2024-25,template,climb,9,xp_ft,ft,54.0,60.0,0.0,1,0,1,1,,3,1-3-4-3,1004.0,208,0,0,0,0.0
2024-25,template,climb,10,xp_ft,ft,33.0,35.0,0.0,0,0,1,2,,3,1-4-3-3,1004.0,217,0,0,0,0.0
2024-25,template,climb,11,xp_ft,ft,47.0,52.0,0.0,2,0,2,1,,2,1-4-3-3,1005.0,225,0,0,0,0.0
2024-25,template,climb,12,xp_ft,ft,42.0,44.0,0.0,1,0,1,1,,5,1-3-4-3,985.0,216,1,1,0,0.0
2024-25,template,climb,13,xp_ft,ft,43.0,45.0,0.0,0,0,1,2,,5,1-3-4-3,1005.0,219,1,1,0,2.0
2024-25,template,climb,14,xp_ft,ft,56.0,61.0,0.0,2,0,2,1,,5,1-3-5-2,961.0,212,2,3,1,4.0
2024-25,template,climb,15,xp_ft,ft,44.0,51.0,0.0,1,0,1,1,,1,1-3-4-3,969.0,205,2,2,0,6.0
2024-25,template,climb,16,xp_ft,ft,62.0,64.0,4.0,2,1,1,1,,3,1-3-4-3,979.0,223,1,1,0,0.0
2024-25,template,climb,17,xp_ft,ft,68.0,85.0,0.0,0,0,1,2,,3,1-3-4-3,980.0,220,0,0,0,0.0
2024-25,template,climb,18,xp_ft,ft,46.0,46.0,0.0,2,0,2,1,,6,1-3-4-3,971.0,224,1,1,0,6.0
2024-25,template,climb,19,xp_ft,ft,59.0,67.0,0.0,1,0,1,1,,4,1-4-3-3,968.0,217,1,1,0,5.0
2024-25,template,climb,20,xp_ft,ft,42.0,55.0,0.0,0,0,1,2,,4,1-4-3-3,964.0,212,2,2,0,1.0
2024-25,template,climb,21,xp_ft,ft,55.0,71.0,0.0,2,0,2,1,,3,1-3-4-3,982.0,226,1,1,0,6.0
2024-25,template,climb,22,xp_ft,ft,35.0,41.0,0.0,0,0,1,2,,3,1-4-3-3,975.0,222,0,0,0,0.0
2024-25,template,climb,23,xp_ft,ft,73.0,86.0,0.0,2,0,2,1,,28,1-3-5-2,956.0,223,0,0,0,0.0
2024-25,template,climb,24,xp_ft,ft,33.0,35.0,0.0,1,0,1,1,,15,1-3-4-3,969.0,221,1,1,0,11.0
2024-25,template,climb,25,xp_ft,ft,47.0,55.0,0.0,0,0,1,2,,15,1-4-4-2,938.0,221,1,1,0,6.0
2024-25,template,climb,26,xp_ft,ft,66.0,79.0,0.0,0,0,2,3,,15,1-3-5-2,937.0,221,1,1,0,2.0
2024-25,template,climb,27,xp_ft,ft,65.0,75.0,0.0,2,0,3,2,,11,1-4-5-1,907.0,220,2,2,0,8.0
2024-25,template,climb,28,xp_ft,ft,28.0,29.0,0.0,2,0,2,1,,5,1-4-4-2,949.0,229,1,1,0,2.0
2024-25,template,climb,29,xp_ft,ft,44.0,47.0,0.0,1,0,1,1,,5,1-3-5-2,815.0,193,0,2,2,0.0
2024-25,template,climb,30,xp_ft,ft,34.0,40.0,0.0,0,0,1,2,,5,1-4-4-2,939.0,234,1,1,0,2.0
2024-25,template,climb,31,xp_ft,ft,37.0,39.0,0.0,0,0,2,3,,5,1-3-4-3,926.0,226,2,2,0,9.0
2024-25,template,climb,32,xp_ft,ft,46.0,50.0,0.0,3,0,3,1,,0,1-3-5-2,932.0,230,2,2,0,16.0
2024-25,template,climb,33,xp_ft,ft,48.0,50.0,0.0,1,0,1,1,,22,1-3-4-3,931.0,242,1,1,0,5.0
2024-25,template,climb,34,xp_ft,ft,60.0,66.0,0.0,1,0,1,1,,21,1-3-4-3,906.0,176,0,0,0,0.0
2024-25,template,climb,35,xp_ft,ft,56.0,57.0,4.0,2,1,1,1,,5,1-3-4-3,938.0,227,1,1,0,2.0
2024-25,template,climb,36,xp_ft,ft,29.0,35.0,0.0,0,0,1,2,,5,1-3-4-3,938.0,228,1,1,0,-2.0
2024-25,template,climb,37,xp_ft,ft,42.0,44.0,0.0,0,0,2,3,,5,1-4-5-1,874.0,221,2,2,0,1.0
2024-25,template,climb,38,xp_ft,ft,41.0,43.0,0.0,0,0,3,4,,5,1-3-5-2,913.0,231,1,1,0,2.0
2024-25,premium,hold,1,xp_ft,ft,44.0,45.0,0.0,0,0,0,1,,0,1-3-4-3,1000.0,0,0,1,1,0.0
2024-25,premium,hold,2,xp_ft,ft,66.0,76.0,0.0,0,0,1,2,,0,1-3-5-2,1000.0,0,0,1,1,0.0
2024-25,premium,hold,3,xp_ft,ft,60.0,66.0,0.0,0,0,2,3,,0,1-3-5-2,1000.0,0,1,1,0,1.0
2024-25,premium,hold,4,xp_ft,ft,35.0,48.0,0.0,0,0,3,4,,0,1-3-5-2,1002.0,178,0,1,1,0.0
2024-25,premium,hold,5,xp_ft,ft,56.0,65.0,0.0,0,0,4,5,,0,1-3-4-3,1002.0,195,0,1,1,0.0
2024-25,premium,hold,6,xp_ft,ft,66.0,69.0,0.0,0,0,5,5,,0,1-3-5-2,1012.0,210,1,2,1,2.0
2024-25,premium,hold,7,xp_ft,ft,46.0,48.0,0.0,0,0,5,5,,0,1-4-4-2,1015.0,215,1,2,1,1.0
2024-25,premium,hold,8,xp_ft,ft,26.0,28.0,0.0,0,0,5,5,,0,1-3-4-3,964.0,218,2,4,2,1.0
2024-25,premium,hold,9,xp_ft,ft,50.0,56.0,0.0,0,0,5,5,,0,1-3-5-2,1018.0,208,2,2,0,6.0
2024-25,premium,hold,10,xp_ft,ft,59.0,61.0,0.0,0,0,5,5,,0,1-3-5-2,1014.0,217,1,1,0,2.0
2024-25,premium,hold,11,xp_ft,ft,54.0,59.0,0.0,0,0,5,5,,0,1-3-4-3,1003.0,225,0,0,0,0.0
2024-25,premium,hold,12,xp_ft,ft,56.0,58.0,0.0,0,0,5,5,,0,1-3-4-3,1020.0,216,1,2,1,1.0
2024-25,premium,hold,13,xp_ft,ft,56.0,69.0,0.0,0,0,5,5,,0,1-3-4-3,996.0,219,1,2,1,1.0
2024-25,premium,hold,14,xp_ft,ft,53.0,58.0,0.0,0,0,5,5,,0,1-3-4-3,1026.0,212,0,1,1,0.0
2024-25,premium,hold,15,xp_ft,ft,49.0,56.0,0.0,0,0,5,5,,0,1-3-4-3,944.0,205,1,2,1,2.0
2024-25,premium,hold,16,xp_ft,ft,33.0,38.0,0.0,0,0,5,5,,0,1-3-4-3,1025.0,223,1,1,0,0.0
2024-25,premium,hold,17,xp_ft,ft,71.0,92.0,0.0,0,0,5,5,,0,1-3-4-3,1022.0,220,1,1,0,8.0
2024-25,premium,hold,18,xp_ft,ft,37.0,46.0,0.0,0,0,5,5,,0,1-4-3-3,965.0,224,1,1,0,1.0
2024-25,premium,hold,19,xp_ft,ft,56.0,72.0,0.0,0,0,5,5,,0,1-4-3-3,970.0,217,1,2,1,0.0
2024-25,premium,hold,20,xp_ft,ft,53.0,60.0,0.0,0,0,5,5,,0,1-4-3-3,968.0,212,2,3,1,11.0
2024-25,premium,hold,21,xp_ft,ft,39.0,41.0,0.0,0,0,5,5,,0,1-3-4-3,966.0,226,1,1,0,2.0
2024-25,premium,hold,22,xp_ft,ft,26.0,29.0,0.0,0,0,5,5,,0,1-4-4-2,939.0,222,2,2,0,3.0
2024-25,premium,hold,23,xp_ft,ft,32.0,40.0,0.0,0,0,5,5,,0,1-4-4-2,944.0,223,2,3,1,2.0
2024-25,premium,hold,24,xp_ft,ft,35.0,41.0,0.0,0,0,5,5,,0,1-4-4-2,944.0,221,2,3,1,3.0
2024-25,premium,hold,25,xp_ft,ft,20.0,28.0,0.0,0,0,5,5,,0,1-3-4-3,954.0,221,1,5,4,0.0
2024-25,premium,hold,26,xp_ft,ft,32.0,46.0,0.0,0,0,5,5,,0,1-4-4-2,853.0,221,0,4,4,0.0
2024-25,premium,hold,27,xp_ft,ft,37.0,40.0,0.0,0,0,5,5,,0,1-4-4-2,942.0,220,2,3,1,2.0
2024-25,premium,hold,28,xp_ft,ft,45.0,60.0,0.0,0,0,5,5,,0,1-3-4-3,965.0,229,1,2,1,1.0
2024-25,premium,hold,29,xp_ft,ft,18.0,25.0,0.0,0,0,5,5,,0,1-3-4-3,830.0,193,0,5,5,0.0
2024-25,premium,hold,30,xp_ft,ft,41.0,44.0,0.0,0,0,5,5,,0,1-4-4-2,920.0,234,1,2,1,0.0
2024-25,premium,hold,31,xp_ft,ft,25.0,27.0,0.0,0,0,5,5,,0,1-4-4-2,922.0,226,1,2,1,1.0
2024-25,premium,hold,32,xp_ft,ft,43.0,47.0,0.0,0,0,5,5,,0,1-4-4-2,923.0,230,1,2,1,0.0
2024-25,premium,hold,33,xp_ft,ft,15.0,18.0,0.0,0,0,5,5,,0,1-4-4-2,922.0,242,1,2,1,2.0
2024-25,premium,hold,34,xp_ft,ft,33.0,41.0,0.0,0,0,5,5,,0,1-4-4-2,865.0,176,0,5,5,0.0
2024-25,premium,hold,35,xp_ft,ft,27.0,37.0,0.0,0,0,5,5,,0,1-4-4-2,894.0,227,1,4,3,2.0
2024-25,premium,hold,36,xp_ft,ft,37.0,39.0,0.0,0,0,5,5,,0,1-4-4-2,990.0,228,1,3,2,6.0
2024-25,premium,hold,37,xp_ft,ft,33.0,35.0,0.0,0,0,5,5,,0,1-4-4-2,1013.0,221,1,2,1,1.0
2024-25,premium,hold,38,xp_ft,ft,35.0,45.0,0.0,0,0,5,5,,0,1-3-4-3,1016.0,231,1,2,1,1.0
2024-25,premium,climb,1,xp_ft,ft,44.0,45.0,0.0,0,0,0,1,,0,1-3-4-3,1000.0,0,0,1,1,0.0
2024-25,premium,climb,2,xp_ft,ft,66.0,76.0,0.0,0,0,1,2,,0,1-3-5-2,1000.0,0,0,1,1,0.0
2024-25,premium,climb,3,xp_ft,ft,60.0,66.0,0.0,0,0,2,3,,0,1-3-5-2,1000.0,0,1,1,0,1.0
2024-25,premium,climb,4,xp_ft,ft,41.0,54.0,0.0,3,0,3,1,,6,1-4-4-2,996.0,178,0,0,0,0.0
2024-25,premium,climb,5,xp_ft,ft,64.0,73.0,0.0,1,0,1,1,,2,1-3-4-3,984.0,195,1,1,0,9.0
2024-25,premium,climb,6,xp_ft,ft,44.0,47.0,0.0,1,0,1,1,,2,1-4-4-2,1004.0,210,1,1,0,2.0
2024-25,premium,climb,7,xp_ft,ft,55.0,57.0,0.0,1,0,1,1,,7,1-4-4-2,1002.0,215,1,1,0,5.0
2024-25,premium,climb,8,xp_ft,ft,33.0,35.0,0.0,1,0,1,1,,1,1-5-3-2,956.0,218,2,2,0,1.0
2024-25,premium,climb,9,xp_ft,ft,61.0,67.0,0.0,0,0,1,2,,1,1-3-5-2,1008.0,208,0,0,0,0.0
2024-25,premium,climb,10,xp_ft,ft,52.0,54.0,0.0,0,0,2,3,,1,1-4-4-2,1009.0,217,1,1,0,6.0
2024-25,premium,climb,11,xp_ft,ft,50.0,55.0,0.0,3,0,3,1,,0,1-3-5-2,1010.0,225,0,0,0,0.0
2024-25,premium,climb,12,xp_ft,ft,44.0,46.0,0.0,0,0,1,2,,0,1-3-5-2,1018.0,216,2,2,0,2.0
2024-25,premium,climb,13,xp_ft,ft,51.0,64.0,0.0,2,0,2,1,,1,1-4-4-2,985.0,219,1,2,1,1.0
2024-25,premium,climb,14,xp_ft,ft,42.0,47.0,0.0,1,0,1,1,,2,1-3-4-3,1013.0,212,1,2,1,0.0
2024-25,premium,climb,15,xp_ft,ft,38.0,45.0,0.0,1,0,1,1,,5,1-4-3-3,926.0,205,0,1,1,0.0
2024-25,premium,climb,16,xp_ft,ft,41.0,46.0,0.0,1,0,1,1,,1,1-3-4-3,1012.0,223,0,0,0,0.0
2024-25,premium,climb,17,xp_ft,ft,56.0,77.0,0.0,0,0,1,2,,1,1-4-4-2,1006.0,220,0,1,1,0.0
2024-25,premium,climb,18,xp_ft,ft,35.0,44.0,0.0,2,0,2,1,,2,1-3-4-3,1003.0,224,0,1,1,0.0
2024-25,premium,climb,19,xp_ft,ft,60.0,76.0,0.0,0,0,1,2,,2,1-4-3-3,991.0,217,1,2,1,9.0
2024-25,premium,climb,20,xp_ft,ft,45.0,52.0,0.0,2,0,2,1,,6,1-4-4-2,984.0,212,1,2,1,-1.0
2024-25,premium,climb,21,xp_ft,ft,35.0,37.0,0.0,1,0,1,1,,9,1-3-5-2,998.0,226,2,3,1,3.0
2024-25,premium,climb,22,xp_ft,ft,43.0,46.0,0.0,0,0,1,2,,9,1-4-4-2,999.0,222,0,0,0,0.0
2024-25,premium,climb,23,xp_ft,ft,61.0,69.0,0.0,2,0,2,1,,0,1-3-4-3,976.0,223,2,2,0,3.0
2024-25,premium,climb,24,xp_ft,ft,48.0,64.0,0.0,1,0,1,1,,6,1-3-4-3,999.0,221,1,2,1,1.0
2024-25,premium,climb,25,xp_ft,ft,42.0,50.0,0.0,1,0,1,1,,5,1-3-5-2,993.0,221,0,0,0,0.0
2024-25,premium,climb,26,xp_ft,ft,78.0,92.0,0.0,0,0,1,2,,5,1-3-5-2,902.0,221,1,1,0,13.0
2024-25,premium,climb,27,xp_ft,ft,78.0,84.0,0.0,2,0,2,1,,1,1-3-4-3,1006.0,220,0,0,0,0.0
2024-25,premium,climb,28,xp_ft,ft,44.0,59.0,0.0,1,0,1,1,,25,1-3-5-2,979.0,229,1,1,0,1.0
2024-25,premium,climb,29,xp_ft,ft,40.0,47.0,0.0,1,0,1,1,,13,1-3-4-3,893.0,193,0,1,1,0.0
2024-25,premium,climb,30,xp_ft,ft,40.0,43.0,0.0,1,0,1,1,,0,1-5-3-2,883.0,234,2,2,0,10.0
2024-25,premium,climb,31,xp_ft,ft,30.0,32.0,0.0,0,0,1,2,,0,1-4-4-2,882.0,226,2,2,0,3.0
2024-25,premium,climb,32,xp_ft,ft,35.0,41.0,0.0,2,0,2,1,,8,1-4-4-2,874.0,230,2,2,0,3.0
2024-25,premium,climb,33,xp_ft,ft,30.0,33.0,0.0,0,0,1,2,,8,1-3-5-2,886.0,242,2,2,0,3.0
2024-25,premium,climb,34,xp_ft,ft,58.0,66.0,0.0,2,0,2,1,,13,1-4-5-1,874.0,176,1,1,0,1.0
2024-25,premium,climb,35,xp_ft,ft,24.0,25.0,4.0,2,1,1,1,,4,1-4-5-1,884.0,227,3,3,0,4.0
2024-25,premium,climb,36,xp_ft,ft,25.0,27.0,0.0,1,0,1,1,,13,1-4-4-2,977.0,228,1,1,0,1.0
2024-25,premium,climb,37,xp_ft,ft,35.0,37.0,0.0,1,0,1,1,,0,1-4-4-2,991.0,221,1,1,0,1.0
2024-25,premium,climb,38,xp_ft,ft,55.0,65.0,0.0,0,0,1,2,,0,1-4-4-2,990.0,231,1,1,0,1.0
2024-25,next,hold,1,xp_ft,ft,37.0,38.0,0.0,0,0,0,1,,0,1-4-4-2,1000.0,0,1,1,0,8.0
2024-25,next,hold,2,xp_ft,ft,45.0,51.0,0.0,0,0,1,2,,0,1-4-4-2,1000.0,0,0,1,1,0.0
2024-25,next,hold,3,xp_ft,ft,46.0,48.0,0.0,0,0,2,3,,0,1-4-4-2,996.0,0,0,1,1,0.0
2024-25,next,hold,4,xp_ft,ft,25.0,27.0,0.0,0,0,3,4,,0,1-5-4-1,995.0,178,0,0,0,0.0
2024-25,next,hold,5,xp_ft,ft,54.0,60.0,0.0,0,0,4,5,,0,1-4-4-2,934.0,195,0,0,0,0.0
2024-25,next,hold,6,xp_ft,ft,42.0,45.0,0.0,0,0,5,5,,0,1-5-4-1,944.0,210,1,1,0,2.0
2024-25,next,hold,7,xp_ft,ft,63.0,79.0,0.0,0,0,5,5,,0,1-4-5-1,988.0,215,2,2,0,3.0
2024-25,next,hold,8,xp_ft,ft,36.0,38.0,0.0,0,0,5,5,,0,1-4-4-2,935.0,218,2,3,1,11.0
2024-25,next,hold,9,xp_ft,ft,34.0,43.0,0.0,0,0,5,5,,0,1-4-4-2,964.0,208,2,3,1,3.0
2024-25,next,hold,10,xp_ft,ft,59.0,68.0,0.0,0,0,5,5,,0,1-4-5-1,983.0,217,1,1,0,6.0
2024-25,next,hold,11,xp_ft,ft,61.0,75.0,0.0,0,0,5,5,,0,1-3-5-2,987.0,225,0,0,0,0.0
2024-25,next,hold,12,xp_ft,ft,61.0,74.0,0.0,0,0,5,5,,0,1-3-5-2,976.0,216,1,2,1,5.0
2024-25,next,hold,13,xp_ft,ft,62.0,75.0,0.0,0,0,5,5,,0,1-4-5-1,970.0,219,2,2,0,0.0
2024-25,next,hold,14,xp_ft,ft,64.0,82.0,0.0,0,0,5,5,,0,1-4-4-2,955.0,212,1,1,0,1.0
2024-25,next,hold,15,xp_ft,ft,29.0,31.0,0.0,0,0,5,5,,0,1-3-4-3,864.0,205,0,3,3,0.0
2024-25,next,hold,16,xp_ft,ft,42.0,47.0,0.0,0,0,5,5,,0,1-3-5-2,999.0,223,1,1,0,1.0
2024-25,next,hold,17,xp_ft,ft,69.0,90.0,0.0,0,0,5,5,,0,1-3-5-2,999.0,220,1,1,0,2.0
2024-25,next,hold,18,xp_ft,ft,40.0,49.0,0.0,0,0,5,5,,0,1-4-4-2,941.0,224,1,1,0,1.0
2024-25,next,hold,19,xp_ft,ft,65.0,81.0,0.0,0,0,5,5,,0,1-5-3-2,911.0,217,2,2,0,16.0
2024-25,next,hold,20,xp_ft,ft,53.0,60.0,0.0,0,0,5,5,,0,1-4-4-2,946.0,212,1,1,0,9.0
2024-25,next,hold,21,xp_ft,ft,57.0,59.0,0.0,0,0,5,5,,0,1-5-4-1,948.0,226,1,1,0,2.0
2024-25,next,hold,22,xp_ft,ft,55.0,58.0,0.0,0,0,5,5,,0,1-5-4-1,924.0,222,1,1,0,1.0
2024-25,next,hold,23,xp_ft,ft,42.0,50.0,0.0,0,0,5,5,,0,1-5-4-1,925.0,223,1,1,0,6.0
2024-25,next,hold,24,xp_ft,ft,44.0,60.0,0.0,0,0,5,5,,0,1-5-4-1,926.0,221,1,1,0,1.0
2024-25,next,hold,25,xp_ft,ft,28.0,36.0,0.0,0,0,5,5,,0,1-4-5-1,928.0,221,1,2,1,0.0
2024-25,next,hold,26,xp_ft,ft,50.0,64.0,0.0,0,0,5,5,,0,1-5-4-1,924.0,221,1,1,0,2.0
2024-25,next,hold,27,xp_ft,ft,44.0,50.0,0.0,0,0,5,5,,0,1-5-4-1,924.0,220,2,2,0,1.0
2024-25,next,hold,28,xp_ft,ft,64.0,79.0,0.0,0,0,5,5,,0,1-5-3-2,922.0,229,2,2,0,7.0
2024-25,next,hold,29,xp_ft,ft,32.0,49.0,0.0,0,0,5,5,,0,1-3-4-3,829.0,193,0,4,4,0.0
2024-25,next,hold,30,xp_ft,ft,29.0,32.0,0.0,0,0,5,5,,0,1-4-4-2,911.0,234,2,3,1,2.0
2024-25,next,hold,31,xp_ft,ft,21.0,23.0,0.0,0,0,5,5,,0,1-3-5-2,958.0,226,1,2,1,1.0
2024-25,next,hold,32,xp_ft,ft,51.0,57.0,0.0,0,0,5,5,,0,1-4-4-2,937.0,230,2,2,0,8.0
2024-25,next,hold,33,xp_ft,ft,22.0,25.0,0.0,0,0,5,5,,0,1-4-4-2,957.0,242,1,1,0,1.0
2024-25,next,hold,34,xp_ft,ft,45.0,53.0,0.0,0,0,5,5,,0,1-4-3-3,905.0,176,0,2,2,0.0
2024-25,next,hold,35,xp_ft,ft,18.0,20.0,0.0,0,0,5,5,,0,1-5-4-1,935.0,227,1,2,1,2.0
2024-25,next,hold,36,xp_ft,ft,36.0,38.0,0.0,0,0,5,5,,0,1-4-5-1,969.0,228,0,1,1,0.0
2024-25,next,hold,37,xp_ft,ft,39.0,42.0,0.0,0,0,5,5,,0,1-4-4-2,929.0,221,2,3,1,2.0
2024-25,next,hold,38,xp_ft,ft,34.0,44.0,0.0,0,0,5,5,,0,1-4-5-1,994.0,231,1,1,0,1.0
2024-25,next,climb,1,xp_ft,ft,37.0,38.0,0.0,0,0,0,1,,0,1-4-4-2,1000.0,0,1,1,0,8.0
2024-25,next,climb,2,xp_ft,ft,45.0,51.0,0.0,0,0,1,2,,0,1-4-4-2,1000.0,0,0,1,1,0.0
2024-25,next,climb,3,xp_ft,ft,46.0,48.0,0.0,0,0,2,3,,0,1-4-4-2,996.0,0,0,1,1,0.0
2024-25,next,climb,4,xp_ft,ft,26.0,28.0,0.0,3,0,3,1,,1,1-3-5-2,994.0,178,0,0,0,0.0
2024-25,next,climb,5,xp_ft,ft,84.0,90.0,0.0,1,0,1,1,,4,1-3-5-2,973.0,195,0,0,0,0.0
2024-25,next,climb,6,xp_ft,ft,35.0,38.0,0.0,1,0,1,1,,0,1-3-5-2,994.0,210,0,0,0,0.0
2024-25,next,climb,7,xp_ft,ft,80.0,96.0,0.0,1,0,1,1,,8,1-3-5-2,984.0,215,0,0,0,0.0
2024-25,next,climb,8,xp_ft,ft,31.0,33.0,0.0,1,0,1,1,,0,1-4-4-2,944.0,218,1,1,0,-2.0
2024-25,next,climb,9,xp_ft,ft,59.0,74.0,0.0,1,0,1,1,,2,1-4-4-2,972.0,208,1,1,0,1.0
2024-25,next,climb,10,xp_ft,ft,50.0,59.0,0.0,0,0,1,2,,2,1-3-5-2,989.0,217,0,0,0,0.0
2024-25,next,climb,11,xp_ft,ft,37.0,51.0,0.0,2,0,2,1,,8,1-3-5-2,985.0,225,0,0,0,0.0
2024-25,next,climb,12,xp_ft,ft,58.0,71.0,0.0,0,0,1,2,,8,1-3-5-2,970.0,216,1,1,0,5.0
2024-25,next,climb,13,xp_ft,ft,68.0,81.0,0.0,2,0,2,1,,2,1-3-5-2,973.0,219,1,1,0,4.0
2024-25,next,climb,14,xp_ft,ft,45.0,63.0,0.0,1,0,1,1,,9,1-3-5-2,942.0,212,3,4,1,4.0
2024-25,next,climb,15,xp_ft,ft,22.0,24.0,0.0,1,0,1,1,,1,1-3-4-3,910.0,205,2,2,0,4.0
2024-25,next,climb,16,xp_ft,ft,53.0,58.0,0.0,0,0,1,2,,1,1-3-5-2,993.0,223,2,2,0,5.0
2024-25,next,climb,17,xp_ft,ft,58.0,79.0,0.0,0,0,2,3,,1,1-4-5-1,990.0,220,2,2,0,8.0
2024-25,next,climb,18,xp_ft,ft,51.0,60.0,0.0,0,0,3,4,,1,1-4-4-2,933.0,224,2,2,0,8.0
2024-25,next,climb,19,xp_ft,ft,49.0,65.0,0.0,2,0,4,3,,0,1-4-4-2,937.0,217,2,2,0,6.0
2024-25,next,climb,20,xp_ft,ft,38.0,45.0,0.0,0,0,3,4,,0,1-4-4-2,936.0,212,2,2,0,11.0
2024-25,next,climb,21,xp_ft,ft,48.0,50.0,0.0,3,0,4,2,,3,1-3-4-3,941.0,226,1,1,0,12.0
2024-25,next,climb,22,xp_ft,ft,48.0,51.0,0.0,2,0,2,1,,0,1-4-4-2,946.0,222,2,2,0,11.0
2024-25,next,climb,23,xp_ft,ft,60.0,68.0,0.0,0,0,1,2,,0,1-4-4-2,941.0,223,1,1,0,0.0
2024-25,next,climb,24,xp_ft,ft,70.0,86.0,0.0,0,0,2,3,,0,1-3-4-3,941.0,221,1,1,0,2.0
2024-25,next,climb,25,xp_ft,ft,44.0,52.0,0.0,2,0,3,2,,0,1-4-4-2,889.0,221,2,3,1,10.0
2024-25,next,climb,26,xp_ft,ft,46.0,60.0,0.0,0,0,2,3,,0,1-4-4-2,889.0,221,3,4,1,2.0
2024-25,next,climb,27,xp_ft,ft,50.0,56.0,0.0,0,0,3,4,,0,1-4-4-2,890.0,220,3,4,1,4.0
2024-25,next,climb,28,xp_ft,ft,53.0,68.0,0.0,2,0,4,3,,0,1-4-4-2,891.0,229,2,3,1,4.0
2024-25,next,climb,29,xp_ft,ft,19.0,22.0,0.0,2,0,3,2,,6,1-3-4-3,782.0,193,2,4,2,3.0
2024-25,next,climb,30,xp_ft,ft,44.0,50.0,0.0,2,0,2,1,,2,1-4-4-2,851.0,234,2,2,0,20.0
2024-25,next,climb,31,xp_ft,ft,41.0,42.0,0.0,0,0,1,2,,2,1-3-4-3,837.0,226,3,4,1,11.0
2024-25,next,climb,32,xp_ft,ft,49.0,53.0,0.0,2,0,2,1,,1,1-3-4-3,839.0,230,3,4,1,17.0
2024-25,next,climb,33,xp_ft,ft,34.0,36.0,0.0,1,0,1,1,,1,1-3-5-2,847.0,242,3,3,0,8.0
2024-25,next,climb,34,xp_ft,ft,60.0,63.0,0.0,1,0,1,1,,0,1-3-5-2,834.0,176,1,2,1,1.0
2024-25,next,climb,35,xp_ft,ft,39.0,36.0,4.0,2,1,1,1,,5,1-3-5-2,826.0,227,3,4,1,6.0
2024-25,next,climb,36,xp_ft,ft,28.0,29.0,0.0,0,0,1,2,,5,1-3-5-2,826.0,228,3,4,1,13.0
2024-25,next,climb,37,xp_ft,ft,35.0,37.0,0.0,0,0,2,3,,5,1-3-5-2,853.0,221,3,3,0,2.0
2024-25,next,climb,38,xp_ft,ft,29.0,30.0,0.0,0,0,3,4,,5,1-3-5-2,853.0,231,3,3,0,7.0
2024-25,third,hold,1,xp_ft,ft,49.0,49.0,0.0,0,0,0,1,,25,1-3-5-2,975.0,0,3,3,0,7.0
2024-25,third,hold,2,xp_ft,ft,51.0,57.0,0.0,0,0,1,2,,25,1-3-5-2,973.0,0,0,0,0,0.0
2024-25,third,hold,3,xp_ft,ft,34.0,42.0,0.0,0,0,2,3,,25,1-3-5-2,967.0,0,0,0,0,0.0
2024-25,third,hold,4,xp_ft,ft,39.0,40.0,0.0,0,0,3,4,,25,1-4-4-2,964.0,178,0,0,0,0.0
2024-25,third,hold,5,xp_ft,ft,39.0,49.0,0.0,0,0,4,5,,25,1-5-3-2,877.0,195,1,1,0,1.0
2024-25,third,hold,6,xp_ft,ft,34.0,35.0,0.0,0,0,5,5,,25,1-5-3-2,860.0,210,1,1,0,2.0
2024-25,third,hold,7,xp_ft,ft,55.0,63.0,0.0,0,0,5,5,,25,1-5-3-2,859.0,215,1,1,0,6.0
2024-25,third,hold,8,xp_ft,ft,34.0,35.0,0.0,0,0,5,5,,25,1-5-4-1,887.0,218,0,2,2,0.0
2024-25,third,hold,9,xp_ft,ft,17.0,17.0,0.0,0,0,5,5,,25,1-4-4-2,822.0,208,1,4,3,1.0
2024-25,third,hold,10,xp_ft,ft,22.0,23.0,0.0,0,0,5,5,,25,1-4-4-2,864.0,217,1,3,2,0.0
2024-25,third,hold,11,xp_ft,ft,42.0,48.0,0.0,0,0,5,5,,25,1-4-4-2,900.0,225,2,2,0,2.0
2024-25,third,hold,12,xp_ft,ft,26.0,32.0,0.0,0,0,5,5,,25,1-5-4-1,875.0,216,2,2,0,2.0
2024-25,third,hold,13,xp_ft,ft,38.0,44.0,0.0,0,0,5,5,,25,1-4-4-2,898.0,219,2,2,0,2.0
2024-25,third,hold,14,xp_ft,ft,32.0,35.0,0.0,0,0,5,5,,25,1-3-5-2,888.0,212,2,3,1,15.0
2024-25,third,hold,15,xp_ft,ft,29.0,31.0,0.0,0,0,5,5,,25,1-4-4-2,880.0,205,0,1,1,0.0
2024-25,third,hold,16,xp_ft,ft,53.0,56.0,0.0,0,0,5,5,,25,1-4-4-2,912.0,223,1,1,0,7.0
2024-25,third,hold,17,xp_ft,ft,28.0,30.0,0.0,0,0,5,5,,25,1-4-5-1,946.0,220,0,0,0,0.0
2024-25,third,hold,18,xp_ft,ft,33.0,36.0,0.0,0,0,5,5,,25,1-3-5-2,923.0,224,1,1,0,7.0
2024-25,third,hold,19,xp_ft,ft,27.0,27.0,0.0,0,0,5,5,,25,1-4-5-1,901.0,217,1,1,0,1.0
2024-25,third,hold,20,xp_ft,ft,11.0,13.0,0.0,0,0,5,5,,25,1-4-4-2,888.0,212,1,2,1,1.0
2024-25,third,hold,21,xp_ft,ft,45.0,46.0,0.0,0,0,5,5,,25,1-4-4-2,913.0,226,1,1,0,1.0
2024-25,third,hold,22,xp_ft,ft,30.0,37.0,0.0,0,0,5,5,,25,1-4-4-2,892.0,222,1,2,1,1.0
2024-25,third,hold,23,xp_ft,ft,22.0,24.0,0.0,0,0,5,5,,25,1-3-5-2,865.0,223,2,4,2,2.0
2024-25,third,hold,24,xp_ft,ft,53.0,65.0,0.0,0,0,5,5,,25,1-3-5-2,924.0,221,1,1,0,8.0
2024-25,third,hold,25,xp_ft,ft,26.0,32.0,0.0,0,0,5,5,,25,1-4-5-1,895.0,221,2,2,0,1.0
2024-25,third,hold,26,xp_ft,ft,25.0,27.0,0.0,0,0,5,5,,25,1-3-5-2,866.0,221,2,4,2,4.0
2024-25,third,hold,27,xp_ft,ft,45.0,46.0,0.0,0,0,5,5,,25,1-4-5-1,894.0,220,3,3,0,11.0
2024-25,third,hold,28,xp_ft,ft,31.0,32.0,0.0,0,0,5,5,,25,1-4-5-1,893.0,229,2,3,1,9.0
2024-25,third,hold,29,xp_ft,ft,35.0,40.0,0.0,0,0,5,5,,25,1-3-4-3,854.0,193,0,4,4,0.0
2024-25,third,hold,30,xp_ft,ft,35.0,37.0,0.0,0,0,5,5,,25,1-4-4-2,887.0,234,3,4,1,12.0
2024-25,third,hold,31,xp_ft,ft,24.0,25.0,0.0,0,0,5,5,,25,1-3-5-2,882.0,226,2,3,1,8.0
2024-25,third,hold,32,xp_ft,ft,27.0,27.0,0.0,0,0,5,5,,25,1-3-5-2,835.0,230,2,4,2,2.0
2024-25,third,hold,33,xp_ft,ft,19.0,20.0,0.0,0,0,5,5,,25,1-4-5-1,824.0,242,2,6,4,2.0
2024-25,third,hold,34,xp_ft,ft,20.0,21.0,0.0,0,0,5,5,,25,1-3-4-3,792.0,176,0,7,7,0.0
2024-25,third,hold,35,xp_ft,ft,40.0,40.0,0.0,0,0,5,5,,25,1-4-5-1,824.0,227,1,5,4,1.0
2024-25,third,hold,36,xp_ft,ft,17.0,17.0,0.0,0,0,5,5,,25,1-4-5-1,865.0,228,1,6,5,8.0
2024-25,third,hold,37,xp_ft,ft,16.0,16.0,0.0,0,0,5,5,,25,1-5-4-1,856.0,221,0,5,5,0.0
2024-25,third,hold,38,xp_ft,ft,10.0,11.0,0.0,0,0,5,5,,25,1-4-5-1,835.0,231,1,5,4,1.0
2024-25,third,climb,1,xp_ft,ft,49.0,49.0,0.0,0,0,0,1,,25,1-3-5-2,975.0,0,3,3,0,7.0
2024-25,third,climb,2,xp_ft,ft,51.0,57.0,0.0,0,0,1,2,,25,1-3-5-2,973.0,0,0,0,0,0.0
2024-25,third,climb,3,xp_ft,ft,34.0,42.0,0.0,0,0,2,3,,25,1-3-5-2,967.0,0,0,0,0,0.0
2024-25,third,climb,4,xp_ft,ft,34.0,37.0,0.0,3,0,3,1,,35,1-3-4-3,954.0,178,0,0,0,0.0
2024-25,third,climb,5,xp_ft,ft,73.0,85.0,4.0,2,1,1,1,,1,1-3-4-3,962.0,195,2,2,0,4.0
2024-25,third,climb,6,xp_ft,ft,46.0,47.0,0.0,0,0,1,2,,1,1-3-4-3,945.0,210,1,1,0,2.0
2024-25,third,climb,7,xp_ft,ft,51.0,59.0,0.0,2,0,2,1,,0,1-3-4-3,946.0,215,1,1,0,3.0
2024-25,third,climb,8,xp_ft,ft,45.0,47.0,0.0,1,0,1,1,,0,1-3-4-3,987.0,218,0,0,0,0.0
2024-25,third,climb,9,xp_ft,ft,37.0,52.0,0.0,1,0,1,1,,2,1-3-4-3,935.0,208,2,2,0,3.0
2024-25,third,climb,10,xp_ft,ft,44.0,50.0,0.0,0,0,1,2,,2,1-3-4-3,985.0,217,1,1,0,5.0
2024-25,third,climb,11,xp_ft,ft,51.0,53.0,0.0,2,0,2,1,,10,1-3-5-2,974.0,225,1,1,0,0.0
2024-25,third,climb,12,xp_ft,ft,34.0,36.0,0.0,1,0,1,1,,21,1-4-5-1,938.0,216,1,1,0,1.0
2024-25,third,climb,13,xp_ft,ft,44.0,46.0,0.0,1,0,1,1,,11,1-3-5-2,952.0,219,0,0,0,0.0
2024-25,third,climb,14,xp_ft,ft,56.0,59.0,4.0,2,1,1,1,,4,1-3-5-2,930.0,212,3,3,0,8.0
2024-25,third,climb,15,xp_ft,ft,43.0,44.0,0.0,0,0,1,2,,4,1-3-4-3,926.0,205,1,2,1,1.0
2024-25,third,climb,16,xp_ft,ft,55.0,58.0,0.0,2,0,2,1,,2,1-4-4-2,930.0,223,3,3,0,13.0
2024-25,third,climb,17,xp_ft,ft,57.0,60.0,0.0,0,0,1,2,,2,1-4-4-2,950.0,220,1,1,0,1.0
2024-25,third,climb,18,xp_ft,ft,55.0,65.0,0.0,2,0,2,1,,2,1-4-4-2,931.0,224,2,2,0,7.0
2024-25,third,climb,19,xp_ft,ft,43.0,45.0,0.0,1,0,1,1,,13,1-5-4-1,905.0,217,3,3,0,14.0
2024-25,third,climb,20,xp_ft,ft,37.0,44.0,0.0,0,0,1,2,,13,1-4-4-2,903.0,212,2,3,1,3.0
2024-25,third,climb,21,xp_ft,ft,59.0,69.0,0.0,1,0,2,2,,3,1-3-4-3,955.0,226,0,0,0,0.0
2024-25,third,climb,22,xp_ft,ft,43.0,45.0,0.0,0,0,2,3,,3,1-3-5-2,960.0,222,0,0,0,0.0
2024-25,third,climb,23,xp_ft,ft,57.0,70.0,0.0,2,0,3,2,,5,1-4-4-2,961.0,223,0,0,0,0.0
2024-25,third,climb,24,xp_ft,ft,22.0,28.0,0.0,0,0,2,3,,5,1-3-4-3,961.0,221,0,0,0,0.0
2024-25,third,climb,25,xp_ft,ft,34.0,42.0,0.0,2,0,3,2,,7,1-3-5-2,958.0,221,0,0,0,0.0
2024-25,third,climb,26,xp_ft,ft,66.0,79.0,0.0,0,0,2,3,,7,1-4-4-2,943.0,221,3,3,0,29.0
2024-25,third,climb,27,xp_ft,ft,63.0,66.0,0.0,3,0,3,1,,7,1-4-4-2,907.0,220,3,3,0,11.0
2024-25,third,climb,28,xp_ft,ft,31.0,32.0,0.0,1,0,1,1,,7,1-3-4-3,947.0,229,0,1,1,0.0
2024-25,third,climb,29,xp_ft,ft,51.0,54.0,0.0,1,0,1,1,,1,1-4-4-2,858.0,193,1,2,1,1.0
2024-25,third,climb,30,xp_ft,ft,57.0,63.0,0.0,1,0,1,1,,20,1-4-4-2,929.0,234,2,2,0,11.0
2024-25,third,climb,31,xp_ft,ft,35.0,37.0,0.0,0,0,1,2,,20,1-4-4-2,917.0,226,2,2,0,6.0
2024-25,third,climb,32,xp_ft,ft,46.0,50.0,0.0,2,0,2,1,,4,1-3-4-3,932.0,230,2,2,0,11.0
2024-25,third,climb,33,xp_ft,ft,39.0,41.0,0.0,0,0,1,2,,4,1-3-5-2,940.0,242,2,2,0,3.0
2024-25,third,climb,34,xp_ft,ft,40.0,46.0,0.0,2,0,2,1,,0,1-3-5-2,925.0,176,0,1,1,0.0
2024-25,third,climb,35,xp_ft,ft,52.0,49.0,4.0,2,1,1,1,,0,1-3-4-3,890.0,227,2,2,0,4.0
2024-25,third,climb,36,xp_ft,ft,36.0,42.0,0.0,1,0,1,1,,2,1-3-5-2,923.0,228,2,2,0,9.0
2024-25,third,climb,37,xp_ft,ft,59.0,61.0,0.0,0,0,1,2,,2,1-3-5-2,881.0,221,2,2,0,10.0
2024-25,third,climb,38,xp_ft,ft,42.0,44.0,0.0,0,0,2,3,,2,1-3-5-2,909.0,231,1,1,0,2.0
2025-26,template,hold,1,xp_ft,ft,51.0,59.0,0.0,0,0,0,1,,5,1-4-4-2,995.0,0,1,1,0,1.0
2025-26,template,hold,2,xp_ft,ft,42.0,44.0,0.0,0,0,1,2,,5,1-3-4-3,995.0,0,0,1,1,0.0
2025-26,template,hold,3,xp_ft,ft,32.0,33.0,0.0,0,0,2,3,,5,1-3-4-3,990.0,0,0,1,1,0.0
2025-26,template,hold,4,xp_ft,ft,63.0,68.0,0.0,3,0,3,1,,6,1-4-4-2,988.0,171,0,0,0,0.0
2025-26,template,hold,5,xp_ft,ft,31.0,35.0,0.0,0,0,1,2,,6,1-4-4-2,987.0,184,0,0,0,0.0
2025-26,template,hold,6,xp_ft,ft,23.0,22.0,0.0,0,0,2,3,,6,1-4-4-2,984.0,210,0,0,0,0.0
2025-26,template,hold,7,xp_ft,ft,42.0,48.0,0.0,0,0,3,4,,6,1-4-4-2,984.0,213,0,0,0,0.0
2025-26,template,hold,8,xp_ft,ft,29.0,35.0,0.0,0,0,4,5,,6,1-4-4-2,979.0,211,0,0,0,0.0
2025-26,template,hold,9,xp_ft,ft,62.0,66.0,0.0,0,0,5,5,,6,1-3-4-3,974.0,221,1,1,0,2.0
2025-26,template,hold,10,xp_ft,ft,50.0,55.0,0.0,0,0,5,5,,6,1-4-4-2,971.0,221,0,0,0,0.0
2025-26,template,hold,11,xp_ft,ft,32.0,37.0,0.0,0,0,5,5,,6,1-4-3-3,950.0,228,1,1,0,2.0
2025-26,template,hold,12,xp_ft,ft,31.0,33.0,0.0,0,0,5,5,,6,1-4-3-3,936.0,229,0,0,0,0.0
2025-26,template,hold,13,xp_ft,ft,32.0,32.0,0.0,0,0,5,5,,6,1-4-4-2,878.0,222,0,1,1,0.0
2025-26,template,hold,14,xp_ft,ft,44.0,48.0,0.0,0,0,5,5,,6,1-3-4-3,964.0,215,1,1,0,1.0
2025-26,template,hold,15,xp_ft,ft,50.0,68.0,0.0,0,0,5,5,,6,1-4-3-3,873.0,218,1,1,0,0.0
2025-26,template,hold,16,xp_ft,ft,43.0,56.0,0.0,0,0,5,5,,6,1-4-4-2,961.0,231,0,1,1,0.0
2025-26,template,hold,17,xp_ft,ft,43.0,49.0,0.0,0,0,5,5,,6,1-5-3-2,882.0,210,1,1,0,4.0
2025-26,template,hold,18,xp_ft,ft,63.0,68.0,0.0,0,0,5,5,,6,1-4-4-2,835.0,213,1,3,2,5.0
2025-26,template,hold,19,xp_ft,ft,39.0,39.0,0.0,0,0,5,5,,6,1-4-4-2,835.0,211,1,3,2,6.0
2025-26,template,hold,20,xp_ft,ft,39.0,39.0,0.0,0,0,5,5,,6,1-4-4-2,837.0,220,2,4,2,3.0
2025-26,template,hold,21,xp_ft,ft,23.0,30.0,0.0,0,0,5,5,,6,1-4-4-2,863.0,233,1,3,2,6.0
2025-26,template,hold,22,xp_ft,ft,49.0,59.0,0.0,0,0,5,5,,6,1-4-4-2,864.0,238,1,3,2,8.0
2025-26,template,hold,23,xp_ft,ft,51.0,56.0,0.0,0,0,5,5,,6,1-4-4-2,956.0,241,1,2,1,12.0
2025-26,template,hold,24,xp_ft,ft,40.0,50.0,0.0,0,0,5,5,,6,1-4-4-2,919.0,227,1,5,4,0.0
2025-26,template,hold,25,xp_ft,ft,34.0,44.0,0.0,0,0,5,5,,6,1-4-4-2,957.0,221,1,3,2,1.0
2025-26,template,hold,26,xp_ft,ft,30.0,32.0,0.0,0,0,5,5,,6,1-4-4-2,959.0,221,1,3,2,2.0
2025-26,template,hold,27,xp_ft,ft,20.0,22.0,0.0,0,0,5,5,,6,1-4-4-2,919.0,231,0,4,4,0.0
2025-26,template,hold,28,xp_ft,ft,23.0,36.0,0.0,0,0,5,5,,6,1-4-4-2,929.0,233,1,4,3,2.0
2025-26,template,hold,29,xp_ft,ft,45.0,54.0,0.0,0,0,5,5,,6,1-4-4-2,936.0,233,1,3,2,1.0
2025-26,template,hold,30,xp_ft,ft,40.0,50.0,0.0,0,0,5,5,,6,1-4-4-2,967.0,226,1,2,1,6.0
2025-26,template,hold,31,xp_ft,ft,34.0,47.0,0.0,0,0,5,5,,6,1-4-4-2,869.0,186,0,2,2,0.0
2025-26,template,hold,32,xp_ft,ft,33.0,37.0,0.0,0,0,5,5,,6,1-4-4-2,959.0,228,0,1,1,0.0
2025-26,template,hold,33,xp_ft,ft,55.0,61.0,0.0,0,0,5,5,,6,1-4-3-3,926.0,235,1,2,1,1.0
2025-26,template,hold,34,xp_ft,ft,42.0,47.0,0.0,0,0,5,5,,6,1-5-4-1,942.0,155,0,3,3,0.0
2025-26,template,hold,35,xp_ft,ft,33.0,38.0,0.0,0,0,5,5,,6,1-5-3-2,879.0,218,1,2,1,1.0
2025-26,template,hold,36,xp_ft,ft,18.0,21.0,0.0,0,0,5,5,,6,1-5-3-2,853.0,222,1,4,3,2.0
2025-26,template,hold,37,xp_ft,ft,36.0,45.0,0.0,0,0,5,5,,6,1-4-4-2,943.0,235,0,3,3,0.0
2025-26,template,hold,38,xp_ft,ft,55.0,61.0,0.0,0,0,5,5,,6,1-4-4-2,974.0,224,1,2,1,13.0
2025-26,template,climb,1,xp_ft,ft,51.0,59.0,0.0,0,0,0,1,,5,1-4-4-2,995.0,0,1,1,0,1.0
2025-26,template,climb,2,xp_ft,ft,42.0,44.0,0.0,0,0,1,2,,5,1-3-4-3,995.0,0,0,1,1,0.0
2025-26,template,climb,3,xp_ft,ft,32.0,33.0,0.0,0,0,2,3,,5,1-3-4-3,990.0,0,0,1,1,0.0
2025-26,template,climb,4,xp_ft,ft,63.0,68.0,0.0,3,0,3,1,,6,1-4-4-2,988.0,171,0,0,0,0.0
2025-26,template,climb,5,xp_ft,ft,35.0,36.0,4.0,2,1,1,1,,15,1-5-4-1,978.0,184,0,0,0,0.0
2025-26,template,climb,6,xp_ft,ft,28.0,27.0,0.0,1,0,1,1,,1,1-5-4-1,990.0,210,0,0,0,0.0
2025-26,template,climb,7,xp_ft,ft,69.0,69.0,8.0,3,2,1,1,,17,1-4-4-2,975.0,213,0,0,0,0.0
2025-26,template,climb,8,xp_ft,ft,50.0,63.0,0.0,1,0,1,1,,23,1-4-4-2,972.0,211,0,0,0,0.0
2025-26,template,climb,9,xp_ft,ft,34.0,36.0,0.0,1,0,1,1,,3,1-4-4-2,996.0,221,0,0,0,0.0
2025-26,template,climb,10,xp_ft,ft,62.0,75.0,0.0,1,0,1,1,,4,1-4-4-2,998.0,221,0,0,0,0.0
2025-26,template,climb,11,xp_ft,ft,29.0,33.0,0.0,1,0,1,1,,3,1-5-4-1,930.0,228,2,2,0,1.0
2025-26,template,climb,12,xp_ft,ft,48.0,50.0,0.0,0,0,1,2,,3,1-4-3-3,905.0,229,2,3,1,7.0
2025-26,template,climb,13,xp_ft,ft,49.0,51.0,0.0,2,0,2,1,,7,1-3-5-2,994.0,222,0,0,0,0.0
2025-26,template,climb,14,xp_ft,ft,40.0,44.0,0.0,1,0,1,1,,5,1-3-5-2,991.0,215,1,1,0,3.0
2025-26,template,climb,15,xp_ft,ft,59.0,61.0,0.0,0,0,1,2,,5,1-4-4-2,992.0,218,0,0,0,0.0
2025-26,template,climb,16,xp_ft,ft,52.0,65.0,0.0,2,0,2,1,,9,1-5-3-2,960.0,231,1,1,0,6.0
2025-26,template,climb,17,xp_ft,ft,52.0,68.0,0.0,0,0,1,2,,9,1-4-4-2,940.0,210,1,2,1,1.0
2025-26,template,climb,18,xp_ft,ft,20.0,22.0,0.0,2,0,2,1,,3,1-4-4-2,917.0,213,1,3,2,2.0
2025-26,template,climb,19,xp_ft,ft,45.0,47.0,0.0,0,0,1,2,,3,1-5-3-2,926.0,211,1,1,0,3.0
2025-26,template,climb,20,xp_ft,ft,61.0,63.0,0.0,0,0,2,3,,3,1-4-4-2,924.0,220,3,4,1,18.0
2025-26,template,climb,21,xp_ft,ft,50.0,56.0,0.0,0,0,3,4,,3,1-4-4-2,965.0,233,2,2,0,10.0
2025-26,template,climb,22,xp_ft,ft,62.0,64.0,0.0,2,0,4,3,,9,1-4-5-1,963.0,238,0,0,0,0.0
2025-26,template,climb,23,xp_ft,ft,27.0,28.0,0.0,0,0,3,4,,9,1-4-4-2,960.0,241,1,1,0,2.0
2025-26,template,climb,24,xp_ft,ft,69.0,79.0,0.0,0,0,4,5,,9,1-4-4-2,966.0,227,0,0,0,0.0
2025-26,template,climb,25,xp_ft,ft,50.0,60.0,0.0,2,0,5,4,,1,1-4-4-2,951.0,221,0,0,0,0.0
2025-26,template,climb,26,xp_ft,ft,42.0,47.0,0.0,2,0,4,3,,0,1-4-5-1,953.0,221,0,0,0,0.0
2025-26,template,climb,27,xp_ft,ft,36.0,42.0,0.0,0,0,3,4,,0,1-4-4-2,952.0,231,0,0,0,0.0
2025-26,template,climb,28,xp_ft,ft,53.0,66.0,0.0,0,0,4,5,,0,1-5-4-1,857.0,233,1,1,0,4.0
2025-26,template,climb,29,xp_ft,ft,44.0,46.0,0.0,2,0,5,4,,2,1-4-4-2,952.0,233,0,0,0,0.0
2025-26,template,climb,30,xp_ft,ft,48.0,58.0,0.0,0,0,4,5,,2,1-3-5-2,950.0,226,0,0,0,0.0
2025-26,template,climb,31,xp_ft,ft,46.0,59.0,0.0,2,0,5,4,,7,1-4-5-1,852.0,186,0,0,0,0.0
2025-26,template,climb,32,xp_ft,ft,79.0,83.0,0.0,3,0,4,2,,0,1-4-4-2,937.0,228,0,0,0,0.0
2025-26,template,climb,33,xp_ft,ft,44.0,46.0,0.0,0,0,2,3,,0,1-5-3-2,923.0,235,1,1,0,4.0
2025-26,template,climb,34,xp_ft,ft,43.0,48.0,0.0,2,0,3,2,,0,1-5-4-1,826.0,155,1,2,1,2.0
2025-26,template,climb,35,xp_ft,ft,33.0,40.0,0.0,2,0,2,1,,2,1-4-4-2,918.0,218,1,1,0,1.0
2025-26,template,climb,36,xp_ft,ft,51.0,62.0,0.0,0,0,1,2,,2,1-4-4-2,910.0,222,3,4,1,6.0
2025-26,template,climb,37,xp_ft,ft,54.0,63.0,0.0,0,0,2,3,,2,1-4-4-2,914.0,235,2,2,0,13.0
2025-26,template,climb,38,xp_ft,ft,27.0,27.0,0.0,0,0,3,4,,2,1-3-5-2,812.0,224,2,6,4,3.0
2025-26,premium,hold,1,xp_ft,ft,63.0,71.0,0.0,0,0,0,1,,0,1-4-4-2,1000.0,0,1,1,0,1.0
2025-26,premium,hold,2,xp_ft,ft,33.0,35.0,0.0,0,0,1,2,,0,1-4-3-3,1000.0,0,0,0,0,0.0
2025-26,premium,hold,3,xp_ft,ft,46.0,55.0,0.0,0,0,2,3,,0,1-4-3-3,997.0,0,0,1,1,0.0
2025-26,premium,hold,4,xp_ft,ft,66.0,79.0,0.0,0,0,3,4,,0,1-4-3-3,994.0,171,0,1,1,0.0
2025-26,premium,hold,5,xp_ft,ft,37.0,42.0,0.0,0,0,4,5,,0,1-4-4-2,996.0,184,0,0,0,0.0
2025-26,premium,hold,6,xp_ft,ft,34.0,50.0,0.0,0,0,5,5,,0,1-4-3-3,994.0,210,0,1,1,0.0
2025-26,premium,hold,7,xp_ft,ft,33.0,41.0,0.0,0,0,5,5,,0,1-5-3-2,994.0,213,0,0,0,0.0
2025-26,premium,hold,8,xp_ft,ft,45.0,58.0,0.0,0,0,5,5,,0,1-5-3-2,995.0,211,0,0,0,0.0
2025-26,premium,hold,9,xp_ft,ft,52.0,54.0,0.0,0,0,5,5,,0,1-5-3-2,995.0,221,0,0,0,0.0
2025-26,premium,hold,10,xp_ft,ft,55.0,68.0,0.0,0,0,5,5,,0,1-5-3-2,945.0,221,0,0,0,0.0
2025-26,premium,hold,11,xp_ft,ft,39.0,43.0,0.0,0,0,5,5,,0,1-4-3-3,935.0,228,1,2,1,1.0
2025-26,premium,hold,12,xp_ft,ft,31.0,33.0,0.0,0,0,5,5,,0,1-5-3-2,989.0,229,0,0,0,0.0
2025-26,premium,hold,13,xp_ft,ft,26.0,28.0,0.0,0,0,5,5,,0,1-5-3-2,850.0,222,0,1,1,0.0
2025-26,premium,hold,14,xp_ft,ft,53.0,67.0,0.0,0,0,5,5,,0,1-4-4-2,989.0,215,1,1,0,1.0
2025-26,premium,hold,15,xp_ft,ft,42.0,44.0,0.0,0,0,5,5,,0,1-5-3-2,898.0,218,1,1,0,1.0
2025-26,premium,hold,16,xp_ft,ft,51.0,62.0,0.0,0,0,5,5,,0,1-5-4-1,993.0,231,0,0,0,0.0
2025-26,premium,hold,17,xp_ft,ft,40.0,56.0,0.0,0,0,5,5,,0,1-4-4-2,915.0,210,1,3,2,1.0
2025-26,premium,hold,18,xp_ft,ft,41.0,43.0,0.0,0,0,5,5,,0,1-4-4-2,915.0,213,1,3,2,2.0
2025-26,premium,hold,19,xp_ft,ft,27.0,29.0,0.0,0,0,5,5,,0,1-4-4-2,909.0,211,1,2,1,0.0
2025-26,premium,hold,20,xp_ft,ft,35.0,37.0,0.0,0,0,5,5,,0,1-4-4-2,916.0,220,2,4,2,6.0
2025-26,premium,hold,21,xp_ft,ft,31.0,37.0,0.0,0,0,5,5,,0,1-4-4-2,909.0,233,1,2,1,1.0
2025-26,premium,hold,22,xp_ft,ft,33.0,35.0,0.0,0,0,5,5,,0,1-4-4-2,901.0,238,1,2,1,1.0
2025-26,premium,hold,23,xp_ft,ft,39.0,40.0,0.0,0,0,5,5,,0,1-5-3-2,937.0,241,1,1,0,1.0
2025-26,premium,hold,24,xp_ft,ft,37.0,42.0,0.0,0,0,5,5,,0,1-4-4-2,942.0,227,1,2,1,7.0
2025-26,premium,hold,25,xp_ft,ft,51.0,53.0,0.0,0,0,5,5,,0,1-5-3-2,938.0,221,1,2,1,1.0
2025-26,premium,hold,26,xp_ft,ft,47.0,52.0,0.0,0,0,5,5,,0,1-5-4-1,989.0,221,0,0,0,0.0
2025-26,premium,hold,27,xp_ft,ft,37.0,40.0,0.0,0,0,5,5,,0,1-5-3-2,987.0,231,1,1,0,1.0
2025-26,premium,hold,28,xp_ft,ft,22.0,24.0,0.0,0,0,5,5,,0,1-5-4-1,893.0,233,1,1,0,9.0
2025-26,premium,hold,29,xp_ft,ft,39.0,41.0,0.0,0,0,5,5,,0,1-5-3-2,987.0,233,0,0,0,0.0
2025-26,premium,hold,30,xp_ft,ft,25.0,26.0,0.0,0,0,5,5,,0,1-4-4-2,987.0,226,1,1,0,2.0
2025-26,premium,hold,31,xp_ft,ft,30.0,32.0,0.0,0,0,5,5,,0,1-4-4-2,752.0,186,0,4,4,0.0
2025-26,premium,hold,32,xp_ft,ft,41.0,43.0,0.0,0,0,5,5,,0,1-5-3-2,944.0,228,0,3,3,0.0
2025-26,premium,hold,33,xp_ft,ft,35.0,41.0,0.0,0,0,5,5,,0,1-4-3-3,934.0,235,1,2,1,1.0
2025-26,premium,hold,34,xp_ft,ft,10.0,11.0,0.0,0,0,5,5,,0,1-3-4-3,854.0,155,0,7,7,0.0
2025-26,premium,hold,35,xp_ft,ft,30.0,37.0,0.0,0,0,5,5,,0,1-5-3-2,897.0,218,0,2,2,0.0
2025-26,premium,hold,36,xp_ft,ft,41.0,52.0,0.0,0,0,5,5,,0,1-5-3-2,900.0,222,1,2,1,1.0
2025-26,premium,hold,37,xp_ft,ft,32.0,41.0,0.0,0,0,5,5,,0,1-5-3-2,989.0,235,1,1,0,2.0
2025-26,premium,hold,38,xp_ft,ft,28.0,28.0,0.0,0,0,5,5,,0,1-4-4-2,861.0,224,0,5,5,0.0
2025-26,premium,climb,1,xp_ft,ft,63.0,71.0,0.0,0,0,0,1,,0,1-4-4-2,1000.0,0,1,1,0,1.0
2025-26,premium,climb,2,xp_ft,ft,33.0,35.0,0.0,0,0,1,2,,0,1-4-3-3,1000.0,0,0,0,0,0.0
2025-26,premium,climb,3,xp_ft,ft,46.0,55.0,0.0,0,0,2,3,,0,1-4-3-3,997.0,0,0,1,1,0.0
2025-26,premium,climb,4,xp_ft,ft,84.0,89.0,0.0,3,0,3,1,,6,1-4-4-2,988.0,171,0,0,0,0.0
2025-26,premium,climb,5,xp_ft,ft,53.0,54.0,4.0,2,1,1,1,,19,1-5-4-1,979.0,184,0,0,0,0.0
2025-26,premium,climb,6,xp_ft,ft,42.0,58.0,0.0,1,0,1,1,,6,1-5-3-2,990.0,210,0,0,0,0.0
2025-26,premium,climb,7,xp_ft,ft,59.0,67.0,0.0,1,0,1,1,,8,1-5-4-1,991.0,213,0,0,0,0.0
2025-26,premium,climb,8,xp_ft,ft,49.0,62.0,0.0,1,0,1,1,,4,1-5-4-1,995.0,211,0,0,0,0.0
2025-26,premium,climb,9,xp_ft,ft,37.0,39.0,0.0,1,0,1,1,,80,1-5-3-2,918.0,221,0,0,0,0.0
2025-26,premium,climb,10,xp_ft,ft,52.0,65.0,0.0,1,0,1,1,,49,1-4-3-3,954.0,221,0,0,0,0.0
2025-26,premium,climb,11,xp_ft,ft,28.0,32.0,0.0,1,0,1,1,,27,1-5-3-2,972.0,228,0,0,0,0.0
2025-26,premium,climb,12,xp_ft,ft,39.0,41.0,0.0,1,0,1,1,,6,1-4-3-3,955.0,229,2,2,0,5.0
2025-26,premium,climb,13,xp_ft,ft,59.0,61.0,0.0,0,0,1,2,,6,1-4-4-2,980.0,222,1,1,0,0.0
2025-26,premium,climb,14,xp_ft,ft,38.0,42.0,0.0,0,0,2,3,,6,1-3-4-3,981.0,215,2,2,0,5.0
2025-26,premium,climb,15,xp_ft,ft,54.0,56.0,0.0,0,0,3,4,,6,1-4-4-2,982.0,218,1,1,0,1.0
2025-26,premium,climb,16,xp_ft,ft,50.0,63.0,0.0,2,0,4,3,,5,1-4-3-3,950.0,231,2,2,0,3.0
2025-26,premium,climb,17,xp_ft,ft,52.0,68.0,0.0,0,0,3,4,,5,1-3-4-3,945.0,210,2,3,1,3.0
2025-26,premium,climb,18,xp_ft,ft,21.0,23.0,0.0,2,0,4,3,,1,1-3-4-3,931.0,213,2,3,1,4.0
2025-26,premium,climb,19,xp_ft,ft,67.0,69.0,0.0,2,0,3,2,,17,1-5-3-2,927.0,211,1,1,0,9.0
2025-26,premium,climb,20,xp_ft,ft,57.0,59.0,0.0,0,0,2,3,,17,1-4-3-3,928.0,220,3,3,0,8.0
2025-26,premium,climb,21,xp_ft,ft,44.0,50.0,0.0,0,0,3,4,,17,1-4-4-2,967.0,233,1,1,0,7.0
2025-26,premium,climb,22,xp_ft,ft,67.0,69.0,0.0,3,0,4,2,,18,1-5-4-1,967.0,238,0,0,0,0.0
2025-26,premium,climb,23,xp_ft,ft,31.0,32.0,0.0,0,0,2,3,,18,1-4-5-1,964.0,241,1,1,0,5.0
2025-26,premium,climb,24,xp_ft,ft,65.0,75.0,0.0,3,0,3,1,,6,1-5-4-1,958.0,227,0,0,0,0.0
2025-26,premium,climb,25,xp_ft,ft,56.0,66.0,0.0,0,0,1,2,,6,1-5-4-1,959.0,221,1,1,0,1.0
2025-26,premium,climb,26,xp_ft,ft,38.0,43.0,0.0,1,0,2,2,,0,1-5-4-1,968.0,221,0,0,0,0.0
2025-26,premium,climb,27,xp_ft,ft,37.0,43.0,0.0,0,0,2,3,,0,1-5-4-1,968.0,231,0,0,0,0.0
2025-26,premium,climb,28,xp_ft,ft,55.0,68.0,0.0,0,0,3,4,,0,1-4-5-1,873.0,233,2,2,0,10.0
2025-26,premium,climb,29,xp_ft,ft,49.0,51.0,0.0,3,0,4,2,,3,1-5-3-2,963.0,233,0,0,0,0.0
2025-26,premium,climb,30,xp_ft,ft,37.0,47.0,0.0,2,0,2,1,,8,1-4-5-1,950.0,226,1,1,0,2.0
2025-26,premium,climb,31,xp_ft,ft,42.0,55.0,0.0,1,0,1,1,,7,1-5-4-1,859.0,186,1,1,0,6.0
2025-26,premium,climb,32,xp_ft,ft,53.0,57.0,0.0,1,0,1,1,,12,1-5-3-2,930.0,228,2,2,0,5.0
2025-26,premium,climb,33,xp_ft,ft,46.0,48.0,0.0,1,0,1,1,,5,1-5-3-2,956.0,235,0,0,0,0.0
2025-26,premium,climb,34,xp_ft,ft,35.0,40.0,0.0,1,0,1,1,,4,1-5-4-1,850.0,155,0,1,1,0.0
2025-26,premium,climb,35,xp_ft,ft,36.0,43.0,0.0,1,0,1,1,,14,1-4-4-2,950.0,218,0,0,0,0.0
2025-26,premium,climb,36,xp_ft,ft,74.0,85.0,0.0,1,0,1,1,,5,1-4-5-1,964.0,222,1,1,0,8.0
2025-26,premium,climb,37,xp_ft,ft,55.0,64.0,0.0,0,0,1,2,,5,1-5-4-1,960.0,235,0,0,0,0.0
2025-26,premium,climb,38,xp_ft,ft,39.0,39.0,0.0,0,0,2,3,,5,1-3-5-2,865.0,224,3,4,1,7.0
2025-26,next,hold,1,xp_ft,ft,59.0,61.0,0.0,0,0,0,1,,0,1-3-4-3,1000.0,0,0,0,0,0.0
2025-26,next,hold,2,xp_ft,ft,35.0,37.0,0.0,0,0,1,2,,0,1-3-5-2,999.0,0,0,0,0,0.0
2025-26,next,hold,3,xp_ft,ft,56.0,66.0,0.0,0,0,2,3,,0,1-3-5-2,999.0,0,0,0,0,0.0
2025-26,next,hold,4,xp_ft,ft,66.0,79.0,0.0,0,0,3,4,,0,1-3-5-2,999.0,171,0,0,0,0.0
2025-26,next,hold,5,xp_ft,ft,50.0,60.0,0.0,0,0,4,5,,0,1-4-4-2,999.0,184,0,0,0,0.0
2025-26,next,hold,6,xp_ft,ft,42.0,58.0,0.0,0,0,5,5,,0,1-3-5-2,999.0,210,0,0,0,0.0
2025-26,next,hold,7,xp_ft,ft,51.0,59.0,0.0,0,0,5,5,,0,1-4-4-2,990.0,213,1,1,0,7.0
2025-26,next,hold,8,xp_ft,ft,66.0,79.0,0.0,0,0,5,5,,0,1-4-4-2,1001.0,211,0,0,0,0.0
2025-26,next,hold,9,xp_ft,ft,33.0,35.0,0.0,0,0,5,5,,0,1-4-4-2,1000.0,221,0,0,0,0.0
2025-26,next,hold,10,xp_ft,ft,71.0,84.0,0.0,0,0,5,5,,0,1-4-4-2,999.0,221,0,0,0,0.0
2025-26,next,hold,11,xp_ft,ft,43.0,47.0,0.0,0,0,5,5,,0,1-4-4-2,946.0,228,3,3,0,13.0
2025-26,next,hold,12,xp_ft,ft,45.0,47.0,0.0,0,0,5,5,,0,1-3-4-3,929.0,229,3,4,1,8.0
2025-26,next,hold,13,xp_ft,ft,39.0,41.0,0.0,0,0,5,5,,0,1-3-4-3,973.0,222,2,2,0,5.0
2025-26,next,hold,14,xp_ft,ft,51.0,55.0,0.0,0,0,5,5,,0,1-3-4-3,967.0,215,2,2,0,12.0
2025-26,next,hold,15,xp_ft,ft,64.0,66.0,0.0,0,0,5,5,,0,1-3-4-3,969.0,218,3,3,0,13.0
2025-26,next,hold,16,xp_ft,ft,58.0,71.0,0.0,0,0,5,5,,0,1-3-4-3,978.0,231,2,2,0,9.0
2025-26,next,hold,17,xp_ft,ft,48.0,64.0,0.0,0,0,5,5,,0,1-3-4-3,983.0,210,2,3,1,6.0
2025-26,next,hold,18,xp_ft,ft,27.0,29.0,0.0,0,0,5,5,,0,1-3-4-3,953.0,213,1,2,1,2.0
2025-26,next,hold,19,xp_ft,ft,40.0,42.0,0.0,0,0,5,5,,0,1-3-4-3,936.0,211,1,2,1,0.0
2025-26,next,hold,20,xp_ft,ft,33.0,35.0,0.0,0,0,5,5,,0,1-3-4-3,934.0,220,0,3,3,0.0
2025-26,next,hold,21,xp_ft,ft,42.0,48.0,0.0,0,0,5,5,,0,1-3-4-3,985.0,233,0,0,0,0.0
2025-26,next,hold,22,xp_ft,ft,48.0,50.0,0.0,0,0,5,5,,0,1-3-4-3,992.0,238,1,1,0,1.0
2025-26,next,hold,23,xp_ft,ft,42.0,43.0,0.0,0,0,5,5,,0,1-3-4-3,984.0,241,0,0,0,0.0
2025-26,next,hold,24,xp_ft,ft,61.0,71.0,0.0,0,0,5,5,,0,1-4-4-2,992.0,227,0,0,0,0.0
2025-26,next,hold,25,xp_ft,ft,62.0,72.0,0.0,0,0,5,5,,0,1-4-3-3,996.0,221,0,0,0,0.0
2025-26,next,hold,26,xp_ft,ft,52.0,57.0,0.0,0,0,5,5,,0,1-4-4-2,1000.0,221,0,0,0,0.0
2025-26,next,hold,27,xp_ft,ft,54.0,60.0,0.0,0,0,5,5,,0,1-3-4-3,988.0,231,1,1,0,4.0
2025-26,next,hold,28,xp_ft,ft,63.0,76.0,0.0,0,0,5,5,,0,1-4-4-2,892.0,233,2,2,0,11.0
2025-26,next,hold,29,xp_ft,ft,61.0,63.0,0.0,0,0,5,5,,0,1-3-4-3,995.0,233,0,0,0,0.0
2025-26,next,hold,30,xp_ft,ft,49.0,59.0,0.0,0,0,5,5,,0,1-5-3-2,998.0,226,0,0,0,0.0
2025-26,next,hold,31,xp_ft,ft,39.0,52.0,0.0,0,0,5,5,,0,1-3-4-3,838.0,186,0,2,2,0.0
2025-26,next,hold,32,xp_ft,ft,55.0,59.0,0.0,0,0,5,5,,0,1-3-4-3,999.0,228,0,0,0,0.0
2025-26,next,hold,33,xp_ft,ft,44.0,46.0,0.0,0,0,5,5,,0,1-4-4-2,998.0,235,0,0,0,0.0
2025-26,next,hold,34,xp_ft,ft,55.0,60.0,0.0,0,0,5,5,,0,1-3-4-3,890.0,155,0,3,3,0.0
2025-26,next,hold,35,xp_ft,ft,53.0,60.0,0.0,0,0,5,5,,0,1-3-4-3,997.0,218,1,1,0,2.0
2025-26,next,hold,36,xp_ft,ft,65.0,76.0,0.0,0,0,5,5,,0,1-4-4-2,1004.0,222,0,0,0,0.0
2025-26,next,hold,37,xp_ft,ft,64.0,73.0,0.0,0,0,5,5,,0,1-3-4-3,998.0,235,0,0,0,0.0
2025-26,next,hold,38,xp_ft,ft,41.0,43.0,0.0,0,0,5,5,,0,1-4-4-2,912.0,224,2,2,0,5.0
2025-26,next,climb,1,xp_ft,ft,59.0,61.0,0.0,0,0,0,1,,0,1-3-4-3,1000.0,0,0,0,0,0.0
2025-26,next,climb,2,xp_ft,ft,35.0,37.0,0.0,0,0,1,2,,0,1-3-5-2,999.0,0,0,0,0,0.0
2025-26,next,climb,3,xp_ft,ft,56.0,66.0,0.0,0,0,2,3,,0,1-3-5-2,999.0,0,0,0,0,0.0
2025-26,next,climb,4,xp_ft,ft,67.0,72.0,0.0,3,0,3,1,,8,1-4-3-3,991.0,171,0,0,0,0.0
2025-26,next,climb,5,xp_ft,ft,55.0,56.0,4.0,2,1,1,1,,2,1-4-4-2,999.0,184,0,0,0,0.0
2025-26,next,climb,6,xp_ft,ft,48.0,64.0,0.0,1,0,1,1,,2,1-5-4-1,961.0,210,0,0,0,0.0
2025-26,next,climb,7,xp_ft,ft,55.0,59.0,4.0,2,1,1,1,,0,1-5-3-2,1002.0,213,1,1,0,3.0
2025-26,next,climb,8,xp_ft,ft,69.0,82.0,0.0,1,0,1,1,,14,1-4-3-3,991.0,211,0,0,0,0.0
2025-26,next,climb,9,xp_ft,ft,38.0,40.0,0.0,1,0,1,1,,0,1-3-4-3,1004.0,221,0,0,0,0.0
2025-26,next,climb,10,xp_ft,ft,52.0,65.0,0.0,1,0,1,1,,12,1-4-3-3,991.0,221,0,0,0,0.0
2025-26,next,climb,11,xp_ft,ft,30.0,34.0,0.0,0,0,1,2,,12,1-4-3-3,970.0,228,1,1,0,4.0
2025-26,next,climb,12,xp_ft,ft,43.0,45.0,0.0,2,0,2,1,,4,1-5-2-3,951.0,229,2,2,0,5.0
2025-26,next,climb,13,xp_ft,ft,47.0,49.0,0.0,1,0,1,1,,1,1-4-4-2,1003.0,222,0,0,0,0.0
2025-26,next,climb,14,xp_ft,ft,46.0,50.0,0.0,1,0,1,1,,3,1-3-4-3,1001.0,215,1,1,0,0.0
2025-26,next,climb,15,xp_ft,ft,45.0,47.0,0.0,0,0,1,2,,3,1-3-4-3,1004.0,218,0,0,0,0.0
2025-26,next,climb,16,xp_ft,ft,50.0,63.0,0.0,2,0,2,1,,2,1-5-3-2,975.0,231,1,1,0,6.0
2025-26,next,climb,17,xp_ft,ft,58.0,74.0,0.0,0,0,1,2,,2,1-4-3-3,970.0,210,2,2,0,3.0
2025-26,next,climb,18,xp_ft,ft,24.0,26.0,0.0,1,0,2,2,,5,1-3-4-3,950.0,213,2,3,1,7.0
2025-26,next,climb,19,xp_ft,ft,41.0,43.0,0.0,0,0,2,3,,5,1-4-3-3,949.0,211,2,2,0,5.0
2025-26,next,climb,20,xp_ft,ft,62.0,64.0,0.0,0,0,3,4,,5,1-3-4-3,941.0,220,3,4,1,19.0
2025-26,next,climb,21,xp_ft,ft,45.0,51.0,0.0,0,0,4,5,,5,1-3-4-3,983.0,233,2,2,0,5.0
2025-26,next,climb,22,xp_ft,ft,59.0,61.0,0.0,3,0,5,3,,12,1-4-5-1,980.0,238,1,1,0,3.0
2025-26,next,climb,23,xp_ft,ft,31.0,32.0,0.0,2,0,3,2,,4,1-5-3-2,986.0,241,0,0,0,0.0
2025-26,next,climb,24,xp_ft,ft,70.0,80.0,0.0,0,0,2,3,,4,1-4-5-1,963.0,227,0,0,0,0.0
2025-26,next,climb,25,xp_ft,ft,49.0,59.0,0.0,0,0,3,4,,4,1-4-4-2,968.0,221,1,1,0,1.0
2025-26,next,climb,26,xp_ft,ft,45.0,50.0,0.0,0,0,4,5,,4,1-4-5-1,969.0,221,0,0,0,0.0
2025-26,next,climb,27,xp_ft,ft,34.0,40.0,0.0,0,0,5,5,,4,1-4-4-2,969.0,231,0,0,0,0.0
2025-26,next,climb,28,xp_ft,ft,51.0,64.0,0.0,0,0,5,5,,4,1-4-5-1,874.0,233,2,2,0,5.0
2025-26,next,climb,29,xp_ft,ft,49.0,51.0,0.0,2,0,5,4,,1,1-4-4-2,970.0,233,1,1,0,4.0
2025-26,next,climb,30,xp_ft,ft,47.0,57.0,0.0,2,0,4,3,,2,1-3-5-2,993.0,226,0,0,0,0.0
2025-26,next,climb,31,xp_ft,ft,37.0,50.0,0.0,0,0,3,4,,2,1-4-5-1,866.0,186,0,2,2,0.0
2025-26,next,climb,32,xp_ft,ft,86.0,90.0,0.0,2,0,4,3,,0,1-4-4-2,974.0,228,1,1,0,2.0
2025-26,next,climb,33,xp_ft,ft,60.0,80.0,0.0,3,0,3,1,,0,1-4-3-3,979.0,235,0,0,0,0.0
2025-26,next,climb,34,xp_ft,ft,60.0,65.0,0.0,1,0,1,1,,3,1-4-5-1,877.0,155,0,0,0,0.0
2025-26,next,climb,35,xp_ft,ft,50.0,57.0,0.0,1,0,1,1,,13,1-4-3-3,967.0,218,0,0,0,0.0
2025-26,next,climb,36,xp_ft,ft,66.0,77.0,0.0,1,0,1,1,,5,1-4-3-3,946.0,222,2,2,0,9.0
2025-26,next,climb,37,xp_ft,ft,50.0,59.0,0.0,0,0,1,2,,5,1-4-4-2,978.0,235,1,1,0,2.0
2025-26,next,climb,38,xp_ft,ft,43.0,51.0,0.0,0,0,2,3,,5,1-3-4-3,866.0,224,4,6,2,16.0
2025-26,third,hold,1,xp_ft,ft,54.0,55.0,0.0,0,0,0,1,,15,1-3-4-3,985.0,0,1,1,0,9.0
2025-26,third,hold,2,xp_ft,ft,53.0,62.0,0.0,0,0,1,2,,15,1-4-3-3,983.0,0,0,0,0,0.0
2025-26,third,hold,3,xp_ft,ft,48.0,50.0,0.0,0,0,2,3,,15,1-4-4-2,983.0,0,0,0,0,0.0
2025-26,third,hold,4,xp_ft,ft,36.0,38.0,0.0,0,0,3,4,,15,1-3-4-3,981.0,171,1,2,1,6.0
2025-26,third,hold,5,xp_ft,ft,45.0,48.0,0.0,0,0,4,5,,15,1-3-4-3,979.0,184,0,0,0,0.0
2025-26,third,hold,6,xp_ft,ft,25.0,27.0,0.0,0,0,5,5,,15,1-4-4-2,902.0,210,1,1,0,7.0
2025-26,third,hold,7,xp_ft,ft,55.0,61.0,0.0,0,0,5,5,,15,1-3-4-3,976.0,213,0,0,0,0.0
2025-26,third,hold,8,xp_ft,ft,44.0,51.0,0.0,0,0,5,5,,15,1-3-4-3,936.0,211,1,1,0,2.0
2025-26,third,hold,9,xp_ft,ft,41.0,44.0,0.0,0,0,5,5,,15,1-3-5-2,955.0,221,1,1,0,2.0
2025-26,third,hold,10,xp_ft,ft,40.0,43.0,0.0,0,0,5,5,,15,1-4-5-1,954.0,221,1,1,0,1.0
2025-26,third,hold,11,xp_ft,ft,43.0,46.0,0.0,0,0,5,5,,15,1-3-5-2,954.0,228,2,2,0,2.0
2025-26,third,hold,12,xp_ft,ft,53.0,57.0,0.0,0,0,5,5,,15,1-4-4-2,956.0,229,1,1,0,13.0
2025-26,third,hold,13,xp_ft,ft,22.0,24.0,0.0,0,0,5,5,,15,1-3-5-2,946.0,222,2,2,0,2.0
2025-26,third,hold,14,xp_ft,ft,43.0,45.0,0.0,0,0,5,5,,15,1-3-4-3,913.0,215,1,2,1,1.0
2025-26,third,hold,15,xp_ft,ft,63.0,67.0,0.0,0,0,5,5,,15,1-3-5-2,944.0,218,2,2,0,14.0
2025-26,third,hold,16,xp_ft,ft,51.0,62.0,0.0,0,0,5,5,,15,1-4-4-2,954.0,231,1,1,0,1.0
2025-26,third,hold,17,xp_ft,ft,41.0,44.0,0.0,0,0,5,5,,15,1-4-3-3,852.0,210,1,4,3,1.0
2025-26,third,hold,18,xp_ft,ft,33.0,40.0,0.0,0,0,5,5,,15,1-4-3-3,853.0,213,1,4,3,2.0
2025-26,third,hold,19,xp_ft,ft,21.0,27.0,0.0,0,0,5,5,,15,1-4-3-3,854.0,211,1,4,3,1.0
2025-26,third,hold,20,xp_ft,ft,16.0,20.0,0.0,0,0,5,5,,15,1-5-2-3,813.0,220,2,5,3,6.0
2025-26,third,hold,21,xp_ft,ft,27.0,30.0,0.0,0,0,5,5,,15,1-4-3-3,827.0,233,2,5,3,2.0
2025-26,third,hold,22,xp_ft,ft,34.0,35.0,0.0,0,0,5,5,,15,1-3-4-3,892.0,238,2,4,2,2.0
2025-26,third,hold,23,xp_ft,ft,43.0,49.0,0.0,0,0,5,5,,15,1-4-4-2,938.0,241,2,2,0,1.0
2025-26,third,hold,24,xp_ft,ft,45.0,47.0,0.0,0,0,5,5,,15,1-4-4-2,888.0,227,3,3,0,9.0
2025-26,third,hold,25,xp_ft,ft,29.0,37.0,0.0,0,0,5,5,,15,1-3-4-3,891.0,221,3,4,1,4.0
2025-26,third,hold,26,xp_ft,ft,44.0,51.0,0.0,0,0,5,5,,15,1-4-5-1,938.0,221,2,2,0,2.0
2025-26,third,hold,27,xp_ft,ft,44.0,49.0,0.0,0,0,5,5,,15,1-4-5-1,937.0,231,2,2,0,18.0
2025-26,third,hold,28,xp_ft,ft,47.0,49.0,0.0,0,0,5,5,,15,1-4-5-1,939.0,233,3,3,0,6.0
2025-26,third,hold,29,xp_ft,ft,32.0,33.0,0.0,0,0,5,5,,15,1-3-4-3,896.0,233,3,4,1,4.0
2025-26,third,hold,30,xp_ft,ft,43.0,46.0,0.0,0,0,5,5,,15,1-4-5-1,939.0,226,2,2,0,5.0
2025-26,third,hold,31,xp_ft,ft,59.0,61.0,0.0,0,0,5,5,,15,1-3-4-3,825.0,186,0,4,4,0.0
2025-26,third,hold,32,xp_ft,ft,43.0,44.0,0.0,0,0,5,5,,15,1-4-3-3,841.0,228,2,3,1,9.0
2025-26,third,hold,33,xp_ft,ft,34.0,36.0,0.0,0,0,5,5,,15,1-4-3-3,841.0,235,3,4,1,14.0
2025-26,third,hold,34,xp_ft,ft,41.0,42.0,0.0,0,0,5,5,,15,1-3-4-3,888.0,155,0,2,2,0.0
2025-26,third,hold,35,xp_ft,ft,40.0,44.0,0.0,0,0,5,5,,15,1-3-5-2,925.0,218,3,3,0,3.0
2025-26,third,hold,36,xp_ft,ft,37.0,46.0,0.0,0,0,5,5,,15,1-4-4-2,935.0,222,1,1,0,8.0
2025-26,third,hold,37,xp_ft,ft,40.0,50.0,0.0,0,0,5,5,,15,1-3-5-2,928.0,235,3,3,0,4.0
2025-26,third,hold,38,xp_ft,ft,20.0,20.0,0.0,0,0,5,5,,15,1-3-4-3,843.0,224,2,5,3,3.0
2025-26,third,climb,1,xp_ft,ft,54.0,55.0,0.0,0,0,0,1,,15,1-3-4-3,985.0,0,1,1,0,9.0
2025-26,third,climb,2,xp_ft,ft,53.0,62.0,0.0,0,0,1,2,,15,1-4-3-3,983.0,0,0,0,0,0.0
2025-26,third,climb,3,xp_ft,ft,48.0,50.0,0.0,0,0,2,3,,15,1-4-4-2,983.0,0,0,0,0,0.0
2025-26,third,climb,4,xp_ft,ft,47.0,52.0,0.0,3,0,3,1,,17,1-3-4-3,979.0,171,0,0,0,0.0
2025-26,third,climb,5,xp_ft,ft,46.0,47.0,4.0,2,1,1,1,,40,1-3-5-2,956.0,184,0,0,0,0.0
2025-26,third,climb,6,xp_ft,ft,19.0,18.0,0.0,1,0,1,1,,37,1-4-4-2,922.0,210,0,0,0,0.0
2025-26,third,climb,7,xp_ft,ft,61.0,60.0,4.0,2,1,1,1,,30,1-4-5-1,963.0,213,1,1,0,3.0
2025-26,third,climb,8,xp_ft,ft,51.0,57.0,0.0,1,0,1,1,,10,1-4-4-2,984.0,211,0,0,0,0.0
2025-26,third,climb,9,xp_ft,ft,46.0,48.0,0.0,1,0,1,1,,18,1-4-5-1,953.0,221,0,0,0,0.0
2025-26,third,climb,10,xp_ft,ft,47.0,53.0,0.0,1,0,1,1,,25,1-4-4-2,947.0,221,0,0,0,0.0
2025-26,third,climb,11,xp_ft,ft,40.0,43.0,0.0,0,0,1,2,,25,1-4-4-2,925.0,228,1,1,0,5.0
2025-26,third,climb,12,xp_ft,ft,41.0,43.0,0.0,2,0,2,1,,1,1-4-4-2,924.0,229,1,1,0,2.0
2025-26,third,climb,13,xp_ft,ft,51.0,65.0,0.0,0,0,1,2,,1,1-4-4-2,947.0,222,1,1,0,1.0
2025-26,third,climb,14,xp_ft,ft,35.0,39.0,0.0,2,0,2,1,,10,1-3-5-2,938.0,215,1,1,0,3.0
2025-26,third,climb,15,xp_ft,ft,55.0,73.0,0.0,0,0,1,2,,10,1-4-4-2,928.0,218,1,1,0,2.0
2025-26,third,climb,16,xp_ft,ft,33.0,46.0,0.0,2,0,2,1,,9,1-5-4-1,907.0,231,2,2,0,2.0
2025-26,third,climb,17,xp_ft,ft,39.0,43.0,0.0,0,0,1,2,,9,1-4-3-3,869.0,210,3,4,1,5.0
2025-26,third,climb,18,xp_ft,ft,26.0,27.0,0.0,0,0,2,3,,9,1-3-5-2,839.0,213,2,4,2,4.0
2025-26,third,climb,19,xp_ft,ft,50.0,59.0,0.0,2,0,3,2,,0,1-5-3-2,857.0,211,3,3,0,6.0
2025-26,third,climb,20,xp_ft,ft,59.0,62.0,0.0,0,0,2,3,,0,1-4-3-3,853.0,220,3,4,1,30.0
2025-26,third,climb,21,xp_ft,ft,39.0,46.0,0.0,0,0,3,4,,0,1-4-4-2,895.0,233,2,2,0,3.0
2025-26,third,climb,22,xp_ft,ft,57.0,63.0,0.0,3,0,4,2,,14,1-5-4-1,903.0,238,1,1,0,2.0
2025-26,third,climb,23,xp_ft,ft,31.0,32.0,0.0,0,0,2,3,,14,1-5-4-1,905.0,241,1,1,0,5.0
2025-26,third,climb,24,xp_ft,ft,74.0,84.0,0.0,0,0,3,4,,14,1-4-5-1,882.0,227,1,1,0,6.0
2025-26,third,climb,25,xp_ft,ft,46.0,56.0,0.0,2,0,4,3,,0,1-4-5-1,875.0,221,2,2,0,7.0
2025-26,third,climb,26,xp_ft,ft,40.0,42.0,0.0,2,0,3,2,,6,1-5-4-1,871.0,221,1,1,0,2.0
2025-26,third,climb,27,xp_ft,ft,45.0,47.0,0.0,0,0,2,3,,6,1-4-5-1,870.0,231,1,1,0,10.0
2025-26,third,climb,28,xp_ft,ft,46.0,59.0,0.0,0,0,3,4,,6,1-4-5-1,873.0,233,2,2,0,3.0
2025-26,third,climb,29,xp_ft,ft,60.0,61.0,0.0,2,0,4,3,,0,1-5-4-1,879.0,233,1,1,0,4.0
2025-26,third,climb,30,xp_ft,ft,50.0,60.0,0.0,0,0,3,4,,0,1-4-5-1,905.0,226,1,1,0,8.0
2025-26,third,climb,31,xp_ft,ft,54.0,67.0,0.0,3,0,4,2,,1,1-4-5-1,870.0,186,1,1,0,4.0
2025-26,third,climb,32,xp_ft,ft,80.0,84.0,0.0,1,0,2,2,,7,1-3-4-3,894.0,228,1,1,0,1.0
2025-26,third,climb,33,xp_ft,ft,48.0,50.0,0.0,0,0,2,3,,7,1-5-3-2,885.0,235,1,1,0,6.0
2025-26,third,climb,34,xp_ft,ft,53.0,58.0,0.0,3,0,3,1,,21,1-4-4-2,859.0,155,1,1,0,1.0
2025-26,third,climb,35,xp_ft,ft,36.0,41.0,0.0,1,0,1,1,,14,1-5-4-1,867.0,218,1,1,0,3.0
2025-26,third,climb,36,xp_ft,ft,37.0,40.0,0.0,0,0,1,2,,14,1-4-3-3,860.0,222,2,2,0,3.0
2025-26,third,climb,37,xp_ft,ft,66.0,75.0,0.0,0,0,2,3,,14,1-3-4-3,870.0,235,3,3,0,22.0
2025-26,third,climb,38,xp_ft,ft,32.0,32.0,0.0,0,0,3,4,,14,1-3-4-3,863.0,224,3,5,2,9.0
