fixture_id,team_norm,position,is_home,team,date,n_players,pot_minutes,pot_goals,pot_assists,pot_xg,pot_xa,pot_points,pot_cs
2025-08-15:liverpool:bournemouth,bournemouth,DEF,0,Bournemouth,2025-08-15,5,360.0,0.0,0.0,0.0,0.26,4.0,0.0
2025-08-15:liverpool:bournemouth,bournemouth,FWD,0,Bournemouth,2025-08-15,3,92.0,0.0,0.0,0.29,0.0,3.0,0.0
2025-08-15:liverpool:bournemouth,bournemouth,GKP,0,Bournemouth,2025-08-15,1,90.0,0.0,0.0,0.0,0.0,2.0,0.0
2025-08-15:liverpool:bournemouth,bournemouth,MID,0,Bournemouth,2025-08-15,7,448.0,2.0,2.0,1.42,0.37,34.0,0.0
2025-08-15:liverpool:bournemouth,liverpool,DEF,1,Liverpool,2025-08-15,6,346.0,0.0,0.0,0.19,0.07,6.0,0.0
2025-08-15:liverpool:bournemouth,liverpool,FWD,1,Liverpool,2025-08-15,1,71.0,1.0,1.0,1.14,0.02,11.0,0.0
2025-08-15:liverpool:bournemouth,liverpool,GKP,1,Liverpool,2025-08-15,1,90.0,0.0,0.0,0.0,0.01,1.0,0.0
2025-08-15:liverpool:bournemouth,liverpool,MID,1,Liverpool,2025-08-15,8,478.0,3.0,2.0,0.89,0.98,35.0,0.0
2025-08-16:aston villa:newcastle,aston villa,DEF,1,Aston Villa,2025-08-16,4,335.0,0.0,0.0,0.0,0.02,23.0,1.0
2025-08-16:aston villa:newcastle,aston villa,FWD,1,Aston Villa,2025-08-16,1,90.0,0.0,0.0,0.12,0.01,2.0,1.0
2025-08-16:aston villa:newcastle,aston villa,GKP,1,Aston Villa,2025-08-16,1,90.0,0.0,0.0,0.0,0.0,7.0,1.0
2025-08-16:aston villa:newcastle,aston villa,MID,1,Aston Villa,2025-08-16,6,449.0,0.0,0.0,0.08,0.19,17.0,1.0
2025-08-16:aston villa:newcastle,newcastle,DEF,0,Newcastle,2025-08-16,4,360.0,0.0,0.0,0.04,0.13,32.0,1.0
2025-08-16:aston villa:newcastle,newcastle,FWD,0,Newcastle,2025-08-16,1,1.0,0.0,0.0,0.03,0.02,1.0,0.0
2025-08-16:aston villa:newcastle,newcastle,GKP,0,Newcastle,2025-08-16,1,90.0,0.0,0.0,0.0,0.0,9.0,1.0
2025-08-16:aston villa:newcastle,newcastle,MID,0,Newcastle,2025-08-16,8,537.0,0.0,0.0,1.35,0.74,19.0,1.0
2025-08-16:brighton:fulham,brighton,DEF,1,Brighton,2025-08-16,4,291.0,0.0,0.0,0.09,0.22,6.0,0.0
2025-08-16:brighton:fulham,brighton,FWD,1,Brighton,2025-08-16,1,21.0,0.0,0.0,0.0,0.0,1.0,0.0
2025-08-16:brighton:fulham,brighton,GKP,1,Brighton,2025-08-16,1,90.0,0.0,0.0,0.0,0.0,2.0,0.0
2025-08-16:brighton:fulham,brighton,MID,1,Brighton,2025-08-16,10,583.0,1.0,1.0,1.4000000000000001,0.38,33.0,1.0
2025-08-16:brighton:fulham,fulham,DEF,0,Fulham,2025-08-16,5,359.0,0.0,0.0,0.0,0.04,8.0,0.0
2025-08-16:brighton:fulham,fulham,FWD,0,Fulham,2025-08-16,2,89.0,1.0,0.0,0.43999999999999995,0.0,9.0,0.0
2025-08-16:brighton:fulham,fulham,GKP,0,Fulham,2025-08-16,1,90.0,0.0,0.0,0.0,0.0,3.0,0.0
2025-08-16:brighton:fulham,fulham,MID,0,Fulham,2025-08-16,8,447.0,0.0,1.0,0.35,0.45000000000000007,15.0,0.0
2025-08-16:spurs:burnley,burnley,DEF,0,Burnley,2025-08-16,5,433.0,0.0,0.0,0.09,0.14,5.0,0.0
2025-08-16:spurs:burnley,burnley,FWD,0,Burnley,2025-08-16,2,89.0,0.0,0.0,0.22,0.04,3.0,0.0
2025-08-16:spurs:burnley,burnley,GKP,0,Burnley,2025-08-16,1,90.0,0.0,0.0,0.0,0.0,2.0,0.0
2025-08-16:spurs:burnley,burnley,MID,0,Burnley,2025-08-16,8,373.0,0.0,0.0,0.63,0.8,14.0,0.0
2025-08-16:spurs:burnley,spurs,DEF,1,Spurs,2025-08-16,4,360.0,0.0,0.0,0.7899999999999999,0.36000000000000004,24.0,1.0
2025-08-16:spurs:burnley,spurs,FWD,1,Spurs,2025-08-16,2,90.0,2.0,0.0,0.86,0.01,14.0,1.0
2025-08-16:spurs:burnley,spurs,GKP,1,Spurs,2025-08-16,1,90.0,0.0,0.0,0.0,0.0,9.0,1.0
2025-08-16:spurs:burnley,spurs,MID,1,Spurs,2025-08-16,9,446.0,1.0,3.0,0.6799999999999999,0.93,34.0,1.0
2025-08-16:sunderland:west ham,sunderland,DEF,1,Sunderland,2025-08-16,5,359.0,1.0,1.0,0.18,0.21999999999999997,34.0,1.0
2025-08-16:sunderland:west ham,sunderland,FWD,1,Sunderland,2025-08-16,2,89.0,2.0,0.0,0.13,0.0,13.0,1.0
2025-08-16:sunderland:west ham,sunderland,GKP,1,Sunderland,2025-08-16,1,90.0,0.0,0.0,0.0,0.0,8.0,1.0
2025-08-16:sunderland:west ham,sunderland,MID,1,Sunderland,2025-08-16,7,450.0,0.0,2.0,0.37,0.09,23.0,1.0
2025-08-16:sunderland:west ham,west ham,DEF,0,West Ham,2025-08-16,5,441.0,0.0,0.0,0.16,0.2,4.0,0.0
2025-08-16:sunderland:west ham,west ham,FWD,0,West Ham,2025-08-16,3,199.0,0.0,0.0,0.31,0.13,5.0,0.0
2025-08-16:sunderland:west ham,west ham,GKP,0,West Ham,2025-08-16,1,90.0,0.0,0.0,0.0,0.01,1.0,0.0
2025-08-16:sunderland:west ham,west ham,MID,0,West Ham,2025-08-16,5,257.0,0.0,0.0,0.1,0.19,8.0,0.0
2025-08-16:wolves:man city,man city,DEF,0,Man City,2025-08-16,7,382.0,0.0,1.0,0.04,0.71,34.0,1.0
2025-08-16:wolves:man city,man city,FWD,0,Man City,2025-08-16,1,72.0,2.0,0.0,1.99,0.0,13.0,1.0
2025-08-16:wolves:man city,man city,GKP,0,Man City,2025-08-16,1,90.0,0.0,0.0,0.0,0.0,7.0,1.0
2025-08-16:wolves:man city,man city,MID,0,Man City,2025-08-16,7,441.0,2.0,2.0,0.43,0.75,32.0,1.0
2025-08-16:wolves:man city,wolves,DEF,1,Wolves,2025-08-16,7,448.0,0.0,0.0,0.02,0.17,3.0,0.0
2025-08-16:wolves:man city,wolves,FWD,1,Wolves,2025-08-16,1,81.0,0.0,0.0,0.38,0.01,2.0,0.0
2025-08-16:wolves:man city,wolves,GKP,1,Wolves,2025-08-16,1,90.0,0.0,0.0,0.0,0.0,0.0,0.0
2025-08-16:wolves:man city,wolves,MID,1,Wolves,2025-08-16,7,366.0,0.0,0.0,0.15000000000000002,0.16,13.0,0.0
2025-08-17:chelsea:crystal palace,chelsea,DEF,1,Chelsea,2025-08-17,5,359.0,0.0,0.0,0.31,0.33,29.0,1.0
2025-08-17:chelsea:crystal palace,chelsea,FWD,1,Chelsea,2025-08-17,2,89.0,0.0,0.0,0.33,0.03,3.0,1.0
2025-08-17:chelsea:crystal palace,chelsea,GKP,1,Chelsea,2025-08-17,1,90.0,0.0,0.0,0.0,0.0,8.0,1.0
2025-08-17:chelsea:crystal palace,chelsea,MID,1,Chelsea,2025-08-17,7,448.0,0.0,0.0,0.9600000000000001,0.97,16.0,1.0
2025-08-17:chelsea:crystal palace,crystal palace,DEF,0,Crystal Palace,2025-08-17,5,450.0,0.0,0.0,0.13,0.01,34.0,1.0
2025-08-17:chelsea:crystal palace,crystal palace,FWD,0,Crystal Palace,2025-08-17,1,90.0,0.0,0.0,0.29,0.0,1.0,1.0
2025-08-17:chelsea:crystal palace,crystal palace,GKP,0,Crystal Palace,2025-08-17,1,90.0,0.0,0.0,0.0,0.0,6.0,1.0
2025-08-17:chelsea:crystal palace,crystal palace,MID,0,Crystal Palace,2025-08-17,6,358.0,0.0,0.0,0.24,0.060000000000000005,13.0,1.0
2025-08-17:man utd:arsenal,arsenal,DEF,0,Arsenal,2025-08-17,6,358.0,1.0,0.0,0.92,0.02,34.0,1.0
2025-08-17:man utd:arsenal,arsenal,FWD,0,Arsenal,2025-08-17,2,89.0,0.0,0.0,0.0,0.06999999999999999,2.0,0.0
2025-08-17:man utd:arsenal,arsenal,GKP,0,Arsenal,2025-08-17,1,90.0,0.0,0.0,0.0,0.0,10.0,1.0
2025-08-17:man utd:arsenal,arsenal,MID,0,Arsenal,2025-08-17,7,448.0,0.0,1.0,0.39,0.43,22.0,1.0
2025-08-17:man utd:arsenal,man utd,DEF,1,Man Utd,2025-08-17,6,413.0,0.0,0.0,0.25,0.26,13.0,0.0
2025-08-17:man utd:arsenal,man utd,FWD,1,Man Utd,2025-08-17,1,25.0,0.0,0.0,0.11,0.06,1.0,0.0
2025-08-17:man utd:arsenal,man utd,GKP,1,Man Utd,2025-08-17,1,90.0,0.0,0.0,0.0,0.0,2.0,0.0
2025-08-17:man utd:arsenal,man utd,MID,1,Man Utd,2025-08-17,7,458.0,0.0,0.0,1.15,0.62,12.0,0.0
2025-08-17:nottm forest:brentford,brentford,DEF,0,Brentford,2025-08-17,6,427.0,0.0,0.0,0.35,0.12,6.0,0.0
2025-08-17:nottm forest:brentford,brentford,FWD,0,Brentford,2025-08-17,1,90.0,1.0,0.0,0.91,0.01,6.0,0.0
2025-08-17:nottm forest:brentford,brentford,GKP,0,Brentford,2025-08-17,1,90.0,0.0,0.0,0.0,0.0,1.0,0.0
2025-08-17:nottm forest:brentford,brentford,MID,0,Brentford,2025-08-17,7,380.0,0.0,1.0,0.24000000000000002,0.12,13.0,0.0
2025-08-17:nottm forest:brentford,nottm forest,DEF,1,Nott'm Forest,2025-08-17,4,360.0,0.0,0.0,0.0,0.15,9.0,0.0
2025-08-17:nottm forest:brentford,nottm forest,FWD,1,Nott'm Forest,2025-08-17,2,89.0,2.0,0.0,0.95,0.01,14.0,0.0
2025-08-17:nottm forest:brentford,nottm forest,GKP,1,Nott'm Forest,2025-08-17,1,90.0,0.0,0.0,0.0,0.0,2.0,0.0
2025-08-17:nottm forest:brentford,nottm forest,MID,1,Nott'm Forest,2025-08-17,7,448.0,1.0,2.0,0.91,0.8300000000000001,26.0,0.0
2025-08-18:leeds:everton,everton,DEF,0,Everton,2025-08-18,3,270.0,0.0,0.0,0.37,0.02,8.0,0.0
2025-08-18:leeds:everton,everton,FWD,0,Everton,2025-08-18,2,94.0,0.0,0.0,0.06,0.01,3.0,0.0
2025-08-18:leeds:everton,everton,GKP,0,Everton,2025-08-18,1,90.0,0.0,0.0,0.0,0.0,2.0,0.0
2025-08-18:leeds:everton,everton,MID,0,Everton,2025-08-18,7,534.0,0.0,0.0,0.13999999999999999,0.39999999999999997,12.0,1.0
2025-08-18:leeds:everton,leeds,DEF,1,Leeds,2025-08-18,4,360.0,0.0,0.0,0.31,0.16000000000000003,30.0,1.0
2025-08-18:leeds:everton,leeds,FWD,1,Leeds,2025-08-18,2,89.0,1.0,0.0,1.13,0.05,7.0,1.0
2025-08-18:leeds:everton,leeds,GKP,1,Leeds,2025-08-18,1,90.0,0.0,0.0,0.0,0.0,6.0,1.0
2025-08-18:leeds:everton,leeds,MID,1,Leeds,2025-08-18,9,448.0,0.0,1.0,0.64,0.61,24.0,1.0
2025-08-22:west ham:chelsea,chelsea,DEF,0,Chelsea,2025-08-22,7,357.0,1.0,1.0,0.31,0.5,19.0,0.0
2025-08-22:west ham:chelsea,chelsea,FWD,0,Chelsea,2025-08-22,2,151.0,1.0,2.0,0.5,0.13,17.0,0.0
2025-08-22:west ham:chelsea,chelsea,GKP,0,Chelsea,2025-08-22,1,90.0,0.0,0.0,0.0,0.0,3.0,0.0
2025-08-22:west ham:chelsea,chelsea,MID,0,Chelsea,2025-08-22,6,387.0,3.0,2.0,1.94,0.84,32.0,0.0
2025-08-22:west ham:chelsea,west ham,DEF,1,West Ham,2025-08-22,6,425.0,0.0,1.0,0.33,0.08,6.0,0.0
2025-08-22:west ham:chelsea,west ham,FWD,1,West Ham,2025-08-22,3,180.0,0.0,0.0,0.12,0.17,4.0,0.0
2025-08-22:west ham:chelsea,west ham,GKP,1,West Ham,2025-08-22,1,90.0,0.0,0.0,0.0,0.0,0.0,0.0
2025-08-22:west ham:chelsea,west ham,MID,1,West Ham,2025-08-22,4,294.0,1.0,0.0,0.27,0.4,14.0,0.0
2025-08-23:arsenal:leeds,arsenal,DEF,1,Arsenal,2025-08-23,6,358.0,2.0,3.0,1.2400000000000002,0.08,51.0,1.0
2025-08-23:arsenal:leeds,arsenal,FWD,1,Arsenal,2025-08-23,1,90.0,2.0,0.0,1.28,0.03,12.0,1.0
2025-08-23:arsenal:leeds,arsenal,GKP,1,Arsenal,2025-08-23,1,90.0,0.0,0.0,0.0,0.0,6.0,1.0
2025-08-23:arsenal:leeds,arsenal,MID,1,Arsenal,2025-08-23,8,447.0,1.0,2.0,0.35000000000000003,0.79,25.0,1.0
2025-08-23:arsenal:leeds,leeds,DEF,0,Leeds,2025-08-23,5,359.0,0.0,0.0,0.1,0.0,1.0,0.0
2025-08-23:arsenal:leeds,leeds,FWD,0,Leeds,2025-08-23,2,89.0,0.0,0.0,0.0,0.0,2.0,0.0
2025-08-23:arsenal:leeds,leeds,GKP,0,Leeds,2025-08-23,1,90.0,0.0,0.0,0.0,0.0,0.0,0.0
2025-08-23:arsenal:leeds,leeds,MID,0,Leeds,2025-08-23,8,447.0,0.0,0.0,0.07,0.11000000000000001,12.0,0.0
2025-08-23:bournemouth:wolves,bournemouth,DEF,1,Bournemouth,2025-08-23,5,362.0,0.0,0.0,0.0,0.060000000000000005,32.0,1.0
2025-08-23:bournemouth:wolves,bournemouth,FWD,1,Bournemouth,2025-08-23,3,91.0,0.0,0.0,0.0,0.02,4.0,1.0
2025-08-23:bournemouth:wolves,bournemouth,GKP,1,Bournemouth,2025-08-23,1,90.0,0.0,0.0,0.0,0.0,6.0,1.0
2025-08-23:bournemouth:wolves,bournemouth,MID,1,Bournemouth,2025-08-23,8,445.0,1.0,1.0,1.29,1.04,27.0,1.0
2025-08-23:bournemouth:wolves,wolves,DEF,0,Wolves,2025-08-23,8,441.0,0.0,0.0,0.16,0.27,7.0,0.0
2025-08-23:bournemouth:wolves,wolves,FWD,0,Wolves,2025-08-23,1,77.0,0.0,0.0,0.1,0.01,2.0,0.0
2025-08-23:bournemouth:wolves,wolves,GKP,0,Wolves,2025-08-23,1,90.0,0.0,0.0,0.0,0.03,3.0,0.0
2025-08-23:bournemouth:wolves,wolves,MID,0,Wolves,2025-08-23,6,337.0,0.0,0.0,0.2,0.06,7.0,0.0
2025-08-23:brentford:aston villa,aston villa,DEF,0,Aston Villa,2025-08-23,6,375.0,0.0,0.0,0.2,0.64,9.0,0.0
2025-08-23:brentford:aston villa,aston villa,FWD,0,Aston Villa,2025-08-23,1,90.0,0.0,0.0,0.37,0.08,2.0,0.0
2025-08-23:brentford:aston villa,aston villa,GKP,0,Aston Villa,2025-08-23,1,90.0,0.0,0.0,0.0,0.01,2.0,0.0
2025-08-23:brentford:aston villa,aston villa,MID,0,Aston Villa,2025-08-23,8,430.0,0.0,0.0,0.62,0.7999999999999999,11.0,0.0
2025-08-23:brentford:aston villa,brentford,DEF,1,Brentford,2025-08-23,7,376.0,0.0,0.0,0.0,0.02,36.0,1.0
2025-08-23:brentford:aston villa,brentford,FWD,1,Brentford,2025-08-23,1,90.0,0.0,0.0,0.22,0.01,2.0,1.0
2025-08-23:brentford:aston villa,brentford,GKP,1,Brentford,2025-08-23,1,90.0,0.0,0.0,0.0,0.01,5.0,1.0
2025-08-23:brentford:aston villa,brentford,MID,1,Brentford,2025-08-23,7,429.0,1.0,0.0,0.99,0.3,31.0,1.0
2025-08-23:burnley:sunderland,burnley,DEF,1,Burnley,2025-08-23,6,380.0,0.0,0.0,0.0,0.08,29.0,1.0
2025-08-23:burnley:sunderland,burnley,FWD,1,Burnley,2025-08-23,2,89.0,0.0,0.0,0.0,0.01,3.0,1.0
2025-08-23:burnley:sunderland,burnley,GKP,1,Burnley,2025-08-23,1,90.0,0.0,0.0,0.0,0.0,6.0,1.0
2025-08-23:burnley:sunderland,burnley,MID,1,Burnley,2025-08-23,7,426.0,2.0,2.0,0.99,0.39,40.0,1.0
2025-08-23:burnley:sunderland,sunderland,DEF,0,Sunderland,2025-08-23,5,359.0,0.0,0.0,0.09,0.25,7.0,0.0
2025-08-23:burnley:sunderland,sunderland,FWD,0,Sunderland,2025-08-23,3,99.0,0.0,0.0,0.32,0.01,4.0,0.0
2025-08-23:burnley:sunderland,sunderland,GKP,0,Sunderland,2025-08-23,1,90.0,0.0,0.0,0.0,0.0,1.0,0.0
2025-08-23:burnley:sunderland,sunderland,MID,0,Sunderland,2025-08-23,7,437.0,0.0,0.0,0.35000000000000003,0.35,13.0,0.0
2025-08-23:man city:spurs,man city,DEF,1,Man City,2025-08-23,5,359.0,0.0,0.0,0.16,0.23,5.0,0.0
2025-08-23:man city:spurs,man city,FWD,1,Man City,2025-08-23,1,90.0,0.0,0.0,0.47,0.3,2.0,0.0
2025-08-23:man city:spurs,man city,GKP,1,Man City,2025-08-23,1,90.0,0.0,0.0,0.0,0.0,2.0,0.0
2025-08-23:man city:spurs,man city,MID,1,Man City,2025-08-23,9,446.0,0.0,0.0,0.9199999999999999,1.03,11.0,0.0
2025-08-23:man city:spurs,spurs,DEF,0,Spurs,2025-08-23,5,361.0,0.0,0.0,0.08,0.15,25.0,1.0
2025-08-23:man city:spurs,spurs,FWD,0,Spurs,2025-08-23,2,89.0,0.0,1.0,0.22,0.11,5.0,1.0
2025-08-23:man city:spurs,spurs,GKP,0,Spurs,2025-08-23,1,90.0,0.0,0.0,0.0,0.01,9.0,1.0
2025-08-23:man city:spurs,spurs,MID,0,Spurs,2025-08-23,7,448.0,2.0,0.0,0.8200000000000001,0.18,31.0,1.0
2025-08-24:crystal palace:nottm forest,crystal palace,DEF,1,Crystal Palace,2025-08-24,5,450.0,0.0,1.0,0.21000000000000002,0.45999999999999996,13.0,0.0
2025-08-24:crystal palace:nottm forest,crystal palace,FWD,1,Crystal Palace,2025-08-24,2,89.0,0.0,0.0,0.16,0.0,3.0,0.0
2025-08-24:crystal palace:nottm forest,crystal palace,GKP,1,Crystal Palace,2025-08-24,1,90.0,0.0,0.0,0.0,0.0,2.0,0.0
2025-08-24:crystal palace:nottm forest,crystal palace,MID,1,Crystal Palace,2025-08-24,6,358.0,1.0,0.0,0.7200000000000001,0.43,15.0,0.0
2025-08-24:crystal palace:nottm forest,nottm forest,DEF,0,Nott'm Forest,2025-08-24,4,360.0,0.0,0.0,0.0,0.21000000000000002,6.0,0.0
2025-08-24:crystal palace:nottm forest,nottm forest,FWD,0,Nott'm Forest,2025-08-24,3,108.0,0.0,0.0,0.30000000000000004,0.06,4.0,0.0
2025-08-24:crystal palace:nottm forest,nottm forest,GKP,0,Nott'm Forest,2025-08-24,1,90.0,0.0,0.0,0.0,0.0,2.0,0.0
2025-08-24:crystal palace:nottm forest,nottm forest,MID,0,Nott'm Forest,2025-08-24,8,427.0,1.0,1.0,0.63,0.54,26.0,0.0
2025-08-24:everton:brighton,brighton,DEF,0,Brighton,2025-08-24,4,269.0,0.0,0.0,0.01,0.03,2.0,0.0
2025-08-24:everton:brighton,brighton,FWD,0,Brighton,2025-08-24,1,90.0,0.0,0.0,1.56,0.1,0.0,0.0
2025-08-24:everton:brighton,brighton,GKP,0,Brighton,2025-08-24,1,90.0,0.0,0.0,0.0,0.0,1.0,0.0
2025-08-24:everton:brighton,brighton,MID,0,Brighton,2025-08-24,9,538.0,0.0,0.0,0.86,0.73,15.0,0.0
2025-08-24:everton:brighton,everton,DEF,1,Everton,2025-08-24,3,270.0,0.0,0.0,0.0,0.02,22.0,1.0
2025-08-24:everton:brighton,everton,FWD,1,Everton,2025-08-24,2,89.0,0.0,0.0,0.49,0.01,2.0,1.0
2025-08-24:everton:brighton,everton,GKP,1,Everton,2025-08-24,1,90.0,0.0,0.0,0.0,0.0,15.0,1.0
2025-08-24:everton:brighton,everton,MID,1,Everton,2025-08-24,9,539.0,2.0,2.0,1.1,0.95,39.0,1.0
2025-08-24:fulham:man utd,fulham,DEF,1,Fulham,2025-08-24,5,359.0,0.0,0.0,0.45,1.0699999999999998,11.0,0.0
2025-08-24:fulham:man utd,fulham,FWD,1,Fulham,2025-08-24,2,89.0,0.0,0.0,0.37,0.0,1.0,0.0
2025-08-24:fulham:man utd,fulham,GKP,1,Fulham,2025-08-24,1,90.0,0.0,0.0,0.0,0.0,3.0,0.0
2025-08-24:fulham:man utd,fulham,MID,1,Fulham,2025-08-24,7,448.0,1.0,1.0,0.94,1.01,23.0,0.0
2025-08-24:fulham:man utd,man utd,DEF,0,Man Utd,2025-08-24,7,396.0,0.0,1.0,0.29,0.08,20.0,0.0
2025-08-24:fulham:man utd,man utd,FWD,0,Man Utd,2025-08-24,1,37.0,0.0,0.0,0.0,0.04,1.0,0.0
2025-08-24:fulham:man utd,man utd,GKP,0,Man Utd,2025-08-24,1,90.0,0.0,0.0,0.0,0.03,2.0,0.0
2025-08-24:fulham:man utd,man utd,MID,0,Man Utd,2025-08-24,7,462.0,0.0,0.0,1.35,0.58,11.0,1.0
2025-08-25:newcastle:liverpool,liverpool,DEF,0,Liverpool,2025-08-25,4,280.0,0.0,0.0,0.0,0.02,4.0,0.0
2025-08-25:newcastle:liverpool,liverpool,FWD,0,Liverpool,2025-08-25,1,79.0,1.0,0.0,0.21,0.06,9.0,0.0
2025-08-25:newcastle:liverpool,liverpool,GKP,0,Liverpool,2025-08-25,1,90.0,0.0,0.0,0.0,0.0,1.0,0.0
2025-08-25:newcastle:liverpool,liverpool,MID,0,Liverpool,2025-08-25,10,542.0,2.0,3.0,0.5,0.42,37.0,0.0
2025-08-25:newcastle:liverpool,newcastle,DEF,1,Newcastle,2025-08-25,6,358.0,0.0,1.0,0.01,0.35000000000000003,10.0,0.0
2025-08-25:newcastle:liverpool,newcastle,FWD,1,Newcastle,2025-08-25,1,14.0,1.0,0.0,0.13,0.0,5.0,0.0
2025-08-25:newcastle:liverpool,newcastle,GKP,1,Newcastle,2025-08-25,1,90.0,0.0,1.0,0.0,0.0,4.0,0.0
2025-08-25:newcastle:liverpool,newcastle,MID,1,Newcastle,2025-08-25,8,480.0,1.0,0.0,0.8,0.48999999999999994,14.0,0.0
2025-08-30:chelsea:fulham,chelsea,DEF,1,Chelsea,2025-08-30,5,369.0,0.0,1.0,0.16,0.3,34.0,1.0
2025-08-30:chelsea:fulham,chelsea,FWD,1,Chelsea,2025-08-30,2,103.0,1.0,0.0,0.75,0.02,10.0,1.0
2025-08-30:chelsea:fulham,chelsea,GKP,1,Chelsea,2025-08-30,1,90.0,0.0,0.0,0.0,0.0,6.0,1.0
2025-08-30:chelsea:fulham,chelsea,MID,1,Chelsea,2025-08-30,7,424.0,1.0,1.0,1.45,0.52,26.0,1.0
2025-08-30:chelsea:fulham,fulham,DEF,0,Fulham,2025-08-30,5,352.0,0.0,0.0,0.36,0.11,8.0,0.0
2025-08-30:chelsea:fulham,fulham,FWD,0,Fulham,2025-08-30,2,89.0,0.0,0.0,0.15,0.0,2.0,0.0
2025-08-30:chelsea:fulham,fulham,GKP,0,Fulham,2025-08-30,1,90.0,0.0,0.0,0.0,0.0,2.0,0.0
2025-08-30:chelsea:fulham,fulham,MID,0,Fulham,2025-08-30,8,454.0,0.0,0.0,0.51,0.36000000000000004,11.0,0.0
2025-08-30:leeds:newcastle,leeds,DEF,1,Leeds,2025-08-30,5,359.0,0.0,0.0,0.08,0.06,29.0,1.0
2025-08-30:leeds:newcastle,leeds,FWD,1,Leeds,2025-08-30,2,89.0,0.0,0.0,0.17,0.02,3.0,1.0
2025-08-30:leeds:newcastle,leeds,GKP,1,Leeds,2025-08-30,1,90.0,0.0,0.0,0.0,0.0,6.0,1.0
2025-08-30:leeds:newcastle,leeds,MID,1,Leeds,2025-08-30,7,448.0,0.0,0.0,0.44,0.26,14.0,1.0
2025-08-30:leeds:newcastle,newcastle,DEF,0,Newcastle,2025-08-30,6,427.0,0.0,0.0,0.08,0.07,33.0,1.0
2025-08-30:leeds:newcastle,newcastle,FWD,0,Newcastle,2025-08-30,1,90.0,0.0,0.0,0.24,0.0,2.0,1.0
2025-08-30:leeds:newcastle,newcastle,GKP,0,Newcastle,2025-08-30,1,90.0,0.0,0.0,0.0,0.0,5.0,1.0
2025-08-30:leeds:newcastle,newcastle,MID,0,Newcastle,2025-08-30,7,381.0,0.0,0.0,0.14,0.25,13.0,1.0
2025-08-30:man utd:burnley,burnley,DEF,0,Burnley,2025-08-30,6,367.0,0.0,0.0,0.09,0.1,7.0,0.0
2025-08-30:man utd:burnley,burnley,FWD,0,Burnley,2025-08-30,1,90.0,1.0,0.0,0.51,0.0,6.0,0.0
2025-08-30:man utd:burnley,burnley,GKP,0,Burnley,2025-08-30,1,90.0,0.0,0.0,0.0,0.0,2.0,0.0
2025-08-30:man utd:burnley,burnley,MID,0,Burnley,2025-08-30,7,439.0,1.0,2.0,0.65,0.38,20.0,0.0
2025-08-30:man utd:burnley,man utd,DEF,1,Man Utd,2025-08-30,5,359.0,0.0,1.0,0.19,0.5,8.0,0.0
2025-08-30:man utd:burnley,man utd,FWD,1,Man Utd,2025-08-30,2,77.0,0.0,0.0,0.9400000000000001,0.03,2.0,0.0
2025-08-30:man utd:burnley,man utd,GKP,1,Man Utd,2025-08-30,1,90.0,0.0,0.0,0.0,0.01,1.0,0.0
2025-08-30:man utd:burnley,man utd,MID,1,Man Utd,2025-08-30,7,461.0,2.0,2.0,2.5,1.33,33.0,0.0
2025-08-30:spurs:bournemouth,bournemouth,DEF,0,Bournemouth,2025-08-30,5,359.0,0.0,1.0,0.15000000000000002,0.14,33.0,1.0
2025-08-30:spurs:bournemouth,bournemouth,FWD,0,Bournemouth,2025-08-30,3,98.0,1.0,0.0,0.5,0.06,10.0,1.0
2025-08-30:spurs:bournemouth,bournemouth,GKP,0,Bournemouth,2025-08-30,1,90.0,0.0,0.0,0.0,0.0,5.0,1.0
2025-08-30:spurs:bournemouth,bournemouth,MID,0,Bournemouth,2025-08-30,8,447.0,0.0,0.0,0.9400000000000001,0.5800000000000001,19.0,1.0
2025-08-30:spurs:bournemouth,spurs,DEF,1,Spurs,2025-08-30,5,359.0,0.0,0.0,0.03,0.12,9.0,0.0
2025-08-30:spurs:bournemouth,spurs,FWD,1,Spurs,2025-08-30,1,90.0,0.0,0.0,0.0,0.01,2.0,0.0
2025-08-30:spurs:bournemouth,spurs,GKP,1,Spurs,2025-08-30,1,90.0,0.0,0.0,0.0,0.0,3.0,0.0
2025-08-30:spurs:bournemouth,spurs,MID,1,Spurs,2025-08-30,8,447.0,0.0,0.0,0.16,0.15,11.0,0.0
2025-08-30:sunderland:brentford,brentford,DEF,0,Brentford,2025-08-30,5,359.0,0.0,0.0,0.03,0.06,12.0,1.0
2025-08-30:sunderland:brentford,brentford,FWD,0,Brentford,2025-08-30,1,90.0,1.0,0.0,0.12,0.1,6.0,0.0
2025-08-30:sunderland:brentford,brentford,GKP,0,Brentford,2025-08-30,1,90.0,0.0,0.0,0.0,0.0,1.0,0.0
2025-08-30:sunderland:brentford,brentford,MID,0,Brentford,2025-08-30,7,449.0,0.0,1.0,1.04,0.65,14.0,1.0
2025-08-30:sunderland:brentford,sunderland,DEF,1,Sunderland,2025-08-30,4,360.0,0.0,0.0,0.18000000000000002,0.03,11.0,0.0
2025-08-30:sunderland:brentford,sunderland,FWD,1,Sunderland,2025-08-30,3,92.0,1.0,0.0,0.24,0.0,11.0,1.0
2025-08-30:sunderland:brentford,sunderland,GKP,1,Sunderland,2025-08-30,1,90.0,0.0,0.0,0.0,0.0,8.0,0.0
2025-08-30:sunderland:brentford,sunderland,MID,1,Sunderland,2025-08-30,6,445.0,1.0,2.0,1.12,0.36,25.0,1.0
2025-08-30:wolves:everton,everton,DEF,0,Everton,2025-08-30,5,361.0,0.0,0.0,0.07,0.08,9.0,0.0
2025-08-30:wolves:everton,everton,FWD,0,Everton,2025-08-30,2,89.0,1.0,0.0,0.63,0.08,8.0,0.0
2025-08-30:wolves:everton,everton,GKP,0,Everton,2025-08-30,1,90.0,0.0,0.0,0.0,0.01,1.0,0.0
2025-08-30:wolves:everton,everton,MID,0,Everton,2025-08-30,7,448.0,2.0,3.0,1.23,1.28,37.0,0.0
2025-08-30:wolves:everton,wolves,DEF,1,Wolves,2025-08-30,7,448.0,1.0,1.0,0.53,0.25,20.0,0.0
2025-08-30:wolves:everton,wolves,FWD,1,Wolves,2025-08-30,1,14.0,0.0,0.0,0.0,0.01,1.0,0.0
2025-08-30:wolves:everton,wolves,GKP,1,Wolves,2025-08-30,1,90.0,0.0,0.0,0.0,0.0,1.0,0.0
2025-08-30:wolves:everton,wolves,MID,1,Wolves,2025-08-30,7,433.0,1.0,1.0,0.58,0.22,20.0,0.0
2025-08-31:aston villa:crystal palace,aston villa,DEF,1,Aston Villa,2025-08-31,7,365.0,0.0,0.0,0.09999999999999999,0.28,6.0,0.0
2025-08-31:aston villa:crystal palace,aston villa,FWD,1,Aston Villa,2025-08-31,1,90.0,0.0,0.0,0.64,0.04,2.0,0.0
2025-08-31:aston villa:crystal palace,aston villa,GKP,1,Aston Villa,2025-08-31,1,90.0,0.0,0.0,0.0,0.0,0.0,0.0
2025-08-31:aston villa:crystal palace,aston villa,MID,1,Aston Villa,2025-08-31,7,441.0,0.0,0.0,0.39,0.35,11.0,0.0
2025-08-31:aston villa:crystal palace,crystal palace,DEF,0,Crystal Palace,2025-08-31,6,454.0,1.0,1.0,0.05,0.63,50.0,1.0
2025-08-31:aston villa:crystal palace,crystal palace,FWD,0,Crystal Palace,2025-08-31,1,84.0,1.0,0.0,0.79,0.33,5.0,1.0
2025-08-31:aston villa:crystal palace,crystal palace,GKP,0,Crystal Palace,2025-08-31,1,90.0,0.0,0.0,0.0,0.0,7.0,1.0
2025-08-31:aston villa:crystal palace,crystal palace,MID,0,Crystal Palace,2025-08-31,7,358.0,1.0,1.0,1.8299999999999998,0.22,19.0,1.0
2025-08-31:brighton:man city,brighton,DEF,1,Brighton,2025-08-31,5,361.0,0.0,1.0,0.38,0.37,10.0,0.0
2025-08-31:brighton:man city,brighton,FWD,1,Brighton,2025-08-31,1,60.0,0.0,0.0,0.0,0.17,2.0,0.0
2025-08-31:brighton:man city,brighton,GKP,1,Brighton,2025-08-31,1,90.0,0.0,0.0,0.0,0.0,2.0,0.0
2025-08-31:brighton:man city,brighton,MID,1,Brighton,2025-08-31,9,476.0,2.0,1.0,1.92,0.15,30.0,0.0
2025-08-31:brighton:man city,man city,DEF,0,Man City,2025-08-31,7,376.0,0.0,0.0,0.02,0.5,7.0,0.0
2025-08-31:brighton:man city,man city,FWD,0,Man City,2025-08-31,1,90.0,1.0,0.0,1.4,0.0,9.0,0.0
2025-08-31:brighton:man city,man city,GKP,0,Man City,2025-08-31,1,90.0,0.0,0.0,0.0,0.0,2.0,0.0
2025-08-31:brighton:man city,man city,MID,0,Man City,2025-08-31,6,430.0,0.0,1.0,0.4,0.94,16.0,0.0
2025-08-31:liverpool:arsenal,arsenal,DEF,0,Arsenal,2025-08-31,5,359.0,0.0,0.0,0.24,0.07,9.0,0.0
2025-08-31:liverpool:arsenal,arsenal,FWD,0,Arsenal,2025-08-31,1,90.0,0.0,0.0,0.0,0.16,1.0,0.0
2025-08-31:liverpool:arsenal,arsenal,GKP,0,Arsenal,2025-08-31,1,90.0,0.0,0.0,0.0,0.02,2.0,0.0
2025-08-31:liverpool:arsenal,arsenal,MID,0,Arsenal,2025-08-31,8,447.0,0.0,0.0,0.25,0.21,16.0,1.0
2025-08-31:liverpool:arsenal,liverpool,DEF,1,Liverpool,2025-08-31,4,269.0,0.0,0.0,0.0,0.02,21.0,1.0
2025-08-31:liverpool:arsenal,liverpool,FWD,1,Liverpool,2025-08-31,1,78.0,0.0,0.0,0.0,0.0,2.0,1.0
2025-08-31:liverpool:arsenal,liverpool,GKP,1,Liverpool,2025-08-31,1,90.0,0.0,0.0,0.0,0.0,8.0,1.0
2025-08-31:liverpool:arsenal,liverpool,MID,1,Liverpool,2025-08-31,9,549.0,1.0,1.0,0.5,0.2,32.0,1.0
2025-08-31:nottm forest:west ham,nottm forest,DEF,1,Nott'm Forest,2025-08-31,4,360.0,0.0,0.0,0.12,0.32,4.0,0.0
2025-08-31:nottm forest:west ham,nottm forest,FWD,1,Nott'm Forest,2025-08-31,3,90.0,0.0,0.0,0.41,0.0,4.0,1.0
2025-08-31:nottm forest:west ham,nottm forest,GKP,1,Nott'm Forest,2025-08-31,1,90.0,0.0,0.0,0.0,0.0,2.0,0.0
2025-08-31:nottm forest:west ham,nottm forest,MID,1,Nott'm Forest,2025-08-31,7,446.0,0.0,0.0,0.21,0.43000000000000005,13.0,0.0
2025-08-31:nottm forest:west ham,west ham,DEF,0,West Ham,2025-08-31,4,360.0,0.0,1.0,0.06,0.13999999999999999,28.0,1.0
2025-08-31:nottm forest:west ham,west ham,FWD,0,West Ham,2025-08-31,3,179.0,2.0,0.0,1.26,0.04,18.0,1.0
2025-08-31:nottm forest:west ham,west ham,GKP,0,West Ham,2025-08-31,1,90.0,0.0,0.0,0.0,0.0,7.0,1.0
2025-08-31:nottm forest:west ham,west ham,MID,0,West Ham,2025-08-31,6,358.0,1.0,2.0,1.11,0.28,27.0,1.0
2025-09-13:arsenal:nottm forest,arsenal,DEF,1,Arsenal,2025-09-13,5,359.0,0.0,0.0,0.5,0.08,30.0,1.0
2025-09-13:arsenal:nottm forest,arsenal,FWD,1,Arsenal,2025-09-13,1,67.0,1.0,0.0,0.84,0.02,6.0,1.0
2025-09-13:arsenal:nottm forest,arsenal,GKP,1,Arsenal,2025-09-13,1,90.0,0.0,0.0,0.0,0.0,6.0,1.0
2025-09-13:arsenal:nottm forest,arsenal,MID,1,Arsenal,2025-09-13,9,470.0,2.0,2.0,0.5,1.5699999999999998,38.0,1.0
2025-09-13:arsenal:nottm forest,nottm forest,DEF,0,Nott'm Forest,2025-09-13,5,359.0,0.0,0.0,0.01,0.03,5.0,0.0
2025-09-13:arsenal:nottm forest,nottm forest,FWD,0,Nott'm Forest,2025-09-13,2,89.0,0.0,0.0,0.14,0.05,2.0,0.0
2025-09-13:arsenal:nottm forest,nottm forest,GKP,0,Nott'm Forest,2025-09-13,1,90.0,0.0,0.0,0.0,0.0,1.0,0.0
2025-09-13:arsenal:nottm forest,nottm forest,MID,0,Nott'm Forest,2025-09-13,8,447.0,0.0,0.0,0.04,0.1,14.0,0.0
2025-09-13:bournemouth:brighton,bournemouth,DEF,1,Bournemouth,2025-09-13,6,360.0,0.0,0.0,0.12,0.33999999999999997,12.0,0.0
2025-09-13:bournemouth:brighton,bournemouth,FWD,1,Bournemouth,2025-09-13,1,90.0,0.0,1.0,0.14,0.04,5.0,0.0
2025-09-13:bournemouth:brighton,bournemouth,GKP,1,Bournemouth,2025-09-13,1,90.0,0.0,0.0,0.0,0.0,2.0,0.0
2025-09-13:bournemouth:brighton,bournemouth,MID,1,Bournemouth,2025-09-13,8,447.0,2.0,1.0,1.19,0.54,29.0,0.0
2025-09-13:bournemouth:brighton,brighton,DEF,0,Brighton,2025-09-13,5,359.0,0.0,0.0,0.0,0.08,13.0,0.0
2025-09-13:bournemouth:brighton,brighton,FWD,0,Brighton,2025-09-13,2,89.0,0.0,0.0,0.09,0.02,3.0,0.0
2025-09-13:bournemouth:brighton,brighton,GKP,0,Brighton,2025-09-13,1,90.0,0.0,0.0,0.0,0.01,2.0,0.0
2025-09-13:bournemouth:brighton,brighton,MID,0,Brighton,2025-09-13,8,447.0,1.0,1.0,0.53,0.29000000000000004,19.0,0.0
2025-09-13:brentford:chelsea,brentford,DEF,1,Brentford,2025-09-13,8,465.0,0.0,1.0,0.14,0.5399999999999999,14.0,0.0
2025-09-13:brentford:chelsea,brentford,FWD,1,Brentford,2025-09-13,1,71.0,0.0,0.0,0.0,0.03,1.0,0.0
2025-09-13:brentford:chelsea,brentford,GKP,1,Brentford,2025-09-13,1,90.0,0.0,0.0,0.0,0.0,2.0,0.0
2025-09-13:brentford:chelsea,brentford,MID,1,Brentford,2025-09-13,6,360.0,2.0,1.0,1.28,0.22999999999999998,26.0,0.0
2025-09-13:brentford:chelsea,chelsea,DEF,0,Chelsea,2025-09-13,6,360.0,0.0,0.0,0.13,0.37,7.0,0.0
2025-09-13:brentford:chelsea,chelsea,FWD,0,Chelsea,2025-09-13,1,78.0,0.0,1.0,0.15,0.02,7.0,0.0
2025-09-13:brentford:chelsea,chelsea,GKP,0,Chelsea,2025-09-13,1,90.0,0.0,0.0,0.0,0.0,2.0,0.0
2025-09-13:brentford:chelsea,chelsea,MID,0,Chelsea,2025-09-13,8,460.0,2.0,0.0,0.9800000000000001,0.66,28.0,0.0
2025-09-13:crystal palace:sunderland,crystal palace,DEF,1,Crystal Palace,2025-09-13,5,450.0,0.0,0.0,0.33999999999999997,0.41000000000000003,29.0,1.0
2025-09-13:crystal palace:sunderland,crystal palace,FWD,1,Crystal Palace,2025-09-13,2,96.0,0.0,0.0,0.6,0.01,3.0,1.0
2025-09-13:crystal palace:sunderland,crystal palace,GKP,1,Crystal Palace,2025-09-13,1,90.0,0.0,0.0,0.0,0.0,6.0,1.0
2025-09-13:crystal palace:sunderland,crystal palace,MID,1,Crystal Palace,2025-09-13,5,352.0,0.0,0.0,0.86,0.59,13.0,1.0
2025-09-13:crystal palace:sunderland,sunderland,DEF,0,Sunderland,2025-09-13,5,366.0,0.0,0.0,0.0,0.13,32.0,1.0
2025-09-13:crystal palace:sunderland,sunderland,FWD,0,Sunderland,2025-09-13,2,111.0,0.0,0.0,0.11,0.0,3.0,1.0
2025-09-13:crystal palace:sunderland,sunderland,GKP,0,Sunderland,2025-09-13,1,90.0,0.0,0.0,0.0,0.0,10.0,1.0
2025-09-13:crystal palace:sunderland,sunderland,MID,0,Sunderland,2025-09-13,6,422.0,0.0,0.0,0.25,0.38,18.0,1.0
2025-09-13:everton:aston villa,aston villa,DEF,0,Aston Villa,2025-09-13,6,449.0,0.0,0.0,0.30000000000000004,0.19,35.0,1.0
2025-09-13:everton:aston villa,aston villa,FWD,0,Aston Villa,2025-09-13,1,82.0,0.0,0.0,0.0,0.04,2.0,1.0
2025-09-13:everton:aston villa,aston villa,GKP,0,Aston Villa,2025-09-13,1,90.0,0.0,0.0,0.0,0.0,6.0,1.0
2025-09-13:everton:aston villa,aston villa,MID,0,Aston Villa,2025-09-13,7,366.0,0.0,0.0,0.24,0.13,12.0,1.0
2025-09-13:everton:aston villa,everton,DEF,1,Everton,2025-09-13,3,270.0,0.0,0.0,0.6000000000000001,0.14,20.0,1.0
2025-09-13:everton:aston villa,everton,FWD,1,Everton,2025-09-13,2,89.0,0.0,0.0,1.08,0.01,3.0,1.0
2025-09-13:everton:aston villa,everton,GKP,1,Everton,2025-09-13,1,90.0,0.0,0.0,0.0,0.0,6.0,1.0
2025-09-13:everton:aston villa,everton,MID,1,Everton,2025-09-13,7,539.0,0.0,0.0,0.42,1.0899999999999999,20.0,1.0
2025-09-13:fulham:leeds,fulham,DEF,1,Fulham,2025-09-13,3,270.0,0.0,0.0,0.0,0.1,25.0,1.0
2025-09-13:fulham:leeds,fulham,FWD,1,Fulham,2025-09-13,2,89.0,0.0,0.0,0.18,0.01,3.0,1.0
2025-09-13:fulham:leeds,fulham,GKP,1,Fulham,2025-09-13,1,90.0,0.0,0.0,0.0,0.0,8.0,1.0
2025-09-13:fulham:leeds,fulham,MID,1,Fulham,2025-09-13,10,536.0,0.0,1.0,0.67,0.51,22.0,1.0
2025-09-13:fulham:leeds,leeds,DEF,0,Leeds,2025-09-13,4,360.0,0.0,0.0,0.05,0.08,8.0,0.0
2025-09-13:fulham:leeds,leeds,FWD,0,Leeds,2025-09-13,2,89.0,0.0,0.0,0.3,0.05,3.0,1.0
2025-09-13:fulham:leeds,leeds,GKP,0,Leeds,2025-09-13,1,90.0,0.0,0.0,0.0,0.0,3.0,0.0
2025-09-13:fulham:leeds,leeds,MID,0,Leeds,2025-09-13,8,447.0,0.0,0.0,0.43,0.48,17.0,1.0
2025-09-13:newcastle:wolves,newcastle,DEF,1,Newcastle,2025-09-13,5,361.0,0.0,0.0,0.04,0.26,29.0,1.0
2025-09-13:newcastle:wolves,newcastle,FWD,1,Newcastle,2025-09-13,2,89.0,1.0,0.0,0.27,0.01,10.0,1.0
2025-09-13:newcastle:wolves,newcastle,GKP,1,Newcastle,2025-09-13,1,90.0,0.0,0.0,0.0,0.0,8.0,1.0
2025-09-13:newcastle:wolves,newcastle,MID,1,Newcastle,2025-09-13,7,448.0,0.0,1.0,1.24,0.75,19.0,1.0
2025-09-13:newcastle:wolves,wolves,DEF,0,Wolves,2025-09-13,7,514.0,0.0,0.0,0.27,0.38,16.0,0.0
2025-09-13:newcastle:wolves,wolves,FWD,0,Wolves,2025-09-13,1,65.0,0.0,0.0,0.0,0.0,2.0,0.0
2025-09-13:newcastle:wolves,wolves,GKP,0,Wolves,2025-09-13,1,90.0,0.0,0.0,0.0,0.0,3.0,0.0
2025-09-13:newcastle:wolves,wolves,MID,0,Wolves,2025-09-13,7,316.0,0.0,0.0,0.23,0.19,9.0,0.0
2025-09-13:west ham:spurs,spurs,DEF,0,Spurs,2025-09-13,6,358.0,1.0,1.0,0.16,0.53,39.0,1.0
2025-09-13:west ham:spurs,spurs,FWD,0,Spurs,2025-09-13,1,19.0,0.0,0.0,0.0,0.0,1.0,0.0
2025-09-13:west ham:spurs,spurs,GKP,0,Spurs,2025-09-13,1,90.0,0.0,0.0,0.0,0.0,8.0,1.0
2025-09-13:west ham:spurs,spurs,MID,0,Spurs,2025-09-13,8,518.0,2.0,2.0,1.14,0.37,36.0,1.0
2025-09-13:west ham:spurs,west ham,DEF,1,West Ham,2025-09-13,4,360.0,0.0,0.0,0.21000000000000002,0.060000000000000005,6.0,0.0
2025-09-13:west ham:spurs,west ham,FWD,1,West Ham,2025-09-13,2,112.0,0.0,0.0,0.12,0.02,3.0,0.0
2025-09-13:west ham:spurs,west ham,GKP,1,West Ham,2025-09-13,1,90.0,0.0,0.0,0.0,0.0,1.0,0.0
2025-09-13:west ham:spurs,west ham,MID,1,West Ham,2025-09-13,8,389.0,0.0,0.0,0.26,0.41,9.0,0.0
2025-09-14:burnley:liverpool,burnley,DEF,1,Burnley,2025-09-14,5,364.0,0.0,0.0,0.01,0.01,15.0,0.0
2025-09-14:burnley:liverpool,burnley,FWD,1,Burnley,2025-09-14,2,86.0,0.0,0.0,0.0,0.0,3.0,1.0
2025-09-14:burnley:liverpool,burnley,GKP,1,Burnley,2025-09-14,1,90.0,0.0,0.0,0.0,0.0,3.0,0.0
2025-09-14:burnley:liverpool,burnley,MID,1,Burnley,2025-09-14,7,439.0,0.0,0.0,0.12,0.01,12.0,1.0
2025-09-14:burnley:liverpool,liverpool,DEF,0,Liverpool,2025-09-14,6,313.0,0.0,1.0,0.77,0.59,22.0,1.0
2025-09-14:burnley:liverpool,liverpool,FWD,0,Liverpool,2025-09-14,1,71.0,0.0,0.0,0.1,0.06,2.0,1.0
2025-09-14:burnley:liverpool,liverpool,GKP,0,Liverpool,2025-09-14,1,90.0,0.0,0.0,0.0,0.0,6.0,1.0
2025-09-14:burnley:liverpool,liverpool,MID,0,Liverpool,2025-09-14,8,512.0,1.0,0.0,1.56,1.07,24.0,1.0
2025-09-14:man city:man utd,man city,DEF,1,Man City,2025-09-14,5,362.0,0.0,0.0,0.03,0.03,27.0,1.0
2025-09-14:man city:man utd,man city,FWD,1,Man City,2025-09-14,1,86.0,2.0,0.0,1.8,0.01,13.0,1.0
2025-09-14:man city:man utd,man city,GKP,1,Man City,2025-09-14,1,90.0,0.0,0.0,0.0,0.0,6.0,1.0
2025-09-14:man city:man utd,man city,MID,1,Man City,2025-09-14,8,448.0,1.0,3.0,0.77,1.42,37.0,1.0
2025-09-14:man city:man utd,man utd,DEF,0,Man Utd,2025-09-14,6,420.0,0.0,0.0,0.2,0.18,6.0,0.0
2025-09-14:man city:man utd,man utd,FWD,0,Man Utd,2025-09-14,2,89.0,0.0,0.0,0.03,0.0,3.0,0.0
2025-09-14:man city:man utd,man utd,GKP,0,Man Utd,2025-09-14,1,90.0,0.0,0.0,0.0,0.0,2.0,0.0
2025-09-14:man city:man utd,man utd,MID,0,Man Utd,2025-09-14,6,387.0,0.0,0.0,1.28,1.1099999999999999,12.0,0.0
2025-09-20:brighton:spurs,brighton,DEF,1,Brighton,2025-09-20,5,369.0,0.0,0.0,0.1,0.01,9.0,0.0
2025-09-20:brighton:spurs,brighton,FWD,1,Brighton,2025-09-20,1,15.0,0.0,0.0,0.04,0.06,1.0,0.0
2025-09-20:brighton:spurs,brighton,GKP,1,Brighton,2025-09-20,1,90.0,0.0,0.0,0.0,0.0,1.0,0.0
2025-09-20:brighton:spurs,brighton,MID,1,Brighton,2025-09-20,9,513.0,2.0,1.0,1.18,0.22,29.0,0.0
2025-09-20:brighton:spurs,spurs,DEF,0,Spurs,2025-09-20,5,359.0,0.0,0.0,0.0,0.17,6.0,0.0
2025-09-20:brighton:spurs,spurs,FWD,0,Spurs,2025-09-20,1,90.0,1.0,0.0,0.76,0.05,9.0,0.0
2025-09-20:brighton:spurs,spurs,GKP,0,Spurs,2025-09-20,1,90.0,0.0,0.0,0.0,0.0,1.0,0.0
2025-09-20:brighton:spurs,spurs,MID,0,Spurs,2025-09-20,8,447.0,0.0,2.0,0.47,0.66,22.0,0.0
2025-09-20:burnley:nottm forest,burnley,DEF,1,Burnley,2025-09-20,4,360.0,0.0,0.0,0.28,0.33,10.0,0.0
2025-09-20:burnley:nottm forest,burnley,FWD,1,Burnley,2025-09-20,2,89.0,0.0,1.0,0.13,0.03,7.0,0.0
2025-09-20:burnley:nottm forest,burnley,GKP,1,Burnley,2025-09-20,1,90.0,0.0,0.0,0.0,0.0,4.0,0.0
2025-09-20:burnley:nottm forest,burnley,MID,1,Burnley,2025-09-20,6,449.0,1.0,0.0,0.44,0.38,22.0,0.0
2025-09-20:burnley:nottm forest,nottm forest,DEF,0,Nott'm Forest,2025-09-20,4,360.0,1.0,0.0,0.19,0.2,15.0,0.0
2025-09-20:burnley:nottm forest,nottm forest,FWD,0,Nott'm Forest,2025-09-20,3,103.0,0.0,0.0,0.69,0.04,4.0,0.0
2025-09-20:burnley:nottm forest,nottm forest,GKP,0,Nott'm Forest,2025-09-20,1,90.0,0.0,0.0,0.0,0.0,3.0,0.0
2025-09-20:burnley:nottm forest,nottm forest,MID,0,Nott'm Forest,2025-09-20,7,433.0,0.0,1.0,0.21,0.55,16.0,0.0
2025-09-20:fulham:brentford,brentford,DEF,0,Brentford,2025-09-20,7,448.0,0.0,0.0,0.14,0.09,4.0,0.0
2025-09-20:fulham:brentford,brentford,FWD,0,Brentford,2025-09-20,1,64.0,0.0,0.0,0.1,0.01,2.0,0.0
2025-09-20:fulham:brentford,brentford,GKP,0,Brentford,2025-09-20,1,90.0,0.0,0.0,0.0,0.0,1.0,0.0
2025-09-20:fulham:brentford,brentford,MID,0,Brentford,2025-09-20,7,383.0,1.0,0.0,0.37,0.26,17.0,0.0
2025-09-20:fulham:brentford,fulham,DEF,1,Fulham,2025-09-20,4,274.0,0.0,0.0,0.23,0.03,11.0,0.0
2025-09-20:fulham:brentford,fulham,FWD,1,Fulham,2025-09-20,2,89.0,0.0,1.0,0.12,0.0,6.0,0.0
2025-09-20:fulham:brentford,fulham,GKP,1,Fulham,2025-09-20,1,90.0,0.0,0.0,0.0,0.0,1.0,0.0
2025-09-20:fulham:brentford,fulham,MID,1,Fulham,2025-09-20,9,532.0,2.0,2.0,0.6699999999999999,0.58,33.0,0.0
2025-09-20:liverpool:everton,everton,DEF,0,Everton,2025-09-20,4,355.0,0.0,0.0,0.0,0.22,6.0,0.0
2025-09-20:liverpool:everton,everton,FWD,0,Everton,2025-09-20,2,90.0,0.0,0.0,0.2,0.0,2.0,0.0
2025-09-20:liverpool:everton,everton,GKP,0,Everton,2025-09-20,1,90.0,0.0,0.0,0.0,0.03,1.0,0.0
2025-09-20:liverpool:everton,everton,MID,0,Everton,2025-09-20,7,453.0,1.0,1.0,0.5,0.37000000000000005,24.0,0.0
2025-09-20:liverpool:everton,liverpool,DEF,1,Liverpool,2025-09-20,4,360.0,0.0,0.0,0.08,0.09,14.0,0.0
2025-09-20:liverpool:everton,liverpool,FWD,1,Liverpool,2025-09-20,2,89.0,1.0,0.0,0.32,0.06999999999999999,9.0,0.0
2025-09-20:liverpool:everton,liverpool,GKP,1,Liverpool,2025-09-20,1,90.0,0.0,0.0,0.0,0.0,2.0,0.0
2025-09-20:liverpool:everton,liverpool,MID,1,Liverpool,2025-09-20,7,448.0,1.0,2.0,0.5,0.63,26.0,0.0
2025-09-20:man utd:chelsea,chelsea,DEF,0,Chelsea,2025-09-20,6,415.0,1.0,1.0,0.30000000000000004,0.19,14.0,0.0
2025-09-20:man utd:chelsea,chelsea,FWD,0,Chelsea,2025-09-20,1,90.0,0.0,0.0,0.0,0.03,2.0,0.0
2025-09-20:man utd:chelsea,chelsea,GKP,0,Chelsea,2025-09-20,2,88.0,0.0,0.0,0.0,0.0,-2.0,0.0
2025-09-20:man utd:chelsea,chelsea,MID,0,Chelsea,2025-09-20,7,306.0,0.0,0.0,0.13,0.11,10.0,0.0
2025-09-20:man utd:chelsea,man utd,DEF,1,Man Utd,2025-09-20,6,423.0,0.0,2.0,0.19,0.89,28.0,1.0
2025-09-20:man utd:chelsea,man utd,FWD,1,Man Utd,2025-09-20,1,45.0,0.0,0.0,0.0,0.01,1.0,0.0
2025-09-20:man utd:chelsea,man utd,GKP,1,Man Utd,2025-09-20,1,90.0,0.0,0.0,0.0,0.0,2.0,0.0
2025-09-20:man utd:chelsea,man utd,MID,1,Man Utd,2025-09-20,8,389.0,2.0,0.0,1.64,0.25,22.0,1.0
2025-09-20:west ham:crystal palace,crystal palace,DEF,0,Crystal Palace,2025-09-20,5,450.0,1.0,1.0,0.8700000000000001,0.22999999999999998,23.0,0.0
2025-09-20:west ham:crystal palace,crystal palace,FWD,0,Crystal Palace,2025-09-20,2,105.0,1.0,0.0,0.88,0.0,7.0,0.0
2025-09-20:west ham:crystal palace,crystal palace,GKP,0,Crystal Palace,2025-09-20,1,90.0,0.0,0.0,0.0,0.03,1.0,0.0
2025-09-20:west ham:crystal palace,crystal palace,MID,0,Crystal Palace,2025-09-20,6,343.0,0.0,1.0,0.55,1.05,13.0,0.0
2025-09-20:west ham:crystal palace,west ham,DEF,1,West Ham,2025-09-20,4,360.0,0.0,1.0,0.32,0.44,9.0,0.0
2025-09-20:west ham:crystal palace,west ham,FWD,1,West Ham,2025-09-20,3,179.0,1.0,0.0,0.24,0.26,11.0,0.0
2025-09-20:west ham:crystal palace,west ham,GKP,1,West Ham,2025-09-20,1,90.0,0.0,0.0,0.0,0.0,1.0,0.0
2025-09-20:west ham:crystal palace,west ham,MID,1,West Ham,2025-09-20,6,358.0,0.0,0.0,0.12000000000000001,0.52,9.0,0.0
2025-09-20:wolves:leeds,leeds,DEF,0,Leeds,2025-09-20,5,359.0,0.0,1.0,0.0,0.13,15.0,0.0
2025-09-20:wolves:leeds,leeds,FWD,0,Leeds,2025-09-20,2,91.0,1.0,1.0,0.12,0.02,12.0,0.0
2025-09-20:wolves:leeds,leeds,GKP,0,Leeds,2025-09-20,1,90.0,0.0,0.0,0.0,0.0,3.0,0.0
2025-09-20:wolves:leeds,leeds,MID,0,Leeds,2025-09-20,8,449.0,2.0,1.0,0.37,0.28,34.0,0.0
2025-09-20:wolves:leeds,wolves,DEF,1,Wolves,2025-09-20,7,502.0,1.0,0.0,0.89,0.5700000000000001,14.0,0.0
2025-09-20:wolves:leeds,wolves,FWD,1,Wolves,2025-09-20,2,135.0,0.0,0.0,0.26,0.15,3.0,0.0
2025-09-20:wolves:leeds,wolves,GKP,1,Wolves,2025-09-20,1,90.0,0.0,0.0,0.0,0.0,1.0,0.0
2025-09-20:wolves:leeds,wolves,MID,1,Wolves,2025-09-20,6,261.0,0.0,1.0,0.63,0.63,11.0,0.0
2025-09-21:arsenal:man city,arsenal,DEF,1,Arsenal,2025-09-21,5,350.0,0.0,0.0,0.27,0.13,8.0,0.0
2025-09-21:arsenal:man city,arsenal,FWD,1,Arsenal,2025-09-21,1,90.0,0.0,0.0,0.0,0.01,2.0,0.0
2025-09-21:arsenal:man city,arsenal,GKP,1,Arsenal,2025-09-21,1,90.0,0.0,0.0,0.0,0.01,2.0,0.0
2025-09-21:arsenal:man city,arsenal,MID,1,Arsenal,2025-09-21,9,459.0,1.0,1.0,0.68,0.75,22.0,0.0
2025-09-21:arsenal:man city,man city,DEF,0,Man City,2025-09-21,7,381.0,0.0,0.0,0.0,0.03,16.0,1.0
2025-09-21:arsenal:man city,man city,FWD,0,Man City,2025-09-21,1,75.0,1.0,0.0,0.52,0.01,9.0,1.0
2025-09-21:arsenal:man city,man city,GKP,0,Man City,2025-09-21,1,90.0,0.0,0.0,0.0,0.0,1.0,0.0
2025-09-21:arsenal:man city,man city,MID,0,Man City,2025-09-21,7,440.0,0.0,1.0,0.37,0.1,22.0,1.0
2025-09-21:bournemouth:newcastle,bournemouth,DEF,1,Bournemouth,2025-09-21,5,360.0,0.0,0.0,0.05,0.08,24.0,1.0
2025-09-21:bournemouth:newcastle,bournemouth,FWD,1,Bournemouth,2025-09-21,1,90.0,0.0,0.0,0.1,0.02,2.0,1.0
2025-09-21:bournemouth:newcastle,bournemouth,GKP,1,Bournemouth,2025-09-21,1,90.0,0.0,0.0,0.0,0.0,6.0,1.0
2025-09-21:bournemouth:newcastle,bournemouth,MID,1,Bournemouth,2025-09-21,8,447.0,0.0,0.0,0.39,0.16999999999999998,20.0,1.0
2025-09-21:bournemouth:newcastle,newcastle,DEF,0,Newcastle,2025-09-21,6,449.0,0.0,0.0,0.0,0.12000000000000001,38.0,1.0
2025-09-21:bournemouth:newcastle,newcastle,FWD,0,Newcastle,2025-09-21,2,89.0,0.0,0.0,0.0,0.02,3.0,1.0
2025-09-21:bournemouth:newcastle,newcastle,GKP,0,Newcastle,2025-09-21,1,90.0,0.0,0.0,0.0,0.0,6.0,1.0
2025-09-21:bournemouth:newcastle,newcastle,MID,0,Newcastle,2025-09-21,6,358.0,0.0,0.0,0.14,0.25,14.0,1.0
2025-09-21:sunderland:aston villa,aston villa,DEF,0,Aston Villa,2025-09-21,6,367.0,1.0,0.0,0.05,0.16,18.0,0.0
2025-09-21:sunderland:aston villa,aston villa,FWD,0,Aston Villa,2025-09-21,1,90.0,0.0,0.0,0.0,0.0,2.0,0.0
2025-09-21:sunderland:aston villa,aston villa,GKP,0,Aston Villa,2025-09-21,1,90.0,0.0,0.0,0.0,0.0,3.0,0.0
2025-09-21:sunderland:aston villa,aston villa,MID,0,Aston Villa,2025-09-21,8,438.0,0.0,1.0,0.66,0.74,17.0,1.0
2025-09-21:sunderland:aston villa,sunderland,DEF,1,Sunderland,2025-09-21,7,374.0,0.0,0.0,0.24,0.22,13.0,0.0
2025-09-21:sunderland:aston villa,sunderland,FWD,1,Sunderland,2025-09-21,2,89.0,1.0,0.0,0.62,0.0,10.0,0.0
2025-09-21:sunderland:aston villa,sunderland,GKP,1,Sunderland,2025-09-21,1,90.0,0.0,0.0,0.0,0.0,2.0,0.0
2025-09-21:sunderland:aston villa,sunderland,MID,1,Sunderland,2025-09-21,6,376.0,0.0,1.0,0.2,0.16999999999999998,11.0,0.0
2025-09-27:brentford:man utd,brentford,DEF,1,Brentford,2025-09-27,6,374.0,0.0,0.0,0.7200000000000001,0.35,9.0,0.0
2025-09-27:brentford:man utd,brentford,FWD,1,Brentford,2025-09-27,1,89.0,2.0,0.0,0.7,0.0,13.0,0.0
2025-09-27:brentford:man utd,brentford,GKP,1,Brentford,2025-09-27,1,90.0,0.0,0.0,0.0,0.0,8.0,0.0
2025-09-27:brentford:man utd,brentford,MID,1,Brentford,2025-09-27,8,433.0,1.0,3.0,0.61,0.9,29.0,0.0
2025-09-27:brentford:man utd,man utd,DEF,0,Man Utd,2025-09-27,6,433.0,0.0,0.0,0.16999999999999998,0.13999999999999999,7.0,0.0
2025-09-27:brentford:man utd,man utd,FWD,0,Man Utd,2025-09-27,2,95.0,1.0,0.0,1.01,0.01,9.0,0.0
2025-09-27:brentford:man utd,man utd,GKP,0,Man Utd,2025-09-27,1,90.0,0.0,0.0,0.0,0.01,2.0,0.0
2025-09-27:brentford:man utd,man utd,MID,0,Man Utd,2025-09-27,6,368.0,0.0,0.0,0.9,0.38,7.0,0.0
2025-09-27:chelsea:brighton,brighton,DEF,0,Brighton,2025-09-27,5,329.0,1.0,0.0,0.73,0.17,14.0,0.0
2025-09-27:chelsea:brighton,brighton,FWD,0,Brighton,2025-09-27,2,28.0,2.0,0.0,1.03,0.0,12.0,0.0
2025-09-27:chelsea:brighton,brighton,GKP,0,Brighton,2025-09-27,1,90.0,0.0,0.0,0.0,0.0,2.0,0.0
2025-09-27:chelsea:brighton,brighton,MID,0,Brighton,2025-09-27,8,538.0,0.0,3.0,0.52,1.48,22.0,0.0
2025-09-27:chelsea:brighton,chelsea,DEF,1,Chelsea,2025-09-27,7,384.0,0.0,1.0,0.07,0.32,1.0,0.0
2025-09-27:chelsea:brighton,chelsea,FWD,1,Chelsea,2025-09-27,1,90.0,0.0,0.0,0.0,0.03,2.0,0.0
2025-09-27:chelsea:brighton,chelsea,GKP,1,Chelsea,2025-09-27,1,90.0,0.0,0.0,0.0,0.0,1.0,0.0
2025-09-27:chelsea:brighton,chelsea,MID,1,Chelsea,2025-09-27,6,385.0,1.0,0.0,1.75,0.1,18.0,1.0
2025-09-27:crystal palace:liverpool,crystal palace,DEF,1,Crystal Palace,2025-09-27,5,450.0,0.0,1.0,0.37,0.19,21.0,0.0
2025-09-27:crystal palace:liverpool,crystal palace,FWD,1,Crystal Palace,2025-09-27,2,105.0,1.0,0.0,1.49,0.1,6.0,0.0
2025-09-27:crystal palace:liverpool,crystal palace,GKP,1,Crystal Palace,2025-09-27,1,90.0,0.0,0.0,0.0,0.0,3.0,0.0
2025-09-27:crystal palace:liverpool,crystal palace,MID,1,Crystal Palace,2025-09-27,7,343.0,1.0,1.0,1.08,0.8300000000000001,25.0,1.0
2025-09-27:crystal palace:liverpool,liverpool,DEF,0,Liverpool,2025-09-27,5,314.0,0.0,0.0,0.1,0.13,8.0,0.0
2025-09-27:crystal palace:liverpool,liverpool,FWD,0,Liverpool,2025-09-27,1,83.0,0.0,0.0,0.43,0.0,2.0,0.0
2025-09-27:crystal palace:liverpool,liverpool,GKP,0,Liverpool,2025-09-27,1,90.0,0.0,0.0,0.0,0.0,2.0,0.0
2025-09-27:crystal palace:liverpool,liverpool,MID,0,Liverpool,2025-09-27,9,499.0,1.0,1.0,1.5999999999999999,0.86,27.0,0.0
2025-09-27:leeds:bournemouth,bournemouth,DEF,0,Bournemouth,2025-09-27,4,342.0,0.0,1.0,0.0,0.28,13.0,0.0
2025-09-27:leeds:bournemouth,bournemouth,FWD,0,Bournemouth,2025-09-27,3,108.0,2.0,0.0,0.48,0.12,14.0,0.0
2025-09-27:leeds:bournemouth,bournemouth,GKP,0,Bournemouth,2025-09-27,1,90.0,0.0,0.0,0.0,0.0,3.0,0.0
2025-09-27:leeds:bournemouth,bournemouth,MID,0,Bournemouth,2025-09-27,9,454.0,1.0,1.0,0.57,0.32,19.0,0.0
2025-09-27:leeds:bournemouth,leeds,DEF,1,Leeds,2025-09-27,4,360.0,1.0,0.0,0.44,0.06,14.0,0.0
2025-09-27:leeds:bournemouth,leeds,FWD,1,Leeds,2025-09-27,2,91.0,0.0,0.0,0.7,0.04,3.0,0.0
2025-09-27:leeds:bournemouth,leeds,GKP,1,Leeds,2025-09-27,1,90.0,0.0,0.0,0.0,0.0,2.0,0.0
2025-09-27:leeds:bournemouth,leeds,MID,1,Leeds,2025-09-27,7,448.0,1.0,2.0,0.7,0.5700000000000001,26.0,0.0
2025-09-27:man city:burnley,burnley,DEF,0,Burnley,2025-09-27,5,359.0,0.0,1.0,0.07,0.29,0.0,0.0
2025-09-27:man city:burnley,burnley,FWD,0,Burnley,2025-09-27,2,89.0,0.0,0.0,0.18,0.03,3.0,0.0
2025-09-27:man city:burnley,burnley,GKP,0,Burnley,2025-09-27,1,90.0,0.0,0.0,0.0,0.0,1.0,0.0
2025-09-27:man city:burnley,burnley,MID,0,Burnley,2025-09-27,8,447.0,1.0,0.0,0.17,0.1,21.0,0.0
2025-09-27:man city:burnley,man city,DEF,1,Man City,2025-09-27,6,358.0,1.0,1.0,0.3,0.43000000000000005,20.0,0.0
2025-09-27:man city:burnley,man city,FWD,1,Man City,2025-09-27,1,90.0,2.0,1.0,1.17,0.24,16.0,0.0
2025-09-27:man city:burnley,man city,GKP,1,Man City,2025-09-27,1,90.0,0.0,0.0,0.0,0.0,2.0,0.0
2025-09-27:man city:burnley,man city,MID,1,Man City,2025-09-27,7,448.0,0.0,2.0,0.56,0.8600000000000001,19.0,0.0
2025-09-27:nottm forest:sunderland,nottm forest,DEF,1,Nott'm Forest,2025-09-27,4,360.0,0.0,0.0,0.05,0.36,6.0,0.0
2025-09-27:nottm forest:sunderland,nottm forest,FWD,1,Nott'm Forest,2025-09-27,3,120.0,0.0,0.0,0.98,0.01,4.0,0.0
2025-09-27:nottm forest:sunderland,nottm forest,GKP,1,Nott'm Forest,2025-09-27,1,90.0,0.0,0.0,0.0,0.0,2.0,0.0
2025-09-27:nottm forest:sunderland,nottm forest,MID,1,Nott'm Forest,2025-09-27,8,417.0,0.0,0.0,0.65,0.76,10.0,0.0
2025-09-27:nottm forest:sunderland,sunderland,DEF,0,Sunderland,2025-09-27,6,374.0,1.0,0.0,0.79,0.23,31.0,1.0
2025-09-27:nottm forest:sunderland,sunderland,FWD,0,Sunderland,2025-09-27,2,89.0,0.0,0.0,0.22,0.03,3.0,1.0
2025-09-27:nottm forest:sunderland,sunderland,GKP,0,Sunderland,2025-09-27,1,90.0,0.0,0.0,0.0,0.01,10.0,1.0
2025-09-27:nottm forest:sunderland,sunderland,MID,0,Sunderland,2025-09-27,7,432.0,0.0,1.0,0.19,0.45,20.0,1.0
2025-09-27:spurs:wolves,spurs,DEF,1,Spurs,2025-09-27,5,352.0,0.0,0.0,0.04,0.28,9.0,0.0
2025-09-27:spurs:wolves,spurs,FWD,1,Spurs,2025-09-27,1,90.0,0.0,0.0,0.02,0.01,2.0,0.0
2025-09-27:spurs:wolves,spurs,GKP,1,Spurs,2025-09-27,1,90.0,0.0,0.0,0.0,0.0,2.0,0.0
2025-09-27:spurs:wolves,spurs,MID,1,Spurs,2025-09-27,9,453.0,1.0,1.0,0.81,0.52,22.0,0.0
2025-09-27:spurs:wolves,wolves,DEF,0,Wolves,2025-09-27,7,406.0,1.0,0.0,0.96,0.04,19.0,0.0
2025-09-27:spurs:wolves,wolves,FWD,0,Wolves,2025-09-27,2,89.0,0.0,0.0,0.08,0.01,3.0,1.0
2025-09-27:spurs:wolves,wolves,GKP,0,Wolves,2025-09-27,1,90.0,0.0,0.0,0.0,0.0,2.0,0.0
2025-09-27:spurs:wolves,wolves,MID,0,Wolves,2025-09-27,6,404.0,0.0,0.0,0.15,0.28,18.0,1.0
2025-09-28:aston villa:fulham,aston villa,DEF,1,Aston Villa,2025-09-28,7,448.0,0.0,1.0,0.060000000000000005,0.37,14.0,0.0
2025-09-28:aston villa:fulham,aston villa,FWD,1,Aston Villa,2025-09-28,1,90.0,1.0,0.0,0.29,0.02,8.0,0.0
2025-09-28:aston villa:fulham,aston villa,GKP,1,Aston Villa,2025-09-28,1,90.0,0.0,0.0,0.0,0.02,3.0,0.0
2025-09-28:aston villa:fulham,aston villa,MID,1,Aston Villa,2025-09-28,7,358.0,2.0,2.0,0.76,0.45,28.0,0.0
2025-09-28:aston villa:fulham,fulham,DEF,0,Fulham,2025-09-28,4,280.0,0.0,0.0,0.0,0.07,7.0,0.0
2025-09-28:aston villa:fulham,fulham,FWD,0,Fulham,2025-09-28,1,10.0,1.0,0.0,0.06,0.0,6.0,0.0
2025-09-28:aston villa:fulham,fulham,GKP,0,Fulham,2025-09-28,1,90.0,0.0,0.0,0.0,0.0,1.0,0.0
2025-09-28:aston villa:fulham,fulham,MID,0,Fulham,2025-09-28,10,605.0,0.0,1.0,0.87,0.76,17.0,0.0
2025-09-28:newcastle:arsenal,arsenal,DEF,0,Arsenal,2025-09-28,6,341.0,1.0,0.0,0.85,0.33999999999999997,19.0,0.0
2025-09-28:newcastle:arsenal,arsenal,FWD,0,Arsenal,2025-09-28,1,90.0,0.0,0.0,0.26,0.12,2.0,0.0
2025-09-28:newcastle:arsenal,arsenal,GKP,0,Arsenal,2025-09-28,1,90.0,0.0,0.0,0.0,0.01,2.0,0.0
2025-09-28:newcastle:arsenal,arsenal,MID,0,Arsenal,2025-09-28,8,465.0,1.0,2.0,0.9299999999999999,1.2,28.0,0.0
2025-09-28:newcastle:arsenal,newcastle,DEF,1,Newcastle,2025-09-28,6,382.0,0.0,0.0,0.11000000000000001,0.02,12.0,1.0
2025-09-28:newcastle:arsenal,newcastle,FWD,1,Newcastle,2025-09-28,2,89.0,1.0,0.0,0.29,0.02,8.0,1.0
2025-09-28:newcastle:arsenal,newcastle,GKP,1,Newcastle,2025-09-28,1,90.0,0.0,0.0,0.0,0.0,2.0,0.0
2025-09-28:newcastle:arsenal,newcastle,MID,1,Newcastle,2025-09-28,7,426.0,0.0,1.0,0.21,0.55,19.0,1.0
2025-09-29:everton:west ham,everton,DEF,1,Everton,2025-09-29,4,360.0,1.0,0.0,0.09,0.16999999999999998,15.0,0.0
2025-09-29:everton:west ham,everton,FWD,1,Everton,2025-09-29,2,89.0,0.0,0.0,0.18,0.0,3.0,0.0
2025-09-29:everton:west ham,everton,GKP,1,Everton,2025-09-29,1,90.0,0.0,0.0,0.0,0.0,2.0,0.0
2025-09-29:everton:west ham,everton,MID,1,Everton,2025-09-29,6,449.0,0.0,1.0,0.47,0.49,15.0,0.0
2025-09-29:everton:west ham,west ham,DEF,0,West Ham,2025-09-29,5,361.0,0.0,1.0,0.15000000000000002,0.25,11.0,0.0
2025-09-29:everton:west ham,west ham,FWD,0,West Ham,2025-09-29,2,180.0,1.0,0.0,0.4,0.1,11.0,0.0
2025-09-29:everton:west ham,west ham,GKP,0,West Ham,2025-09-29,1,90.0,0.0,0.0,0.0,0.0,3.0,0.0
2025-09-29:everton:west ham,west ham,MID,0,West Ham,2025-09-29,7,359.0,0.0,0.0,0.62,0.36,11.0,0.0
2025-10-03:bournemouth:fulham,bournemouth,DEF,1,Bournemouth,2025-10-03,6,351.0,0.0,1.0,0.03,0.94,17.0,1.0
2025-10-03:bournemouth:fulham,bournemouth,FWD,1,Bournemouth,2025-10-03,1,90.0,0.0,0.0,0.27,0.04,2.0,0.0
2025-10-03:bournemouth:fulham,bournemouth,GKP,1,Bournemouth,2025-10-03,1,90.0,0.0,0.0,0.0,0.0,3.0,0.0
2025-10-03:bournemouth:fulham,bournemouth,MID,1,Bournemouth,2025-10-03,8,454.0,3.0,2.0,0.8200000000000001,0.24,41.0,1.0
2025-10-03:bournemouth:fulham,fulham,DEF,0,Fulham,2025-10-03,4,355.0,0.0,0.0,0.04,0.030000000000000002,7.0,0.0
2025-10-03:bournemouth:fulham,fulham,GKP,0,Fulham,2025-10-03,1,90.0,0.0,0.0,0.0,0.0,2.0,0.0
2025-10-03:bournemouth:fulham,fulham,MID,0,Fulham,2025-10-03,11,540.0,1.0,1.0,0.8300000000000001,0.98,29.0,1.0
2025-10-04:arsenal:west ham,arsenal,DEF,1,Arsenal,2025-10-04,5,359.0,0.0,1.0,0.33,0.1,33.0,1.0
2025-10-04:arsenal:west ham,arsenal,FWD,1,Arsenal,2025-10-04,1,90.0,0.0,0.0,0.63,0.05,2.0,1.0
2025-10-04:arsenal:west ham,arsenal,GKP,1,Arsenal,2025-10-04,1,90.0,0.0,0.0,0.0,0.0,6.0,1.0
2025-10-04:arsenal:west ham,arsenal,MID,1,Arsenal,2025-10-04,9,446.0,2.0,1.0,1.95,1.84,35.0,1.0
2025-10-04:arsenal:west ham,west ham,DEF,0,West Ham,2025-10-04,5,359.0,0.0,0.0,0.0,0.05,9.0,0.0
2025-10-04:arsenal:west ham,west ham,FWD,0,West Ham,2025-10-04,3,179.0,0.0,0.0,0.46,0.01,5.0,0.0
2025-10-04:arsenal:west ham,west ham,GKP,0,West Ham,2025-10-04,1,90.0,0.0,0.0,0.0,0.0,2.0,0.0
2025-10-04:arsenal:west ham,west ham,MID,0,West Ham,2025-10-04,5,359.0,0.0,0.0,0.030000000000000002,0.36000000000000004,9.0,0.0
2025-10-04:chelsea:liverpool,chelsea,DEF,1,Chelsea,2025-10-04,6,413.0,0.0,2.0,0.02,0.74,20.0,0.0
2025-10-04:chelsea:liverpool,chelsea,FWD,1,Chelsea,2025-10-04,2,89.0,0.0,0.0,0.06,0.0,3.0,0.0
2025-10-04:chelsea:liverpool,chelsea,GKP,1,Chelsea,2025-10-04,1,90.0,0.0,0.0,0.0,0.0,2.0,0.0
2025-10-04:chelsea:liverpool,chelsea,MID,1,Chelsea,2025-10-04,7,393.0,2.0,0.0,0.9199999999999999,0.35,26.0,0.0
2025-10-04:chelsea:liverpool,liverpool,DEF,0,Liverpool,2025-10-04,5,279.0,0.0,0.0,0.03,0.02,4.0,0.0
2025-10-04:chelsea:liverpool,liverpool,FWD,0,Liverpool,2025-10-04,2,89.0,0.0,1.0,0.32,0.03,6.0,0.0
2025-10-04:chelsea:liverpool,liverpool,GKP,0,Liverpool,2025-10-04,1,90.0,0.0,0.0,0.0,0.0,2.0,0.0
2025-10-04:chelsea:liverpool,liverpool,MID,0,Liverpool,2025-10-04,8,528.0,1.0,0.0,1.6,0.8200000000000001,17.0,0.0
2025-10-04:leeds:spurs,leeds,DEF,1,Leeds,2025-10-04,5,347.0,0.0,0.0,0.41,0.1,7.0,0.0
2025-10-04:leeds:spurs,leeds,FWD,1,Leeds,2025-10-04,3,112.0,0.0,0.0,0.2,0.33,4.0,0.0
2025-10-04:leeds:spurs,leeds,GKP,1,Leeds,2025-10-04,1,90.0,0.0,0.0,0.0,0.01,1.0,0.0
2025-10-04:leeds:spurs,leeds,MID,1,Leeds,2025-10-04,7,436.0,1.0,1.0,1.12,0.45,22.0,0.0
2025-10-04:leeds:spurs,spurs,DEF,0,Spurs,2025-10-04,5,365.0,0.0,1.0,0.0,0.1,13.0,0.0
2025-10-04:leeds:spurs,spurs,FWD,0,Spurs,2025-10-04,1,16.0,0.0,0.0,0.03,0.0,1.0,0.0
2025-10-04:leeds:spurs,spurs,GKP,0,Spurs,2025-10-04,1,90.0,0.0,0.0,0.0,0.0,3.0,0.0
2025-10-04:leeds:spurs,spurs,MID,0,Spurs,2025-10-04,8,516.0,2.0,1.0,0.51,0.36,32.0,0.0
2025-10-04:man utd:sunderland,man utd,DEF,1,Man Utd,2025-10-04,6,358.0,0.0,1.0,0.07,0.04,31.0,1.0
2025-10-04:man utd:sunderland,man utd,FWD,1,Man Utd,2025-10-04,1,90.0,1.0,0.0,0.29,0.01,9.0,1.0
2025-10-04:man utd:sunderland,man utd,GKP,1,Man Utd,2025-10-04,1,90.0,0.0,0.0,0.0,0.0,9.0,1.0
2025-10-04:man utd:sunderland,man utd,MID,1,Man Utd,2025-10-04,8,447.0,1.0,1.0,1.53,0.62,29.0,1.0
2025-10-04:man utd:sunderland,sunderland,DEF,0,Sunderland,2025-10-04,6,379.0,0.0,0.0,0.2,0.1,8.0,0.0
2025-10-04:man utd:sunderland,sunderland,FWD,0,Sunderland,2025-10-04,3,121.0,0.0,0.0,0.08,0.06,3.0,0.0
2025-10-04:man utd:sunderland,sunderland,GKP,0,Sunderland,2025-10-04,1,90.0,0.0,0.0,0.0,0.0,2.0,0.0
2025-10-04:man utd:sunderland,sunderland,MID,0,Sunderland,2025-10-04,6,395.0,0.0,0.0,0.44,0.2,8.0,0.0
2025-10-05:aston villa:burnley,aston villa,DEF,1,Aston Villa,2025-10-05,7,449.0,0.0,0.0,0.16,0.64,13.0,0.0
2025-10-05:aston villa:burnley,aston villa,FWD,1,Aston Villa,2025-10-05,1,66.0,0.0,0.0,0.26,0.03,2.0,1.0
2025-10-05:aston villa:burnley,aston villa,GKP,1,Aston Villa,2025-10-05,1,90.0,0.0,0.0,0.0,0.0,1.0,0.0
2025-10-05:aston villa:burnley,aston villa,MID,1,Aston Villa,2025-10-05,8,392.0,2.0,2.0,0.96,0.73,31.0,1.0
2025-10-05:aston villa:burnley,burnley,DEF,0,Burnley,2025-10-05,5,361.0,0.0,1.0,0.08,0.2,8.0,0.0
2025-10-05:aston villa:burnley,burnley,FWD,0,Burnley,2025-10-05,3,107.0,0.0,0.0,0.01,0.02,3.0,0.0
2025-10-05:aston villa:burnley,burnley,GKP,0,Burnley,2025-10-05,1,90.0,0.0,0.0,0.0,0.0,2.0,0.0
2025-10-05:aston villa:burnley,burnley,MID,0,Burnley,2025-10-05,7,429.0,1.0,0.0,0.33,0.06,22.0,0.0
2025-10-05:brentford:man city,brentford,DEF,1,Brentford,2025-10-05,5,450.0,0.0,0.0,0.04,0.12,10.0,0.0
2025-10-05:brentford:man city,brentford,FWD,1,Brentford,2025-10-05,1,67.0,0.0,0.0,0.67,0.0,2.0,0.0
2025-10-05:brentford:man city,brentford,GKP,1,Brentford,2025-10-05,1,90.0,0.0,0.0,0.0,0.0,3.0,0.0
2025-10-05:brentford:man city,brentford,MID,1,Brentford,2025-10-05,9,380.0,0.0,0.0,0.12000000000000001,0.06999999999999999,10.0,0.0
2025-10-05:brentford:man city,man city,DEF,0,Man City,2025-10-05,4,360.0,0.0,1.0,0.06,0.15,31.0,1.0
2025-10-05:brentford:man city,man city,FWD,0,Man City,2025-10-05,1,90.0,1.0,0.0,0.29,0.01,8.0,1.0
2025-10-05:brentford:man city,man city,GKP,0,Man City,2025-10-05,1,90.0,0.0,0.0,0.0,0.0,6.0,1.0
2025-10-05:brentford:man city,man city,MID,0,Man City,2025-10-05,8,447.0,0.0,0.0,0.49,0.55,18.0,1.0
2025-10-05:everton:crystal palace,crystal palace,DEF,0,Crystal Palace,2025-10-05,5,450.0,1.0,0.0,0.45,1.08,18.0,0.0
2025-10-05:everton:crystal palace,crystal palace,FWD,0,Crystal Palace,2025-10-05,3,90.0,0.0,0.0,0.59,0.0,4.0,1.0
2025-10-05:everton:crystal palace,crystal palace,GKP,0,Crystal Palace,2025-10-05,1,90.0,0.0,0.0,0.0,0.0,2.0,0.0
2025-10-05:everton:crystal palace,crystal palace,MID,0,Crystal Palace,2025-10-05,6,356.0,0.0,1.0,0.6699999999999999,0.55,17.0,0.0
2025-10-05:everton:crystal palace,everton,DEF,1,Everton,2025-10-05,5,335.0,0.0,0.0,0.33,0.36,19.0,0.0
2025-10-05:everton:crystal palace,everton,FWD,1,Everton,2025-10-05,2,90.0,0.0,0.0,0.34,0.01,2.0,0.0
2025-10-05:everton:crystal palace,everton,GKP,1,Everton,2025-10-05,1,90.0,0.0,0.0,0.0,0.0,3.0,0.0
2025-10-05:everton:crystal palace,everton,MID,1,Everton,2025-10-05,7,475.0,2.0,1.0,1.4700000000000002,1.21,26.0,0.0
2025-10-05:newcastle:nottm forest,newcastle,DEF,1,Newcastle,2025-10-05,4,360.0,0.0,1.0,0.6599999999999999,0.38,31.0,1.0
2025-10-05:newcastle:nottm forest,newcastle,FWD,1,Newcastle,2025-10-05,2,91.0,1.0,0.0,1.37,0.08,7.0,1.0
2025-10-05:newcastle:nottm forest,newcastle,GKP,1,Newcastle,2025-10-05,1,90.0,0.0,0.0,0.0,0.0,7.0,1.0
2025-10-05:newcastle:nottm forest,newcastle,MID,1,Newcastle,2025-10-05,8,449.0,1.0,1.0,1.24,0.55,29.0,1.0
2025-10-05:newcastle:nottm forest,nottm forest,DEF,0,Nott'm Forest,2025-10-05,5,436.0,0.0,0.0,0.03,0.06,10.0,0.0
2025-10-05:newcastle:nottm forest,nottm forest,FWD,0,Nott'm Forest,2025-10-05,2,89.0,0.0,0.0,0.0,0.0,3.0,0.0
2025-10-05:newcastle:nottm forest,nottm forest,GKP,0,Nott'm Forest,2025-10-05,1,90.0,0.0,0.0,0.0,0.0,3.0,0.0
2025-10-05:newcastle:nottm forest,nottm forest,MID,0,Nott'm Forest,2025-10-05,7,371.0,0.0,0.0,0.26,0.22,11.0,0.0
2025-10-05:wolves:brighton,brighton,DEF,0,Brighton,2025-10-05,4,290.0,1.0,0.0,0.33999999999999997,0.16,15.0,0.0
2025-10-05:wolves:brighton,brighton,FWD,0,Brighton,2025-10-05,2,110.0,0.0,1.0,0.05,0.02,5.0,0.0
2025-10-05:wolves:brighton,brighton,GKP,0,Brighton,2025-10-05,1,90.0,0.0,0.0,0.0,0.0,1.0,0.0
2025-10-05:wolves:brighton,brighton,MID,0,Brighton,2025-10-05,8,497.0,0.0,0.0,0.79,0.52,11.0,0.0
2025-10-05:wolves:brighton,wolves,DEF,1,Wolves,2025-10-05,7,390.0,0.0,0.0,0.01,0.22,18.0,1.0
2025-10-05:wolves:brighton,wolves,FWD,1,Wolves,2025-10-05,2,77.0,0.0,0.0,0.05,0.01,3.0,1.0
2025-10-05:wolves:brighton,wolves,GKP,1,Wolves,2025-10-05,1,90.0,0.0,0.0,0.0,0.0,3.0,0.0
2025-10-05:wolves:brighton,wolves,MID,1,Wolves,2025-10-05,6,433.0,0.0,1.0,0.49,0.13,17.0,0.0
2025-10-18:brighton:newcastle,brighton,DEF,1,Brighton,2025-10-18,5,325.0,0.0,0.0,0.04,0.37000000000000005,10.0,0.0
2025-10-18:brighton:newcastle,brighton,FWD,1,Brighton,2025-10-18,3,109.0,2.0,0.0,0.58,0.07,15.0,0.0
2025-10-18:brighton:newcastle,brighton,GKP,1,Brighton,2025-10-18,1,90.0,0.0,0.0,0.0,0.0,2.0,0.0
2025-10-18:brighton:newcastle,brighton,MID,1,Brighton,2025-10-18,7,463.0,0.0,2.0,0.3,0.7100000000000001,23.0,1.0
2025-10-18:brighton:newcastle,newcastle,DEF,0,Newcastle,2025-10-18,4,360.0,0.0,0.0,0.1,0.19,5.0,0.0
2025-10-18:brighton:newcastle,newcastle,FWD,0,Newcastle,2025-10-18,2,94.0,1.0,0.0,0.71,0.07,9.0,0.0
2025-10-18:brighton:newcastle,newcastle,GKP,0,Newcastle,2025-10-18,1,90.0,0.0,0.0,0.0,0.0,2.0,0.0
2025-10-18:brighton:newcastle,newcastle,MID,0,Newcastle,2025-10-18,9,443.0,0.0,1.0,0.64,1.1300000000000001,15.0,0.0
2025-10-18:burnley:leeds,burnley,DEF,1,Burnley,2025-10-18,4,360.0,0.0,1.0,0.0,0.17,36.0,1.0
2025-10-18:burnley:leeds,burnley,FWD,1,Burnley,2025-10-18,2,83.0,0.0,0.0,0.0,0.0,3.0,1.0
2025-10-18:burnley:leeds,burnley,GKP,1,Burnley,2025-10-18,1,90.0,0.0,0.0,0.0,0.0,9.0,1.0
2025-10-18:burnley:leeds,burnley,MID,1,Burnley,2025-10-18,8,453.0,2.0,1.0,0.45999999999999996,0.05,31.0,1.0
2025-10-18:burnley:leeds,leeds,DEF,0,Leeds,2025-10-18,4,360.0,0.0,0.0,0.65,0.7400000000000001,3.0,0.0
2025-10-18:burnley:leeds,leeds,FWD,0,Leeds,2025-10-18,3,131.0,0.0,0.0,1.26,0.04,4.0,0.0
2025-10-18:burnley:leeds,leeds,GKP,0,Leeds,2025-10-18,1,90.0,0.0,0.0,0.0,0.0,1.0,0.0
2025-10-18:burnley:leeds,leeds,MID,0,Leeds,2025-10-18,7,405.0,0.0,0.0,0.71,0.76,12.0,0.0
2025-10-18:crystal palace:bournemouth,bournemouth,DEF,0,Bournemouth,2025-10-18,5,359.0,0.0,0.0,0.02,0.07,8.0,0.0
2025-10-18:crystal palace:bournemouth,bournemouth,FWD,0,Bournemouth,2025-10-18,2,148.0,4.0,0.0,2.36,0.02,24.0,0.0
2025-10-18:crystal palace:bournemouth,bournemouth,GKP,0,Bournemouth,2025-10-18,1,90.0,0.0,0.0,0.0,0.0,2.0,0.0
2025-10-18:crystal palace:bournemouth,bournemouth,MID,0,Bournemouth,2025-10-18,9,464.0,1.0,2.0,0.8200000000000001,0.92,24.0,0.0
2025-10-18:crystal palace:bournemouth,crystal palace,DEF,1,Crystal Palace,2025-10-18,5,450.0,0.0,3.0,0.37,1.17,19.0,0.0
2025-10-18:crystal palace:bournemouth,crystal palace,FWD,1,Crystal Palace,2025-10-18,2,116.0,3.0,0.0,3.71,0.38,18.0,0.0
2025-10-18:crystal palace:bournemouth,crystal palace,GKP,1,Crystal Palace,2025-10-18,1,90.0,0.0,0.0,0.0,0.02,1.0,0.0
2025-10-18:crystal palace:bournemouth,crystal palace,MID,1,Crystal Palace,2025-10-18,4,333.0,0.0,0.0,0.39999999999999997,0.8200000000000001,7.0,0.0
2025-10-18:fulham:arsenal,arsenal,DEF,0,Arsenal,2025-10-18,4,360.0,0.0,1.0,0.27999999999999997,0.24,30.0,1.0
2025-10-18:fulham:arsenal,arsenal,FWD,0,Arsenal,2025-10-18,1,90.0,0.0,0.0,0.4,0.02,2.0,1.0
2025-10-18:fulham:arsenal,arsenal,GKP,0,Arsenal,2025-10-18,1,90.0,0.0,0.0,0.0,0.0,6.0,1.0
2025-10-18:fulham:arsenal,arsenal,MID,0,Arsenal,2025-10-18,8,449.0,1.0,0.0,1.23,0.8,29.0,1.0
2025-10-18:fulham:arsenal,fulham,DEF,1,Fulham,2025-10-18,5,268.0,0.0,0.0,0.0,0.0,9.0,0.0
2025-10-18:fulham:arsenal,fulham,FWD,1,Fulham,2025-10-18,1,90.0,0.0,0.0,0.05,0.02,2.0,0.0
2025-10-18:fulham:arsenal,fulham,GKP,1,Fulham,2025-10-18,1,90.0,0.0,0.0,0.0,0.0,3.0,0.0
2025-10-18:fulham:arsenal,fulham,MID,1,Fulham,2025-10-18,9,537.0,0.0,0.0,0.39,0.21000000000000002,17.0,0.0
2025-10-18:man city:everton,everton,DEF,0,Everton,2025-10-18,4,360.0,0.0,0.0,0.0,0.09,6.0,0.0
2025-10-18:man city:everton,everton,FWD,0,Everton,2025-10-18,2,89.0,0.0,0.0,0.6,0.01,3.0,0.0
2025-10-18:man city:everton,everton,GKP,0,Everton,2025-10-18,1,90.0,0.0,0.0,0.0,0.02,2.0,0.0
2025-10-18:man city:everton,everton,MID,0,Everton,2025-10-18,9,446.0,0.0,0.0,0.2,0.66,16.0,0.0
2025-10-18:man city:everton,man city,DEF,1,Man City,2025-10-18,5,359.0,0.0,1.0,0.38,0.64,31.0,1.0
2025-10-18:man city:everton,man city,FWD,1,Man City,2025-10-18,1,90.0,2.0,0.0,0.98,0.02,13.0,1.0
2025-10-18:man city:everton,man city,GKP,1,Man City,2025-10-18,1,90.0,0.0,0.0,0.0,0.0,6.0,1.0
2025-10-18:man city:everton,man city,MID,1,Man City,2025-10-18,9,446.0,0.0,1.0,1.02,1.3699999999999999,20.0,1.0
2025-10-18:nottm forest:chelsea,chelsea,DEF,0,Chelsea,2025-10-18,6,445.0,2.0,1.0,0.75,0.19,50.0,1.0
2025-10-18:nottm forest:chelsea,chelsea,FWD,0,Chelsea,2025-10-18,2,135.0,0.0,0.0,0.38,0.21,3.0,1.0
2025-10-18:nottm forest:chelsea,chelsea,GKP,0,Chelsea,2025-10-18,1,90.0,0.0,0.0,0.0,0.01,5.0,1.0
2025-10-18:nottm forest:chelsea,chelsea,MID,0,Chelsea,2025-10-18,7,314.0,1.0,2.0,0.54,0.77,20.0,1.0
2025-10-18:nottm forest:chelsea,nottm forest,DEF,1,Nott'm Forest,2025-10-18,6,432.0,0.0,0.0,0.8400000000000001,0.18,5.0,0.0
2025-10-18:nottm forest:chelsea,nottm forest,FWD,1,Nott'm Forest,2025-10-18,3,106.0,0.0,0.0,0.7699999999999999,0.03,3.0,0.0
2025-10-18:nottm forest:chelsea,nottm forest,GKP,1,Nott'm Forest,2025-10-18,1,90.0,0.0,0.0,0.0,0.0,2.0,0.0
2025-10-18:nottm forest:chelsea,nottm forest,MID,1,Nott'm Forest,2025-10-18,5,359.0,0.0,0.0,0.75,1.16,9.0,0.0
2025-10-18:sunderland:wolves,sunderland,DEF,1,Sunderland,2025-10-18,5,374.0,1.0,1.0,0.54,0.32,45.0,1.0
2025-10-18:sunderland:wolves,sunderland,FWD,1,Sunderland,2025-10-18,2,89.0,0.0,0.0,0.04,0.0,3.0,1.0
2025-10-18:sunderland:wolves,sunderland,GKP,1,Sunderland,2025-10-18,1,90.0,0.0,0.0,0.0,0.0,7.0,1.0
2025-10-18:sunderland:wolves,sunderland,MID,1,Sunderland,2025-10-18,7,435.0,0.0,1.0,0.06,0.1,24.0,1.0
2025-10-18:sunderland:wolves,wolves,DEF,0,Wolves,2025-10-18,7,448.0,0.0,0.0,0.36,0.7999999999999999,7.0,0.0
2025-10-18:sunderland:wolves,wolves,FWD,0,Wolves,2025-10-18,2,104.0,0.0,0.0,0.16,0.07,3.0,0.0
2025-10-18:sunderland:wolves,wolves,GKP,0,Wolves,2025-10-18,1,90.0,0.0,0.0,0.0,0.01,1.0,0.0
2025-10-18:sunderland:wolves,wolves,MID,0,Wolves,2025-10-18,5,345.0,0.0,0.0,0.32,0.38,13.0,0.0
2025-10-19:liverpool:man utd,liverpool,DEF,1,Liverpool,2025-10-19,5,336.0,0.0,0.0,0.24000000000000002,0.58,10.0,0.0
2025-10-19:liverpool:man utd,liverpool,FWD,1,Liverpool,2025-10-19,2,99.0,0.0,0.0,0.4,0.01,3.0,0.0
2025-10-19:liverpool:man utd,liverpool,GKP,1,Liverpool,2025-10-19,1,90.0,0.0,0.0,0.0,0.0,1.0,0.0
2025-10-19:liverpool:man utd,liverpool,MID,1,Liverpool,2025-10-19,8,460.0,1.0,1.0,2.11,1.02,23.0,0.0
2025-10-19:liverpool:man utd,man utd,DEF,0,Man Utd,2025-10-19,6,390.0,1.0,0.0,0.52,0.04,21.0,0.0
2025-10-19:liverpool:man utd,man utd,FWD,0,Man Utd,2025-10-19,1,29.0,0.0,0.0,0.01,0.02,1.0,0.0
2025-10-19:liverpool:man utd,man utd,GKP,0,Man Utd,2025-10-19,1,90.0,0.0,0.0,0.0,0.0,3.0,0.0
2025-10-19:liverpool:man utd,man utd,MID,0,Man Utd,2025-10-19,8,476.0,1.0,2.0,0.8200000000000001,0.67,27.0,1.0
2025-10-19:spurs:aston villa,aston villa,DEF,0,Aston Villa,2025-10-19,5,359.0,0.0,1.0,0.08,0.05,12.0,0.0
2025-10-19:spurs:aston villa,aston villa,FWD,0,Aston Villa,2025-10-19,1,29.0,0.0,0.0,0.08,0.0,1.0,0.0
2025-10-19:spurs:aston villa,aston villa,GKP,0,Aston Villa,2025-10-19,1,90.0,0.0,0.0,0.0,0.0,2.0,0.0
2025-10-19:spurs:aston villa,aston villa,MID,0,Aston Villa,2025-10-19,8,508.0,2.0,0.0,0.15,0.11,27.0,0.0
2025-10-19:spurs:aston villa,spurs,DEF,1,Spurs,2025-10-19,4,355.0,0.0,0.0,0.1,0.07,2.0,0.0
2025-10-19:spurs:aston villa,spurs,FWD,1,Spurs,2025-10-19,2,41.0,0.0,0.0,0.13,0.11,2.0,0.0
2025-10-19:spurs:aston villa,spurs,GKP,1,Spurs,2025-10-19,1,90.0,0.0,0.0,0.0,0.0,1.0,0.0
2025-10-19:spurs:aston villa,spurs,MID,1,Spurs,2025-10-19,9,499.0,1.0,1.0,0.51,0.5,31.0,0.0
2025-10-20:west ham:brentford,brentford,DEF,0,Brentford,2025-10-20,5,374.0,0.0,1.0,0.35,0.91,34.0,1.0
2025-10-20:west ham:brentford,brentford,FWD,0,Brentford,2025-10-20,1,90.0,1.0,0.0,0.84,0.02,8.0,1.0
2025-10-20:west ham:brentford,brentford,GKP,0,Brentford,2025-10-20,1,90.0,0.0,0.0,0.0,0.0,6.0,1.0
2025-10-20:west ham:brentford,brentford,MID,0,Brentford,2025-10-20,7,434.0,1.0,1.0,1.12,0.9299999999999999,24.0,1.0
2025-10-20:west ham:brentford,west ham,DEF,1,West Ham,2025-10-20,7,405.0,0.0,0.0,0.0,0.03,9.0,0.0
2025-10-20:west ham:brentford,west ham,FWD,1,West Ham,2025-10-20,2,119.0,0.0,0.0,0.08,0.01,3.0,0.0
2025-10-20:west ham:brentford,west ham,GKP,1,West Ham,2025-10-20,1,90.0,0.0,0.0,0.0,0.0,2.0,0.0
2025-10-20:west ham:brentford,west ham,MID,1,West Ham,2025-10-20,6,374.0,0.0,0.0,0.26,0.16,9.0,0.0
2025-10-24:leeds:west ham,leeds,DEF,1,Leeds,2025-10-24,5,359.0,1.0,0.0,0.28,0.28,20.0,0.0
2025-10-24:leeds:west ham,leeds,FWD,1,Leeds,2025-10-24,2,89.0,0.0,0.0,0.1,0.02,3.0,1.0
2025-10-24:leeds:west ham,leeds,GKP,1,Leeds,2025-10-24,1,90.0,0.0,0.0,0.0,0.0,1.0,0.0
2025-10-24:leeds:west ham,leeds,MID,1,Leeds,2025-10-24,8,448.0,1.0,2.0,1.15,0.48000000000000004,30.0,1.0
2025-10-24:leeds:west ham,west ham,DEF,0,West Ham,2025-10-24,6,383.0,0.0,0.0,0.04,0.11000000000000001,4.0,0.0
2025-10-24:leeds:west ham,west ham,FWD,0,West Ham,2025-10-24,2,155.0,0.0,1.0,0.19,0.64,7.0,1.0
2025-10-24:leeds:west ham,west ham,GKP,0,West Ham,2025-10-24,1,90.0,0.0,0.0,0.0,0.0,2.0,0.0
2025-10-24:leeds:west ham,west ham,MID,0,West Ham,2025-10-24,7,358.0,1.0,0.0,0.42,0.18,14.0,0.0
2025-10-25:brentford:liverpool,brentford,DEF,1,Brentford,2025-10-25,6,372.0,0.0,1.0,0.21000000000000002,0.45,12.0,0.0
2025-10-25:brentford:liverpool,brentford,FWD,1,Brentford,2025-10-25,1,90.0,1.0,0.0,1.1,0.01,5.0,0.0
2025-10-25:brentford:liverpool,brentford,GKP,1,Brentford,2025-10-25,1,90.0,0.0,0.0,0.0,0.0,2.0,0.0
2025-10-25:brentford:liverpool,brentford,MID,1,Brentford,2025-10-25,8,437.0,2.0,2.0,1.4300000000000002,0.63,34.0,0.0
2025-10-25:brentford:liverpool,liverpool,DEF,0,Liverpool,2025-10-25,6,337.0,1.0,1.0,0.73,0.16,18.0,0.0
2025-10-25:brentford:liverpool,liverpool,FWD,0,Liverpool,2025-10-25,1,90.0,0.0,0.0,0.35,0.01,2.0,0.0
2025-10-25:brentford:liverpool,liverpool,GKP,0,Liverpool,2025-10-25,1,90.0,0.0,0.0,0.0,0.0,2.0,0.0
2025-10-25:brentford:liverpool,liverpool,MID,0,Liverpool,2025-10-25,8,468.0,1.0,1.0,1.2200000000000002,1.03,25.0,0.0
2025-10-25:chelsea:sunderland,chelsea,DEF,1,Chelsea,2025-10-25,5,359.0,0.0,0.0,0.14,0.39,6.0,0.0
2025-10-25:chelsea:sunderland,chelsea,FWD,1,Chelsea,2025-10-25,2,159.0,0.0,0.0,0.22,0.02,4.0,0.0
2025-10-25:chelsea:sunderland,chelsea,GKP,1,Chelsea,2025-10-25,1,90.0,0.0,0.0,0.0,0.0,1.0,0.0
2025-10-25:chelsea:sunderland,chelsea,MID,1,Chelsea,2025-10-25,8,377.0,1.0,1.0,0.54,0.77,21.0,0.0
2025-10-25:chelsea:sunderland,sunderland,DEF,0,Sunderland,2025-10-25,5,450.0,0.0,0.0,0.08,0.21,10.0,0.0
2025-10-25:chelsea:sunderland,sunderland,FWD,0,Sunderland,2025-10-25,2,89.0,1.0,1.0,0.8,0.04,11.0,0.0
2025-10-25:chelsea:sunderland,sunderland,GKP,0,Sunderland,2025-10-25,1,90.0,0.0,0.0,0.0,0.0,4.0,0.0
2025-10-25:chelsea:sunderland,sunderland,MID,0,Sunderland,2025-10-25,6,358.0,1.0,1.0,0.43,0.15,19.0,0.0
2025-10-25:man utd:brighton,brighton,DEF,0,Brighton,2025-10-25,4,328.0,0.0,0.0,0.38,0.29,1.0,0.0
2025-10-25:man utd:brighton,brighton,FWD,0,Brighton,2025-10-25,3,104.0,2.0,0.0,0.5,0.09,12.0,0.0
2025-10-25:man utd:brighton,brighton,GKP,0,Brighton,2025-10-25,1,90.0,0.0,0.0,0.0,0.0,1.0,0.0
2025-10-25:man utd:brighton,brighton,MID,0,Brighton,2025-10-25,8,463.0,0.0,2.0,0.24,0.41000000000000003,18.0,0.0
2025-10-25:man utd:brighton,man utd,DEF,1,Man Utd,2025-10-25,6,379.0,0.0,2.0,0.03,0.16999999999999998,14.0,1.0
2025-10-25:man utd:brighton,man utd,FWD,1,Man Utd,2025-10-25,2,89.0,0.0,1.0,0.21,0.01,5.0,0.0
2025-10-25:man utd:brighton,man utd,GKP,1,Man Utd,2025-10-25,1,90.0,0.0,0.0,0.0,0.0,2.0,0.0
2025-10-25:man utd:brighton,man utd,MID,1,Man Utd,2025-10-25,7,428.0,4.0,1.0,1.05,0.77,47.0,1.0
2025-10-25:newcastle:fulham,fulham,DEF,0,Fulham,2025-10-25,4,271.0,0.0,0.0,0.0,0.02,5.0,0.0
2025-10-25:newcastle:fulham,fulham,FWD,0,Fulham,2025-10-25,2,91.0,0.0,1.0,0.71,0.03,6.0,0.0
2025-10-25:newcastle:fulham,fulham,GKP,0,Fulham,2025-10-25,1,90.0,0.0,0.0,0.0,0.0,2.0,0.0
2025-10-25:newcastle:fulham,fulham,MID,0,Fulham,2025-10-25,9,538.0,1.0,0.0,0.8300000000000001,0.27,22.0,0.0
2025-10-25:newcastle:fulham,newcastle,DEF,1,Newcastle,2025-10-25,5,359.0,0.0,0.0,0.04,0.52,9.0,0.0
2025-10-25:newcastle:fulham,newcastle,FWD,1,Newcastle,2025-10-25,2,89.0,0.0,1.0,0.52,0.01,6.0,0.0
2025-10-25:newcastle:fulham,newcastle,GKP,1,Newcastle,2025-10-25,1,90.0,0.0,0.0,0.0,0.0,3.0,0.0
2025-10-25:newcastle:fulham,newcastle,MID,1,Newcastle,2025-10-25,8,447.0,2.0,0.0,1.61,0.72,29.0,0.0
2025-10-26:arsenal:crystal palace,arsenal,DEF,1,Arsenal,2025-10-26,7,361.0,0.0,0.0,0.17,0.16,25.0,1.0
2025-10-26:arsenal:crystal palace,arsenal,FWD,1,Arsenal,2025-10-26,1,90.0,0.0,0.0,0.17,0.02,2.0,1.0
2025-10-26:arsenal:crystal palace,arsenal,GKP,1,Arsenal,2025-10-26,1,90.0,0.0,0.0,0.0,0.0,6.0,1.0
2025-10-26:arsenal:crystal palace,arsenal,MID,1,Arsenal,2025-10-26,7,445.0,1.0,1.0,0.81,0.72,31.0,1.0
2025-10-26:arsenal:crystal palace,crystal palace,DEF,0,Crystal Palace,2025-10-26,6,451.0,0.0,0.0,0.09999999999999999,0.07,15.0,0.0
2025-10-26:arsenal:crystal palace,crystal palace,FWD,0,Crystal Palace,2025-10-26,3,122.0,0.0,0.0,0.33,0.09,4.0,0.0
2025-10-26:arsenal:crystal palace,crystal palace,GKP,0,Crystal Palace,2025-10-26,1,90.0,0.0,0.0,0.0,0.01,2.0,0.0
2025-10-26:arsenal:crystal palace,crystal palace,MID,0,Crystal Palace,2025-10-26,6,328.0,0.0,0.0,0.04,0.13999999999999999,9.0,0.0
2025-10-26:aston villa:man city,aston villa,DEF,1,Aston Villa,2025-10-26,5,359.0,1.0,0.0,0.12,0.14,38.0,1.0
2025-10-26:aston villa:man city,aston villa,FWD,1,Aston Villa,2025-10-26,1,85.0,0.0,0.0,0.13,0.07,2.0,1.0
2025-10-26:aston villa:man city,aston villa,GKP,1,Aston Villa,2025-10-26,1,90.0,0.0,0.0,0.0,0.0,8.0,1.0
2025-10-26:aston villa:man city,aston villa,MID,1,Aston Villa,2025-10-26,9,451.0,0.0,1.0,0.56,0.33,19.0,1.0
2025-10-26:aston villa:man city,man city,DEF,0,Man City,2025-10-26,5,359.0,0.0,0.0,0.36,0.2,11.0,0.0
2025-10-26:aston villa:man city,man city,FWD,0,Man City,2025-10-26,1,90.0,0.0,0.0,0.23,0.01,2.0,0.0
2025-10-26:aston villa:man city,man city,GKP,0,Man City,2025-10-26,1,90.0,0.0,0.0,0.0,0.0,2.0,0.0
2025-10-26:aston villa:man city,man city,MID,0,Man City,2025-10-26,9,446.0,0.0,0.0,0.6000000000000001,0.89,10.0,0.0
2025-10-26:bournemouth:nottm forest,bournemouth,DEF,1,Bournemouth,2025-10-26,4,360.0,0.0,0.0,0.02,0.1,27.0,1.0
2025-10-26:bournemouth:nottm forest,bournemouth,FWD,1,Bournemouth,2025-10-26,3,137.0,2.0,0.0,0.3,0.12,13.0,1.0
2025-10-26:bournemouth:nottm forest,bournemouth,GKP,1,Bournemouth,2025-10-26,1,90.0,0.0,0.0,0.0,0.0,8.0,1.0
2025-10-26:bournemouth:nottm forest,bournemouth,MID,1,Bournemouth,2025-10-26,9,470.0,1.0,1.0,0.41,0.32,28.0,1.0
2025-10-26:bournemouth:nottm forest,nottm forest,DEF,0,Nott'm Forest,2025-10-26,4,360.0,0.0,0.0,0.09,0.05,4.0,0.0
2025-10-26:bournemouth:nottm forest,nottm forest,FWD,0,Nott'm Forest,2025-10-26,3,91.0,0.0,0.0,0.11,0.02,3.0,0.0
2025-10-26:bournemouth:nottm forest,nottm forest,GKP,0,Nott'm Forest,2025-10-26,1,90.0,0.0,0.0,0.0,0.01,2.0,0.0
2025-10-26:bournemouth:nottm forest,nottm forest,MID,0,Nott'm Forest,2025-10-26,8,447.0,0.0,0.0,0.15000000000000002,0.27,10.0,0.0
2025-10-26:everton:spurs,everton,DEF,1,Everton,2025-10-26,4,335.0,0.0,0.0,0.01,0.11,4.0,0.0
2025-10-26:everton:spurs,everton,FWD,1,Everton,2025-10-26,2,89.0,0.0,0.0,0.5900000000000001,0.01,3.0,0.0
2025-10-26:everton:spurs,everton,GKP,1,Everton,2025-10-26,1,90.0,0.0,0.0,0.0,0.0,1.0,0.0
2025-10-26:everton:spurs,everton,MID,1,Everton,2025-10-26,7,473.0,0.0,0.0,0.92,1.35,10.0,0.0
2025-10-26:everton:spurs,spurs,DEF,0,Spurs,2025-10-26,4,360.0,2.0,1.0,1.07,0.36,49.0,1.0
2025-10-26:everton:spurs,spurs,FWD,0,Spurs,2025-10-26,2,89.0,0.0,1.0,0.36,0.29000000000000004,6.0,1.0
2025-10-26:everton:spurs,spurs,GKP,0,Spurs,2025-10-26,1,90.0,0.0,0.0,0.0,0.0,6.0,1.0
2025-10-26:everton:spurs,spurs,MID,0,Spurs,2025-10-26,8,449.0,1.0,1.0,0.65,0.11,30.0,1.0
2025-10-26:wolves:burnley,burnley,DEF,0,Burnley,2025-10-26,5,361.0,0.0,2.0,0.01,0.59,13.0,0.0
2025-10-26:wolves:burnley,burnley,FWD,0,Burnley,2025-10-26,2,103.0,3.0,0.0,1.08,0.02,20.0,0.0
2025-10-26:wolves:burnley,burnley,GKP,0,Burnley,2025-10-26,1,90.0,0.0,0.0,0.0,0.0,2.0,0.0
2025-10-26:wolves:burnley,burnley,MID,0,Burnley,2025-10-26,7,436.0,0.0,1.0,0.34,0.53,15.0,0.0
2025-10-26:wolves:burnley,wolves,DEF,1,Wolves,2025-10-26,7,448.0,0.0,2.0,0.41000000000000003,0.98,13.0,0.0
2025-10-26:wolves:burnley,wolves,FWD,1,Wolves,2025-10-26,2,96.0,1.0,0.0,0.83,0.13,7.0,0.0
2025-10-26:wolves:burnley,wolves,GKP,1,Wolves,2025-10-26,1,90.0,0.0,0.0,0.0,0.0,2.0,0.0
2025-10-26:wolves:burnley,wolves,MID,1,Wolves,2025-10-26,6,351.0,1.0,0.0,1.28,0.26,15.0,0.0
2025-11-01:brighton:leeds,brighton,DEF,1,Brighton,2025-11-01,3,270.0,0.0,0.0,0.17,0.04,19.0,1.0
2025-11-01:brighton:leeds,brighton,FWD,1,Brighton,2025-11-01,3,92.0,1.0,0.0,0.92,0.08,8.0,1.0
2025-11-01:brighton:leeds,brighton,GKP,1,Brighton,2025-11-01,1,90.0,0.0,0.0,0.0,0.0,6.0,1.0
2025-11-01:brighton:leeds,brighton,MID,1,Brighton,2025-11-01,9,538.0,2.0,3.0,1.9800000000000002,1.0,47.0,1.0
2025-11-01:brighton:leeds,leeds,DEF,0,Leeds,2025-11-01,5,359.0,0.0,0.0,0.0,0.04,5.0,0.0
2025-11-01:brighton:leeds,leeds,FWD,0,Leeds,2025-11-01,2,89.0,0.0,0.0,0.16,0.0,3.0,0.0
2025-11-01:brighton:leeds,leeds,GKP,0,Leeds,2025-11-01,1,90.0,0.0,0.0,0.0,0.0,2.0,0.0
2025-11-01:brighton:leeds,leeds,MID,0,Leeds,2025-11-01,8,447.0,0.0,0.0,0.33999999999999997,0.47,11.0,0.0
2025-11-01:burnley:arsenal,arsenal,DEF,0,Arsenal,2025-11-01,6,360.0,0.0,1.0,0.25,0.55,32.0,1.0
2025-11-01:burnley:arsenal,arsenal,FWD,0,Arsenal,2025-11-01,1,45.0,1.0,0.0,0.87,0.17,7.0,0.0
2025-11-01:burnley:arsenal,arsenal,GKP,0,Arsenal,2025-11-01,1,90.0,0.0,0.0,0.0,0.0,6.0,1.0
2025-11-01:burnley:arsenal,arsenal,MID,0,Arsenal,2025-11-01,8,493.0,1.0,1.0,1.2999999999999998,0.62,31.0,1.0
2025-11-01:burnley:arsenal,burnley,DEF,1,Burnley,2025-11-01,4,360.0,0.0,0.0,0.0,0.33,6.0,0.0
2025-11-01:burnley:arsenal,burnley,FWD,1,Burnley,2025-11-01,2,89.0,0.0,0.0,0.02,0.02,2.0,0.0
2025-11-01:burnley:arsenal,burnley,GKP,1,Burnley,2025-11-01,1,90.0,0.0,0.0,0.0,0.0,2.0,0.0
2025-11-01:burnley:arsenal,burnley,MID,1,Burnley,2025-11-01,9,446.0,0.0,0.0,0.39,0.08,13.0,0.0
2025-11-01:crystal palace:brentford,brentford,DEF,0,Brentford,2025-11-01,5,359.0,0.0,0.0,0.12,0.14,6.0,0.0
2025-11-01:crystal palace:brentford,brentford,FWD,0,Brentford,2025-11-01,1,90.0,0.0,0.0,0.0,0.01,2.0,0.0
2025-11-01:crystal palace:brentford,brentford,GKP,0,Brentford,2025-11-01,1,90.0,0.0,0.0,0.0,0.0,1.0,0.0
2025-11-01:crystal palace:brentford,brentford,MID,0,Brentford,2025-11-01,9,446.0,0.0,0.0,0.42,0.32,12.0,0.0
2025-11-01:crystal palace:brentford,crystal palace,DEF,1,Crystal Palace,2025-11-01,6,451.0,0.0,0.0,0.02,0.08,37.0,1.0
2025-11-01:crystal palace:brentford,crystal palace,FWD,1,Crystal Palace,2025-11-01,1,89.0,1.0,0.0,0.11,0.01,9.0,1.0
2025-11-01:crystal palace:brentford,crystal palace,GKP,1,Crystal Palace,2025-11-01,1,90.0,0.0,0.0,0.0,0.0,6.0,1.0
2025-11-01:crystal palace:brentford,crystal palace,MID,1,Crystal Palace,2025-11-01,6,358.0,0.0,2.0,0.5700000000000001,0.11,23.0,1.0
2025-11-01:fulham:wolves,fulham,DEF,1,Fulham,2025-11-01,3,270.0,0.0,0.0,0.15000000000000002,0.25,18.0,1.0
2025-11-01:fulham:wolves,fulham,FWD,1,Fulham,2025-11-01,2,89.0,0.0,1.0,0.03,0.22,6.0,1.0
2025-11-01:fulham:wolves,fulham,GKP,1,Fulham,2025-11-01,1,90.0,0.0,0.0,0.0,0.0,7.0,1.0
2025-11-01:fulham:wolves,fulham,MID,1,Fulham,2025-11-01,10,536.0,2.0,2.0,1.23,0.62,42.0,1.0
2025-11-01:fulham:wolves,wolves,DEF,0,Wolves,2025-11-01,8,485.0,0.0,0.0,0.07,0.19000000000000003,-1.0,0.0
2025-11-01:fulham:wolves,wolves,FWD,0,Wolves,2025-11-01,2,101.0,0.0,0.0,0.07,0.01,3.0,0.0
2025-11-01:fulham:wolves,wolves,GKP,0,Wolves,2025-11-01,1,90.0,0.0,0.0,0.0,0.0,2.0,0.0
2025-11-01:fulham:wolves,wolves,MID,0,Wolves,2025-11-01,5,257.0,0.0,0.0,0.1,0.12,9.0,0.0
2025-11-01:liverpool:aston villa,aston villa,DEF,0,Aston Villa,2025-11-01,6,358.0,0.0,0.0,0.03,0.07,5.0,0.0
2025-11-01:liverpool:aston villa,aston villa,FWD,0,Aston Villa,2025-11-01,1,74.0,0.0,0.0,0.0,0.02,2.0,0.0
2025-11-01:liverpool:aston villa,aston villa,GKP,0,Aston Villa,2025-11-01,1,90.0,0.0,0.0,0.0,0.0,1.0,0.0
2025-11-01:liverpool:aston villa,aston villa,MID,0,Aston Villa,2025-11-01,8,464.0,0.0,0.0,0.38,0.33,9.0,0.0
2025-11-01:liverpool:aston villa,liverpool,DEF,1,Liverpool,2025-11-01,4,360.0,0.0,0.0,0.22000000000000003,0.21000000000000002,27.0,1.0
2025-11-01:liverpool:aston villa,liverpool,FWD,1,Liverpool,2025-11-01,1,76.0,0.0,0.0,0.0,0.05,2.0,1.0
2025-11-01:liverpool:aston villa,liverpool,GKP,1,Liverpool,2025-11-01,1,90.0,0.0,0.0,0.0,0.0,7.0,1.0
2025-11-01:liverpool:aston villa,liverpool,MID,1,Liverpool,2025-11-01,6,463.0,2.0,1.0,0.9700000000000001,0.62,33.0,1.0
2025-11-01:nottm forest:man utd,man utd,DEF,0,Man Utd,2025-11-01,6,358.0,0.0,0.0,0.33,0.07,5.0,0.0
2025-11-01:nottm forest:man utd,man utd,FWD,0,Man Utd,2025-11-01,1,90.0,0.0,0.0,0.16,0.0,2.0,0.0
2025-11-01:nottm forest:man utd,man utd,GKP,0,Man Utd,2025-11-01,1,90.0,0.0,0.0,0.0,0.0,1.0,0.0
2025-11-01:nottm forest:man utd,man utd,MID,0,Man Utd,2025-11-01,5,450.0,2.0,1.0,0.63,1.05,32.0,0.0
2025-11-01:nottm forest:man utd,nottm forest,DEF,1,Nott'm Forest,2025-11-01,4,360.0,1.0,0.0,1.06,0.05,12.0,0.0
2025-11-01:nottm forest:man utd,nottm forest,FWD,1,Nott'm Forest,2025-11-01,2,89.0,0.0,1.0,0.26,0.03,6.0,0.0
2025-11-01:nottm forest:man utd,nottm forest,GKP,1,Nott'm Forest,2025-11-01,1,90.0,0.0,0.0,0.0,0.03,2.0,0.0
2025-11-01:nottm forest:man utd,nottm forest,MID,1,Nott'm Forest,2025-11-01,7,450.0,1.0,1.0,0.6,0.75,22.0,0.0
2025-11-01:spurs:chelsea,chelsea,DEF,0,Chelsea,2025-11-01,6,434.0,0.0,0.0,0.17,0.58,34.0,1.0
2025-11-01:spurs:chelsea,chelsea,FWD,0,Chelsea,2025-11-01,1,90.0,1.0,0.0,1.86,0.13,9.0,1.0
2025-11-01:spurs:chelsea,chelsea,GKP,0,Chelsea,2025-11-01,1,90.0,0.0,0.0,0.0,0.0,6.0,1.0
2025-11-01:spurs:chelsea,chelsea,MID,0,Chelsea,2025-11-01,7,372.0,0.0,1.0,1.6600000000000001,1.06,21.0,1.0
2025-11-01:spurs:chelsea,spurs,DEF,1,Spurs,2025-11-01,6,358.0,0.0,0.0,0.0,0.1,8.0,0.0
2025-11-01:spurs:chelsea,spurs,FWD,1,Spurs,2025-11-01,2,102.0,0.0,0.0,0.0,0.02,3.0,0.0
2025-11-01:spurs:chelsea,spurs,GKP,1,Spurs,2025-11-01,1,90.0,0.0,0.0,0.0,0.0,4.0,0.0
2025-11-01:spurs:chelsea,spurs,MID,1,Spurs,2025-11-01,8,434.0,0.0,0.0,0.1,0.12000000000000001,15.0,0.0
2025-11-02:man city:bournemouth,bournemouth,DEF,0,Bournemouth,2025-11-02,4,331.0,0.0,0.0,0.05,0.21,7.0,0.0
2025-11-02:man city:bournemouth,bournemouth,FWD,0,Bournemouth,2025-11-02,2,89.0,0.0,0.0,0.25,0.06,3.0,0.0
2025-11-02:man city:bournemouth,bournemouth,GKP,0,Bournemouth,2025-11-02,1,90.0,0.0,0.0,0.0,0.0,2.0,0.0
2025-11-02:man city:bournemouth,bournemouth,MID,0,Bournemouth,2025-11-02,9,475.0,1.0,1.0,0.42,0.24,22.0,0.0
2025-11-02:man city:bournemouth,man city,DEF,1,Man City,2025-11-02,5,361.0,1.0,0.0,0.33,0.13999999999999999,15.0,0.0
2025-11-02:man city:bournemouth,man city,FWD,1,Man City,2025-11-02,1,81.0,2.0,0.0,1.33,0.01,13.0,0.0
2025-11-02:man city:bournemouth,man city,GKP,1,Man City,2025-11-02,1,90.0,0.0,0.0,0.0,0.0,2.0,0.0
2025-11-02:man city:bournemouth,man city,MID,1,Man City,2025-11-02,9,455.0,0.0,3.0,0.5599999999999999,0.78,26.0,0.0
2025-11-02:west ham:newcastle,newcastle,DEF,0,Newcastle,2025-11-02,5,334.0,0.0,0.0,0.02,0.09,2.0,0.0
2025-11-02:west ham:newcastle,newcastle,FWD,0,Newcastle,2025-11-02,2,90.0,0.0,0.0,0.11,0.05,2.0,0.0
2025-11-02:west ham:newcastle,newcastle,GKP,0,Newcastle,2025-11-02,1,90.0,0.0,0.0,0.0,0.0,3.0,0.0
2025-11-02:west ham:newcastle,newcastle,MID,0,Newcastle,2025-11-02,8,474.0,1.0,1.0,0.39,0.36,19.0,0.0
2025-11-02:west ham:newcastle,west ham,DEF,1,West Ham,2025-11-02,6,376.0,0.0,1.0,0.09,0.05,17.0,0.0
2025-11-02:west ham:newcastle,west ham,FWD,1,West Ham,2025-11-02,2,150.0,0.0,0.0,0.31000000000000005,0.09,4.0,0.0
2025-11-02:west ham:newcastle,west ham,GKP,1,West Ham,2025-11-02,1,90.0,0.0,0.0,0.0,0.0,3.0,0.0
2025-11-02:west ham:newcastle,west ham,MID,1,West Ham,2025-11-02,5,371.0,2.0,1.0,1.52,0.19,26.0,0.0
2025-11-03:sunderland:everton,everton,DEF,0,Everton,2025-11-03,4,352.0,0.0,0.0,0.02,0.05,10.0,0.0
2025-11-03:sunderland:everton,everton,FWD,0,Everton,2025-11-03,2,89.0,0.0,0.0,0.51,0.0,1.0,0.0
2025-11-03:sunderland:everton,everton,GKP,0,Everton,2025-11-03,1,90.0,0.0,0.0,0.0,0.01,2.0,0.0
2025-11-03:sunderland:everton,everton,MID,0,Everton,2025-11-03,8,455.0,1.0,0.0,0.32999999999999996,0.49,21.0,0.0
2025-11-03:sunderland:everton,sunderland,DEF,1,Sunderland,2025-11-03,5,450.0,0.0,0.0,0.63,0.5,10.0,0.0
2025-11-03:sunderland:everton,sunderland,FWD,1,Sunderland,2025-11-03,2,89.0,0.0,0.0,0.28,0.0,3.0,0.0
2025-11-03:sunderland:everton,sunderland,GKP,1,Sunderland,2025-11-03,1,90.0,0.0,0.0,0.0,0.0,2.0,0.0
2025-11-03:sunderland:everton,sunderland,MID,1,Sunderland,2025-11-03,5,359.0,1.0,1.0,0.18,0.7,22.0,0.0
2025-11-08:chelsea:wolves,chelsea,DEF,1,Chelsea,2025-11-08,5,359.0,1.0,0.0,0.8,0.15000000000000002,34.0,1.0
2025-11-08:chelsea:wolves,chelsea,FWD,1,Chelsea,2025-11-08,3,158.0,1.0,0.0,1.0999999999999999,0.11,10.0,1.0
2025-11-08:chelsea:wolves,chelsea,GKP,1,Chelsea,2025-11-08,1,90.0,0.0,0.0,0.0,0.0,6.0,1.0
2025-11-08:chelsea:wolves,chelsea,MID,1,Chelsea,2025-11-08,7,378.0,1.0,3.0,1.4300000000000002,2.5,31.0,1.0
2025-11-08:chelsea:wolves,wolves,DEF,0,Wolves,2025-11-08,5,450.0,0.0,0.0,0.0,0.03,7.0,0.0
2025-11-08:chelsea:wolves,wolves,FWD,0,Wolves,2025-11-08,2,110.0,0.0,0.0,0.07,0.03,3.0,0.0
2025-11-08:chelsea:wolves,wolves,GKP,0,Wolves,2025-11-08,1,90.0,0.0,0.0,0.0,0.0,2.0,0.0
2025-11-08:chelsea:wolves,wolves,MID,0,Wolves,2025-11-08,5,338.0,0.0,0.0,0.1,0.05,7.0,0.0
2025-11-08:everton:fulham,everton,DEF,1,Everton,2025-11-08,4,271.0,1.0,0.0,0.32,0.29000000000000004,27.0,1.0
2025-11-08:everton:fulham,everton,FWD,1,Everton,2025-11-08,2,89.0,0.0,0.0,0.51,0.01,3.0,1.0
2025-11-08:everton:fulham,everton,GKP,1,Everton,2025-11-08,1,90.0,0.0,0.0,0.0,0.0,7.0,1.0
2025-11-08:everton:fulham,everton,MID,1,Everton,2025-11-08,7,537.0,1.0,2.0,0.61,0.91,34.0,1.0
2025-11-08:everton:fulham,fulham,DEF,0,Fulham,2025-11-08,3,270.0,0.0,0.0,0.0,0.07,8.0,0.0
2025-11-08:everton:fulham,fulham,FWD,0,Fulham,2025-11-08,2,73.0,0.0,0.0,0.28,0.01,2.0,0.0
2025-11-08:everton:fulham,fulham,GKP,0,Fulham,2025-11-08,1,90.0,0.0,0.0,0.0,0.0,2.0,0.0
2025-11-08:everton:fulham,fulham,MID,0,Fulham,2025-11-08,10,553.0,0.0,0.0,0.11,0.25,15.0,0.0
2025-11-08:spurs:man utd,man utd,DEF,0,Man Utd,2025-11-08,7,415.0,1.0,0.0,0.1,0.16999999999999998,22.0,1.0
2025-11-08:spurs:man utd,man utd,FWD,0,Man Utd,2025-11-08,1,32.0,0.0,0.0,0.0,0.0,1.0,0.0
2025-11-08:spurs:man utd,man utd,GKP,0,Man Utd,2025-11-08,1,90.0,0.0,0.0,0.0,0.0,1.0,0.0
2025-11-08:spurs:man utd,man utd,MID,0,Man Utd,2025-11-08,7,448.0,1.0,2.0,0.52,0.63,30.0,1.0
2025-11-08:spurs:man utd,spurs,DEF,1,Spurs,2025-11-08,6,358.0,0.0,1.0,0.31,0.07,9.0,0.0
2025-11-08:spurs:man utd,spurs,FWD,1,Spurs,2025-11-08,2,135.0,1.0,0.0,0.21,0.060000000000000005,7.0,0.0
2025-11-08:spurs:man utd,spurs,GKP,1,Spurs,2025-11-08,1,90.0,0.0,0.0,0.0,0.0,1.0,0.0
2025-11-08:spurs:man utd,spurs,MID,1,Spurs,2025-11-08,7,403.0,1.0,1.0,0.41000000000000003,0.4,22.0,0.0
2025-11-08:sunderland:arsenal,arsenal,DEF,0,Arsenal,2025-11-08,5,362.0,0.0,0.0,0.39,0.14,5.0,0.0
2025-11-08:sunderland:arsenal,arsenal,GKP,0,Arsenal,2025-11-08,1,90.0,0.0,0.0,0.0,0.0,1.0,0.0
2025-11-08:sunderland:arsenal,arsenal,MID,0,Arsenal,2025-11-08,6,537.0,2.0,2.0,1.62,0.89,35.0,0.0
2025-11-08:sunderland:arsenal,sunderland,DEF,1,Sunderland,2025-11-08,5,446.0,1.0,2.0,0.13,0.18,16.0,0.0
2025-11-08:sunderland:arsenal,sunderland,FWD,1,Sunderland,2025-11-08,3,92.0,1.0,0.0,0.22,0.01,8.0,0.0
2025-11-08:sunderland:arsenal,sunderland,GKP,1,Sunderland,2025-11-08,1,90.0,0.0,0.0,0.0,0.0,2.0,0.0
2025-11-08:sunderland:arsenal,sunderland,MID,1,Sunderland,2025-11-08,6,358.0,0.0,0.0,0.08,0.14,13.0,0.0
2025-11-08:west ham:burnley,burnley,DEF,0,Burnley,2025-11-08,5,359.0,0.0,0.0,0.0,0.25,8.0,0.0
2025-11-08:west ham:burnley,burnley,FWD,0,Burnley,2025-11-08,2,89.0,1.0,0.0,0.19,0.02,6.0,0.0
2025-11-08:west ham:burnley,burnley,GKP,0,Burnley,2025-11-08,1,90.0,0.0,0.0,0.0,0.0,2.0,0.0
2025-11-08:west ham:burnley,burnley,MID,0,Burnley,2025-11-08,8,447.0,1.0,2.0,0.87,0.8,29.0,0.0
2025-11-08:west ham:burnley,west ham,DEF,1,West Ham,2025-11-08,6,374.0,1.0,0.0,1.01,0.03,14.0,0.0
2025-11-08:west ham:burnley,west ham,FWD,1,West Ham,2025-11-08,2,160.0,1.0,0.0,1.04,0.04,9.0,0.0
2025-11-08:west ham:burnley,west ham,GKP,1,West Ham,2025-11-08,1,90.0,0.0,0.0,0.0,0.0,2.0,0.0
2025-11-08:west ham:burnley,west ham,MID,1,West Ham,2025-11-08,6,362.0,1.0,3.0,1.0,0.51,27.0,0.0
2025-11-09:aston villa:bournemouth,aston villa,DEF,1,Aston Villa,2025-11-09,5,369.0,0.0,1.0,0.01,0.19,28.0,1.0
2025-11-09:aston villa:bournemouth,aston villa,FWD,1,Aston Villa,2025-11-09,1,80.0,0.0,0.0,0.57,0.01,2.0,1.0
2025-11-09:aston villa:bournemouth,aston villa,GKP,1,Aston Villa,2025-11-09,1,90.0,0.0,0.0,0.0,0.0,14.0,1.0
2025-11-09:aston villa:bournemouth,aston villa,MID,1,Aston Villa,2025-11-09,10,445.0,4.0,1.0,1.1199999999999999,0.47000000000000003,45.0,1.0
2025-11-09:aston villa:bournemouth,bournemouth,DEF,0,Bournemouth,2025-11-09,5,286.0,0.0,0.0,0.08,0.22,4.0,0.0
2025-11-09:aston villa:bournemouth,bournemouth,FWD,0,Bournemouth,2025-11-09,2,103.0,0.0,0.0,0.26,0.06,3.0,0.0
2025-11-09:aston villa:bournemouth,bournemouth,GKP,0,Bournemouth,2025-11-09,1,90.0,0.0,0.0,0.0,0.0,1.0,0.0
2025-11-09:aston villa:bournemouth,bournemouth,MID,0,Bournemouth,2025-11-09,9,506.0,0.0,0.0,1.28,0.23,12.0,0.0
2025-11-09:brentford:newcastle,brentford,DEF,1,Brentford,2025-11-09,5,359.0,0.0,1.0,0.9500000000000001,0.49,11.0,0.0
2025-11-09:brentford:newcastle,brentford,FWD,1,Brentford,2025-11-09,1,90.0,2.0,0.0,1.19,0.03,13.0,0.0
2025-11-09:brentford:newcastle,brentford,GKP,1,Brentford,2025-11-09,1,90.0,0.0,0.0,0.0,0.0,2.0,0.0
2025-11-09:brentford:newcastle,brentford,MID,1,Brentford,2025-11-09,8,449.0,1.0,1.0,0.5,0.47000000000000003,23.0,0.0
2025-11-09:brentford:newcastle,newcastle,DEF,0,Newcastle,2025-11-09,5,355.0,0.0,0.0,0.04,0.11,6.0,0.0
2025-11-09:brentford:newcastle,newcastle,FWD,0,Newcastle,2025-11-09,1,90.0,0.0,1.0,0.0,0.01,5.0,0.0
2025-11-09:brentford:newcastle,newcastle,GKP,0,Newcastle,2025-11-09,2,89.0,0.0,0.0,0.0,0.0,3.0,0.0
2025-11-09:brentford:newcastle,newcastle,MID,0,Newcastle,2025-11-09,9,434.0,1.0,0.0,0.38,0.22999999999999998,25.0,0.0
2025-11-09:crystal palace:brighton,brighton,DEF,0,Brighton,2025-11-09,5,290.0,0.0,0.0,0.06,0.06,18.0,1.0
2025-11-09:crystal palace:brighton,brighton,FWD,0,Brighton,2025-11-09,3,104.0,0.0,0.0,0.0,0.04,4.0,1.0
2025-11-09:crystal palace:brighton,brighton,GKP,0,Brighton,2025-11-09,1,90.0,0.0,0.0,0.0,0.0,6.0,1.0
2025-11-09:crystal palace:brighton,brighton,MID,0,Brighton,2025-11-09,6,502.0,0.0,0.0,0.32,0.49,16.0,1.0
2025-11-09:crystal palace:brighton,crystal palace,DEF,1,Crystal Palace,2025-11-09,5,450.0,0.0,0.0,0.2,0.51,41.0,1.0
2025-11-09:crystal palace:brighton,crystal palace,FWD,1,Crystal Palace,2025-11-09,1,90.0,0.0,0.0,0.08,0.13,2.0,1.0
2025-11-09:crystal palace:brighton,crystal palace,GKP,1,Crystal Palace,2025-11-09,1,90.0,0.0,0.0,0.0,0.0,9.0,1.0
2025-11-09:crystal palace:brighton,crystal palace,MID,1,Crystal Palace,2025-11-09,6,358.0,0.0,0.0,0.47000000000000003,0.4,13.0,1.0
2025-11-09:man city:liverpool,liverpool,DEF,0,Liverpool,2025-11-09,6,358.0,0.0,0.0,0.0,0.31000000000000005,4.0,0.0
2025-11-09:man city:liverpool,liverpool,FWD,0,Liverpool,2025-11-09,1,55.0,0.0,0.0,0.0,0.03,1.0,0.0
2025-11-09:man city:liverpool,liverpool,GKP,0,Liverpool,2025-11-09,1,90.0,0.0,0.0,0.0,0.0,7.0,0.0
2025-11-09:man city:liverpool,liverpool,MID,0,Liverpool,2025-11-09,8,482.0,0.0,0.0,0.72,0.32,10.0,0.0
2025-11-09:man city:liverpool,man city,DEF,1,Man City,2025-11-09,4,360.0,0.0,2.0,0.11,0.02,36.0,1.0
2025-11-09:man city:liverpool,man city,FWD,1,Man City,2025-11-09,1,90.0,1.0,0.0,0.85,0.09,4.0,1.0
2025-11-09:man city:liverpool,man city,GKP,1,Man City,2025-11-09,1,90.0,0.0,0.0,0.0,0.0,6.0,1.0
2025-11-09:man city:liverpool,man city,MID,1,Man City,2025-11-09,7,448.0,2.0,1.0,0.64,0.27,30.0,1.0
2025-11-09:nottm forest:leeds,leeds,DEF,0,Leeds,2025-11-09,5,350.0,0.0,0.0,0.01,0.02,5.0,0.0
2025-11-09:nottm forest:leeds,leeds,FWD,0,Leeds,2025-11-09,3,105.0,1.0,0.0,0.54,0.01,10.0,0.0
2025-11-09:nottm forest:leeds,leeds,GKP,0,Leeds,2025-11-09,1,90.0,0.0,0.0,0.0,0.0,2.0,0.0
2025-11-09:nottm forest:leeds,leeds,MID,0,Leeds,2025-11-09,7,440.0,0.0,1.0,0.13,0.27,18.0,0.0
2025-11-09:nottm forest:leeds,nottm forest,DEF,1,Nott'm Forest,2025-11-09,5,362.0,0.0,0.0,0.0,0.37,10.0,0.0
2025-11-09:nottm forest:leeds,nottm forest,FWD,1,Nott'm Forest,2025-11-09,2,89.0,0.0,0.0,0.61,0.01,2.0,0.0
2025-11-09:nottm forest:leeds,nottm forest,GKP,1,Nott'm Forest,2025-11-09,1,90.0,0.0,0.0,0.0,0.0,2.0,0.0
2025-11-09:nottm forest:leeds,nottm forest,MID,1,Nott'm Forest,2025-11-09,7,445.0,3.0,3.0,1.94,1.05,39.0,0.0
2025-11-22:bournemouth:west ham,bournemouth,DEF,1,Bournemouth,2025-11-22,5,274.0,0.0,1.0,0.02,0.8300000000000001,5.0,0.0
2025-11-22:bournemouth:west ham,bournemouth,FWD,1,Bournemouth,2025-11-22,3,185.0,1.0,1.0,1.79,0.06999999999999999,13.0,0.0
2025-11-22:bournemouth:west ham,bournemouth,GKP,1,Bournemouth,2025-11-22,1,90.0,0.0,0.0,0.0,0.0,1.0,0.0
2025-11-22:bournemouth:west ham,bournemouth,MID,1,Bournemouth,2025-11-22,7,438.0,1.0,0.0,2.28,0.67,17.0,0.0
2025-11-22:bournemouth:west ham,west ham,DEF,0,West Ham,2025-11-22,6,495.0,0.0,1.0,0.0,0.21,16.0,0.0
2025-11-22:bournemouth:west ham,west ham,FWD,0,West Ham,2025-11-22,3,157.0,2.0,0.0,0.64,0.02,17.0,0.0
2025-11-22:bournemouth:west ham,west ham,GKP,0,West Ham,2025-11-22,1,90.0,0.0,1.0,0.0,0.0,9.0,0.0
2025-11-22:bournemouth:west ham,west ham,MID,0,West Ham,2025-11-22,4,246.0,0.0,0.0,0.0,0.03,8.0,0.0
2025-11-22:brighton:brentford,brentford,DEF,0,Brentford,2025-11-22,6,384.0,0.0,0.0,0.12000000000000001,0.09,10.0,0.0
2025-11-22:brighton:brentford,brentford,FWD,0,Brentford,2025-11-22,1,90.0,1.0,0.0,1.71,0.05,4.0,0.0
2025-11-22:brighton:brentford,brentford,GKP,0,Brentford,2025-11-22,1,90.0,0.0,0.0,0.0,0.0,2.0,0.0
2025-11-22:brighton:brentford,brentford,MID,0,Brentford,2025-11-22,7,422.0,0.0,1.0,0.08,0.4,14.0,1.0
2025-11-22:brighton:brentford,brighton,DEF,1,Brighton,2025-11-22,6,316.0,0.0,0.0,0.06,0.27999999999999997,7.0,0.0
2025-11-22:brighton:brentford,brighton,FWD,1,Brighton,2025-11-22,1,90.0,1.0,0.0,0.74,0.02,8.0,0.0
2025-11-22:brighton:brentford,brighton,GKP,1,Brighton,2025-11-22,1,90.0,0.0,0.0,0.0,0.0,7.0,0.0
2025-11-22:brighton:brentford,brighton,MID,1,Brighton,2025-11-22,8,491.0,1.0,2.0,0.42,0.36,30.0,0.0
2025-11-22:burnley:chelsea,burnley,DEF,1,Burnley,2025-11-22,4,360.0,0.0,0.0,0.03,0.07,5.0,0.0
2025-11-22:burnley:chelsea,burnley,FWD,1,Burnley,2025-11-22,3,107.0,0.0,0.0,0.18,0.06,4.0,0.0
2025-11-22:burnley:chelsea,burnley,GKP,1,Burnley,2025-11-22,1,90.0,0.0,0.0,0.0,0.01,2.0,0.0
2025-11-22:burnley:chelsea,burnley,MID,1,Burnley,2025-11-22,8,428.0,0.0,0.0,0.23,0.12,12.0,0.0
2025-11-22:burnley:chelsea,chelsea,DEF,0,Chelsea,2025-11-22,6,383.0,0.0,0.0,0.25,0.21000000000000002,24.0,1.0
2025-11-22:burnley:chelsea,chelsea,FWD,0,Chelsea,2025-11-22,3,155.0,0.0,1.0,0.25,0.41,7.0,1.0
2025-11-22:burnley:chelsea,chelsea,GKP,0,Chelsea,2025-11-22,1,90.0,0.0,0.0,0.0,0.0,6.0,1.0
2025-11-22:burnley:chelsea,chelsea,MID,0,Chelsea,2025-11-22,4,360.0,2.0,1.0,1.21,0.48,30.0,1.0
2025-11-22:fulham:sunderland,fulham,DEF,1,Fulham,2025-11-22,4,271.0,0.0,0.0,0.06,0.08,26.0,1.0
2025-11-22:fulham:sunderland,fulham,FWD,1,Fulham,2025-11-22,1,90.0,1.0,0.0,0.96,0.02,6.0,1.0
2025-11-22:fulham:sunderland,fulham,GKP,1,Fulham,2025-11-22,1,90.0,0.0,0.0,0.0,0.0,5.0,1.0
2025-11-22:fulham:sunderland,fulham,MID,1,Fulham,2025-11-22,9,537.0,0.0,1.0,1.1400000000000001,1.1400000000000001,23.0,1.0
2025-11-22:fulham:sunderland,sunderland,DEF,0,Sunderland,2025-11-22,5,449.0,0.0,0.0,0.0,0.18999999999999997,9.0,0.0
2025-11-22:fulham:sunderland,sunderland,FWD,0,Sunderland,2025-11-22,3,90.0,0.0,0.0,0.11,0.01,4.0,1.0
2025-11-22:fulham:sunderland,sunderland,GKP,0,Sunderland,2025-11-22,1,90.0,0.0,0.0,0.0,0.0,3.0,0.0
2025-11-22:fulham:sunderland,sunderland,MID,0,Sunderland,2025-11-22,6,359.0,0.0,0.0,0.06,0.36,11.0,1.0
2025-11-22:liverpool:nottm forest,liverpool,DEF,1,Liverpool,2025-11-22,4,233.0,0.0,0.0,0.19999999999999998,0.28,5.0,0.0
2025-11-22:liverpool:nottm forest,liverpool,FWD,1,Liverpool,2025-11-22,2,102.0,0.0,0.0,0.19,0.03,3.0,0.0
2025-11-22:liverpool:nottm forest,liverpool,GKP,1,Liverpool,2025-11-22,1,90.0,0.0,0.0,0.0,0.0,2.0,0.0
2025-11-22:liverpool:nottm forest,liverpool,MID,1,Liverpool,2025-11-22,8,561.0,0.0,0.0,1.5499999999999998,1.11,12.0,0.0
2025-11-22:liverpool:nottm forest,nottm forest,DEF,0,Nott'm Forest,2025-11-22,4,360.0,2.0,1.0,0.63,0.01,50.0,1.0
2025-11-22:liverpool:nottm forest,nottm forest,FWD,0,Nott'm Forest,2025-11-22,1,85.0,0.0,0.0,0.06,0.0,2.0,1.0
2025-11-22:liverpool:nottm forest,nottm forest,GKP,0,Nott'm Forest,2025-11-22,1,90.0,0.0,0.0,0.0,0.02,7.0,1.0
2025-11-22:liverpool:nottm forest,nottm forest,MID,0,Nott'm Forest,2025-11-22,8,452.0,1.0,2.0,0.9299999999999999,0.22999999999999998,32.0,1.0
2025-11-22:newcastle:man city,man city,DEF,0,Man City,2025-11-22,4,360.0,1.0,0.0,0.13,0.45,10.0,0.0
2025-11-22:newcastle:man city,man city,FWD,0,Man City,2025-11-22,1,90.0,0.0,0.0,1.54,0.0,2.0,0.0
2025-11-22:newcastle:man city,man city,GKP,0,Man City,2025-11-22,1,90.0,0.0,0.0,0.0,0.0,1.0,0.0
2025-11-22:newcastle:man city,man city,MID,0,Man City,2025-11-22,9,446.0,0.0,1.0,0.8200000000000001,1.46,17.0,0.0
2025-11-22:newcastle:man city,newcastle,DEF,1,Newcastle,2025-11-22,5,359.0,0.0,0.0,0.0,0.13,13.0,0.0
2025-11-22:newcastle:man city,newcastle,FWD,1,Newcastle,2025-11-22,1,84.0,0.0,0.0,0.61,0.0,2.0,0.0
2025-11-22:newcastle:man city,newcastle,GKP,1,Newcastle,2025-11-22,1,90.0,0.0,0.0,0.0,0.0,3.0,0.0
2025-11-22:newcastle:man city,newcastle,MID,1,Newcastle,2025-11-22,7,454.0,2.0,2.0,1.9,0.89,36.0,0.0
2025-11-22:wolves:crystal palace,crystal palace,DEF,0,Crystal Palace,2025-11-22,6,449.0,1.0,1.0,0.49,0.08,43.0,1.0
2025-11-22:wolves:crystal palace,crystal palace,FWD,0,Crystal Palace,2025-11-22,2,89.0,0.0,0.0,0.43,0.01,2.0,0.0
2025-11-22:wolves:crystal palace,crystal palace,GKP,0,Crystal Palace,2025-11-22,1,90.0,0.0,0.0,0.0,0.0,6.0,1.0
2025-11-22:wolves:crystal palace,crystal palace,MID,0,Crystal Palace,2025-11-22,7,359.0,1.0,1.0,0.35,0.71,23.0,1.0
2025-11-22:wolves:crystal palace,wolves,DEF,1,Wolves,2025-11-22,6,433.0,0.0,0.0,0.7000000000000001,0.6200000000000001,10.0,0.0
2025-11-22:wolves:crystal palace,wolves,FWD,1,Wolves,2025-11-22,2,155.0,0.0,0.0,0.04,0.02,3.0,0.0
2025-11-22:wolves:crystal palace,wolves,GKP,1,Wolves,2025-11-22,1,90.0,0.0,0.0,0.0,0.0,1.0,0.0
2025-11-22:wolves:crystal palace,wolves,MID,1,Wolves,2025-11-22,6,308.0,0.0,0.0,1.1199999999999999,0.19,12.0,0.0
2025-11-23:arsenal:spurs,arsenal,DEF,1,Arsenal,2025-11-23,6,360.0,0.0,1.0,0.5700000000000001,0.09,13.0,0.0
2025-11-23:arsenal:spurs,arsenal,GKP,1,Arsenal,2025-11-23,1,90.0,0.0,0.0,0.0,0.0,2.0,0.0
2025-11-23:arsenal:spurs,arsenal,MID,1,Arsenal,2025-11-23,8,538.0,4.0,3.0,1.3599999999999999,1.38,51.0,0.0
2025-11-23:arsenal:spurs,spurs,DEF,0,Spurs,2025-11-23,6,404.0,0.0,0.0,0.0,0.01,1.0,0.0
2025-11-23:arsenal:spurs,spurs,FWD,0,Spurs,2025-11-23,2,114.0,1.0,0.0,0.03,0.01,7.0,0.0
2025-11-23:arsenal:spurs,spurs,GKP,0,Spurs,2025-11-23,1,90.0,0.0,0.0,0.0,0.0,1.0,0.0
2025-11-23:arsenal:spurs,spurs,MID,0,Spurs,2025-11-23,7,378.0,0.0,1.0,0.05,0.02,16.0,0.0
2025-11-23:leeds:aston villa,aston villa,DEF,0,Aston Villa,2025-11-23,6,366.0,0.0,0.0,0.19,0.32,11.0,0.0
2025-11-23:leeds:aston villa,aston villa,FWD,0,Aston Villa,2025-11-23,1,67.0,0.0,0.0,0.33,0.01,2.0,0.0
2025-11-23:leeds:aston villa,aston villa,GKP,0,Aston Villa,2025-11-23,1,90.0,0.0,0.0,0.0,0.0,3.0,0.0
2025-11-23:leeds:aston villa,aston villa,MID,0,Aston Villa,2025-11-23,8,464.0,2.0,2.0,1.05,0.42000000000000004,32.0,0.0
2025-11-23:leeds:aston villa,leeds,DEF,1,Leeds,2025-11-23,4,360.0,0.0,0.0,0.28,0.1,4.0,0.0
2025-11-23:leeds:aston villa,leeds,FWD,1,Leeds,2025-11-23,3,99.0,1.0,0.0,0.8800000000000001,0.25,10.0,0.0
2025-11-23:leeds:aston villa,leeds,GKP,1,Leeds,2025-11-23,1,90.0,0.0,0.0,0.0,0.0,1.0,0.0
2025-11-23:leeds:aston villa,leeds,MID,1,Leeds,2025-11-23,8,436.0,0.0,1.0,0.8,0.45999999999999996,17.0,0.0
2025-11-24:man utd:everton,everton,DEF,0,Everton,2025-11-24,5,359.0,0.0,0.0,0.08,0.1,33.0,1.0
2025-11-24:man utd:everton,everton,FWD,0,Everton,2025-11-24,2,89.0,0.0,0.0,0.0,0.01,3.0,1.0
2025-11-24:man utd:everton,everton,GKP,0,Everton,2025-11-24,1,90.0,0.0,0.0,0.0,0.01,10.0,1.0
2025-11-24:man utd:everton,everton,MID,0,Everton,2025-11-24,8,370.0,1.0,1.0,0.15000000000000002,0.08,26.0,1.0
2025-11-24:man utd:everton,man utd,DEF,1,Man Utd,2025-11-24,6,404.0,0.0,0.0,0.48,0.9299999999999999,9.0,0.0
2025-11-24:man utd:everton,man utd,FWD,1,Man Utd,2025-11-24,1,90.0,0.0,0.0,0.35,0.08,2.0,0.0
2025-11-24:man utd:everton,man utd,GKP,1,Man Utd,2025-11-24,1,90.0,0.0,0.0,0.0,0.0,2.0,0.0
2025-11-24:man utd:everton,man utd,MID,1,Man Utd,2025-11-24,6,404.0,0.0,0.0,0.8200000000000001,1.1099999999999999,7.0,0.0
2025-11-29:brentford:burnley,brentford,DEF,1,Brentford,2025-11-29,6,360.0,0.0,0.0,0.94,0.18,18.0,1.0
2025-11-29:brentford:burnley,brentford,FWD,1,Brentford,2025-11-29,1,90.0,2.0,0.0,1.17,0.01,13.0,0.0
2025-11-29:brentford:burnley,brentford,GKP,1,Brentford,2025-11-29,1,90.0,0.0,0.0,0.0,0.0,2.0,0.0
2025-11-29:brentford:burnley,brentford,MID,1,Brentford,2025-11-29,7,448.0,1.0,2.0,0.9400000000000001,0.62,31.0,1.0
2025-11-29:brentford:burnley,burnley,DEF,0,Burnley,2025-11-29,4,360.0,0.0,0.0,0.02,0.03,9.0,0.0
2025-11-29:brentford:burnley,burnley,FWD,0,Burnley,2025-11-29,3,173.0,1.0,0.0,0.85,0.030000000000000002,9.0,1.0
2025-11-29:brentford:burnley,burnley,GKP,0,Burnley,2025-11-29,1,90.0,0.0,0.0,0.0,0.01,1.0,0.0
2025-11-29:brentford:burnley,burnley,MID,0,Burnley,2025-11-29,8,362.0,0.0,1.0,0.09,0.13,17.0,1.0
2025-11-29:everton:newcastle,everton,DEF,1,Everton,2025-11-29,4,360.0,0.0,1.0,0.04,0.32,7.0,0.0
2025-11-29:everton:newcastle,everton,FWD,1,Everton,2025-11-29,2,89.0,0.0,0.0,0.29,0.03,3.0,0.0
2025-11-29:everton:newcastle,everton,GKP,1,Everton,2025-11-29,1,90.0,0.0,0.0,0.0,0.0,1.0,0.0
2025-11-29:everton:newcastle,everton,MID,1,Everton,2025-11-29,8,448.0,1.0,0.0,0.64,0.86,17.0,0.0
2025-11-29:everton:newcastle,newcastle,DEF,0,Newcastle,2025-11-29,5,360.0,2.0,2.0,0.5900000000000001,0.5499999999999999,29.0,0.0
2025-11-29:everton:newcastle,newcastle,FWD,0,Newcastle,2025-11-29,1,89.0,1.0,0.0,0.59,0.11,7.0,0.0
2025-11-29:everton:newcastle,newcastle,GKP,0,Newcastle,2025-11-29,1,90.0,0.0,0.0,0.0,0.0,2.0,0.0
2025-11-29:everton:newcastle,newcastle,MID,0,Newcastle,2025-11-29,9,449.0,1.0,2.0,0.72,0.76,32.0,0.0
2025-11-29:man city:leeds,leeds,DEF,0,Leeds,2025-11-29,6,404.0,0.0,0.0,0.24,0.03,7.0,0.0
2025-11-29:man city:leeds,leeds,FWD,0,Leeds,2025-11-29,2,126.0,2.0,0.0,1.1400000000000001,0.0,11.0,0.0
2025-11-29:man city:leeds,leeds,GKP,0,Leeds,2025-11-29,1,90.0,0.0,0.0,0.0,0.0,3.0,0.0
2025-11-29:man city:leeds,leeds,MID,0,Leeds,2025-11-29,7,369.0,0.0,0.0,0.15,0.54,12.0,0.0
2025-11-29:man city:leeds,man city,DEF,1,Man City,2025-11-29,5,361.0,1.0,2.0,1.69,0.67,15.0,0.0
2025-11-29:man city:leeds,man city,FWD,1,Man City,2025-11-29,1,90.0,0.0,0.0,0.13,0.01,2.0,0.0
2025-11-29:man city:leeds,man city,GKP,1,Man City,2025-11-29,1,90.0,0.0,0.0,0.0,0.0,5.0,0.0
2025-11-29:man city:leeds,man city,MID,1,Man City,2025-11-29,7,448.0,2.0,1.0,1.27,1.4400000000000002,30.0,0.0
2025-11-29:spurs:fulham,fulham,DEF,0,Fulham,2025-11-29,4,273.0,1.0,0.0,0.06,0.0,21.0,0.0
2025-11-29:spurs:fulham,fulham,FWD,0,Fulham,2025-11-29,1,90.0,0.0,0.0,0.0,0.01,1.0,0.0
2025-11-29:spurs:fulham,fulham,GKP,0,Fulham,2025-11-29,1,90.0,0.0,0.0,0.0,0.0,1.0,0.0
2025-11-29:spurs:fulham,fulham,MID,0,Fulham,2025-11-29,9,533.0,1.0,2.0,0.39,0.7999999999999999,31.0,0.0
2025-11-29:spurs:fulham,spurs,DEF,1,Spurs,2025-11-29,4,354.0,0.0,0.0,0.19,0.49,4.0,0.0
2025-11-29:spurs:fulham,spurs,FWD,1,Spurs,2025-11-29,2,149.0,0.0,0.0,0.4,0.03,2.0,0.0
2025-11-29:spurs:fulham,spurs,GKP,1,Spurs,2025-11-29,1,90.0,0.0,0.0,0.0,0.0,1.0,0.0
2025-11-29:spurs:fulham,spurs,MID,1,Spurs,2025-11-29,9,392.0,1.0,1.0,0.27,0.33999999999999997,20.0,0.0
2025-11-29:sunderland:bournemouth,bournemouth,DEF,0,Bournemouth,2025-11-29,4,349.0,0.0,0.0,0.060000000000000005,0.38,5.0,0.0
2025-11-29:sunderland:bournemouth,bournemouth,FWD,0,Bournemouth,2025-11-29,3,99.0,0.0,1.0,1.0,0.05,7.0,0.0
2025-11-29:sunderland:bournemouth,bournemouth,GKP,0,Bournemouth,2025-11-29,1,90.0,0.0,0.0,0.0,0.0,2.0,0.0
2025-11-29:sunderland:bournemouth,bournemouth,MID,0,Bournemouth,2025-11-29,8,448.0,2.0,0.0,0.79,0.8200000000000001,17.0,0.0
2025-11-29:sunderland:bournemouth,sunderland,DEF,1,Sunderland,2025-11-29,6,391.0,0.0,1.0,0.1,0.05,8.0,0.0
2025-11-29:sunderland:bournemouth,sunderland,FWD,1,Sunderland,2025-11-29,2,89.0,1.0,0.0,0.16,0.0,8.0,0.0
2025-11-29:sunderland:bournemouth,sunderland,GKP,1,Sunderland,2025-11-29,1,90.0,0.0,0.0,0.0,0.02,1.0,0.0
2025-11-29:sunderland:bournemouth,sunderland,MID,1,Sunderland,2025-11-29,6,416.0,2.0,2.0,1.02,0.59,30.0,0.0
2025-11-30:aston villa:wolves,aston villa,DEF,1,Aston Villa,2025-11-30,5,362.0,0.0,0.0,0.22999999999999998,0.16999999999999998,28.0,1.0
2025-11-30:aston villa:wolves,aston villa,FWD,1,Aston Villa,2025-11-30,1,36.0,0.0,0.0,0.0,0.04,1.0,0.0
2025-11-30:aston villa:wolves,aston villa,GKP,1,Aston Villa,2025-11-30,1,90.0,0.0,0.0,0.0,0.0,7.0,1.0
2025-11-30:aston villa:wolves,aston villa,MID,1,Aston Villa,2025-11-30,9,497.0,1.0,1.0,0.76,0.63,33.0,1.0
2025-11-30:aston villa:wolves,wolves,DEF,0,Wolves,2025-11-30,6,435.0,0.0,0.0,0.07,0.19,11.0,0.0
2025-11-30:aston villa:wolves,wolves,FWD,0,Wolves,2025-11-30,3,105.0,0.0,0.0,0.14,0.0,4.0,0.0
2025-11-30:aston villa:wolves,wolves,GKP,0,Wolves,2025-11-30,1,90.0,0.0,0.0,0.0,0.0,3.0,0.0
2025-11-30:aston villa:wolves,wolves,MID,0,Wolves,2025-11-30,5,356.0,0.0,0.0,0.29000000000000004,0.14,11.0,0.0
2025-11-30:chelsea:arsenal,arsenal,DEF,0,Arsenal,2025-11-30,5,360.0,0.0,0.0,0.3,0.52,4.0,0.0
2025-11-30:chelsea:arsenal,arsenal,FWD,0,Arsenal,2025-11-30,1,18.0,0.0,0.0,0.0,0.0,0.0,0.0
2025-11-30:chelsea:arsenal,arsenal,GKP,0,Arsenal,2025-11-30,1,90.0,0.0,0.0,0.0,0.0,3.0,0.0
2025-11-30:chelsea:arsenal,arsenal,MID,0,Arsenal,2025-11-30,8,519.0,1.0,1.0,0.95,0.79,23.0,0.0
2025-11-30:chelsea:arsenal,chelsea,DEF,1,Chelsea,2025-11-30,5,450.0,1.0,1.0,0.21,0.37,24.0,0.0
2025-11-30:chelsea:arsenal,chelsea,FWD,1,Chelsea,2025-11-30,2,89.0,0.0,0.0,0.18,0.03,2.0,0.0
2025-11-30:chelsea:arsenal,chelsea,GKP,1,Chelsea,2025-11-30,1,90.0,0.0,0.0,0.0,0.01,3.0,0.0
2025-11-30:chelsea:arsenal,chelsea,MID,1,Chelsea,2025-11-30,5,307.0,0.0,0.0,0.42000000000000004,0.16,4.0,0.0
2025-11-30:crystal palace:man utd,crystal palace,DEF,1,Crystal Palace,2025-11-30,5,444.0,0.0,0.0,0.12,0.09,6.0,0.0
2025-11-30:crystal palace:man utd,crystal palace,FWD,1,Crystal Palace,2025-11-30,3,154.0,1.0,0.0,1.22,0.01,7.0,0.0
2025-11-30:crystal palace:man utd,crystal palace,GKP,1,Crystal Palace,2025-11-30,1,90.0,0.0,0.0,0.0,0.0,2.0,0.0
2025-11-30:crystal palace:man utd,crystal palace,MID,1,Crystal Palace,2025-11-30,7,297.0,0.0,0.0,0.5,0.38,13.0,0.0
2025-11-30:crystal palace:man utd,man utd,DEF,0,Man Utd,2025-11-30,7,359.0,0.0,0.0,0.13,0.03,9.0,0.0
2025-11-30:crystal palace:man utd,man utd,FWD,0,Man Utd,2025-11-30,1,90.0,1.0,0.0,0.03,0.01,9.0,0.0
2025-11-30:crystal palace:man utd,man utd,GKP,0,Man Utd,2025-11-30,1,90.0,0.0,0.0,0.0,0.0,2.0,0.0
2025-11-30:crystal palace:man utd,man utd,MID,0,Man Utd,2025-11-30,6,451.0,1.0,2.0,1.19,0.51,27.0,0.0
2025-11-30:nottm forest:brighton,brighton,DEF,0,Brighton,2025-11-30,5,359.0,1.0,0.0,0.5700000000000001,0.32,35.0,1.0
2025-11-30:nottm forest:brighton,brighton,FWD,0,Brighton,2025-11-30,2,89.0,1.0,0.0,0.16,0.01,7.0,1.0
2025-11-30:nottm forest:brighton,brighton,GKP,0,Brighton,2025-11-30,1,90.0,0.0,0.0,0.0,0.0,7.0,1.0
2025-11-30:nottm forest:brighton,brighton,MID,0,Brighton,2025-11-30,8,447.0,0.0,1.0,0.7999999999999999,0.48,20.0,1.0
2025-11-30:nottm forest:brighton,nottm forest,DEF,1,Nott'm Forest,2025-11-30,4,360.0,0.0,0.0,0.07,0.06,6.0,0.0
2025-11-30:nottm forest:brighton,nottm forest,FWD,1,Nott'm Forest,2025-11-30,2,89.0,0.0,0.0,0.19,0.02,3.0,0.0
2025-11-30:nottm forest:brighton,nottm forest,GKP,1,Nott'm Forest,2025-11-30,1,90.0,0.0,0.0,0.0,0.0,2.0,0.0
2025-11-30:nottm forest:brighton,nottm forest,MID,1,Nott'm Forest,2025-11-30,9,448.0,0.0,0.0,0.45,0.45,18.0,0.0
2025-11-30:west ham:liverpool,liverpool,DEF,0,Liverpool,2025-11-30,5,359.0,0.0,1.0,0.04,0.34,32.0,1.0
2025-11-30:west ham:liverpool,liverpool,FWD,0,Liverpool,2025-11-30,2,89.0,1.0,0.0,0.77,0.03,8.0,1.0
2025-11-30:west ham:liverpool,liverpool,GKP,0,Liverpool,2025-11-30,1,90.0,0.0,0.0,0.0,0.0,6.0,1.0
2025-11-30:west ham:liverpool,liverpool,MID,0,Liverpool,2025-11-30,6,449.0,1.0,1.0,0.44,0.78,27.0,1.0
2025-11-30:west ham:liverpool,west ham,DEF,1,West Ham,2025-11-30,4,360.0,0.0,0.0,0.0,0.06,6.0,0.0
2025-11-30:west ham:liverpool,west ham,FWD,1,West Ham,2025-11-30,3,179.0,0.0,0.0,0.27,0.07,5.0,0.0
2025-11-30:west ham:liverpool,west ham,GKP,1,West Ham,2025-11-30,1,90.0,0.0,0.0,0.0,0.0,2.0,0.0
2025-11-30:west ham:liverpool,west ham,MID,1,West Ham,2025-11-30,6,351.0,0.0,0.0,0.030000000000000002,0.24,6.0,0.0
2025-12-02:bournemouth:everton,bournemouth,DEF,1,Bournemouth,2025-12-02,5,380.0,0.0,0.0,0.24,0.13,17.0,0.0
2025-12-02:bournemouth:everton,bournemouth,FWD,1,Bournemouth,2025-12-02,3,99.0,0.0,0.0,0.0,0.14,3.0,1.0
2025-12-02:bournemouth:everton,bournemouth,GKP,1,Bournemouth,2025-12-02,1,90.0,0.0,0.0,0.0,0.0,2.0,0.0
2025-12-02:bournemouth:everton,bournemouth,MID,1,Bournemouth,2025-12-02,6,417.0,0.0,0.0,0.26,0.45999999999999996,13.0,1.0
2025-12-02:bournemouth:everton,everton,DEF,0,Everton,2025-12-02,3,270.0,0.0,0.0,0.17,0.21000000000000002,21.0,1.0
2025-12-02:bournemouth:everton,everton,FWD,0,Everton,2025-12-02,2,89.0,0.0,0.0,0.75,0.05,3.0,1.0
2025-12-02:bournemouth:everton,everton,GKP,0,Everton,2025-12-02,1,90.0,0.0,0.0,0.0,0.0,7.0,1.0
2025-12-02:bournemouth:everton,everton,MID,0,Everton,2025-12-02,7,539.0,1.0,1.0,0.5,0.31,30.0,1.0
2025-12-02:fulham:man city,fulham,DEF,1,Fulham,2025-12-02,4,270.0,0.0,1.0,0.0,0.04,5.0,0.0
2025-12-02:fulham:man city,fulham,FWD,1,Fulham,2025-12-02,2,90.0,0.0,0.0,0.16,0.02,3.0,0.0
2025-12-02:fulham:man city,fulham,GKP,1,Fulham,2025-12-02,1,90.0,0.0,0.0,0.0,0.0,0.0,0.0
2025-12-02:fulham:man city,fulham,MID,1,Fulham,2025-12-02,9,538.0,4.0,2.0,0.74,0.8,39.0,0.0
2025-12-02:fulham:man city,man city,DEF,0,Man City,2025-12-02,6,387.0,0.0,0.0,0.0,0.13999999999999999,3.0,0.0
2025-12-02:fulham:man city,man city,FWD,0,Man City,2025-12-02,1,90.0,1.0,2.0,0.91,0.3,14.0,0.0
2025-12-02:fulham:man city,man city,GKP,0,Man City,2025-12-02,1,90.0,0.0,0.0,0.0,0.0,0.0,0.0
2025-12-02:fulham:man city,man city,MID,0,Man City,2025-12-02,7,421.0,3.0,2.0,1.27,1.31,37.0,0.0
2025-12-02:newcastle:spurs,newcastle,DEF,1,Newcastle,2025-12-02,5,361.0,0.0,1.0,0.19,0.13,14.0,0.0
2025-12-02:newcastle:spurs,newcastle,FWD,1,Newcastle,2025-12-02,1,90.0,0.0,1.0,0.26,0.05,5.0,0.0
2025-12-02:newcastle:spurs,newcastle,GKP,1,Newcastle,2025-12-02,1,90.0,0.0,0.0,0.0,0.0,1.0,0.0
2025-12-02:newcastle:spurs,newcastle,MID,1,Newcastle,2025-12-02,8,448.0,2.0,0.0,1.58,0.5599999999999999,27.0,1.0
2025-12-02:newcastle:spurs,spurs,DEF,0,Spurs,2025-12-02,4,360.0,2.0,0.0,0.33,0.05,22.0,0.0
2025-12-02:newcastle:spurs,spurs,FWD,0,Spurs,2025-12-02,2,89.0,0.0,0.0,0.0,0.04,2.0,0.0
2025-12-02:newcastle:spurs,spurs,GKP,0,Spurs,2025-12-02,1,90.0,0.0,0.0,0.0,0.0,2.0,0.0
2025-12-02:newcastle:spurs,spurs,MID,0,Spurs,2025-12-02,9,446.0,0.0,2.0,0.41,0.82,23.0,0.0
2025-12-03:arsenal:brentford,arsenal,DEF,1,Arsenal,2025-12-03,5,359.0,0.0,1.0,0.22,0.49,31.0,1.0
2025-12-03:arsenal:brentford,arsenal,FWD,1,Arsenal,2025-12-03,1,7.0,0.0,0.0,0.0,0.0,1.0,0.0
2025-12-03:arsenal:brentford,arsenal,GKP,1,Arsenal,2025-12-03,1,90.0,0.0,0.0,0.0,0.0,6.0,1.0
2025-12-03:arsenal:brentford,arsenal,MID,1,Arsenal,2025-12-03,8,530.0,2.0,1.0,1.58,0.53,35.0,1.0
2025-12-03:arsenal:brentford,brentford,DEF,0,Brentford,2025-12-03,7,448.0,0.0,0.0,0.07,0.09,11.0,0.0
2025-12-03:arsenal:brentford,brentford,FWD,0,Brentford,2025-12-03,1,30.0,0.0,0.0,0.0,0.0,1.0,0.0
2025-12-03:arsenal:brentford,brentford,GKP,0,Brentford,2025-12-03,1,90.0,0.0,0.0,0.0,0.01,2.0,0.0
2025-12-03:arsenal:brentford,brentford,MID,0,Brentford,2025-12-03,7,417.0,0.0,0.0,0.28,0.21,10.0,0.0
2025-12-03:brighton:aston villa,aston villa,DEF,0,Aston Villa,2025-12-03,6,363.0,0.0,1.0,0.33,0.8600000000000001,7.0,0.0
2025-12-03:brighton:aston villa,aston villa,FWD,0,Aston Villa,2025-12-03,1,85.0,2.0,0.0,1.03,0.27,13.0,0.0
2025-12-03:brighton:aston villa,aston villa,GKP,0,Aston Villa,2025-12-03,1,90.0,0.0,0.0,0.0,0.0,1.0,0.0
2025-12-03:brighton:aston villa,aston villa,MID,0,Aston Villa,2025-12-03,8,447.0,2.0,3.0,1.15,0.29000000000000004,36.0,0.0
2025-12-03:brighton:aston villa,brighton,DEF,1,Brighton,2025-12-03,5,348.0,2.0,0.0,1.09,0.13,14.0,0.0
2025-12-03:brighton:aston villa,brighton,FWD,1,Brighton,2025-12-03,3,59.0,0.0,0.0,0.5800000000000001,0.02,3.0,0.0
2025-12-03:brighton:aston villa,brighton,GKP,1,Brighton,2025-12-03,1,90.0,0.0,0.0,0.0,0.0,1.0,0.0
2025-12-03:brighton:aston villa,brighton,MID,1,Brighton,2025-12-03,6,489.0,0.0,3.0,0.54,0.45,25.0,0.0
2025-12-03:burnley:crystal palace,burnley,DEF,1,Burnley,2025-12-03,4,360.0,0.0,0.0,0.0,0.13,12.0,0.0
2025-12-03:burnley:crystal palace,burnley,FWD,1,Burnley,2025-12-03,3,157.0,0.0,0.0,0.47,0.060000000000000005,4.0,0.0
2025-12-03:burnley:crystal palace,burnley,GKP,1,Burnley,2025-12-03,1,90.0,0.0,0.0,0.0,0.01,2.0,0.0
2025-12-03:burnley:crystal palace,burnley,MID,1,Burnley,2025-12-03,8,379.0,0.0,0.0,0.49,0.45,12.0,0.0
2025-12-03:burnley:crystal palace,crystal palace,DEF,0,Crystal Palace,2025-12-03,6,452.0,1.0,1.0,0.39,0.52,52.0,1.0
2025-12-03:burnley:crystal palace,crystal palace,FWD,0,Crystal Palace,2025-12-03,2,89.0,0.0,0.0,0.2,0.07,3.0,1.0
2025-12-03:burnley:crystal palace,crystal palace,GKP,0,Crystal Palace,2025-12-03,1,90.0,0.0,0.0,0.0,0.0,7.0,1.0
2025-12-03:burnley:crystal palace,crystal palace,MID,0,Crystal Palace,2025-12-03,6,356.0,0.0,0.0,0.0,0.78,16.0,1.0
2025-12-03:leeds:chelsea,chelsea,DEF,0,Chelsea,2025-12-03,5,360.0,0.0,0.0,0.06,0.41,6.0,0.0
2025-12-03:leeds:chelsea,chelsea,FWD,0,Chelsea,2025-12-03,3,163.0,0.0,0.0,0.39,0.35,5.0,0.0
2025-12-03:leeds:chelsea,chelsea,GKP,0,Chelsea,2025-12-03,1,90.0,0.0,0.0,0.0,0.0,1.0,0.0
2025-12-03:leeds:chelsea,chelsea,MID,0,Chelsea,2025-12-03,7,374.0,1.0,1.0,0.51,1.06,17.0,0.0
2025-12-03:leeds:chelsea,leeds,DEF,1,Leeds,2025-12-03,7,450.0,1.0,1.0,0.25,0.14,27.0,0.0
2025-12-03:leeds:chelsea,leeds,FWD,1,Leeds,2025-12-03,3,155.0,1.0,0.0,1.8399999999999999,0.02,12.0,0.0
2025-12-03:leeds:chelsea,leeds,GKP,1,Leeds,2025-12-03,1,90.0,0.0,0.0,0.0,0.0,2.0,0.0
2025-12-03:leeds:chelsea,leeds,MID,1,Leeds,2025-12-03,5,292.0,1.0,2.0,0.7,0.29,24.0,0.0
2025-12-03:liverpool:sunderland,liverpool,DEF,1,Liverpool,2025-12-03,5,333.0,0.0,0.0,0.17,0.15000000000000002,16.0,1.0
2025-12-03:liverpool:sunderland,liverpool,FWD,1,Liverpool,2025-12-03,2,101.0,0.0,0.0,0.15000000000000002,0.01,3.0,0.0
2025-12-03:liverpool:sunderland,liverpool,GKP,1,Liverpool,2025-12-03,1,90.0,0.0,0.0,0.0,0.0,3.0,0.0
2025-12-03:liverpool:sunderland,liverpool,MID,1,Liverpool,2025-12-03,8,462.0,0.0,1.0,1.1199999999999999,0.7100000000000001,20.0,0.0
2025-12-03:liverpool:sunderland,sunderland,DEF,0,Sunderland,2025-12-03,7,462.0,0.0,0.0,0.11,0.22,16.0,0.0
2025-12-03:liverpool:sunderland,sunderland,FWD,0,Sunderland,2025-12-03,2,89.0,0.0,0.0,0.18,0.01,3.0,1.0
2025-12-03:liverpool:sunderland,sunderland,GKP,0,Sunderland,2025-12-03,1,90.0,0.0,0.0,0.0,0.0,3.0,0.0
2025-12-03:liverpool:sunderland,sunderland,MID,0,Sunderland,2025-12-03,4,349.0,1.0,1.0,0.12,0.08,21.0,1.0
2025-12-03:wolves:nottm forest,nottm forest,DEF,0,Nott'm Forest,2025-12-03,4,360.0,0.0,0.0,0.09,0.17,27.0,1.0
2025-12-03:wolves:nottm forest,nottm forest,FWD,0,Nott'm Forest,2025-12-03,1,90.0,1.0,0.0,0.24,0.02,9.0,1.0
2025-12-03:wolves:nottm forest,nottm forest,GKP,0,Nott'm Forest,2025-12-03,1,90.0,0.0,0.0,0.0,0.0,6.0,1.0
2025-12-03:wolves:nottm forest,nottm forest,MID,0,Nott'm Forest,2025-12-03,8,449.0,0.0,1.0,0.41000000000000003,0.9500000000000001,20.0,1.0
2025-12-03:wolves:nottm forest,wolves,DEF,1,Wolves,2025-12-03,6,439.0,0.0,0.0,0.08,0.47,10.0,0.0
2025-12-03:wolves:nottm forest,wolves,FWD,1,Wolves,2025-12-03,3,108.0,0.0,0.0,0.03,0.02,4.0,0.0
2025-12-03:wolves:nottm forest,wolves,GKP,1,Wolves,2025-12-03,1,90.0,0.0,0.0,0.0,0.01,2.0,0.0
2025-12-03:wolves:nottm forest,wolves,MID,1,Wolves,2025-12-03,6,348.0,0.0,0.0,0.8099999999999999,0.14,10.0,1.0
2025-12-04:man utd:west ham,man utd,DEF,1,Man Utd,2025-12-04,7,358.0,1.0,0.0,0.28,0.14,22.0,1.0
2025-12-04:man utd:west ham,man utd,FWD,1,Man Utd,2025-12-04,1,77.0,0.0,0.0,0.43,0.0,2.0,1.0
2025-12-04:man utd:west ham,man utd,GKP,1,Man Utd,2025-12-04,1,90.0,0.0,0.0,0.0,0.0,2.0,0.0
2025-12-04:man utd:west ham,man utd,MID,1,Man Utd,2025-12-04,7,461.0,0.0,1.0,0.8800000000000001,0.87,21.0,1.0
2025-12-04:man utd:west ham,west ham,DEF,0,West Ham,2025-12-04,5,363.0,0.0,0.0,0.09,0.13,15.0,0.0
2025-12-04:man utd:west ham,west ham,FWD,0,West Ham,2025-12-04,2,176.0,0.0,1.0,0.25,0.03,7.0,0.0
2025-12-04:man utd:west ham,west ham,GKP,0,West Ham,2025-12-04,1,90.0,0.0,0.0,0.0,0.0,3.0,0.0
2025-12-04:man utd:west ham,west ham,MID,0,West Ham,2025-12-04,6,358.0,1.0,0.0,0.46,0.18,21.0,0.0
2025-12-06:aston villa:arsenal,arsenal,DEF,0,Arsenal,2025-12-06,5,359.0,0.0,0.0,0.55,0.29000000000000004,9.0,0.0
2025-12-06:aston villa:arsenal,arsenal,FWD,0,Arsenal,2025-12-06,1,45.0,0.0,0.0,0.0,0.03,1.0,0.0
2025-12-06:aston villa:arsenal,arsenal,GKP,0,Arsenal,2025-12-06,1,90.0,0.0,0.0,0.0,0.0,2.0,0.0
2025-12-06:aston villa:arsenal,arsenal,MID,0,Arsenal,2025-12-06,9,493.0,1.0,1.0,1.37,0.64,24.0,0.0
2025-12-06:aston villa:arsenal,aston villa,DEF,1,Aston Villa,2025-12-06,6,370.0,1.0,1.0,0.3,0.12,20.0,0.0
2025-12-06:aston villa:arsenal,aston villa,FWD,1,Aston Villa,2025-12-06,1,65.0,0.0,0.0,0.83,0.0,2.0,0.0
2025-12-06:aston villa:arsenal,aston villa,GKP,1,Aston Villa,2025-12-06,1,90.0,0.0,0.0,0.0,0.0,4.0,0.0
2025-12-06:aston villa:arsenal,aston villa,MID,1,Aston Villa,2025-12-06,8,460.0,1.0,1.0,1.1400000000000001,0.9600000000000001,26.0,0.0
2025-12-06:bournemouth:chelsea,bournemouth,DEF,1,Bournemouth,2025-12-06,6,432.0,0.0,0.0,0.1,0.08,33.0,1.0
2025-12-06:bournemouth:chelsea,bournemouth,FWD,1,Bournemouth,2025-12-06,2,89.0,0.0,0.0,0.85,0.0,3.0,1.0
2025-12-06:bournemouth:chelsea,bournemouth,GKP,1,Bournemouth,2025-12-06,1,90.0,0.0,0.0,0.0,0.0,7.0,1.0
2025-12-06:bournemouth:chelsea,bournemouth,MID,1,Bournemouth,2025-12-06,6,375.0,0.0,0.0,0.47,0.2,18.0,1.0
2025-12-06:bournemouth:chelsea,chelsea,DEF,0,Chelsea,2025-12-06,5,450.0,0.0,0.0,0.05,0.1,39.0,1.0
2025-12-06:bournemouth:chelsea,chelsea,FWD,0,Chelsea,2025-12-06,3,121.0,0.0,0.0,0.35,0.04,2.0,0.0
2025-12-06:bournemouth:chelsea,chelsea,GKP,0,Chelsea,2025-12-06,1,90.0,0.0,0.0,0.0,0.0,10.0,1.0
2025-12-06:bournemouth:chelsea,chelsea,MID,0,Chelsea,2025-12-06,5,326.0,0.0,0.0,0.52,0.6199999999999999,10.0,1.0
2025-12-06:everton:nottm forest,everton,DEF,1,Everton,2025-12-06,4,360.0,0.0,1.0,0.06,0.18000000000000002,31.0,1.0
2025-12-06:everton:nottm forest,everton,FWD,1,Everton,2025-12-06,2,89.0,1.0,0.0,0.55,0.02,6.0,1.0
2025-12-06:everton:nottm forest,everton,GKP,1,Everton,2025-12-06,1,90.0,0.0,0.0,0.0,0.0,6.0,1.0
2025-12-06:everton:nottm forest,everton,MID,1,Everton,2025-12-06,7,448.0,1.0,2.0,0.51,0.62,35.0,1.0
2025-12-06:everton:nottm forest,nottm forest,DEF,0,Nott'm Forest,2025-12-06,5,360.0,0.0,0.0,0.1,0.16,3.0,0.0
2025-12-06:everton:nottm forest,nottm forest,FWD,0,Nott'm Forest,2025-12-06,1,90.0,0.0,0.0,0.07,0.0,2.0,0.0
2025-12-06:everton:nottm forest,nottm forest,GKP,0,Nott'm Forest,2025-12-06,1,90.0,0.0,0.0,0.0,0.0,2.0,0.0
2025-12-06:everton:nottm forest,nottm forest,MID,0,Nott'm Forest,2025-12-06,8,449.0,0.0,0.0,0.36,0.06999999999999999,13.0,0.0
2025-12-06:leeds:liverpool,leeds,DEF,1,Leeds,2025-12-06,6,425.0,0.0,0.0,0.11000000000000001,0.13,3.0,0.0
2025-12-06:leeds:liverpool,leeds,FWD,1,Leeds,2025-12-06,2,93.0,1.0,0.0,0.94,0.0,7.0,0.0
2025-12-06:leeds:liverpool,leeds,GKP,1,Leeds,2025-12-06,1,90.0,0.0,0.0,0.0,0.0,2.0,0.0
2025-12-06:leeds:liverpool,leeds,MID,1,Leeds,2025-12-06,7,379.0,2.0,3.0,0.46,0.29,32.0,0.0
2025-12-06:leeds:liverpool,liverpool,DEF,0,Liverpool,2025-12-06,5,359.0,0.0,0.0,0.16,0.25,8.0,1.0
2025-12-06:leeds:liverpool,liverpool,FWD,0,Liverpool,2025-12-06,2,89.0,2.0,0.0,1.01,0.04,14.0,0.0
2025-12-06:leeds:liverpool,liverpool,GKP,0,Liverpool,2025-12-06,1,90.0,0.0,0.0,0.0,0.0,1.0,0.0
2025-12-06:leeds:liverpool,liverpool,MID,0,Liverpool,2025-12-06,7,448.0,1.0,1.0,0.74,0.5,22.0,1.0
2025-12-06:man city:sunderland,man city,DEF,1,Man City,2025-12-06,6,367.0,2.0,0.0,0.34,0.18000000000000002,40.0,1.0
2025-12-06:man city:sunderland,man city,FWD,1,Man City,2025-12-06,1,68.0,0.0,0.0,0.43,0.01,2.0,1.0
2025-12-06:man city:sunderland,man city,GKP,1,Man City,2025-12-06,1,90.0,0.0,0.0,0.0,0.0,6.0,1.0
2025-12-06:man city:sunderland,man city,MID,1,Man City,2025-12-06,8,460.0,1.0,3.0,1.6500000000000001,1.59,36.0,1.0
2025-12-06:man city:sunderland,sunderland,DEF,0,Sunderland,2025-12-06,6,450.0,0.0,0.0,0.02,0.21,3.0,0.0
2025-12-06:man city:sunderland,sunderland,FWD,0,Sunderland,2025-12-06,2,89.0,0.0,0.0,0.45,0.02,2.0,0.0
2025-12-06:man city:sunderland,sunderland,GKP,0,Sunderland,2025-12-06,1,90.0,0.0,0.0,0.0,0.0,1.0,0.0
2025-12-06:man city:sunderland,sunderland,MID,0,Sunderland,2025-12-06,7,357.0,0.0,0.0,0.25,0.07,10.0,0.0
2025-12-06:newcastle:burnley,burnley,DEF,0,Burnley,2025-12-06,5,357.0,0.0,0.0,0.03,0.08,2.0,0.0
2025-12-06:newcastle:burnley,burnley,FWD,0,Burnley,2025-12-06,3,134.0,1.0,0.0,1.48,0.04,8.0,0.0
2025-12-06:newcastle:burnley,burnley,GKP,0,Burnley,2025-12-06,1,90.0,0.0,0.0,0.0,0.0,3.0,0.0
2025-12-06:newcastle:burnley,burnley,MID,0,Burnley,2025-12-06,7,359.0,0.0,0.0,0.11,0.59,10.0,0.0
2025-12-06:newcastle:burnley,newcastle,DEF,1,Newcastle,2025-12-06,5,359.0,0.0,0.0,0.22,0.13,13.0,1.0
2025-12-06:newcastle:burnley,newcastle,FWD,1,Newcastle,2025-12-06,2,89.0,0.0,0.0,0.21,0.06,3.0,1.0
2025-12-06:newcastle:burnley,newcastle,GKP,1,Newcastle,2025-12-06,1,90.0,0.0,0.0,0.0,0.0,2.0,0.0
2025-12-06:newcastle:burnley,newcastle,MID,1,Newcastle,2025-12-06,8,449.0,2.0,0.0,1.3399999999999999,1.13,29.0,1.0
2025-12-06:spurs:brentford,brentford,DEF,0,Brentford,2025-12-06,7,361.0,0.0,0.0,0.01,0.08,6.0,0.0
2025-12-06:spurs:brentford,brentford,FWD,0,Brentford,2025-12-06,1,90.0,0.0,0.0,0.27,0.02,2.0,0.0
2025-12-06:spurs:brentford,brentford,GKP,0,Brentford,2025-12-06,1,90.0,0.0,0.0,0.0,0.0,2.0,0.0
2025-12-06:spurs:brentford,brentford,MID,0,Brentford,2025-12-06,7,445.0,0.0,0.0,0.0,0.47000000000000003,14.0,0.0
2025-12-06:spurs:brentford,spurs,DEF,1,Spurs,2025-12-06,5,359.0,0.0,0.0,0.38999999999999996,0.31,24.0,1.0
2025-12-06:spurs:brentford,spurs,FWD,1,Spurs,2025-12-06,2,163.0,1.0,0.0,1.1,0.07,10.0,1.0
2025-12-06:spurs:brentford,spurs,GKP,1,Spurs,2025-12-06,1,90.0,0.0,0.0,0.0,0.0,6.0,1.0
2025-12-06:spurs:brentford,spurs,MID,1,Spurs,2025-12-06,7,374.0,1.0,1.0,0.6799999999999999,0.87,27.0,1.0
2025-12-07:brighton:west ham,brighton,DEF,1,Brighton,2025-12-07,5,340.0,0.0,1.0,0.08,0.8,16.0,1.0
2025-12-07:brighton:west ham,brighton,FWD,1,Brighton,2025-12-07,2,108.0,0.0,0.0,0.32,0.02,3.0,0.0
2025-12-07:brighton:west ham,brighton,GKP,1,Brighton,2025-12-07,1,90.0,0.0,0.0,0.0,0.0,3.0,0.0
2025-12-07:brighton:west ham,brighton,MID,1,Brighton,2025-12-07,7,448.0,1.0,0.0,1.47,0.5,18.0,1.0
2025-12-07:brighton:west ham,west ham,DEF,0,West Ham,2025-12-07,6,449.0,0.0,0.0,0.33,0.28,21.0,1.0
2025-12-07:brighton:west ham,west ham,FWD,0,West Ham,2025-12-07,2,108.0,1.0,1.0,0.38,0.03,13.0,0.0
2025-12-07:brighton:west ham,west ham,GKP,0,West Ham,2025-12-07,1,90.0,0.0,0.0,0.0,0.0,3.0,0.0
2025-12-07:brighton:west ham,west ham,MID,0,West Ham,2025-12-07,7,338.0,0.0,0.0,0.45,0.27,15.0,1.0
2025-12-07:fulham:crystal palace,crystal palace,DEF,0,Crystal Palace,2025-12-07,6,449.0,1.0,0.0,0.42000000000000004,0.14,19.0,0.0
2025-12-07:fulham:crystal palace,crystal palace,FWD,0,Crystal Palace,2025-12-07,3,153.0,1.0,0.0,0.9199999999999999,0.03,12.0,0.0
2025-12-07:fulham:crystal palace,crystal palace,GKP,0,Crystal Palace,2025-12-07,1,90.0,0.0,0.0,0.0,0.01,3.0,0.0
2025-12-07:fulham:crystal palace,crystal palace,MID,0,Crystal Palace,2025-12-07,5,296.0,0.0,2.0,0.31,0.67,18.0,0.0
2025-12-07:fulham:crystal palace,fulham,DEF,1,Fulham,2025-12-07,4,360.0,0.0,0.0,0.06999999999999999,0.31,8.0,0.0
2025-12-07:fulham:crystal palace,fulham,FWD,1,Fulham,2025-12-07,1,90.0,0.0,1.0,0.13,0.05,5.0,0.0
2025-12-07:fulham:crystal palace,fulham,GKP,1,Fulham,2025-12-07,1,90.0,0.0,0.0,0.0,0.0,2.0,0.0
2025-12-07:fulham:crystal palace,fulham,MID,1,Fulham,2025-12-07,10,446.0,1.0,0.0,0.56,0.52,21.0,0.0
2025-12-08:wolves:man utd,man utd,DEF,0,Man Utd,2025-12-08,7,357.0,0.0,1.0,0.19,0.33,14.0,0.0
2025-12-08:wolves:man utd,man utd,FWD,0,Man Utd,2025-12-08,1,6.0,0.0,0.0,0.0,0.01,0.0,0.0
2025-12-08:wolves:man utd,man utd,GKP,0,Man Utd,2025-12-08,1,90.0,0.0,0.0,0.0,0.0,2.0,0.0
2025-12-08:wolves:man utd,man utd,MID,0,Man Utd,2025-12-08,7,532.0,4.0,3.0,3.9699999999999998,1.63,47.0,0.0
2025-12-08:wolves:man utd,wolves,DEF,1,Wolves,2025-12-08,8,538.0,0.0,1.0,0.07,0.39,8.0,0.0
2025-12-08:wolves:man utd,wolves,FWD,1,Wolves,2025-12-08,3,109.0,0.0,0.0,0.0,0.02,3.0,0.0
2025-12-08:wolves:man utd,wolves,GKP,1,Wolves,2025-12-08,1,90.0,0.0,0.0,0.0,0.0,1.0,0.0
2025-12-08:wolves:man utd,wolves,MID,1,Wolves,2025-12-08,4,248.0,1.0,0.0,0.33,0.13,11.0,0.0
2025-12-13:arsenal:wolves,arsenal,DEF,1,Arsenal,2025-12-13,5,359.0,0.0,0.0,0.24,0.1,10.0,0.0
2025-12-13:arsenal:wolves,arsenal,FWD,1,Arsenal,2025-12-13,2,89.0,0.0,0.0,0.16,0.0,3.0,1.0
2025-12-13:arsenal:wolves,arsenal,GKP,1,Arsenal,2025-12-13,1,90.0,0.0,0.0,0.0,0.0,2.0,0.0
2025-12-13:arsenal:wolves,arsenal,MID,1,Arsenal,2025-12-13,8,447.0,0.0,2.0,0.71,0.87,19.0,0.0
2025-12-13:arsenal:wolves,wolves,DEF,0,Wolves,2025-12-13,7,523.0,0.0,0.0,0.0,0.04,12.0,1.0
2025-12-13:arsenal:wolves,wolves,FWD,0,Wolves,2025-12-13,3,93.0,1.0,1.0,0.23,0.14,13.0,1.0
2025-12-13:arsenal:wolves,wolves,GKP,0,Wolves,2025-12-13,1,90.0,0.0,0.0,0.0,0.0,-1.0,0.0
2025-12-13:arsenal:wolves,wolves,MID,0,Wolves,2025-12-13,5,279.0,0.0,0.0,0.14,0.19,12.0,0.0
2025-12-13:burnley:fulham,burnley,DEF,1,Burnley,2025-12-13,5,359.0,1.0,1.0,0.61,0.14,14.0,0.0
2025-12-13:burnley:fulham,burnley,FWD,1,Burnley,2025-12-13,3,179.0,0.0,0.0,0.57,0.03,5.0,0.0
2025-12-13:burnley:fulham,burnley,GKP,1,Burnley,2025-12-13,1,90.0,0.0,0.0,0.0,0.0,1.0,0.0
2025-12-13:burnley:fulham,burnley,MID,1,Burnley,2025-12-13,7,357.0,1.0,1.0,1.29,0.6200000000000001,20.0,0.0
2025-12-13:burnley:fulham,fulham,DEF,0,Fulham,2025-12-13,5,361.0,1.0,0.0,0.9299999999999999,0.05,17.0,0.0
2025-12-13:burnley:fulham,fulham,FWD,0,Fulham,2025-12-13,1,78.0,0.0,0.0,0.0,0.01,2.0,0.0
2025-12-13:burnley:fulham,fulham,GKP,0,Fulham,2025-12-13,1,90.0,0.0,0.0,0.0,0.0,3.0,0.0
2025-12-13:burnley:fulham,fulham,MID,0,Fulham,2025-12-13,8,457.0,2.0,3.0,1.2999999999999998,1.4000000000000001,36.0,0.0
2025-12-13:chelsea:everton,chelsea,DEF,1,Chelsea,2025-12-13,5,450.0,1.0,1.0,0.47000000000000003,0.21000000000000002,48.0,1.0
2025-12-13:chelsea:everton,chelsea,FWD,1,Chelsea,2025-12-13,1,80.0,0.0,0.0,0.06,0.02,2.0,1.0
2025-12-13:chelsea:everton,chelsea,GKP,1,Chelsea,2025-12-13,1,90.0,0.0,0.0,0.0,0.0,6.0,1.0
2025-12-13:chelsea:everton,chelsea,MID,1,Chelsea,2025-12-13,7,367.0,1.0,1.0,1.66,0.8900000000000001,21.0,1.0
2025-12-13:chelsea:everton,everton,DEF,0,Everton,2025-12-13,4,360.0,0.0,0.0,0.09,0.18,4.0,0.0
2025-12-13:chelsea:everton,everton,FWD,0,Everton,2025-12-13,2,89.0,0.0,0.0,0.0,0.0,3.0,0.0
2025-12-13:chelsea:everton,everton,GKP,0,Everton,2025-12-13,1,90.0,0.0,0.0,0.0,0.0,2.0,0.0
2025-12-13:chelsea:everton,everton,MID,0,Everton,2025-12-13,8,447.0,0.0,0.0,0.95,0.33999999999999997,17.0,0.0
2025-12-13:liverpool:brighton,brighton,DEF,0,Brighton,2025-12-13,3,270.0,0.0,0.0,0.08,0.18,2.0,0.0
2025-12-13:liverpool:brighton,brighton,FWD,0,Brighton,2025-12-13,2,16.0,0.0,0.0,0.05,0.01,2.0,0.0
2025-12-13:liverpool:brighton,brighton,GKP,0,Brighton,2025-12-13,1,90.0,0.0,0.0,0.0,0.0,1.0,0.0
2025-12-13:liverpool:brighton,brighton,MID,0,Brighton,2025-12-13,10,609.0,0.0,0.0,1.78,0.9400000000000001,16.0,0.0
2025-12-13:liverpool:brighton,liverpool,DEF,1,Liverpool,2025-12-13,5,307.0,0.0,1.0,0.0,0.12,27.0,1.0
2025-12-13:liverpool:brighton,liverpool,FWD,1,Liverpool,2025-12-13,2,89.0,2.0,0.0,0.8,0.03,14.0,1.0
2025-12-13:liverpool:brighton,liverpool,GKP,1,Liverpool,2025-12-13,1,90.0,0.0,0.0,0.0,0.01,7.0,1.0
2025-12-13:liverpool:brighton,liverpool,MID,1,Liverpool,2025-12-13,7,500.0,0.0,1.0,1.08,1.08,27.0,1.0
2025-12-14:brentford:leeds,brentford,DEF,1,Brentford,2025-12-14,7,428.0,0.0,1.0,0.26,0.08,30.0,1.0
2025-12-14:brentford:leeds,brentford,FWD,1,Brentford,2025-12-14,1,90.0,0.0,0.0,0.0,0.01,2.0,0.0
2025-12-14:brentford:leeds,brentford,GKP,1,Brentford,2025-12-14,1,90.0,0.0,0.0,0.0,0.0,3.0,0.0
2025-12-14:brentford:leeds,brentford,MID,1,Brentford,2025-12-14,6,378.0,1.0,0.0,0.46,0.13,19.0,1.0
2025-12-14:brentford:leeds,leeds,DEF,0,Leeds,2025-12-14,6,431.0,0.0,0.0,0.06,0.4,13.0,0.0
2025-12-14:brentford:leeds,leeds,FWD,0,Leeds,2025-12-14,1,90.0,1.0,0.0,0.5,0.06,9.0,0.0
2025-12-14:brentford:leeds,leeds,GKP,0,Leeds,2025-12-14,1,90.0,0.0,0.0,0.0,0.0,2.0,0.0
2025-12-14:brentford:leeds,leeds,MID,0,Leeds,2025-12-14,7,377.0,0.0,1.0,0.9500000000000001,0.8200000000000001,14.0,0.0
2025-12-14:crystal palace:man city,crystal palace,DEF,1,Crystal Palace,2025-12-14,5,436.0,0.0,0.0,0.32,0.12,5.0,0.0
2025-12-14:crystal palace:man city,crystal palace,FWD,1,Crystal Palace,2025-12-14,3,102.0,0.0,0.0,0.23,0.11,4.0,0.0
2025-12-14:crystal palace:man city,crystal palace,GKP,1,Crystal Palace,2025-12-14,1,90.0,0.0,0.0,0.0,0.0,1.0,0.0
2025-12-14:crystal palace:man city,crystal palace,MID,1,Crystal Palace,2025-12-14,5,359.0,0.0,0.0,1.34,0.6900000000000001,10.0,0.0
2025-12-14:crystal palace:man city,man city,DEF,0,Man City,2025-12-14,6,362.0,0.0,1.0,0.06,0.16,35.0,1.0
2025-12-14:crystal palace:man city,man city,FWD,0,Man City,2025-12-14,1,90.0,2.0,0.0,0.96,0.0,13.0,1.0
2025-12-14:crystal palace:man city,man city,GKP,0,Man City,2025-12-14,1,90.0,0.0,0.0,0.0,0.0,7.0,1.0
2025-12-14:crystal palace:man city,man city,MID,0,Man City,2025-12-14,7,450.0,1.0,2.0,0.17,0.19,33.0,1.0
2025-12-14:nottm forest:spurs,nottm forest,DEF,1,Nott'm Forest,2025-12-14,4,360.0,0.0,0.0,0.16,0.31,26.0,1.0
2025-12-14:nottm forest:spurs,nottm forest,FWD,1,Nott'm Forest,2025-12-14,1,84.0,0.0,0.0,0.21,0.35,2.0,1.0
2025-12-14:nottm forest:spurs,nottm forest,GKP,1,Nott'm Forest,2025-12-14,1,90.0,0.0,0.0,0.0,0.0,6.0,1.0
2025-12-14:nottm forest:spurs,nottm forest,MID,1,Nott'm Forest,2025-12-14,7,456.0,3.0,3.0,1.97,0.97,50.0,1.0
2025-12-14:nottm forest:spurs,spurs,DEF,0,Spurs,2025-12-14,5,359.0,0.0,0.0,0.14,0.06,3.0,0.0
2025-12-14:nottm forest:spurs,spurs,FWD,0,Spurs,2025-12-14,2,169.0,0.0,0.0,0.09,0.13,4.0,0.0
2025-12-14:nottm forest:spurs,spurs,GKP,0,Spurs,2025-12-14,1,90.0,0.0,0.0,0.0,0.0,2.0,0.0
2025-12-14:nottm forest:spurs,spurs,MID,0,Spurs,2025-12-14,8,367.0,0.0,0.0,0.1,0.41000000000000003,10.0,0.0
2025-12-14:sunderland:newcastle,newcastle,DEF,0,Newcastle,2025-12-14,5,359.0,0.0,0.0,0.02,0.38,11.0,0.0
2025-12-14:sunderland:newcastle,newcastle,FWD,0,Newcastle,2025-12-14,2,89.0,0.0,0.0,0.02,0.0,1.0,0.0
2025-12-14:sunderland:newcastle,newcastle,GKP,0,Newcastle,2025-12-14,1,90.0,0.0,0.0,0.0,0.0,2.0,0.0
2025-12-14:sunderland:newcastle,newcastle,MID,0,Newcastle,2025-12-14,8,447.0,0.0,0.0,0.2,0.16,7.0,0.0
2025-12-14:sunderland:newcastle,sunderland,DEF,1,Sunderland,2025-12-14,5,380.0,0.0,1.0,0.16,0.07,34.0,1.0
2025-12-14:sunderland:newcastle,sunderland,FWD,1,Sunderland,2025-12-14,2,89.0,0.0,0.0,0.03,0.0,1.0,1.0
2025-12-14:sunderland:newcastle,sunderland,GKP,1,Sunderland,2025-12-14,1,90.0,0.0,0.0,0.0,0.0,9.0,1.0
2025-12-14:sunderland:newcastle,sunderland,MID,1,Sunderland,2025-12-14,6,428.0,0.0,0.0,0.11,0.34,15.0,1.0
2025-12-14:west ham:aston villa,aston villa,DEF,0,Aston Villa,2025-12-14,5,359.0,0.0,1.0,0.01,0.07,7.0,0.0
2025-12-14:west ham:aston villa,aston villa,FWD,0,Aston Villa,2025-12-14,1,74.0,0.0,1.0,0.0,0.01,5.0,0.0
2025-12-14:west ham:aston villa,aston villa,GKP,0,Aston Villa,2025-12-14,1,90.0,0.0,0.0,0.0,0.0,1.0,0.0
2025-12-14:west ham:aston villa,aston villa,MID,0,Aston Villa,2025-12-14,7,464.0,2.0,1.0,0.65,0.5900000000000001,28.0,0.0
2025-12-14:west ham:aston villa,west ham,DEF,1,West Ham,2025-12-14,4,360.0,0.0,0.0,0.05,0.04,3.0,0.0
2025-12-14:west ham:aston villa,west ham,FWD,1,West Ham,2025-12-14,2,99.0,1.0,0.0,0.65,0.0,9.0,0.0
2025-12-14:west ham:aston villa,west ham,GKP,1,West Ham,2025-12-14,1,90.0,0.0,0.0,0.0,0.0,1.0,0.0
2025-12-14:west ham:aston villa,west ham,MID,1,West Ham,2025-12-14,8,437.0,1.0,1.0,0.32,0.19,25.0,0.0
2025-12-15:man utd:bournemouth,bournemouth,DEF,0,Bournemouth,2025-12-15,6,451.0,0.0,2.0,0.02,0.32,7.0,0.0
2025-12-15:man utd:bournemouth,bournemouth,FWD,0,Bournemouth,2025-12-15,2,89.0,2.0,0.0,0.51,0.05,11.0,0.0
2025-12-15:man utd:bournemouth,bournemouth,GKP,0,Bournemouth,2025-12-15,1,90.0,0.0,0.0,0.0,0.0,1.0,0.0
2025-12-15:man utd:bournemouth,bournemouth,MID,0,Bournemouth,2025-12-15,6,360.0,2.0,1.0,1.4,0.23,24.0,0.0
2025-12-15:man utd:bournemouth,man utd,DEF,1,Man Utd,2025-12-15,6,360.0,0.0,1.0,0.0,0.15,7.0,0.0
2025-12-15:man utd:bournemouth,man utd,FWD,1,Man Utd,2025-12-15,2,22.0,0.0,1.0,0.0,0.0,5.0,0.0
2025-12-15:man utd:bournemouth,man utd,GKP,1,Man Utd,2025-12-15,1,90.0,0.0,0.0,0.0,0.0,1.0,0.0
2025-12-15:man utd:bournemouth,man utd,MID,1,Man Utd,2025-12-15,7,517.0,4.0,1.0,3.3,1.43,39.0,0.0
2025-12-20:bournemouth:burnley,bournemouth,DEF,1,Bournemouth,2025-12-20,4,360.0,0.0,0.0,0.34,0.7100000000000001,13.0,0.0
2025-12-20:bournemouth:burnley,bournemouth,FWD,1,Bournemouth,2025-12-20,3,115.0,0.0,0.0,0.05,0.060000000000000005,4.0,1.0
2025-12-20:bournemouth:burnley,bournemouth,GKP,1,Bournemouth,2025-12-20,1,90.0,0.0,0.0,0.0,0.0,2.0,0.0
2025-12-20:bournemouth:burnley,bournemouth,MID,1,Bournemouth,2025-12-20,8,424.0,1.0,0.0,1.02,0.7,24.0,1.0
2025-12-20:bournemouth:burnley,burnley,DEF,0,Burnley,2025-12-20,5,359.0,0.0,0.0,0.04,0.05,11.0,0.0
2025-12-20:bournemouth:burnley,burnley,FWD,0,Burnley,2025-12-20,2,89.0,1.0,0.0,0.3,0.05,8.0,1.0
2025-12-20:bournemouth:burnley,burnley,GKP,0,Burnley,2025-12-20,1,90.0,0.0,0.0,0.0,0.0,2.0,0.0
2025-12-20:bournemouth:burnley,burnley,MID,0,Burnley,2025-12-20,8,447.0,0.0,1.0,0.04,0.3,19.0,1.0
2025-12-20:brighton:sunderland,brighton,DEF,1,Brighton,2025-12-20,5,378.0,0.0,0.0,0.1,0.52,28.0,1.0
2025-12-20:brighton:sunderland,brighton,FWD,1,Brighton,2025-12-20,1,19.0,0.0,0.0,0.05,0.14,1.0,0.0
2025-12-20:brighton:sunderland,brighton,GKP,1,Brighton,2025-12-20,1,90.0,0.0,0.0,0.0,0.0,11.0,1.0
2025-12-20:brighton:sunderland,brighton,MID,1,Brighton,2025-12-20,9,499.0,0.0,0.0,0.98,0.4,18.0,1.0
2025-12-20:brighton:sunderland,sunderland,DEF,0,Sunderland,2025-12-20,5,450.0,0.0,0.0,0.45,0.34,37.0,1.0
2025-12-20:brighton:sunderland,sunderland,FWD,0,Sunderland,2025-12-20,2,89.0,0.0,0.0,0.41,0.02,3.0,1.0
2025-12-20:brighton:sunderland,sunderland,GKP,0,Sunderland,2025-12-20,1,90.0,0.0,0.0,0.0,0.0,7.0,1.0
2025-12-20:brighton:sunderland,sunderland,MID,0,Sunderland,2025-12-20,6,358.0,0.0,0.0,0.54,0.8,13.0,1.0
2025-12-20:everton:arsenal,arsenal,DEF,0,Arsenal,2025-12-20,4,360.0,0.0,0.0,0.46,0.14,28.0,1.0
2025-12-20:everton:arsenal,arsenal,FWD,0,Arsenal,2025-12-20,2,89.0,1.0,0.0,0.93,0.16999999999999998,6.0,1.0
2025-12-20:everton:arsenal,arsenal,GKP,0,Arsenal,2025-12-20,1,90.0,0.0,0.0,0.0,0.0,7.0,1.0
2025-12-20:everton:arsenal,arsenal,MID,0,Arsenal,2025-12-20,7,448.0,0.0,1.0,0.74,0.48,24.0,1.0
2025-12-20:everton:arsenal,everton,DEF,1,Everton,2025-12-20,4,360.0,0.0,0.0,0.0,0.07,10.0,0.0
2025-12-20:everton:arsenal,everton,FWD,1,Everton,2025-12-20,2,89.0,0.0,0.0,0.01,0.0,3.0,0.0
2025-12-20:everton:arsenal,everton,GKP,1,Everton,2025-12-20,1,90.0,0.0,0.0,0.0,0.0,2.0,0.0
2025-12-20:everton:arsenal,everton,MID,1,Everton,2025-12-20,7,448.0,0.0,0.0,0.19999999999999998,0.07,16.0,0.0
2025-12-20:leeds:crystal palace,crystal palace,DEF,0,Crystal Palace,2025-12-20,6,449.0,0.0,0.0,0.0,0.14,6.0,0.0
2025-12-20:leeds:crystal palace,crystal palace,FWD,0,Crystal Palace,2025-12-20,3,165.0,0.0,1.0,0.22,0.04,8.0,0.0
2025-12-20:leeds:crystal palace,crystal palace,GKP,0,Crystal Palace,2025-12-20,1,90.0,0.0,0.0,0.0,0.01,0.0,0.0
2025-12-20:leeds:crystal palace,crystal palace,MID,0,Crystal Palace,2025-12-20,6,282.0,1.0,0.0,1.3499999999999999,0.6599999999999999,14.0,0.0
2025-12-20:leeds:crystal palace,leeds,DEF,1,Leeds,2025-12-20,6,449.0,0.0,1.0,1.15,0.62,20.0,1.0
2025-12-20:leeds:crystal palace,leeds,FWD,1,Leeds,2025-12-20,2,89.0,2.0,0.0,1.29,0.08,14.0,1.0
2025-12-20:leeds:crystal palace,leeds,GKP,1,Leeds,2025-12-20,1,90.0,0.0,0.0,0.0,0.0,1.0,0.0
2025-12-20:leeds:crystal palace,leeds,MID,1,Leeds,2025-12-20,7,357.0,2.0,2.0,0.3,0.6900000000000001,35.0,1.0
2025-12-20:man city:west ham,man city,DEF,1,Man City,2025-12-20,6,406.0,0.0,0.0,0.45,0.48000000000000004,28.0,1.0
2025-12-20:man city:west ham,man city,FWD,1,Man City,2025-12-20,1,90.0,2.0,1.0,1.02,0.07,16.0,1.0
2025-12-20:man city:west ham,man city,GKP,1,Man City,2025-12-20,1,90.0,0.0,0.0,0.0,0.0,7.0,1.0
2025-12-20:man city:west ham,man city,MID,1,Man City,2025-12-20,7,400.0,1.0,0.0,0.63,1.33,22.0,1.0
2025-12-20:man city:west ham,west ham,DEF,0,West Ham,2025-12-20,6,370.0,0.0,0.0,0.0,0.36,8.0,0.0
2025-12-20:man city:west ham,west ham,FWD,0,West Ham,2025-12-20,2,101.0,0.0,0.0,0.5900000000000001,0.01,2.0,0.0
2025-12-20:man city:west ham,west ham,GKP,0,West Ham,2025-12-20,1,90.0,0.0,0.0,0.0,0.0,2.0,0.0
2025-12-20:man city:west ham,west ham,MID,0,West Ham,2025-12-20,7,424.0,0.0,0.0,0.41000000000000003,0.16,12.0,0.0
2025-12-20:newcastle:chelsea,chelsea,DEF,0,Chelsea,2025-12-20,5,413.0,1.0,0.0,0.15,0.11,11.0,0.0
2025-12-20:newcastle:chelsea,chelsea,FWD,0,Chelsea,2025-12-20,1,90.0,1.0,0.0,0.54,0.04,6.0,0.0
2025-12-20:newcastle:chelsea,chelsea,GKP,0,Chelsea,2025-12-20,1,90.0,0.0,1.0,0.0,0.0,4.0,0.0
2025-12-20:newcastle:chelsea,chelsea,MID,0,Chelsea,2025-12-20,6,396.0,0.0,1.0,0.53,0.31000000000000005,12.0,0.0
2025-12-20:newcastle:chelsea,newcastle,DEF,1,Newcastle,2025-12-20,3,270.0,0.0,0.0,0.1,0.05,3.0,0.0
2025-12-20:newcastle:chelsea,newcastle,FWD,1,Newcastle,2025-12-20,2,89.0,2.0,0.0,1.15,0.28,13.0,0.0
2025-12-20:newcastle:chelsea,newcastle,GKP,1,Newcastle,2025-12-20,1,90.0,0.0,0.0,0.0,0.0,1.0,0.0
2025-12-20:newcastle:chelsea,newcastle,MID,1,Newcastle,2025-12-20,9,537.0,0.0,2.0,1.24,1.07,27.0,0.0
2025-12-20:spurs:liverpool,liverpool,DEF,0,Liverpool,2025-12-20,6,346.0,0.0,1.0,0.12,0.11,11.0,0.0
2025-12-20:spurs:liverpool,liverpool,FWD,0,Liverpool,2025-12-20,2,104.0,2.0,0.0,0.34,0.03,15.0,0.0
2025-12-20:spurs:liverpool,liverpool,GKP,0,Liverpool,2025-12-20,1,90.0,0.0,0.0,0.0,0.0,3.0,0.0
2025-12-20:spurs:liverpool,liverpool,MID,0,Liverpool,2025-12-20,7,452.0,0.0,1.0,0.21,0.75,16.0,0.0
2025-12-20:spurs:liverpool,spurs,DEF,1,Spurs,2025-12-20,4,360.0,0.0,0.0,0.09000000000000001,0.25,2.0,0.0
2025-12-20:spurs:liverpool,spurs,FWD,1,Spurs,2025-12-20,2,89.0,1.0,0.0,0.76,0.02,6.0,0.0
2025-12-20:spurs:liverpool,spurs,GKP,1,Spurs,2025-12-20,1,90.0,0.0,0.0,0.0,0.0,1.0,0.0
2025-12-20:spurs:liverpool,spurs,MID,1,Spurs,2025-12-20,8,389.0,0.0,1.0,0.21,0.12,12.0,0.0
2025-12-20:wolves:brentford,brentford,DEF,0,Brentford,2025-12-20,5,450.0,2.0,0.0,0.48,0.52,46.0,1.0
2025-12-20:wolves:brentford,brentford,FWD,0,Brentford,2025-12-20,1,90.0,0.0,0.0,0.0,0.01,2.0,1.0
2025-12-20:wolves:brentford,brentford,GKP,0,Brentford,2025-12-20,1,90.0,0.0,0.0,0.0,0.0,13.0,1.0
2025-12-20:wolves:brentford,brentford,MID,0,Brentford,2025-12-20,5,359.0,0.0,2.0,0.8,1.17,24.0,1.0
2025-12-20:wolves:brentford,wolves,DEF,1,Wolves,2025-12-20,6,440.0,0.0,0.0,0.1,0.14,11.0,0.0
2025-12-20:wolves:brentford,wolves,FWD,1,Wolves,2025-12-20,3,124.0,0.0,0.0,0.8899999999999999,0.12,2.0,0.0
2025-12-20:wolves:brentford,wolves,GKP,1,Wolves,2025-12-20,1,90.0,0.0,0.0,0.0,0.0,2.0,0.0
2025-12-20:wolves:brentford,wolves,MID,1,Wolves,2025-12-20,5,334.0,0.0,0.0,0.28,0.07,7.0,0.0
2025-12-21:aston villa:man utd,aston villa,DEF,1,Aston Villa,2025-12-21,6,361.0,0.0,0.0,0.1,0.02,9.0,0.0
2025-12-21:aston villa:man utd,aston villa,FWD,1,Aston Villa,2025-12-21,1,74.0,0.0,1.0,0.15,0.02,5.0,0.0
2025-12-21:aston villa:man utd,aston villa,GKP,1,Aston Villa,2025-12-21,1,90.0,0.0,0.0,0.0,0.0,3.0,0.0
2025-12-21:aston villa:man utd,aston villa,MID,1,Aston Villa,2025-12-21,8,460.0,2.0,1.0,1.32,0.17,31.0,0.0
2025-12-21:aston villa:man utd,man utd,DEF,0,Man Utd,2025-12-21,6,488.0,0.0,1.0,0.11,0.44,13.0,0.0
2025-12-21:aston villa:man utd,man utd,FWD,0,Man Utd,2025-12-21,2,89.0,0.0,0.0,0.32,0.02,3.0,0.0
2025-12-21:aston villa:man utd,man utd,GKP,0,Man Utd,2025-12-21,1,90.0,0.0,0.0,0.0,0.0,1.0,0.0
2025-12-21:aston villa:man utd,man utd,MID,0,Man Utd,2025-12-21,6,320.0,1.0,0.0,0.91,0.62,15.0,0.0
2025-12-22:fulham:nottm forest,fulham,DEF,1,Fulham,2025-12-22,5,365.0,0.0,0.0,0.0,0.37,32.0,1.0
2025-12-22:fulham:nottm forest,fulham,FWD,1,Fulham,2025-12-22,2,89.0,1.0,0.0,1.29,0.08,6.0,1.0
2025-12-22:fulham:nottm forest,fulham,GKP,1,Fulham,2025-12-22,1,90.0,0.0,0.0,0.0,0.0,7.0,1.0
2025-12-22:fulham:nottm forest,fulham,MID,1,Fulham,2025-12-22,8,441.0,0.0,1.0,0.22,0.12,21.0,1.0
2025-12-22:fulham:nottm forest,nottm forest,DEF,0,Nott'm Forest,2025-12-22,5,359.0,0.0,0.0,0.060000000000000005,0.21000000000000002,7.0,0.0
2025-12-22:fulham:nottm forest,nottm forest,FWD,0,Nott'm Forest,2025-12-22,3,90.0,0.0,0.0,0.34,0.02,4.0,0.0
2025-12-22:fulham:nottm forest,nottm forest,GKP,0,Nott'm Forest,2025-12-22,1,90.0,0.0,0.0,0.0,0.0,1.0,0.0
2025-12-22:fulham:nottm forest,nottm forest,MID,0,Nott'm Forest,2025-12-22,7,448.0,0.0,0.0,0.19,0.3,13.0,0.0
2025-12-26:man utd:newcastle,man utd,DEF,1,Man Utd,2025-12-26,8,477.0,1.0,1.0,0.66,0.23,56.0,1.0
2025-12-26:man utd:newcastle,man utd,FWD,1,Man Utd,2025-12-26,2,89.0,0.0,0.0,0.28,0.0,2.0,0.0
2025-12-26:man utd:newcastle,man utd,GKP,1,Man Utd,2025-12-26,1,90.0,0.0,0.0,0.0,0.0,9.0,1.0
2025-12-26:man utd:newcastle,man utd,MID,1,Man Utd,2025-12-26,5,330.0,0.0,0.0,0.32999999999999996,0.23,12.0,1.0
2025-12-26:man utd:newcastle,newcastle,DEF,0,Newcastle,2025-12-26,3,270.0,0.0,0.0,0.39,0.09,6.0,0.0
2025-12-26:man utd:newcastle,newcastle,FWD,0,Newcastle,2025-12-26,2,89.0,0.0,0.0,0.14,0.01,3.0,0.0
2025-12-26:man utd:newcastle,newcastle,GKP,0,Newcastle,2025-12-26,1,90.0,0.0,0.0,0.0,0.0,3.0,0.0
2025-12-26:man utd:newcastle,newcastle,MID,0,Newcastle,2025-12-26,9,537.0,0.0,0.0,0.65,0.84,14.0,0.0
2025-12-27:arsenal:brighton,arsenal,DEF,1,Arsenal,2025-12-27,4,269.0,0.0,0.0,0.02,0.02,5.0,0.0
2025-12-27:arsenal:brighton,arsenal,FWD,1,Arsenal,2025-12-27,2,89.0,0.0,0.0,0.69,0.02,3.0,0.0
2025-12-27:arsenal:brighton,arsenal,GKP,1,Arsenal,2025-12-27,1,90.0,0.0,0.0,0.0,0.0,2.0,0.0
2025-12-27:arsenal:brighton,arsenal,MID,1,Arsenal,2025-12-27,7,539.0,1.0,2.0,2.55,0.8699999999999999,29.0,0.0
2025-12-27:arsenal:brighton,brighton,DEF,0,Brighton,2025-12-27,5,401.0,0.0,0.0,0.0,0.29,5.0,0.0
2025-12-27:arsenal:brighton,brighton,FWD,0,Brighton,2025-12-27,2,18.0,0.0,0.0,0.0,0.0,2.0,0.0
2025-12-27:arsenal:brighton,brighton,GKP,0,Brighton,2025-12-27,1,90.0,0.0,0.0,0.0,0.0,1.0,0.0
2025-12-27:arsenal:brighton,brighton,MID,0,Brighton,2025-12-27,8,478.0,1.0,1.0,0.8500000000000001,0.25,20.0,0.0
2025-12-27:brentford:bournemouth,bournemouth,DEF,0,Bournemouth,2025-12-27,6,359.0,0.0,1.0,0.08,0.07,7.0,0.0
2025-12-27:brentford:bournemouth,bournemouth,FWD,0,Bournemouth,2025-12-27,2,90.0,0.0,0.0,0.26,0.02,2.0,0.0
2025-12-27:brentford:bournemouth,bournemouth,GKP,0,Bournemouth,2025-12-27,1,90.0,0.0,0.0,0.0,0.0,-1.0,0.0
2025-12-27:brentford:bournemouth,bournemouth,MID,0,Bournemouth,2025-12-27,7,449.0,1.0,0.0,2.37,0.8700000000000001,21.0,0.0
2025-12-27:brentford:bournemouth,brentford,DEF,1,Brentford,2025-12-27,6,447.0,0.0,0.0,0.22999999999999998,0.05,16.0,0.0
2025-12-27:brentford:bournemouth,brentford,FWD,1,Brentford,2025-12-27,1,90.0,0.0,1.0,0.19,0.24,5.0,0.0
2025-12-27:brentford:bournemouth,brentford,GKP,1,Brentford,2025-12-27,1,90.0,0.0,0.0,0.0,0.0,4.0,0.0
2025-12-27:brentford:bournemouth,brentford,MID,1,Brentford,2025-12-27,7,359.0,3.0,2.0,3.24,1.16,36.0,0.0
2025-12-27:burnley:everton,burnley,DEF,1,Burnley,2025-12-27,4,360.0,0.0,0.0,0.18,0.2,29.0,1.0
2025-12-27:burnley:everton,burnley,FWD,1,Burnley,2025-12-27,2,89.0,0.0,0.0,0.43,0.01,3.0,1.0
2025-12-27:burnley:everton,burnley,GKP,1,Burnley,2025-12-27,1,90.0,0.0,0.0,0.0,0.0,11.0,1.0
2025-12-27:burnley:everton,burnley,MID,1,Burnley,2025-12-27,8,447.0,0.0,0.0,0.7999999999999999,0.52,18.0,1.0
2025-12-27:burnley:everton,everton,DEF,0,Everton,2025-12-27,5,362.0,0.0,0.0,0.05,0.14,31.0,1.0
2025-12-27:burnley:everton,everton,FWD,0,Everton,2025-12-27,2,89.0,0.0,0.0,0.34,0.01,3.0,1.0
2025-12-27:burnley:everton,everton,GKP,0,Everton,2025-12-27,1,90.0,0.0,0.0,0.0,0.01,6.0,1.0
2025-12-27:burnley:everton,everton,MID,0,Everton,2025-12-27,6,446.0,0.0,0.0,0.45,0.66,20.0,1.0
2025-12-27:chelsea:aston villa,aston villa,DEF,0,Aston Villa,2025-12-27,6,366.0,0.0,0.0,0.22,0.01,11.0,0.0
2025-12-27:chelsea:aston villa,aston villa,FWD,0,Aston Villa,2025-12-27,1,32.0,2.0,0.0,0.68,0.01,12.0,0.0
2025-12-27:chelsea:aston villa,aston villa,GKP,0,Aston Villa,2025-12-27,1,90.0,0.0,0.0,0.0,0.0,2.0,0.0
2025-12-27:chelsea:aston villa,aston villa,MID,0,Aston Villa,2025-12-27,8,498.0,0.0,1.0,0.3,0.65,16.0,0.0
2025-12-27:chelsea:aston villa,chelsea,DEF,1,Chelsea,2025-12-27,5,359.0,0.0,1.0,0.12,0.38,10.0,0.0
2025-12-27:chelsea:aston villa,chelsea,FWD,1,Chelsea,2025-12-27,2,89.0,1.0,0.0,1.44,0.02,8.0,0.0
2025-12-27:chelsea:aston villa,chelsea,GKP,1,Chelsea,2025-12-27,1,90.0,0.0,0.0,0.0,0.0,3.0,0.0
2025-12-27:chelsea:aston villa,chelsea,MID,1,Chelsea,2025-12-27,7,448.0,0.0,0.0,0.5800000000000001,0.73,12.0,0.0
2025-12-27:liverpool:wolves,liverpool,DEF,1,Liverpool,2025-12-27,5,389.0,0.0,1.0,0.03,0.33,12.0,0.0
2025-12-27:liverpool:wolves,liverpool,FWD,1,Liverpool,2025-12-27,1,85.0,0.0,1.0,0.27,0.36,5.0,0.0
2025-12-27:liverpool:wolves,liverpool,GKP,1,Liverpool,2025-12-27,1,90.0,0.0,0.0,0.0,0.0,3.0,0.0
2025-12-27:liverpool:wolves,liverpool,MID,1,Liverpool,2025-12-27,7,425.0,2.0,0.0,1.24,0.8,32.0,0.0
2025-12-27:liverpool:wolves,wolves,DEF,0,Wolves,2025-12-27,7,436.0,1.0,0.0,0.75,0.16999999999999998,15.0,0.0
2025-12-27:liverpool:wolves,wolves,FWD,0,Wolves,2025-12-27,3,208.0,0.0,1.0,0.4,0.04,8.0,0.0
2025-12-27:liverpool:wolves,wolves,GKP,0,Wolves,2025-12-27,1,90.0,0.0,0.0,0.0,0.0,1.0,0.0
2025-12-27:liverpool:wolves,wolves,MID,0,Wolves,2025-12-27,4,252.0,0.0,0.0,0.03,0.18,10.0,0.0
2025-12-27:nottm forest:man city,man city,DEF,0,Man City,2025-12-27,5,361.0,0.0,1.0,0.02,0.25,17.0,0.0
2025-12-27:nottm forest:man city,man city,FWD,0,Man City,2025-12-27,1,90.0,0.0,0.0,0.17,0.11,2.0,0.0
2025-12-27:nottm forest:man city,man city,GKP,0,Man City,2025-12-27,1,90.0,0.0,0.0,0.0,0.0,2.0,0.0
2025-12-27:nottm forest:man city,man city,MID,0,Man City,2025-12-27,6,447.0,2.0,1.0,1.26,1.15,30.0,0.0
2025-12-27:nottm forest:man city,nottm forest,DEF,1,Nott'm Forest,2025-12-27,4,360.0,0.0,0.0,0.15,0.07,8.0,0.0
2025-12-27:nottm forest:man city,nottm forest,FWD,1,Nott'm Forest,2025-12-27,2,93.0,0.0,1.0,0.1,0.3,6.0,0.0
2025-12-27:nottm forest:man city,nottm forest,GKP,1,Nott'm Forest,2025-12-27,1,90.0,0.0,0.0,0.0,0.0,2.0,0.0
2025-12-27:nottm forest:man city,nottm forest,MID,1,Nott'm Forest,2025-12-27,6,447.0,1.0,0.0,0.32,0.16999999999999998,19.0,0.0
2025-12-27:west ham:fulham,fulham,DEF,0,Fulham,2025-12-27,6,361.0,0.0,0.0,0.13,0.6200000000000001,30.0,1.0
2025-12-27:west ham:fulham,fulham,FWD,0,Fulham,2025-12-27,1,90.0,1.0,0.0,0.9,0.01,9.0,1.0
2025-12-27:west ham:fulham,fulham,GKP,0,Fulham,2025-12-27,1,90.0,0.0,0.0,0.0,0.0,6.0,1.0
2025-12-27:west ham:fulham,fulham,MID,0,Fulham,2025-12-27,7,445.0,0.0,1.0,0.6,0.8,18.0,1.0
2025-12-27:west ham:fulham,west ham,DEF,1,West Ham,2025-12-27,4,360.0,0.0,0.0,0.04,0.16,9.0,0.0
2025-12-27:west ham:fulham,west ham,FWD,1,West Ham,2025-12-27,2,124.0,0.0,0.0,0.53,0.04,3.0,0.0
2025-12-27:west ham:fulham,west ham,GKP,1,West Ham,2025-12-27,1,90.0,0.0,0.0,0.0,0.0,3.0,0.0
2025-12-27:west ham:fulham,west ham,MID,1,West Ham,2025-12-27,7,413.0,0.0,0.0,0.32999999999999996,0.48000000000000004,15.0,1.0
2025-12-28:crystal palace:spurs,crystal palace,DEF,1,Crystal Palace,2025-12-28,4,327.0,0.0,0.0,0.46,0.6300000000000001,8.0,0.0
2025-12-28:crystal palace:spurs,crystal palace,FWD,1,Crystal Palace,2025-12-28,3,135.0,0.0,0.0,0.32,0.19,4.0,0.0
2025-12-28:crystal palace:spurs,crystal palace,GKP,1,Crystal Palace,2025-12-28,1,90.0,0.0,0.0,0.0,0.0,3.0,0.0
2025-12-28:crystal palace:spurs,crystal palace,MID,1,Crystal Palace,2025-12-28,6,435.0,0.0,0.0,0.54,0.92,11.0,0.0
2025-12-28:crystal palace:spurs,spurs,DEF,0,Spurs,2025-12-28,5,365.0,0.0,0.0,0.08,0.15000000000000002,32.0,1.0
2025-12-28:crystal palace:spurs,spurs,FWD,0,Spurs,2025-12-28,2,152.0,0.0,1.0,0.33,0.36,7.0,1.0
2025-12-28:crystal palace:spurs,spurs,GKP,0,Spurs,2025-12-28,1,90.0,0.0,0.0,0.0,0.01,7.0,1.0
2025-12-28:crystal palace:spurs,spurs,MID,0,Spurs,2025-12-28,7,379.0,1.0,0.0,0.42000000000000004,0.06,24.0,1.0
2025-12-28:sunderland:leeds,leeds,DEF,0,Leeds,2025-12-28,5,390.0,0.0,0.0,0.64,0.38,9.0,0.0
2025-12-28:sunderland:leeds,leeds,FWD,0,Leeds,2025-12-28,2,101.0,1.0,0.0,0.4,0.1,9.0,0.0
2025-12-28:sunderland:leeds,leeds,GKP,0,Leeds,2025-12-28,1,90.0,0.0,0.0,0.0,0.0,2.0,0.0
2025-12-28:sunderland:leeds,leeds,MID,0,Leeds,2025-12-28,6,406.0,0.0,1.0,1.1400000000000001,1.6800000000000002,17.0,0.0
2025-12-28:sunderland:leeds,sunderland,DEF,1,Sunderland,2025-12-28,5,450.0,0.0,0.0,0.060000000000000005,0.06,13.0,0.0
2025-12-28:sunderland:leeds,sunderland,FWD,1,Sunderland,2025-12-28,3,111.0,0.0,0.0,0.53,0.01,4.0,0.0
2025-12-28:sunderland:leeds,sunderland,GKP,1,Sunderland,2025-12-28,1,90.0,0.0,0.0,0.0,0.0,3.0,0.0
2025-12-28:sunderland:leeds,sunderland,MID,1,Sunderland,2025-12-28,5,336.0,1.0,1.0,0.12,0.65,21.0,0.0
2025-12-30:arsenal:aston villa,arsenal,DEF,1,Arsenal,2025-12-30,6,358.0,1.0,1.0,0.71,0.19,30.0,1.0
2025-12-30:arsenal:aston villa,arsenal,FWD,1,Arsenal,2025-12-30,2,89.0,1.0,0.0,0.32999999999999996,0.01,6.0,1.0
2025-12-30:arsenal:aston villa,arsenal,GKP,1,Arsenal,2025-12-30,1,90.0,0.0,0.0,0.0,0.0,2.0,0.0
2025-12-30:arsenal:aston villa,arsenal,MID,1,Arsenal,2025-12-30,7,448.0,2.0,3.0,2.0,1.33,36.0,1.0
2025-12-30:arsenal:aston villa,aston villa,DEF,0,Aston Villa,2025-12-30,5,389.0,0.0,0.0,0.0,0.26,-1.0,0.0
2025-12-30:arsenal:aston villa,aston villa,FWD,0,Aston Villa,2025-12-30,1,90.0,1.0,0.0,1.61,0.0,5.0,0.0
2025-12-30:arsenal:aston villa,aston villa,GKP,0,Aston Villa,2025-12-30,1,90.0,0.0,0.0,0.0,0.0,1.0,0.0
2025-12-30:arsenal:aston villa,aston villa,MID,0,Aston Villa,2025-12-30,9,417.0,0.0,1.0,1.9300000000000002,0.13,15.0,0.0
2025-12-30:burnley:newcastle,burnley,DEF,1,Burnley,2025-12-30,5,359.0,0.0,0.0,0.12,0.48,6.0,0.0
2025-12-30:burnley:newcastle,burnley,FWD,1,Burnley,2025-12-30,2,92.0,0.0,1.0,0.16,0.04,8.0,0.0
2025-12-30:burnley:newcastle,burnley,GKP,1,Burnley,2025-12-30,1,90.0,0.0,0.0,0.0,0.0,2.0,0.0
2025-12-30:burnley:newcastle,burnley,MID,1,Burnley,2025-12-30,7,445.0,1.0,0.0,0.8200000000000001,0.26,23.0,0.0
2025-12-30:burnley:newcastle,newcastle,DEF,0,Newcastle,2025-12-30,3,270.0,0.0,0.0,0.3,0.16,12.0,0.0
2025-12-30:burnley:newcastle,newcastle,FWD,0,Newcastle,2025-12-30,2,89.0,1.0,0.0,1.08,0.01,7.0,0.0
2025-12-30:burnley:newcastle,newcastle,GKP,0,Newcastle,2025-12-30,1,90.0,0.0,0.0,0.0,0.0,2.0,0.0
2025-12-30:burnley:newcastle,newcastle,MID,0,Newcastle,2025-12-30,9,539.0,2.0,1.0,1.2999999999999998,0.63,34.0,0.0
2025-12-30:chelsea:bournemouth,bournemouth,DEF,0,Bournemouth,2025-12-30,5,361.0,0.0,0.0,0.26,0.05,13.0,0.0
2025-12-30:chelsea:bournemouth,bournemouth,FWD,0,Bournemouth,2025-12-30,2,89.0,0.0,0.0,0.31,0.08,3.0,0.0
2025-12-30:chelsea:bournemouth,bournemouth,GKP,0,Bournemouth,2025-12-30,1,90.0,0.0,0.0,0.0,0.0,1.0,0.0
2025-12-30:chelsea:bournemouth,bournemouth,MID,0,Bournemouth,2025-12-30,6,449.0,2.0,1.0,2.57,0.68,30.0,0.0
2025-12-30:chelsea:bournemouth,chelsea,DEF,1,Chelsea,2025-12-30,5,360.0,0.0,0.0,0.30000000000000004,0.11,6.0,0.0
2025-12-30:chelsea:bournemouth,chelsea,FWD,1,Chelsea,2025-12-30,2,113.0,0.0,0.0,0.52,0.05,3.0,0.0
2025-12-30:chelsea:bournemouth,chelsea,GKP,1,Chelsea,2025-12-30,1,90.0,0.0,0.0,0.0,0.0,2.0,0.0
2025-12-30:chelsea:bournemouth,chelsea,MID,1,Chelsea,2025-12-30,8,426.0,2.0,2.0,1.48,1.6099999999999999,29.0,0.0
2025-12-30:man utd:wolves,man utd,DEF,1,Man Utd,2025-12-30,6,449.0,0.0,0.0,0.14,0.35,11.0,0.0
2025-12-30:man utd:wolves,man utd,FWD,1,Man Utd,2025-12-30,2,135.0,1.0,0.0,0.53,0.0,10.0,0.0
2025-12-30:man utd:wolves,man utd,GKP,1,Man Utd,2025-12-30,1,90.0,0.0,0.0,0.0,0.0,3.0,0.0
2025-12-30:man utd:wolves,man utd,MID,1,Man Utd,2025-12-30,5,314.0,0.0,0.0,0.16999999999999998,0.32,12.0,0.0
2025-12-30:man utd:wolves,wolves,DEF,0,Wolves,2025-12-30,6,451.0,1.0,1.0,0.9600000000000001,0.34,21.0,0.0
2025-12-30:man utd:wolves,wolves,FWD,0,Wolves,2025-12-30,3,179.0,0.0,0.0,0.18000000000000002,0.11,4.0,0.0
2025-12-30:man utd:wolves,wolves,GKP,0,Wolves,2025-12-30,1,90.0,0.0,0.0,0.0,0.0,4.0,0.0
2025-12-30:man utd:wolves,wolves,MID,0,Wolves,2025-12-30,4,269.0,0.0,0.0,0.15,0.1,11.0,0.0
2025-12-30:nottm forest:everton,everton,DEF,0,Everton,2025-12-30,4,341.0,0.0,0.0,0.36,0.0,33.0,1.0
2025-12-30:nottm forest:everton,everton,FWD,0,Everton,2025-12-30,2,89.0,1.0,0.0,0.52,0.02,7.0,1.0
2025-12-30:nottm forest:everton,everton,GKP,0,Everton,2025-12-30,1,90.0,0.0,0.0,0.0,0.01,10.0,1.0
2025-12-30:nottm forest:everton,everton,MID,0,Everton,2025-12-30,6,468.0,1.0,2.0,0.38,0.9,38.0,1.0
2025-12-30:nottm forest:everton,nottm forest,DEF,1,Nott'm Forest,2025-12-30,4,360.0,0.0,0.0,0.19,0.9100000000000001,4.0,0.0
2025-12-30:nottm forest:everton,nottm forest,FWD,1,Nott'm Forest,2025-12-30,2,89.0,0.0,0.0,0.48,0.36,3.0,0.0
2025-12-30:nottm forest:everton,nottm forest,GKP,1,Nott'm Forest,2025-12-30,1,90.0,0.0,0.0,0.0,0.0,1.0,0.0
2025-12-30:nottm forest:everton,nottm forest,MID,1,Nott'm Forest,2025-12-30,7,449.0,0.0,0.0,0.8800000000000001,1.09,12.0,0.0
2025-12-30:west ham:brighton,brighton,DEF,0,Brighton,2025-12-30,5,417.0,1.0,1.0,0.8099999999999999,0.17,16.0,0.0
2025-12-30:west ham:brighton,brighton,FWD,0,Brighton,2025-12-30,2,89.0,1.0,0.0,1.6,0.04,3.0,0.0
2025-12-30:west ham:brighton,brighton,GKP,0,Brighton,2025-12-30,1,90.0,0.0,0.0,0.0,0.0,1.0,0.0
2025-12-30:west ham:brighton,brighton,MID,0,Brighton,2025-12-30,8,389.0,0.0,1.0,0.53,0.18,15.0,0.0
2025-12-30:west ham:brighton,west ham,DEF,1,West Ham,2025-12-30,6,359.0,0.0,0.0,0.27,0.15,7.0,0.0
2025-12-30:west ham:brighton,west ham,FWD,1,West Ham,2025-12-30,2,152.0,1.0,1.0,0.84,0.02,12.0,0.0
2025-12-30:west ham:brighton,west ham,GKP,1,West Ham,2025-12-30,1,90.0,0.0,0.0,0.0,0.0,2.0,0.0
2025-12-30:west ham:brighton,west ham,MID,1,West Ham,2025-12-30,7,385.0,1.0,1.0,0.9400000000000001,0.34,23.0,0.0
2026-01-01:brentford:spurs,brentford,DEF,1,Brentford,2026-01-01,5,450.0,0.0,0.0,0.39,0.34,36.0,1.0
2026-01-01:brentford:spurs,brentford,FWD,1,Brentford,2026-01-01,1,90.0,0.0,0.0,0.2,0.01,2.0,1.0
2026-01-01:brentford:spurs,brentford,GKP,1,Brentford,2026-01-01,1,90.0,0.0,0.0,0.0,0.02,6.0,1.0
2026-01-01:brentford:spurs,brentford,MID,1,Brentford,2026-01-01,6,358.0,0.0,0.0,0.24,0.93,17.0,1.0
2026-01-01:brentford:spurs,spurs,DEF,0,Spurs,2026-01-01,4,360.0,0.0,0.0,0.13,0.12,31.0,1.0
2026-01-01:brentford:spurs,spurs,FWD,0,Spurs,2026-01-01,2,113.0,0.0,0.0,0.29,0.36000000000000004,3.0,1.0
2026-01-01:brentford:spurs,spurs,GKP,0,Spurs,2026-01-01,1,90.0,0.0,0.0,0.0,0.0,5.0,1.0
2026-01-01:brentford:spurs,spurs,MID,0,Spurs,2026-01-01,6,425.0,0.0,0.0,0.5800000000000001,0.12,17.0,1.0
2026-01-01:crystal palace:fulham,crystal palace,DEF,1,Crystal Palace,2026-01-01,6,394.0,0.0,1.0,0.6699999999999999,0.55,17.0,0.0
2026-01-01:crystal palace:fulham,crystal palace,FWD,1,Crystal Palace,2026-01-01,2,98.0,1.0,0.0,0.51,0.0,10.0,0.0
2026-01-01:crystal palace:fulham,crystal palace,GKP,1,Crystal Palace,2026-01-01,1,90.0,0.0,0.0,0.0,0.0,3.0,0.0
2026-01-01:crystal palace:fulham,crystal palace,MID,1,Crystal Palace,2026-01-01,6,406.0,0.0,0.0,0.44,0.29000000000000004,10.0,0.0
2026-01-01:crystal palace:fulham,fulham,DEF,0,Fulham,2026-01-01,5,359.0,0.0,0.0,0.7000000000000001,0.4,9.0,0.0
2026-01-01:crystal palace:fulham,fulham,FWD,0,Fulham,2026-01-01,1,90.0,0.0,0.0,0.39,0.05,2.0,0.0
2026-01-01:crystal palace:fulham,fulham,GKP,0,Fulham,2026-01-01,1,90.0,0.0,0.0,0.0,0.0,2.0,0.0
2026-01-01:crystal palace:fulham,fulham,MID,0,Fulham,2026-01-01,8,447.0,1.0,1.0,0.81,0.78,21.0,0.0
2026-01-01:liverpool:leeds,leeds,DEF,0,Leeds,2026-01-01,6,449.0,0.0,0.0,0.02,0.04,36.0,1.0
2026-01-01:liverpool:leeds,leeds,FWD,0,Leeds,2026-01-01,2,89.0,0.0,0.0,0.0,0.0,3.0,1.0
2026-01-01:liverpool:leeds,leeds,GKP,0,Leeds,2026-01-01,1,90.0,0.0,0.0,0.0,0.0,10.0,1.0
2026-01-01:liverpool:leeds,leeds,MID,0,Leeds,2026-01-01,6,360.0,0.0,0.0,0.66,0.09,17.0,1.0
2026-01-01:liverpool:leeds,liverpool,DEF,1,Liverpool,2026-01-01,6,430.0,0.0,0.0,0.23000000000000004,0.37,32.0,1.0
2026-01-01:liverpool:leeds,liverpool,FWD,1,Liverpool,2026-01-01,1,90.0,0.0,0.0,1.02,0.31,2.0,1.0
2026-01-01:liverpool:leeds,liverpool,GKP,1,Liverpool,2026-01-01,1,90.0,0.0,0.0,0.0,0.0,6.0,1.0
2026-01-01:liverpool:leeds,liverpool,MID,1,Liverpool,2026-01-01,8,375.0,0.0,0.0,0.74,0.6000000000000001,18.0,1.0
2026-01-01:sunderland:man city,man city,DEF,0,Man City,2026-01-01,5,359.0,0.0,0.0,0.68,0.15,27.0,1.0
2026-01-01:sunderland:man city,man city,FWD,0,Man City,2026-01-01,1,90.0,0.0,0.0,0.34,0.02,2.0,1.0
2026-01-01:sunderland:man city,man city,GKP,0,Man City,2026-01-01,1,90.0,0.0,0.0,0.0,0.0,7.0,1.0
2026-01-01:sunderland:man city,man city,MID,0,Man City,2026-01-01,8,448.0,0.0,0.0,1.23,1.38,16.0,1.0
2026-01-01:sunderland:man city,sunderland,DEF,1,Sunderland,2026-01-01,5,450.0,0.0,0.0,0.13,0.11,39.0,1.0
2026-01-01:sunderland:man city,sunderland,FWD,1,Sunderland,2026-01-01,3,179.0,0.0,0.0,0.64,0.06,4.0,1.0
2026-01-01:sunderland:man city,sunderland,GKP,1,Sunderland,2026-01-01,1,90.0,0.0,0.0,0.0,0.01,7.0,1.0
2026-01-01:sunderland:man city,sunderland,MID,1,Sunderland,2026-01-01,4,269.0,0.0,0.0,0.04,0.46,13.0,1.0
2026-01-03:aston villa:nottm forest,aston villa,DEF,1,Aston Villa,2026-01-03,7,366.0,0.0,1.0,0.11,0.22,13.0,0.0
2026-01-03:aston villa:nottm forest,aston villa,FWD,1,Aston Villa,2026-01-03,1,82.0,1.0,0.0,0.64,0.13,7.0,0.0
2026-01-03:aston villa:nottm forest,aston villa,GKP,1,Aston Villa,2026-01-03,1,90.0,0.0,0.0,0.0,0.0,3.0,0.0
2026-01-03:aston villa:nottm forest,aston villa,MID,1,Aston Villa,2026-01-03,7,448.0,2.0,2.0,0.85,0.65,35.0,0.0
2026-01-03:aston villa:nottm forest,nottm forest,DEF,0,Nott'm Forest,2026-01-03,5,359.0,0.0,0.0,0.02,0.02,9.0,0.0
2026-01-03:aston villa:nottm forest,nottm forest,FWD,0,Nott'm Forest,2026-01-03,2,89.0,0.0,0.0,0.11,0.0,3.0,0.0
2026-01-03:aston villa:nottm forest,nottm forest,GKP,0,Nott'm Forest,2026-01-03,2,89.0,0.0,0.0,0.0,0.0,2.0,0.0
2026-01-03:aston villa:nottm forest,nottm forest,MID,0,Nott'm Forest,2026-01-03,7,448.0,1.0,1.0,0.75,0.49,23.0,0.0
2026-01-03:bournemouth:arsenal,arsenal,DEF,0,Arsenal,2026-01-03,4,360.0,1.0,0.0,0.17,0.09000000000000001,14.0,0.0
2026-01-03:bournemouth:arsenal,arsenal,FWD,0,Arsenal,2026-01-03,2,89.0,0.0,0.0,0.05,0.0,3.0,0.0
2026-01-03:bournemouth:arsenal,arsenal,GKP,0,Arsenal,2026-01-03,1,90.0,0.0,0.0,0.0,0.0,1.0,0.0
2026-01-03:bournemouth:arsenal,arsenal,MID,0,Arsenal,2026-01-03,8,447.0,2.0,3.0,0.91,0.56,40.0,0.0
2026-01-03:bournemouth:arsenal,bournemouth,DEF,1,Bournemouth,2026-01-03,4,360.0,0.0,0.0,0.02,0.18,6.0,0.0
2026-01-03:bournemouth:arsenal,bournemouth,FWD,1,Bournemouth,2026-01-03,3,105.0,2.0,0.0,0.78,0.02,13.0,0.0
2026-01-03:bournemouth:arsenal,bournemouth,GKP,1,Bournemouth,2026-01-03,1,90.0,0.0,0.0,0.0,0.0,1.0,0.0
2026-01-03:bournemouth:arsenal,bournemouth,MID,1,Bournemouth,2026-01-03,7,431.0,0.0,1.0,0.63,0.25,13.0,0.0
2026-01-03:brighton:burnley,brighton,DEF,1,Brighton,2026-01-03,5,380.0,0.0,0.0,0.46,0.58,28.0,1.0
2026-01-03:brighton:burnley,brighton,FWD,1,Brighton,2026-01-03,2,89.0,0.0,1.0,0.61,0.03,6.0,1.0
2026-01-03:brighton:burnley,brighton,GKP,1,Brighton,2026-01-03,1,90.0,0.0,0.0,0.0,0.0,7.0,1.0
2026-01-03:brighton:burnley,brighton,MID,1,Brighton,2026-01-03,8,426.0,2.0,0.0,0.38,0.36000000000000004,32.0,1.0
2026-01-03:brighton:burnley,burnley,DEF,0,Burnley,2026-01-03,5,395.0,0.0,0.0,0.18,0.030000000000000002,5.0,0.0
2026-01-03:brighton:burnley,burnley,FWD,0,Burnley,2026-01-03,1,63.0,0.0,0.0,0.0,0.0,2.0,0.0
2026-01-03:brighton:burnley,burnley,GKP,0,Burnley,2026-01-03,1,90.0,0.0,0.0,0.0,0.0,1.0,0.0
2026-01-03:brighton:burnley,burnley,MID,0,Burnley,2026-01-03,8,438.0,0.0,0.0,0.13,0.22000000000000003,11.0,0.0
2026-01-03:wolves:west ham,west ham,DEF,0,West Ham,2026-01-03,5,405.0,0.0,0.0,0.09000000000000001,0.28,7.0,0.0
2026-01-03:wolves:west ham,west ham,FWD,0,West Ham,2026-01-03,2,180.0,0.0,0.0,0.14,0.07,6.0,0.0
2026-01-03:wolves:west ham,west ham,GKP,0,West Ham,2026-01-03,1,90.0,0.0,0.0,0.0,0.0,2.0,0.0
2026-01-03:wolves:west ham,west ham,MID,0,West Ham,2026-01-03,5,315.0,0.0,0.0,0.02,0.45,7.0,0.0
2026-01-03:wolves:west ham,wolves,DEF,1,Wolves,2026-01-03,6,452.0,0.0,1.0,0.1,0.11,35.0,1.0
2026-01-03:wolves:west ham,wolves,FWD,1,Wolves,2026-01-03,3,201.0,1.0,1.0,0.41000000000000003,0.03,15.0,1.0
2026-01-03:wolves:west ham,wolves,GKP,1,Wolves,2026-01-03,1,90.0,0.0,0.0,0.0,0.0,6.0,1.0
2026-01-03:wolves:west ham,wolves,MID,1,Wolves,2026-01-03,5,244.0,2.0,1.0,1.3599999999999999,0.78,23.0,1.0
2026-01-04:everton:brentford,brentford,DEF,0,Brentford,2026-01-04,6,385.0,1.0,1.0,0.28,0.1,16.0,0.0
2026-01-04:everton:brentford,brentford,FWD,0,Brentford,2026-01-04,1,90.0,3.0,0.0,1.72,0.03,17.0,0.0
2026-01-04:everton:brentford,brentford,GKP,0,Brentford,2026-01-04,1,90.0,0.0,0.0,0.0,0.0,2.0,0.0
2026-01-04:everton:brentford,brentford,MID,0,Brentford,2026-01-04,7,423.0,0.0,3.0,0.4,1.03,29.0,1.0
2026-01-04:everton:brentford,everton,DEF,1,Everton,2026-01-04,4,360.0,0.0,0.0,0.37,0.19,2.0,0.0
2026-01-04:everton:brentford,everton,FWD,1,Everton,2026-01-04,2,135.0,2.0,0.0,0.25,0.0,11.0,0.0
2026-01-04:everton:brentford,everton,GKP,1,Everton,2026-01-04,1,90.0,0.0,0.0,0.0,0.01,1.0,0.0
2026-01-04:everton:brentford,everton,MID,1,Everton,2026-01-04,7,404.0,0.0,2.0,0.23,0.6900000000000001,22.0,0.0
2026-01-04:fulham:liverpool,fulham,DEF,1,Fulham,2026-01-04,5,450.0,0.0,0.0,0.0,0.24,9.0,0.0
2026-01-04:fulham:liverpool,fulham,FWD,1,Fulham,2026-01-04,2,89.0,0.0,1.0,0.17,0.0,6.0,0.0
2026-01-04:fulham:liverpool,fulham,GKP,1,Fulham,2026-01-04,1,90.0,0.0,0.0,0.0,0.0,1.0,0.0
2026-01-04:fulham:liverpool,fulham,MID,1,Fulham,2026-01-04,8,358.0,2.0,1.0,0.58,0.13,26.0,0.0
2026-01-04:fulham:liverpool,liverpool,DEF,0,Liverpool,2026-01-04,6,375.0,0.0,2.0,0.0,0.27,16.0,0.0
2026-01-04:fulham:liverpool,liverpool,GKP,0,Liverpool,2026-01-04,1,90.0,0.0,0.0,0.0,0.0,1.0,0.0
2026-01-04:fulham:liverpool,liverpool,MID,0,Liverpool,2026-01-04,7,524.0,2.0,0.0,1.3599999999999999,0.98,25.0,0.0
2026-01-04:leeds:man utd,leeds,DEF,1,Leeds,2026-01-04,5,439.0,0.0,1.0,0.030000000000000002,0.25,20.0,0.0
2026-01-04:leeds:man utd,leeds,FWD,1,Leeds,2026-01-04,3,108.0,0.0,0.0,0.4,0.18,4.0,0.0
2026-01-04:leeds:man utd,leeds,GKP,1,Leeds,2026-01-04,1,90.0,0.0,0.0,0.0,0.0,2.0,0.0
2026-01-04:leeds:man utd,leeds,MID,1,Leeds,2026-01-04,6,349.0,1.0,0.0,0.47,0.42,17.0,0.0
2026-01-04:leeds:man utd,man utd,DEF,0,Man Utd,2026-01-04,6,512.0,0.0,0.0,0.46,0.17,15.0,0.0
2026-01-04:leeds:man utd,man utd,FWD,0,Man Utd,2026-01-04,2,117.0,0.0,1.0,0.8,0.16999999999999998,6.0,0.0
2026-01-04:leeds:man utd,man utd,GKP,0,Man Utd,2026-01-04,1,90.0,0.0,0.0,0.0,0.0,2.0,0.0
2026-01-04:leeds:man utd,man utd,MID,0,Man Utd,2026-01-04,3,270.0,1.0,0.0,0.32,0.5,20.0,0.0
2026-01-04:man city:chelsea,chelsea,DEF,0,Chelsea,2026-01-04,6,449.0,0.0,0.0,0.0,0.08,12.0,0.0
2026-01-04:man city:chelsea,chelsea,FWD,0,Chelsea,2026-01-04,2,89.0,0.0,0.0,0.23,0.08,2.0,0.0
2026-01-04:man city:chelsea,chelsea,GKP,0,Chelsea,2026-01-04,1,90.0,0.0,0.0,0.0,0.0,2.0,0.0
2026-01-04:man city:chelsea,chelsea,MID,0,Chelsea,2026-01-04,5,360.0,1.0,0.0,1.51,0.42,17.0,0.0
2026-01-04:man city:chelsea,man city,DEF,1,Man City,2026-01-04,6,358.0,0.0,0.0,0.18,0.07,11.0,1.0
2026-01-04:man city:chelsea,man city,FWD,1,Man City,2026-01-04,1,90.0,0.0,0.0,0.41,0.02,2.0,0.0
2026-01-04:man city:chelsea,man city,GKP,1,Man City,2026-01-04,1,90.0,0.0,0.0,0.0,0.0,2.0,0.0
2026-01-04:man city:chelsea,man city,MID,1,Man City,2026-01-04,6,449.0,1.0,0.0,0.39,0.85,23.0,1.0
2026-01-04:newcastle:crystal palace,crystal palace,DEF,0,Crystal Palace,2026-01-04,5,373.0,0.0,0.0,0.19,0.04,10.0,0.0
2026-01-04:newcastle:crystal palace,crystal palace,FWD,0,Crystal Palace,2026-01-04,2,104.0,0.0,0.0,0.17,0.02,3.0,0.0
2026-01-04:newcastle:crystal palace,crystal palace,GKP,0,Crystal Palace,2026-01-04,1,90.0,0.0,0.0,0.0,0.0,2.0,0.0
2026-01-04:newcastle:crystal palace,crystal palace,MID,0,Crystal Palace,2026-01-04,9,417.0,0.0,0.0,0.34,1.07,14.0,0.0
2026-01-04:newcastle:crystal palace,newcastle,DEF,1,Newcastle,2026-01-04,4,269.0,1.0,0.0,0.71,0.5,32.0,1.0
2026-01-04:newcastle:crystal palace,newcastle,FWD,1,Newcastle,2026-01-04,2,89.0,0.0,0.0,0.15,0.04,3.0,1.0
2026-01-04:newcastle:crystal palace,newcastle,GKP,1,Newcastle,2026-01-04,1,90.0,0.0,0.0,0.0,0.0,6.0,1.0
2026-01-04:newcastle:crystal palace,newcastle,MID,1,Newcastle,2026-01-04,9,537.0,1.0,1.0,1.3900000000000001,1.46,33.0,1.0
2026-01-04:spurs:sunderland,spurs,DEF,1,Spurs,2026-01-04,5,359.0,1.0,1.0,0.65,0.54,23.0,0.0
2026-01-04:spurs:sunderland,spurs,FWD,1,Spurs,2026-01-04,3,163.0,0.0,0.0,0.32,0.19,5.0,0.0
2026-01-04:spurs:sunderland,spurs,GKP,1,Spurs,2026-01-04,1,90.0,0.0,0.0,0.0,0.0,2.0,0.0
2026-01-04:spurs:sunderland,spurs,MID,1,Spurs,2026-01-04,7,373.0,0.0,0.0,0.22,0.12,13.0,1.0
2026-01-04:spurs:sunderland,sunderland,DEF,0,Sunderland,2026-01-04,6,442.0,0.0,0.0,0.08,0.22,10.0,0.0
2026-01-04:spurs:sunderland,sunderland,FWD,0,Sunderland,2026-01-04,2,171.0,1.0,0.0,0.2,0.06,11.0,0.0
2026-01-04:spurs:sunderland,sunderland,GKP,0,Sunderland,2026-01-04,1,90.0,0.0,0.0,0.0,0.0,3.0,0.0
2026-01-04:spurs:sunderland,sunderland,MID,0,Sunderland,2026-01-04,5,284.0,0.0,1.0,0.2,0.3,12.0,0.0
2026-01-06:west ham:nottm forest,nottm forest,DEF,0,Nott'm Forest,2026-01-06,5,361.0,0.0,0.0,0.2,0.18,11.0,0.0
2026-01-06:west ham:nottm forest,nottm forest,FWD,0,Nott'm Forest,2026-01-06,1,90.0,0.0,0.0,0.02,0.01,2.0,0.0
2026-01-06:west ham:nottm forest,nottm forest,GKP,0,Nott'm Forest,2026-01-06,1,90.0,0.0,0.0,0.0,0.0,3.0,0.0
2026-01-06:west ham:nottm forest,nottm forest,MID,0,Nott'm Forest,2026-01-06,6,451.0,2.0,1.0,1.1600000000000001,0.44,30.0,0.0
2026-01-06:west ham:nottm forest,west ham,DEF,1,West Ham,2026-01-06,5,359.0,0.0,0.0,0.03,0.08,9.0,0.0
2026-01-06:west ham:nottm forest,west ham,FWD,1,West Ham,2026-01-06,3,207.0,0.0,0.0,0.63,0.19,5.0,0.0
2026-01-06:west ham:nottm forest,west ham,GKP,1,West Ham,2026-01-06,1,90.0,0.0,0.0,0.0,0.0,2.0,0.0
2026-01-06:west ham:nottm forest,west ham,MID,1,West Ham,2026-01-06,5,331.0,0.0,1.0,0.29,0.13,15.0,0.0
2026-01-07:bournemouth:spurs,bournemouth,DEF,1,Bournemouth,2026-01-07,6,360.0,0.0,1.0,0.0,0.5700000000000001,12.0,0.0
2026-01-07:bournemouth:spurs,bournemouth,FWD,1,Bournemouth,2026-01-07,3,152.0,2.0,0.0,0.94,0.04,14.0,0.0
2026-01-07:bournemouth:spurs,bournemouth,GKP,1,Bournemouth,2026-01-07,1,90.0,0.0,0.0,0.0,0.0,1.0,0.0
2026-01-07:bournemouth:spurs,bournemouth,MID,1,Bournemouth,2026-01-07,6,385.0,1.0,2.0,0.34,0.39,23.0,0.0
2026-01-07:bournemouth:spurs,spurs,DEF,0,Spurs,2026-01-07,4,360.0,0.0,0.0,0.52,0.5800000000000001,4.0,0.0
2026-01-07:bournemouth:spurs,spurs,FWD,0,Spurs,2026-01-07,2,89.0,0.0,0.0,0.38,0.03,2.0,0.0
2026-01-07:bournemouth:spurs,spurs,GKP,0,Spurs,2026-01-07,1,90.0,0.0,0.0,0.0,0.0,1.0,0.0
2026-01-07:bournemouth:spurs,spurs,MID,0,Spurs,2026-01-07,7,448.0,2.0,1.0,0.33999999999999997,0.41000000000000003,29.0,0.0
2026-01-07:brentford:sunderland,brentford,DEF,1,Brentford,2026-01-07,6,419.0,0.0,1.0,0.07,0.22,38.0,1.0
2026-01-07:brentford:sunderland,brentford,FWD,1,Brentford,2026-01-07,1,81.0,2.0,0.0,1.48,0.15,12.0,1.0
2026-01-07:brentford:sunderland,brentford,GKP,1,Brentford,2026-01-07,1,90.0,0.0,0.0,0.0,0.0,13.0,1.0
2026-01-07:brentford:sunderland,brentford,MID,1,Brentford,2026-01-07,7,396.0,1.0,2.0,1.69,1.1400000000000001,27.0,1.0
2026-01-07:brentford:sunderland,sunderland,DEF,0,Sunderland,2026-01-07,7,436.0,0.0,0.0,0.22,0.12000000000000001,8.0,0.0
2026-01-07:brentford:sunderland,sunderland,FWD,0,Sunderland,2026-01-07,2,128.0,0.0,0.0,0.25,0.01,3.0,0.0
2026-01-07:brentford:sunderland,sunderland,GKP,0,Sunderland,2026-01-07,1,90.0,0.0,0.0,0.0,0.0,2.0,0.0
2026-01-07:brentford:sunderland,sunderland,MID,0,Sunderland,2026-01-07,6,331.0,0.0,0.0,1.25,0.46,6.0,0.0
2026-01-07:burnley:man utd,burnley,DEF,1,Burnley,2026-01-07,5,361.0,0.0,1.0,0.03,0.03,12.0,0.0
2026-01-07:burnley:man utd,burnley,FWD,1,Burnley,2026-01-07,2,89.0,0.0,0.0,0.02,0.01,2.0,0.0
2026-01-07:burnley:man utd,burnley,GKP,1,Burnley,2026-01-07,1,90.0,0.0,0.0,0.0,0.0,3.0,0.0
2026-01-07:burnley:man utd,burnley,MID,1,Burnley,2026-01-07,6,449.0,1.0,1.0,0.19,0.09,21.0,0.0
2026-01-07:burnley:man utd,man utd,DEF,0,Man Utd,2026-01-07,6,449.0,0.0,1.0,0.5800000000000001,0.47000000000000003,9.0,0.0
2026-01-07:burnley:man utd,man utd,FWD,0,Man Utd,2026-01-07,2,106.0,2.0,0.0,1.22,0.01,14.0,0.0
2026-01-07:burnley:man utd,man utd,GKP,0,Man Utd,2026-01-07,1,90.0,0.0,0.0,0.0,0.0,1.0,0.0
2026-01-07:burnley:man utd,man utd,MID,0,Man Utd,2026-01-07,7,340.0,0.0,1.0,0.74,1.44,18.0,0.0
2026-01-07:crystal palace:aston villa,aston villa,DEF,0,Aston Villa,2026-01-07,6,367.0,0.0,0.0,0.19,0.36,30.0,1.0
2026-01-07:crystal palace:aston villa,aston villa,FWD,0,Aston Villa,2026-01-07,1,90.0,0.0,0.0,0.95,0.01,2.0,1.0
2026-01-07:crystal palace:aston villa,aston villa,GKP,0,Aston Villa,2026-01-07,2,90.0,0.0,0.0,0.0,0.0,3.0,0.0
2026-01-07:crystal palace:aston villa,aston villa,MID,0,Aston Villa,2026-01-07,7,439.0,0.0,0.0,0.61,0.5700000000000001,17.0,1.0
2026-01-07:crystal palace:aston villa,crystal palace,DEF,1,Crystal Palace,2026-01-07,5,361.0,0.0,0.0,0.26,0.13,30.0,1.0
2026-01-07:crystal palace:aston villa,crystal palace,FWD,1,Crystal Palace,2026-01-07,1,90.0,0.0,0.0,0.0,0.0,2.0,1.0
2026-01-07:crystal palace:aston villa,crystal palace,GKP,1,Crystal Palace,2026-01-07,1,90.0,0.0,0.0,0.0,0.0,7.0,1.0
2026-01-07:crystal palace:aston villa,crystal palace,MID,1,Crystal Palace,2026-01-07,5,449.0,0.0,0.0,1.25,0.8,14.0,1.0
2026-01-07:everton:wolves,everton,DEF,1,Everton,2026-01-07,5,355.0,1.0,0.0,0.56,0.12,14.0,0.0
2026-01-07:everton:wolves,everton,FWD,1,Everton,2026-01-07,2,89.0,0.0,0.0,0.04,0.0,3.0,0.0
2026-01-07:everton:wolves,everton,GKP,1,Everton,2026-01-07,1,90.0,0.0,0.0,0.0,0.01,3.0,0.0
2026-01-07:everton:wolves,everton,MID,1,Everton,2026-01-07,6,446.0,0.0,1.0,0.29000000000000004,0.57,19.0,0.0
2026-01-07:everton:wolves,wolves,DEF,0,Wolves,2026-01-07,6,428.0,0.0,0.0,0.05,0.4,12.0,0.0
2026-01-07:everton:wolves,wolves,FWD,0,Wolves,2026-01-07,3,203.0,1.0,1.0,0.54,0.1,15.0,0.0
2026-01-07:everton:wolves,wolves,GKP,0,Wolves,2026-01-07,1,90.0,0.0,0.0,0.0,0.0,1.0,0.0
2026-01-07:everton:wolves,wolves,MID,0,Wolves,2026-01-07,4,270.0,0.0,0.0,0.13,0.12,7.0,0.0
2026-01-07:fulham:chelsea,chelsea,DEF,0,Chelsea,2026-01-07,7,377.0,0.0,0.0,0.22,0.29,5.0,0.0
2026-01-07:fulham:chelsea,chelsea,FWD,0,Chelsea,2026-01-07,2,105.0,1.0,0.0,0.99,0.04,8.0,0.0
2026-01-07:fulham:chelsea,chelsea,GKP,0,Chelsea,2026-01-07,1,90.0,0.0,0.0,0.0,0.0,2.0,0.0
2026-01-07:fulham:chelsea,chelsea,MID,0,Chelsea,2026-01-07,5,345.0,0.0,1.0,1.31,0.52,12.0,0.0
2026-01-07:fulham:chelsea,fulham,DEF,1,Fulham,2026-01-07,5,387.0,0.0,0.0,0.02,0.15,7.0,0.0
2026-01-07:fulham:chelsea,fulham,FWD,1,Fulham,2026-01-07,1,90.0,1.0,0.0,0.35,0.2,5.0,0.0
2026-01-07:fulham:chelsea,fulham,GKP,1,Fulham,2026-01-07,1,90.0,0.0,0.0,0.0,0.0,3.0,0.0
2026-01-07:fulham:chelsea,fulham,MID,1,Fulham,2026-01-07,9,421.0,1.0,2.0,0.8200000000000001,0.97,31.0,0.0
2026-01-07:man city:brighton,brighton,DEF,0,Brighton,2026-01-07,4,360.0,0.0,0.0,0.22,0.03,9.0,0.0
2026-01-07:man city:brighton,brighton,FWD,0,Brighton,2026-01-07,1,13.0,0.0,0.0,0.0,0.01,1.0,0.0
2026-01-07:man city:brighton,brighton,GKP,0,Brighton,2026-01-07,1,90.0,0.0,0.0,0.0,0.0,3.0,0.0
2026-01-07:man city:brighton,brighton,MID,0,Brighton,2026-01-07,9,523.0,1.0,1.0,0.94,1.18,25.0,0.0
2026-01-07:man city:brighton,man city,DEF,1,Man City,2026-01-07,6,358.0,0.0,0.0,0.16,0.25,12.0,0.0
2026-01-07:man city:brighton,man city,FWD,1,Man City,2026-01-07,1,90.0,1.0,0.0,1.53,0.02,6.0,0.0
2026-01-07:man city:brighton,man city,GKP,1,Man City,2026-01-07,1,90.0,0.0,0.0,0.0,0.0,1.0,0.0
2026-01-07:man city:brighton,man city,MID,1,Man City,2026-01-07,7,448.0,0.0,1.0,0.87,1.3900000000000001,20.0,0.0
2026-01-07:newcastle:leeds,leeds,DEF,0,Leeds,2026-01-07,6,451.0,0.0,1.0,0.53,0.16999999999999998,7.0,0.0
2026-01-07:newcastle:leeds,leeds,FWD,0,Leeds,2026-01-07,2,89.0,1.0,1.0,1.04,0.02,9.0,0.0
2026-01-07:newcastle:leeds,leeds,GKP,0,Leeds,2026-01-07,1,90.0,0.0,0.0,0.0,0.0,1.0,0.0
2026-01-07:newcastle:leeds,leeds,MID,0,Leeds,2026-01-07,7,361.0,2.0,1.0,0.32,0.52,29.0,0.0
2026-01-07:newcastle:leeds,newcastle,DEF,1,Newcastle,2026-01-07,5,300.0,0.0,2.0,0.26,0.21,11.0,0.0
2026-01-07:newcastle:leeds,newcastle,FWD,1,Newcastle,2026-01-07,2,89.0,0.0,1.0,0.31000000000000005,0.28,6.0,0.0
2026-01-07:newcastle:leeds,newcastle,GKP,1,Newcastle,2026-01-07,1,90.0,0.0,0.0,0.0,0.0,2.0,0.0
2026-01-07:newcastle:leeds,newcastle,MID,1,Newcastle,2026-01-07,8,508.0,4.0,1.0,1.8900000000000001,1.16,42.0,0.0
2026-01-08:arsenal:liverpool,arsenal,DEF,1,Arsenal,2026-01-08,5,359.0,0.0,0.0,0.14,0.23,21.0,1.0
2026-01-08:arsenal:liverpool,arsenal,FWD,1,Arsenal,2026-01-08,2,89.0,0.0,0.0,0.13,0.02,3.0,1.0
2026-01-08:arsenal:liverpool,arsenal,GKP,1,Arsenal,2026-01-08,1,90.0,0.0,0.0,0.0,0.0,6.0,1.0
2026-01-08:arsenal:liverpool,arsenal,MID,1,Arsenal,2026-01-08,8,447.0,0.0,0.0,0.31,0.44,18.0,1.0
2026-01-08:arsenal:liverpool,liverpool,DEF,0,Liverpool,2026-01-08,6,451.0,0.0,0.0,0.03,0.060000000000000005,35.0,1.0
2026-01-08:arsenal:liverpool,liverpool,GKP,0,Liverpool,2026-01-08,1,90.0,0.0,0.0,0.0,0.0,10.0,1.0
2026-01-08:arsenal:liverpool,liverpool,MID,0,Liverpool,2026-01-08,5,450.0,0.0,0.0,0.33,0.29,14.0,1.0
2026-01-17:chelsea:brentford,brentford,DEF,0,Brentford,2026-01-17,6,367.0,0.0,0.0,0.1,0.19,6.0,0.0
2026-01-17:chelsea:brentford,brentford,FWD,0,Brentford,2026-01-17,1,90.0,0.0,0.0,0.17,0.08,2.0,0.0
2026-01-17:chelsea:brentford,brentford,GKP,0,Brentford,2026-01-17,1,90.0,0.0,0.0,0.0,0.0,1.0,0.0
2026-01-17:chelsea:brentford,brentford,MID,0,Brentford,2026-01-17,7,441.0,0.0,0.0,1.26,0.9,12.0,0.0
2026-01-17:chelsea:brentford,chelsea,DEF,1,Chelsea,2026-01-17,7,363.0,0.0,0.0,0.0,0.02,25.0,1.0
2026-01-17:chelsea:brentford,chelsea,FWD,1,Chelsea,2026-01-17,2,89.0,1.0,1.0,0.15,0.01,12.0,1.0
2026-01-17:chelsea:brentford,chelsea,GKP,1,Chelsea,2026-01-17,1,90.0,0.0,0.0,0.0,0.0,11.0,1.0
2026-01-17:chelsea:brentford,chelsea,MID,1,Chelsea,2026-01-17,6,443.0,1.0,1.0,1.44,0.3,25.0,1.0
2026-01-17:leeds:fulham,fulham,DEF,0,Fulham,2026-01-17,5,362.0,0.0,0.0,0.0,0.030000000000000002,9.0,0.0
2026-01-17:leeds:fulham,fulham,FWD,0,Fulham,2026-01-17,2,89.0,0.0,0.0,0.09,0.0,2.0,1.0
2026-01-17:leeds:fulham,fulham,GKP,0,Fulham,2026-01-17,1,90.0,0.0,0.0,0.0,0.0,3.0,0.0
2026-01-17:leeds:fulham,fulham,MID,0,Fulham,2026-01-17,8,444.0,0.0,0.0,0.29000000000000004,0.39,15.0,1.0
2026-01-17:leeds:fulham,leeds,DEF,1,Leeds,2026-01-17,6,441.0,0.0,0.0,0.4,0.21000000000000002,34.0,1.0
2026-01-17:leeds:fulham,leeds,FWD,1,Leeds,2026-01-17,2,99.0,1.0,0.0,0.63,0.03,9.0,1.0
2026-01-17:leeds:fulham,leeds,GKP,1,Leeds,2026-01-17,1,90.0,0.0,0.0,0.0,0.0,6.0,1.0
2026-01-17:leeds:fulham,leeds,MID,1,Leeds,2026-01-17,6,358.0,0.0,1.0,0.4,0.65,18.0,1.0
2026-01-17:liverpool:burnley,burnley,DEF,0,Burnley,2026-01-17,6,449.0,0.0,0.0,0.04,0.07,17.0,0.0
2026-01-17:liverpool:burnley,burnley,FWD,0,Burnley,2026-01-17,2,89.0,0.0,0.0,0.0,0.0,3.0,0.0
2026-01-17:liverpool:burnley,burnley,GKP,0,Burnley,2026-01-17,1,90.0,0.0,0.0,0.0,0.0,5.0,0.0
2026-01-17:liverpool:burnley,burnley,MID,0,Burnley,2026-01-17,7,359.0,1.0,1.0,0.36,0.15,25.0,0.0
2026-01-17:liverpool:burnley,liverpool,DEF,1,Liverpool,2026-01-17,5,359.0,0.0,0.0,0.24,0.66,8.0,0.0
2026-01-17:liverpool:burnley,liverpool,FWD,1,Liverpool,2026-01-17,1,90.0,0.0,0.0,0.67,0.53,2.0,0.0
2026-01-17:liverpool:burnley,liverpool,GKP,1,Liverpool,2026-01-17,1,90.0,0.0,0.0,0.0,0.0,2.0,0.0
2026-01-17:liverpool:burnley,liverpool,MID,1,Liverpool,2026-01-17,8,447.0,1.0,1.0,2.28,1.95,22.0,0.0
2026-01-17:man utd:man city,man city,DEF,0,Man City,2026-01-17,6,370.0,0.0,0.0,0.19,0.27999999999999997,5.0,0.0
2026-01-17:man utd:man city,man city,FWD,0,Man City,2026-01-17,1,79.0,0.0,0.0,0.13,0.0,2.0,0.0
2026-01-17:man utd:man city,man city,GKP,0,Man City,2026-01-17,1,90.0,0.0,0.0,0.0,0.0,2.0,0.0
2026-01-17:man utd:man city,man city,MID,0,Man City,2026-01-17,8,448.0,0.0,0.0,0.13,0.64,13.0,0.0
2026-01-17:man utd:man city,man utd,DEF,1,Man Utd,2026-01-17,6,451.0,1.0,0.0,0.62,0.09000000000000001,40.0,1.0
2026-01-17:man utd:man city,man utd,GKP,1,Man Utd,2026-01-17,1,90.0,0.0,0.0,0.0,0.0,6.0,1.0
2026-01-17:man utd:man city,man utd,MID,1,Man Utd,2026-01-17,8,449.0,1.0,2.0,1.67,0.77,34.0,1.0
2026-01-17:nottm forest:arsenal,arsenal,DEF,0,Arsenal,2026-01-17,4,360.0,0.0,0.0,0.39,0.09,27.0,1.0
2026-01-17:nottm forest:arsenal,arsenal,FWD,0,Arsenal,2026-01-17,2,89.0,0.0,0.0,0.61,0.11,2.0,0.0
2026-01-17:nottm forest:arsenal,arsenal,GKP,0,Arsenal,2026-01-17,1,90.0,0.0,0.0,0.0,0.0,6.0,1.0
2026-01-17:nottm forest:arsenal,arsenal,MID,0,Arsenal,2026-01-17,9,447.0,0.0,0.0,1.0999999999999999,2.07,13.0,1.0
2026-01-17:nottm forest:arsenal,nottm forest,DEF,1,Nott'm Forest,2026-01-17,4,360.0,0.0,0.0,0.01,0.22,25.0,1.0
2026-01-17:nottm forest:arsenal,nottm forest,FWD,1,Nott'm Forest,2026-01-17,1,75.0,0.0,0.0,0.0,0.01,2.0,1.0
2026-01-17:nottm forest:arsenal,nottm forest,GKP,1,Nott'm Forest,2026-01-17,1,90.0,0.0,0.0,0.0,0.0,10.0,1.0
2026-01-17:nottm forest:arsenal,nottm forest,MID,1,Nott'm Forest,2026-01-17,7,463.0,0.0,0.0,0.32999999999999996,0.31,19.0,1.0
2026-01-17:spurs:west ham,spurs,DEF,1,Spurs,2026-01-17,5,359.0,1.0,1.0,0.34,0.77,13.0,0.0
2026-01-17:spurs:west ham,spurs,FWD,1,Spurs,2026-01-17,2,118.0,0.0,0.0,0.0,0.23,3.0,0.0
2026-01-17:spurs:west ham,spurs,GKP,1,Spurs,2026-01-17,1,90.0,0.0,0.0,0.0,0.0,1.0,0.0
2026-01-17:spurs:west ham,spurs,MID,1,Spurs,2026-01-17,7,421.0,0.0,0.0,1.15,0.43,10.0,0.0
2026-01-17:spurs:west ham,west ham,DEF,0,West Ham,2026-01-17,5,361.0,0.0,0.0,0.22,0.13,15.0,0.0
2026-01-17:spurs:west ham,west ham,FWD,0,West Ham,2026-01-17,4,259.0,1.0,0.0,1.91,0.060000000000000005,12.0,0.0
2026-01-17:spurs:west ham,west ham,GKP,0,West Ham,2026-01-17,1,90.0,0.0,0.0,0.0,0.0,3.0,0.0
2026-01-17:spurs:west ham,west ham,MID,0,West Ham,2026-01-17,4,281.0,1.0,1.0,0.57,0.39,23.0,0.0
2026-01-17:sunderland:crystal palace,crystal palace,DEF,0,Crystal Palace,2026-01-17,3,270.0,0.0,0.0,0.22999999999999998,0.02,3.0,0.0
2026-01-17:sunderland:crystal palace,crystal palace,FWD,0,Crystal Palace,2026-01-17,1,90.0,0.0,0.0,0.3,0.2,2.0,0.0
2026-01-17:sunderland:crystal palace,crystal palace,GKP,0,Crystal Palace,2026-01-17,1,90.0,0.0,0.0,0.0,0.0,2.0,0.0
2026-01-17:sunderland:crystal palace,crystal palace,MID,0,Crystal Palace,2026-01-17,6,540.0,1.0,1.0,0.09,0.7799999999999999,21.0,0.0
2026-01-17:sunderland:crystal palace,sunderland,DEF,1,Sunderland,2026-01-17,6,452.0,0.0,1.0,1.02,0.34,15.0,0.0
2026-01-17:sunderland:crystal palace,sunderland,FWD,1,Sunderland,2026-01-17,2,89.0,1.0,0.0,0.33,0.04,10.0,0.0
2026-01-17:sunderland:crystal palace,sunderland,GKP,1,Sunderland,2026-01-17,1,90.0,0.0,0.0,0.0,0.0,2.0,0.0
2026-01-17:sunderland:crystal palace,sunderland,MID,1,Sunderland,2026-01-17,4,357.0,1.0,1.0,0.48,0.2,17.0,0.0
2026-01-18:aston villa:everton,aston villa,DEF,1,Aston Villa,2026-01-18,6,431.0,0.0,0.0,0.09000000000000001,0.54,10.0,0.0
2026-01-18:aston villa:everton,aston villa,FWD,1,Aston Villa,2026-01-18,1,90.0,0.0,0.0,0.1,0.03,2.0,0.0
2026-01-18:aston villa:everton,aston villa,GKP,1,Aston Villa,2026-01-18,1,90.0,0.0,0.0,0.0,0.0,2.0,0.0
2026-01-18:aston villa:everton,aston villa,MID,1,Aston Villa,2026-01-18,6,376.0,0.0,0.0,1.2599999999999998,0.69,10.0,0.0
2026-01-18:aston villa:everton,everton,DEF,0,Everton,2026-01-18,4,360.0,0.0,0.0,0.13,0.02,31.0,1.0
2026-01-18:aston villa:everton,everton,FWD,0,Everton,2026-01-18,2,89.0,1.0,0.0,0.11,0.0,9.0,1.0
2026-01-18:aston villa:everton,everton,GKP,0,Everton,2026-01-18,1,90.0,0.0,0.0,0.0,0.01,10.0,1.0
2026-01-18:aston villa:everton,everton,MID,0,Everton,2026-01-18,5,450.0,0.0,1.0,0.28,0.18,18.0,1.0
2026-01-18:wolves:newcastle,newcastle,DEF,0,Newcastle,2026-01-18,4,360.0,0.0,0.0,0.14,0.41000000000000003,29.0,1.0
2026-01-18:wolves:newcastle,newcastle,FWD,0,Newcastle,2026-01-18,2,89.0,0.0,0.0,0.15,0.0,3.0,1.0
2026-01-18:wolves:newcastle,newcastle,GKP,0,Newcastle,2026-01-18,1,90.0,0.0,0.0,0.0,0.0,6.0,1.0
2026-01-18:wolves:newcastle,newcastle,MID,0,Newcastle,2026-01-18,7,448.0,0.0,0.0,0.66,0.78,16.0,1.0
2026-01-18:wolves:newcastle,wolves,DEF,1,Wolves,2026-01-18,6,455.0,0.0,0.0,0.14,0.08,33.0,1.0
2026-01-18:wolves:newcastle,wolves,FWD,1,Wolves,2026-01-18,3,179.0,0.0,0.0,0.14,0.18,5.0,1.0
2026-01-18:wolves:newcastle,wolves,GKP,1,Wolves,2026-01-18,1,90.0,0.0,0.0,0.0,0.0,7.0,1.0
2026-01-18:wolves:newcastle,wolves,MID,1,Wolves,2026-01-18,4,263.0,0.0,0.0,0.0,0.30000000000000004,9.0,1.0
2026-01-19:brighton:bournemouth,bournemouth,DEF,0,Bournemouth,2026-01-19,7,391.0,0.0,0.0,0.04,0.22999999999999998,13.0,0.0
2026-01-19:brighton:bournemouth,bournemouth,FWD,0,Bournemouth,2026-01-19,2,161.0,0.0,0.0,0.41,0.01,4.0,1.0
2026-01-19:brighton:bournemouth,bournemouth,GKP,0,Bournemouth,2026-01-19,1,90.0,0.0,0.0,0.0,0.0,2.0,0.0
2026-01-19:brighton:bournemouth,bournemouth,MID,0,Bournemouth,2026-01-19,5,346.0,1.0,1.0,0.89,0.43000000000000005,23.0,1.0
2026-01-19:brighton:bournemouth,brighton,DEF,1,Brighton,2026-01-19,5,359.0,0.0,1.0,0.35000000000000003,0.19,13.0,0.0
2026-01-19:brighton:bournemouth,brighton,FWD,1,Brighton,2026-01-19,2,89.0,1.0,0.0,0.08,0.060000000000000005,9.0,0.0
2026-01-19:brighton:bournemouth,brighton,GKP,1,Brighton,2026-01-19,1,90.0,0.0,0.0,0.0,0.0,2.0,0.0
2026-01-19:brighton:bournemouth,brighton,MID,1,Brighton,2026-01-19,8,447.0,0.0,0.0,0.63,0.5499999999999999,14.0,0.0
2026-01-24:bournemouth:liverpool,bournemouth,DEF,1,Bournemouth,2026-01-24,5,444.0,1.0,1.0,0.81,0.36000000000000004,20.0,0.0
2026-01-24:bournemouth:liverpool,bournemouth,FWD,1,Bournemouth,2026-01-24,3,157.0,1.0,0.0,0.97,0.04,10.0,0.0
2026-01-24:bournemouth:liverpool,bournemouth,GKP,1,Bournemouth,2026-01-24,1,90.0,0.0,0.0,0.0,0.0,1.0,0.0
2026-01-24:bournemouth:liverpool,bournemouth,MID,1,Bournemouth,2026-01-24,5,298.0,1.0,1.0,0.56,0.58,21.0,0.0
2026-01-24:bournemouth:liverpool,liverpool,DEF,0,Liverpool,2026-01-24,5,271.0,1.0,0.0,0.19,0.15,10.0,0.0
2026-01-24:bournemouth:liverpool,liverpool,FWD,0,Liverpool,2026-01-24,1,31.0,0.0,0.0,0.0,0.05,1.0,0.0
2026-01-24:bournemouth:liverpool,liverpool,GKP,0,Liverpool,2026-01-24,1,90.0,0.0,0.0,0.0,0.0,1.0,0.0
2026-01-24:bournemouth:liverpool,liverpool,MID,0,Liverpool,2026-01-24,9,594.0,1.0,2.0,0.73,1.36,27.0,0.0
2026-01-24:burnley:spurs,burnley,DEF,1,Burnley,2026-01-24,5,450.0,1.0,1.0,0.64,0.33,16.0,0.0
2026-01-24:burnley:spurs,burnley,FWD,1,Burnley,2026-01-24,2,89.0,1.0,0.0,0.74,0.01,7.0,0.0
2026-01-24:burnley:spurs,burnley,GKP,1,Burnley,2026-01-24,1,90.0,0.0,0.0,0.0,0.0,5.0,0.0
2026-01-24:burnley:spurs,burnley,MID,1,Burnley,2026-01-24,6,358.0,0.0,0.0,0.06,0.33999999999999997,11.0,0.0
2026-01-24:burnley:spurs,spurs,DEF,0,Spurs,2026-01-24,7,438.0,2.0,0.0,0.35,0.67,23.0,0.0
2026-01-24:burnley:spurs,spurs,FWD,0,Spurs,2026-01-24,2,95.0,0.0,0.0,0.48,0.03,3.0,0.0
2026-01-24:burnley:spurs,spurs,GKP,0,Spurs,2026-01-24,1,90.0,0.0,0.0,0.0,0.0,1.0,0.0
2026-01-24:burnley:spurs,spurs,MID,0,Spurs,2026-01-24,6,365.0,0.0,1.0,1.23,1.07,20.0,0.0
2026-01-24:fulham:brighton,brighton,DEF,0,Brighton,2026-01-24,5,359.0,0.0,1.0,0.5700000000000001,0.2,11.0,0.0
2026-01-24:fulham:brighton,brighton,FWD,0,Brighton,2026-01-24,2,89.0,0.0,0.0,0.61,0.01,2.0,0.0
2026-01-24:fulham:brighton,brighton,GKP,0,Brighton,2026-01-24,1,90.0,0.0,0.0,0.0,0.0,1.0,0.0
2026-01-24:fulham:brighton,brighton,MID,0,Brighton,2026-01-24,8,447.0,1.0,0.0,0.5,0.8099999999999999,24.0,0.0
2026-01-24:fulham:brighton,fulham,DEF,1,Fulham,2026-01-24,4,328.0,0.0,1.0,0.05,0.11,17.0,0.0
2026-01-24:fulham:brighton,fulham,FWD,1,Fulham,2026-01-24,1,90.0,0.0,0.0,0.44,0.03,2.0,0.0
2026-01-24:fulham:brighton,fulham,GKP,1,Fulham,2026-01-24,1,90.0,0.0,0.0,0.0,0.0,3.0,0.0
2026-01-24:fulham:brighton,fulham,MID,1,Fulham,2026-01-24,9,478.0,2.0,1.0,0.5700000000000001,0.21000000000000002,28.0,0.0
2026-01-24:man city:wolves,man city,DEF,1,Man City,2026-01-24,4,360.0,0.0,1.0,0.12000000000000001,0.43,29.0,1.0
2026-01-24:man city:wolves,man city,FWD,1,Man City,2026-01-24,1,17.0,0.0,0.0,0.0,0.0,1.0,0.0
2026-01-24:man city:wolves,man city,GKP,1,Man City,2026-01-24,1,90.0,0.0,0.0,0.0,0.0,8.0,1.0
2026-01-24:man city:wolves,man city,MID,1,Man City,2026-01-24,8,520.0,2.0,1.0,0.74,0.34,35.0,1.0
2026-01-24:man city:wolves,wolves,DEF,0,Wolves,2026-01-24,6,450.0,0.0,0.0,0.35,0.17,4.0,0.0
2026-01-24:man city:wolves,wolves,FWD,0,Wolves,2026-01-24,3,154.0,0.0,0.0,0.2,0.24,4.0,0.0
2026-01-24:man city:wolves,wolves,GKP,0,Wolves,2026-01-24,1,90.0,0.0,0.0,0.0,0.0,1.0,0.0
2026-01-24:man city:wolves,wolves,MID,0,Wolves,2026-01-24,4,295.0,0.0,0.0,0.05,0.04,7.0,0.0
2026-01-24:west ham:sunderland,sunderland,DEF,0,Sunderland,2026-01-24,7,404.0,0.0,1.0,0.1,0.19999999999999998,8.0,0.0
2026-01-24:west ham:sunderland,sunderland,FWD,0,Sunderland,2026-01-24,3,179.0,1.0,0.0,0.45999999999999996,0.02,10.0,0.0
2026-01-24:west ham:sunderland,sunderland,GKP,0,Sunderland,2026-01-24,1,90.0,0.0,0.0,0.0,0.01,1.0,0.0
2026-01-24:west ham:sunderland,sunderland,MID,0,Sunderland,2026-01-24,5,315.0,0.0,0.0,0.11,0.11,7.0,0.0
2026-01-24:west ham:sunderland,west ham,DEF,1,West Ham,2026-01-24,6,361.0,0.0,1.0,0.05,0.05,13.0,0.0
2026-01-24:west ham:sunderland,west ham,FWD,1,West Ham,2026-01-24,4,253.0,1.0,2.0,1.28,0.16000000000000003,19.0,0.0
2026-01-24:west ham:sunderland,west ham,GKP,1,West Ham,2026-01-24,1,90.0,0.0,0.0,0.0,0.0,2.0,0.0
2026-01-24:west ham:sunderland,west ham,MID,1,West Ham,2026-01-24,4,285.0,2.0,0.0,0.2,0.81,19.0,0.0
2026-01-25:arsenal:man utd,arsenal,DEF,1,Arsenal,2026-01-25,5,359.0,0.0,0.0,0.0,0.14,4.0,0.0
2026-01-25:arsenal:man utd,arsenal,FWD,1,Arsenal,2026-01-25,2,89.0,0.0,0.0,0.05,0.03,2.0,0.0
2026-01-25:arsenal:man utd,arsenal,GKP,1,Arsenal,2026-01-25,1,90.0,0.0,0.0,0.0,0.01,1.0,0.0
2026-01-25:arsenal:man utd,arsenal,MID,1,Arsenal,2026-01-25,8,447.0,1.0,1.0,1.15,1.22,18.0,0.0
2026-01-25:arsenal:man utd,man utd,DEF,0,Man Utd,2026-01-25,6,442.0,1.0,0.0,0.13,0.02,13.0,0.0
2026-01-25:arsenal:man utd,man utd,FWD,0,Man Utd,2026-01-25,1,9.0,0.0,0.0,0.0,0.0,1.0,0.0
2026-01-25:arsenal:man utd,man utd,GKP,0,Man Utd,2026-01-25,1,90.0,0.0,0.0,0.0,0.0,2.0,0.0
2026-01-25:arsenal:man utd,man utd,MID,0,Man Utd,2026-01-25,6,446.0,2.0,2.0,0.57,0.31000000000000005,33.0,0.0
2026-01-25:brentford:nottm forest,brentford,DEF,1,Brentford,2026-01-25,7,357.0,0.0,0.0,0.06,0.23,8.0,0.0
2026-01-25:brentford:nottm forest,brentford,FWD,1,Brentford,2026-01-25,1,90.0,0.0,0.0,0.43,0.02,2.0,0.0
2026-01-25:brentford:nottm forest,brentford,GKP,1,Brentford,2026-01-25,1,90.0,0.0,0.0,0.0,0.0,1.0,0.0
2026-01-25:brentford:nottm forest,brentford,MID,1,Brentford,2026-01-25,7,448.0,0.0,0.0,1.2999999999999998,1.51,12.0,0.0
2026-01-25:brentford:nottm forest,nottm forest,DEF,0,Nott'm Forest,2026-01-25,5,363.0,0.0,1.0,0.0,0.02,36.0,1.0
2026-01-25:brentford:nottm forest,nottm forest,FWD,0,Nott'm Forest,2026-01-25,2,89.0,2.0,0.0,0.62,0.01,15.0,1.0
2026-01-25:brentford:nottm forest,nottm forest,GKP,0,Nott'm Forest,2026-01-25,1,90.0,0.0,0.0,0.0,0.0,6.0,1.0
2026-01-25:brentford:nottm forest,nottm forest,MID,0,Nott'm Forest,2026-01-25,6,445.0,0.0,1.0,0.15,0.16,23.0,1.0
2026-01-25:crystal palace:chelsea,chelsea,DEF,0,Chelsea,2026-01-25,7,392.0,0.0,0.0,0.14,0.37,21.0,1.0
2026-01-25:crystal palace:chelsea,chelsea,FWD,0,Chelsea,2026-01-25,2,89.0,1.0,1.0,0.65,0.01,13.0,1.0
2026-01-25:crystal palace:chelsea,chelsea,GKP,0,Chelsea,2026-01-25,1,90.0,0.0,0.0,0.0,0.0,3.0,0.0
2026-01-25:crystal palace:chelsea,chelsea,MID,0,Chelsea,2026-01-25,6,414.0,2.0,1.0,1.41,0.12,30.0,1.0
2026-01-25:crystal palace:chelsea,crystal palace,DEF,1,Crystal Palace,2026-01-25,7,422.0,1.0,1.0,0.63,0.08,15.0,0.0
2026-01-25:crystal palace:chelsea,crystal palace,FWD,1,Crystal Palace,2026-01-25,2,89.0,0.0,0.0,0.46,0.0,3.0,0.0
2026-01-25:crystal palace:chelsea,crystal palace,GKP,1,Crystal Palace,2026-01-25,1,90.0,0.0,0.0,0.0,0.0,1.0,0.0
2026-01-25:crystal palace:chelsea,crystal palace,MID,1,Crystal Palace,2026-01-25,6,366.0,0.0,0.0,0.7000000000000001,0.75,6.0,0.0
2026-01-25:newcastle:aston villa,aston villa,DEF,0,Aston Villa,2026-01-25,8,391.0,0.0,1.0,0.26,0.64,29.0,1.0
2026-01-25:newcastle:aston villa,aston villa,FWD,0,Aston Villa,2026-01-25,1,90.0,1.0,0.0,0.62,0.06,8.0,1.0
2026-01-25:newcastle:aston villa,aston villa,GKP,0,Aston Villa,2026-01-25,1,90.0,0.0,0.0,0.0,0.01,10.0,1.0
2026-01-25:newcastle:aston villa,aston villa,MID,0,Aston Villa,2026-01-25,6,414.0,1.0,1.0,0.28,0.42999999999999994,29.0,1.0
2026-01-25:newcastle:aston villa,newcastle,DEF,1,Newcastle,2026-01-25,4,360.0,0.0,0.0,0.03,0.37,6.0,0.0
2026-01-25:newcastle:aston villa,newcastle,FWD,1,Newcastle,2026-01-25,2,89.0,0.0,0.0,0.05,0.05,3.0,0.0
2026-01-25:newcastle:aston villa,newcastle,GKP,1,Newcastle,2026-01-25,1,90.0,0.0,0.0,0.0,0.0,3.0,0.0
2026-01-25:newcastle:aston villa,newcastle,MID,1,Newcastle,2026-01-25,8,447.0,0.0,0.0,2.09,0.5,13.0,0.0
2026-01-26:everton:leeds,everton,DEF,1,Everton,2026-01-26,5,385.0,0.0,0.0,0.01,0.12,13.0,0.0
2026-01-26:everton:leeds,everton,FWD,1,Everton,2026-01-26,2,89.0,1.0,0.0,0.21,0.04,10.0,0.0
2026-01-26:everton:leeds,everton,GKP,1,Everton,2026-01-26,1,90.0,0.0,0.0,0.0,0.0,3.0,0.0
2026-01-26:everton:leeds,everton,MID,1,Everton,2026-01-26,7,424.0,0.0,1.0,0.38,0.77,14.0,0.0
2026-01-26:everton:leeds,leeds,DEF,0,Leeds,2026-01-26,5,444.0,1.0,0.0,0.49,0.13,23.0,0.0
2026-01-26:everton:leeds,leeds,FWD,0,Leeds,2026-01-26,1,90.0,0.0,0.0,0.5,0.02,2.0,0.0
2026-01-26:everton:leeds,leeds,GKP,0,Leeds,2026-01-26,1,90.0,0.0,0.0,0.0,0.0,2.0,0.0
2026-01-26:everton:leeds,leeds,MID,0,Leeds,2026-01-26,8,362.0,0.0,1.0,0.25,0.5299999999999999,21.0,1.0
2026-01-31:brighton:everton,brighton,DEF,1,Brighton,2026-01-31,5,359.0,0.0,0.0,0.0,0.46,15.0,1.0
2026-01-31:brighton:everton,brighton,FWD,1,Brighton,2026-01-31,2,89.0,0.0,0.0,0.55,0.04,3.0,1.0
2026-01-31:brighton:everton,brighton,GKP,1,Brighton,2026-01-31,1,90.0,0.0,0.0,0.0,0.03,3.0,0.0
2026-01-31:brighton:everton,brighton,MID,1,Brighton,2026-01-31,7,450.0,1.0,1.0,0.9,0.43,27.0,1.0
2026-01-31:brighton:everton,everton,DEF,0,Everton,2026-01-31,5,359.0,0.0,1.0,0.26,0.27999999999999997,11.0,0.0
2026-01-31:brighton:everton,everton,FWD,0,Everton,2026-01-31,2,89.0,1.0,0.0,0.59,0.16,9.0,0.0
2026-01-31:brighton:everton,everton,GKP,0,Everton,2026-01-31,1,90.0,0.0,0.0,0.0,0.0,2.0,0.0
2026-01-31:brighton:everton,everton,MID,0,Everton,2026-01-31,8,447.0,0.0,0.0,0.4,0.13,14.0,0.0
2026-01-31:chelsea:west ham,chelsea,DEF,1,Chelsea,2026-01-31,7,359.0,1.0,1.0,0.81,0.62,16.0,0.0
2026-01-31:chelsea:west ham,chelsea,FWD,1,Chelsea,2026-01-31,2,135.0,1.0,2.0,1.3900000000000001,0.13,15.0,0.0
2026-01-31:chelsea:west ham,chelsea,GKP,1,Chelsea,2026-01-31,1,90.0,0.0,0.0,0.0,0.01,2.0,0.0
2026-01-31:chelsea:west ham,chelsea,MID,1,Chelsea,2026-01-31,6,404.0,1.0,0.0,1.05,0.76,17.0,0.0
2026-01-31:chelsea:west ham,west ham,DEF,0,West Ham,2026-01-31,6,383.0,0.0,2.0,0.2,0.12000000000000001,11.0,0.0
2026-01-31:chelsea:west ham,west ham,FWD,0,West Ham,2026-01-31,4,234.0,1.0,0.0,0.5,0.2,13.0,0.0
2026-01-31:chelsea:west ham,west ham,GKP,0,West Ham,2026-01-31,1,90.0,0.0,0.0,0.0,0.0,2.0,0.0
2026-01-31:chelsea:west ham,west ham,MID,0,West Ham,2026-01-31,4,279.0,1.0,0.0,0.41000000000000003,0.19,13.0,0.0
2026-01-31:leeds:arsenal,arsenal,DEF,0,Arsenal,2026-01-31,5,359.0,0.0,0.0,0.41000000000000003,0.3,26.0,1.0
2026-01-31:leeds:arsenal,arsenal,FWD,0,Arsenal,2026-01-31,3,149.0,2.0,0.0,1.3,0.02,14.0,1.0
2026-01-31:leeds:arsenal,arsenal,GKP,0,Arsenal,2026-01-31,1,90.0,0.0,0.0,0.0,0.0,6.0,1.0
2026-01-31:leeds:arsenal,arsenal,MID,0,Arsenal,2026-01-31,7,387.0,2.0,3.0,0.49,1.3399999999999999,39.0,1.0
2026-01-31:leeds:arsenal,leeds,DEF,1,Leeds,2026-01-31,5,405.0,0.0,0.0,0.1,0.03,3.0,0.0
2026-01-31:leeds:arsenal,leeds,FWD,1,Leeds,2026-01-31,2,89.0,0.0,0.0,0.0,0.0,3.0,0.0
2026-01-31:leeds:arsenal,leeds,GKP,1,Leeds,2026-01-31,1,90.0,0.0,0.0,0.0,0.01,1.0,0.0
2026-01-31:leeds:arsenal,leeds,MID,1,Leeds,2026-01-31,8,403.0,0.0,0.0,0.05,0.12,11.0,0.0
2026-01-31:liverpool:newcastle,liverpool,DEF,1,Liverpool,2026-01-31,3,270.0,1.0,1.0,0.27,0.02,20.0,0.0
2026-01-31:liverpool:newcastle,liverpool,FWD,1,Liverpool,2026-01-31,1,83.0,2.0,0.0,1.16,0.03,13.0,0.0
2026-01-31:liverpool:newcastle,liverpool,GKP,1,Liverpool,2026-01-31,1,90.0,0.0,0.0,0.0,0.01,2.0,0.0
2026-01-31:liverpool:newcastle,liverpool,MID,1,Liverpool,2026-01-31,9,544.0,1.0,2.0,0.86,1.04,34.0,0.0
2026-01-31:liverpool:newcastle,newcastle,DEF,0,Newcastle,2026-01-31,5,352.0,0.0,0.0,0.06,0.2,6.0,0.0
2026-01-31:liverpool:newcastle,newcastle,FWD,0,Newcastle,2026-01-31,3,40.0,0.0,0.0,0.0,0.0,3.0,0.0
2026-01-31:liverpool:newcastle,newcastle,GKP,0,Newcastle,2026-01-31,1,90.0,0.0,0.0,0.0,0.0,1.0,0.0
2026-01-31:liverpool:newcastle,newcastle,MID,0,Newcastle,2026-01-31,7,503.0,1.0,0.0,0.30000000000000004,0.15,16.0,0.0
2026-01-31:wolves:bournemouth,bournemouth,DEF,0,Bournemouth,2026-01-31,6,446.0,0.0,0.0,0.09,0.06,33.0,1.0
2026-01-31:wolves:bournemouth,bournemouth,FWD,0,Bournemouth,2026-01-31,3,156.0,1.0,0.0,0.09,0.19,10.0,1.0
2026-01-31:wolves:bournemouth,bournemouth,GKP,0,Bournemouth,2026-01-31,1,90.0,0.0,0.0,0.0,0.0,10.0,1.0
2026-01-31:wolves:bournemouth,bournemouth,MID,0,Bournemouth,2026-01-31,6,295.0,1.0,2.0,1.18,0.78,27.0,1.0
2026-01-31:wolves:bournemouth,wolves,DEF,1,Wolves,2026-01-31,7,428.0,0.0,0.0,0.24,0.35,11.0,0.0
2026-01-31:wolves:bournemouth,wolves,FWD,1,Wolves,2026-01-31,3,200.0,0.0,0.0,1.01,0.49,5.0,0.0
2026-01-31:wolves:bournemouth,wolves,GKP,1,Wolves,2026-01-31,1,90.0,0.0,0.0,0.0,0.0,1.0,0.0
2026-01-31:wolves:bournemouth,wolves,MID,1,Wolves,2026-01-31,5,267.0,0.0,0.0,0.13,0.14,10.0,0.0
2026-02-01:aston villa:brentford,aston villa,DEF,1,Aston Villa,2026-02-01,5,405.0,0.0,0.0,0.89,0.8600000000000001,9.0,0.0
2026-02-01:aston villa:brentford,aston villa,FWD,1,Aston Villa,2026-02-01,1,90.0,0.0,0.0,0.64,0.08,2.0,0.0
2026-02-01:aston villa:brentford,aston villa,GKP,1,Aston Villa,2026-02-01,1,90.0,0.0,0.0,0.0,0.0,2.0,0.0
2026-02-01:aston villa:brentford,aston villa,MID,1,Aston Villa,2026-02-01,6,404.0,0.0,0.0,0.8999999999999999,1.17,10.0,0.0
2026-02-01:aston villa:brentford,brentford,DEF,0,Brentford,2026-02-01,7,403.0,0.0,0.0,0.11,0.09,29.0,1.0
2026-02-01:aston villa:brentford,brentford,FWD,0,Brentford,2026-02-01,1,90.0,0.0,0.0,0.0,0.0,2.0,1.0
2026-02-01:aston villa:brentford,brentford,GKP,0,Brentford,2026-02-01,1,90.0,0.0,0.0,0.0,0.0,10.0,1.0
2026-02-01:aston villa:brentford,brentford,MID,0,Brentford,2026-02-01,6,354.0,1.0,0.0,0.26,0.06,15.0,1.0
2026-02-01:man utd:fulham,fulham,DEF,0,Fulham,2026-02-01,5,339.0,0.0,0.0,0.44,0.5700000000000001,4.0,0.0
2026-02-01:man utd:fulham,fulham,FWD,0,Fulham,2026-02-01,1,90.0,1.0,0.0,1.12,0.0,6.0,0.0
2026-02-01:man utd:fulham,fulham,GKP,0,Fulham,2026-02-01,1,90.0,0.0,0.0,0.0,0.0,2.0,0.0
2026-02-01:man utd:fulham,fulham,MID,0,Fulham,2026-02-01,8,467.0,1.0,1.0,0.38,0.83,21.0,0.0
2026-02-01:man utd:fulham,man utd,DEF,1,Man Utd,2026-02-01,6,360.0,0.0,0.0,0.29,0.52,8.0,0.0
2026-02-01:man utd:fulham,man utd,FWD,1,Man Utd,2026-02-01,1,16.0,1.0,0.0,0.59,0.0,6.0,0.0
2026-02-01:man utd:fulham,man utd,GKP,1,Man Utd,2026-02-01,1,90.0,0.0,0.0,0.0,0.0,2.0,0.0
2026-02-01:man utd:fulham,man utd,MID,1,Man Utd,2026-02-01,7,522.0,2.0,3.0,0.9199999999999999,0.93,41.0,1.0
2026-02-01:nottm forest:crystal palace,crystal palace,DEF,0,Crystal Palace,2026-02-01,5,420.0,0.0,0.0,0.1,0.39,8.0,0.0
2026-02-01:nottm forest:crystal palace,crystal palace,FWD,0,Crystal Palace,2026-02-01,1,29.0,0.0,0.0,0.03,0.0,1.0,0.0
2026-02-01:nottm forest:crystal palace,crystal palace,GKP,0,Crystal Palace,2026-02-01,1,90.0,0.0,0.0,0.0,0.0,2.0,0.0
2026-02-01:nottm forest:crystal palace,crystal palace,MID,0,Crystal Palace,2026-02-01,5,450.0,1.0,1.0,1.77,0.59,21.0,0.0
2026-02-01:nottm forest:crystal palace,nottm forest,DEF,1,Nott'm Forest,2026-02-01,5,359.0,0.0,0.0,0.05,0.03,6.0,0.0
2026-02-01:nottm forest:crystal palace,nottm forest,FWD,1,Nott'm Forest,2026-02-01,1,69.0,0.0,0.0,0.12,0.0,2.0,0.0
2026-02-01:nottm forest:crystal palace,nottm forest,GKP,1,Nott'm Forest,2026-02-01,2,90.0,0.0,0.0,0.0,0.0,2.0,0.0
2026-02-01:nottm forest:crystal palace,nottm forest,MID,1,Nott'm Forest,2026-02-01,7,425.0,1.0,0.0,0.31,0.22,21.0,0.0
2026-02-01:spurs:man city,man city,DEF,0,Man City,2026-02-01,5,429.0,0.0,0.0,0.6699999999999999,0.14,7.0,0.0
2026-02-01:spurs:man city,man city,FWD,0,Man City,2026-02-01,1,90.0,0.0,1.0,0.28,0.07,5.0,0.0
2026-02-01:spurs:man city,man city,GKP,0,Man City,2026-02-01,1,90.0,0.0,0.0,0.0,0.0,2.0,0.0
2026-02-01:spurs:man city,man city,MID,0,Man City,2026-02-01,8,379.0,2.0,1.0,1.1300000000000001,0.98,26.0,0.0
2026-02-01:spurs:man city,spurs,DEF,1,Spurs,2026-02-01,4,226.0,0.0,0.0,0.06,0.02,3.0,0.0
2026-02-01:spurs:man city,spurs,FWD,1,Spurs,2026-02-01,2,156.0,2.0,0.0,0.25,0.14,14.0,0.0
2026-02-01:spurs:man city,spurs,GKP,1,Spurs,2026-02-01,1,90.0,0.0,0.0,0.0,0.0,1.0,0.0
2026-02-01:spurs:man city,spurs,MID,1,Spurs,2026-02-01,8,516.0,0.0,2.0,0.74,0.7300000000000001,23.0,0.0
2026-02-02:sunderland:burnley,burnley,DEF,0,Burnley,2026-02-02,5,405.0,0.0,0.0,0.02,0.11000000000000001,5.0,0.0
2026-02-02:sunderland:burnley,burnley,FWD,0,Burnley,2026-02-02,3,116.0,0.0,0.0,0.02,0.01,4.0,0.0
2026-02-02:sunderland:burnley,burnley,GKP,0,Burnley,2026-02-02,1,90.0,0.0,0.0,0.0,0.0,1.0,0.0
2026-02-02:sunderland:burnley,burnley,MID,0,Burnley,2026-02-02,7,375.0,0.0,0.0,0.02,0.13,9.0,0.0
2026-02-02:sunderland:burnley,sunderland,DEF,1,Sunderland,2026-02-02,7,459.0,0.0,2.0,0.72,0.48,42.0,1.0
2026-02-02:sunderland:burnley,sunderland,FWD,1,Sunderland,2026-02-02,2,89.0,0.0,0.0,0.26,0.01,3.0,1.0
2026-02-02:sunderland:burnley,sunderland,GKP,1,Sunderland,2026-02-02,1,90.0,0.0,0.0,0.0,0.01,6.0,1.0
2026-02-02:sunderland:burnley,sunderland,MID,1,Sunderland,2026-02-02,5,348.0,2.0,1.0,0.53,0.24000000000000002,31.0,1.0
2026-02-06:leeds:nottm forest,leeds,DEF,1,Leeds,2026-02-06,6,451.0,1.0,1.0,0.92,0.8099999999999999,26.0,0.0
2026-02-06:leeds:nottm forest,leeds,FWD,1,Leeds,2026-02-06,1,90.0,1.0,0.0,0.33,0.01,7.0,0.0
2026-02-06:leeds:nottm forest,leeds,GKP,1,Leeds,2026-02-06,1,90.0,0.0,0.0,0.0,0.0,3.0,0.0
2026-02-06:leeds:nottm forest,leeds,MID,1,Leeds,2026-02-06,6,358.0,1.0,2.0,1.27,0.58,25.0,1.0
2026-02-06:leeds:nottm forest,nottm forest,DEF,0,Nott'm Forest,2026-02-06,5,359.0,0.0,0.0,0.5,0.38,7.0,0.0
2026-02-06:leeds:nottm forest,nottm forest,FWD,0,Nott'm Forest,2026-02-06,2,89.0,1.0,0.0,0.25,0.01,6.0,0.0
2026-02-06:leeds:nottm forest,nottm forest,GKP,0,Nott'm Forest,2026-02-06,1,90.0,0.0,0.0,0.0,0.01,1.0,0.0
2026-02-06:leeds:nottm forest,nottm forest,MID,0,Nott'm Forest,2026-02-06,8,447.0,0.0,1.0,0.6,0.88,16.0,0.0
2026-02-07:arsenal:sunderland,arsenal,DEF,1,Arsenal,2026-02-07,5,359.0,0.0,0.0,0.03,0.07,26.0,1.0
2026-02-07:arsenal:sunderland,arsenal,FWD,1,Arsenal,2026-02-07,3,155.0,2.0,1.0,1.1400000000000001,0.07,18.0,1.0
2026-02-07:arsenal:sunderland,arsenal,GKP,1,Arsenal,2026-02-07,1,90.0,0.0,0.0,0.0,0.0,7.0,1.0
2026-02-07:arsenal:sunderland,arsenal,MID,1,Arsenal,2026-02-07,7,381.0,1.0,2.0,0.32,0.68,28.0,1.0
2026-02-07:arsenal:sunderland,sunderland,DEF,0,Sunderland,2026-02-07,6,463.0,0.0,0.0,0.02,0.03,6.0,0.0
2026-02-07:arsenal:sunderland,sunderland,FWD,0,Sunderland,2026-02-07,2,89.0,0.0,0.0,0.08,0.02,2.0,0.0
2026-02-07:arsenal:sunderland,sunderland,GKP,0,Sunderland,2026-02-07,1,90.0,0.0,0.0,0.0,0.01,1.0,0.0
2026-02-07:arsenal:sunderland,sunderland,MID,0,Sunderland,2026-02-07,6,344.0,0.0,0.0,0.08,0.11,9.0,0.0
2026-02-07:bournemouth:aston villa,aston villa,DEF,0,Aston Villa,2026-02-07,6,372.0,0.0,0.0,0.13,0.05,12.0,0.0
2026-02-07:bournemouth:aston villa,aston villa,FWD,0,Aston Villa,2026-02-07,2,89.0,0.0,0.0,0.05,0.03,3.0,0.0
2026-02-07:bournemouth:aston villa,aston villa,GKP,0,Aston Villa,2026-02-07,1,90.0,0.0,0.0,0.0,0.0,6.0,0.0
2026-02-07:bournemouth:aston villa,aston villa,MID,0,Aston Villa,2026-02-07,7,434.0,1.0,1.0,0.25,0.37,24.0,0.0
2026-02-07:bournemouth:aston villa,bournemouth,DEF,1,Bournemouth,2026-02-07,5,359.0,0.0,1.0,0.24,0.34,13.0,0.0
2026-02-07:bournemouth:aston villa,bournemouth,FWD,1,Bournemouth,2026-02-07,3,154.0,0.0,0.0,1.21,0.13,5.0,0.0
2026-02-07:bournemouth:aston villa,bournemouth,GKP,1,Bournemouth,2026-02-07,1,90.0,0.0,0.0,0.0,0.0,3.0,0.0
2026-02-07:bournemouth:aston villa,bournemouth,MID,1,Bournemouth,2026-02-07,6,384.0,1.0,0.0,0.63,1.1,19.0,0.0
2026-02-07:burnley:west ham,burnley,DEF,1,Burnley,2026-02-07,4,360.0,0.0,0.0,0.02,0.6,3.0,0.0
2026-02-07:burnley:west ham,burnley,FWD,1,Burnley,2026-02-07,3,100.0,0.0,0.0,0.73,0.03,4.0,0.0
2026-02-07:burnley:west ham,burnley,GKP,1,Burnley,2026-02-07,1,90.0,0.0,0.0,0.0,0.0,1.0,0.0
2026-02-07:burnley:west ham,burnley,MID,1,Burnley,2026-02-07,8,436.0,0.0,0.0,0.61,0.38999999999999996,10.0,0.0
2026-02-07:burnley:west ham,west ham,DEF,0,West Ham,2026-02-07,6,360.0,0.0,1.0,0.02,0.18000000000000002,33.0,1.0
2026-02-07:burnley:west ham,west ham,FWD,0,West Ham,2026-02-07,4,235.0,1.0,0.0,0.25,0.17,10.0,1.0
2026-02-07:burnley:west ham,west ham,GKP,0,West Ham,2026-02-07,1,90.0,0.0,0.0,0.0,0.0,10.0,1.0
2026-02-07:burnley:west ham,west ham,MID,0,West Ham,2026-02-07,5,304.0,1.0,1.0,0.76,0.31000000000000005,24.0,1.0
2026-02-07:fulham:everton,everton,DEF,0,Everton,2026-02-07,5,359.0,0.0,1.0,0.5,0.25,12.0,0.0
2026-02-07:fulham:everton,everton,FWD,0,Everton,2026-02-07,2,89.0,0.0,0.0,0.56,0.0,3.0,0.0
2026-02-07:fulham:everton,everton,GKP,0,Everton,2026-02-07,1,90.0,0.0,0.0,0.0,0.0,2.0,0.0
2026-02-07:fulham:everton,everton,MID,0,Everton,2026-02-07,7,450.0,1.0,1.0,0.8200000000000001,1.02,24.0,0.0
2026-02-07:fulham:everton,fulham,DEF,1,Fulham,2026-02-07,4,269.0,0.0,0.0,0.09,0.15,6.0,0.0
2026-02-07:fulham:everton,fulham,FWD,1,Fulham,2026-02-07,2,89.0,0.0,1.0,0.68,0.01,6.0,1.0
2026-02-07:fulham:everton,fulham,GKP,1,Fulham,2026-02-07,1,90.0,0.0,0.0,0.0,0.0,-1.0,0.0
2026-02-07:fulham:everton,fulham,MID,1,Fulham,2026-02-07,8,538.0,0.0,0.0,1.2,1.87,17.0,1.0
2026-02-07:man utd:spurs,man utd,DEF,1,Man Utd,2026-02-07,5,359.0,0.0,1.0,0.3,0.23,32.0,1.0
2026-02-07:man utd:spurs,man utd,FWD,1,Man Utd,2026-02-07,2,18.0,0.0,0.0,0.2,0.0,2.0,0.0
2026-02-07:man utd:spurs,man utd,GKP,1,Man Utd,2026-02-07,1,90.0,0.0,0.0,0.0,0.0,6.0,1.0
2026-02-07:man utd:spurs,man utd,MID,1,Man Utd,2026-02-07,8,520.0,2.0,1.0,1.28,1.43,34.0,1.0
2026-02-07:man utd:spurs,spurs,DEF,0,Spurs,2026-02-07,5,265.0,0.0,0.0,0.14,0.13999999999999999,-1.0,0.0
2026-02-07:man utd:spurs,spurs,FWD,0,Spurs,2026-02-07,2,89.0,0.0,0.0,0.0,0.03,3.0,0.0
2026-02-07:man utd:spurs,spurs,GKP,0,Spurs,2026-02-07,1,90.0,0.0,0.0,0.0,0.0,3.0,0.0
2026-02-07:man utd:spurs,spurs,MID,0,Spurs,2026-02-07,8,479.0,0.0,0.0,0.35,0.37,12.0,0.0
2026-02-07:newcastle:brentford,brentford,DEF,0,Brentford,2026-02-07,5,439.0,0.0,0.0,0.1,0.07,7.0,0.0
2026-02-07:newcastle:brentford,brentford,FWD,0,Brentford,2026-02-07,1,90.0,1.0,0.0,0.79,0.04,5.0,0.0
2026-02-07:newcastle:brentford,brentford,GKP,0,Brentford,2026-02-07,1,90.0,0.0,0.0,0.0,0.0,1.0,0.0
2026-02-07:newcastle:brentford,brentford,MID,0,Brentford,2026-02-07,7,368.0,2.0,3.0,0.9,0.6,33.0,0.0
2026-02-07:newcastle:brentford,newcastle,DEF,1,Newcastle,2026-02-07,5,359.0,1.0,0.0,0.5,0.18000000000000002,10.0,0.0
2026-02-07:newcastle:brentford,newcastle,FWD,1,Newcastle,2026-02-07,3,134.0,0.0,0.0,0.38,0.16,4.0,0.0
2026-02-07:newcastle:brentford,newcastle,GKP,1,Newcastle,2026-02-07,1,90.0,0.0,0.0,0.0,0.0,2.0,0.0
2026-02-07:newcastle:brentford,newcastle,MID,1,Newcastle,2026-02-07,7,404.0,1.0,1.0,1.36,0.9000000000000001,18.0,0.0
2026-02-07:wolves:chelsea,chelsea,DEF,0,Chelsea,2026-02-07,6,365.0,0.0,1.0,0.29,0.6100000000000001,14.0,0.0
2026-02-07:wolves:chelsea,chelsea,FWD,0,Chelsea,2026-02-07,2,89.0,0.0,2.0,0.14,0.0,9.0,0.0
2026-02-07:wolves:chelsea,chelsea,GKP,0,Chelsea,2026-02-07,1,90.0,0.0,0.0,0.0,0.0,2.0,0.0
2026-02-07:wolves:chelsea,chelsea,MID,0,Chelsea,2026-02-07,6,442.0,3.0,0.0,3.0,0.69,32.0,0.0
2026-02-07:wolves:chelsea,wolves,DEF,1,Wolves,2026-02-07,7,408.0,0.0,0.0,0.37,0.61,6.0,0.0
2026-02-07:wolves:chelsea,wolves,FWD,1,Wolves,2026-02-07,3,270.0,1.0,1.0,0.68,0.43,14.0,0.0
2026-02-07:wolves:chelsea,wolves,GKP,1,Wolves,2026-02-07,1,90.0,0.0,0.0,0.0,0.0,2.0,0.0
2026-02-07:wolves:chelsea,wolves,MID,1,Wolves,2026-02-07,4,221.0,0.0,0.0,0.0,0.18,6.0,0.0
2026-02-08:brighton:crystal palace,brighton,DEF,1,Brighton,2026-02-08,4,340.0,0.0,0.0,0.5,0.1,12.0,0.0
2026-02-08:brighton:crystal palace,brighton,FWD,1,Brighton,2026-02-08,2,100.0,0.0,0.0,0.33,0.01,3.0,0.0
2026-02-08:brighton:crystal palace,brighton,GKP,1,Brighton,2026-02-08,1,90.0,0.0,0.0,0.0,0.0,3.0,0.0
2026-02-08:brighton:crystal palace,brighton,MID,1,Brighton,2026-02-08,9,455.0,0.0,0.0,0.03,0.5,13.0,0.0
2026-02-08:brighton:crystal palace,crystal palace,DEF,0,Crystal Palace,2026-02-08,4,360.0,0.0,0.0,0.27,0.21,30.0,1.0
2026-02-08:brighton:crystal palace,crystal palace,FWD,0,Crystal Palace,2026-02-08,1,90.0,0.0,0.0,0.37,0.05,1.0,1.0
2026-02-08:brighton:crystal palace,crystal palace,GKP,0,Crystal Palace,2026-02-08,1,90.0,0.0,0.0,0.0,0.01,8.0,1.0
2026-02-08:brighton:crystal palace,crystal palace,MID,0,Crystal Palace,2026-02-08,8,447.0,1.0,1.0,0.53,0.5,25.0,1.0
2026-02-08:liverpool:man city,liverpool,DEF,1,Liverpool,2026-02-08,3,270.0,0.0,0.0,0.0,0.06,2.0,0.0
2026-02-08:liverpool:man city,liverpool,FWD,1,Liverpool,2026-02-08,1,90.0,0.0,0.0,0.59,0.03,2.0,0.0
2026-02-08:liverpool:man city,liverpool,GKP,1,Liverpool,2026-02-08,1,90.0,0.0,0.0,0.0,0.0,1.0,0.0
2026-02-08:liverpool:man city,liverpool,MID,1,Liverpool,2026-02-08,8,540.0,1.0,1.0,0.61,0.99,23.0,0.0
2026-02-08:liverpool:man city,man city,DEF,0,Man City,2026-02-08,7,450.0,0.0,1.0,0.6,0.26,20.0,1.0
2026-02-08:liverpool:man city,man city,FWD,0,Man City,2026-02-08,1,90.0,1.0,1.0,1.35,0.31,11.0,0.0
2026-02-08:liverpool:man city,man city,GKP,0,Man City,2026-02-08,1,90.0,0.0,0.0,0.0,0.0,3.0,0.0
2026-02-08:liverpool:man city,man city,MID,0,Man City,2026-02-08,5,359.0,1.0,0.0,0.97,0.71,16.0,1.0
2026-02-10:chelsea:leeds,chelsea,DEF,1,Chelsea,2026-02-10,6,359.0,0.0,0.0,0.05,0.39,5.0,0.0
2026-02-10:chelsea:leeds,chelsea,FWD,1,Chelsea,2026-02-10,2,101.0,1.0,1.0,1.2,0.15,11.0,0.0
2026-02-10:chelsea:leeds,chelsea,GKP,1,Chelsea,2026-02-10,1,90.0,0.0,0.0,0.0,0.01,1.0,0.0
2026-02-10:chelsea:leeds,chelsea,MID,1,Chelsea,2026-02-10,6,437.0,1.0,1.0,1.88,2.1,21.0,1.0
2026-02-10:chelsea:leeds,leeds,DEF,0,Leeds,2026-02-10,6,504.0,0.0,1.0,0.01,0.02,10.0,0.0
2026-02-10:chelsea:leeds,leeds,FWD,0,Leeds,2026-02-10,1,81.0,1.0,1.0,0.79,0.46,11.0,0.0
2026-02-10:chelsea:leeds,leeds,GKP,0,Leeds,2026-02-10,1,90.0,0.0,0.0,0.0,0.01,1.0,0.0
2026-02-10:chelsea:leeds,leeds,MID,0,Leeds,2026-02-10,6,314.0,1.0,0.0,0.64,0.05,13.0,0.0
2026-02-10:everton:bournemouth,bournemouth,DEF,0,Bournemouth,2026-02-10,5,361.0,0.0,2.0,0.02,0.77,20.0,0.0
2026-02-10:everton:bournemouth,bournemouth,FWD,0,Bournemouth,2026-02-10,3,121.0,0.0,0.0,0.21,0.17,3.0,0.0
2026-02-10:everton:bournemouth,bournemouth,GKP,0,Bournemouth,2026-02-10,1,90.0,0.0,0.0,0.0,0.0,3.0,0.0
2026-02-10:everton:bournemouth,bournemouth,MID,0,Bournemouth,2026-02-10,7,415.0,2.0,0.0,1.12,0.29000000000000004,24.0,0.0
2026-02-10:everton:bournemouth,everton,DEF,1,Everton,2026-02-10,5,339.0,0.0,1.0,0.4,0.65,5.0,0.0
2026-02-10:everton:bournemouth,everton,FWD,1,Everton,2026-02-10,2,89.0,0.0,0.0,0.96,0.01,2.0,0.0
2026-02-10:everton:bournemouth,everton,GKP,1,Everton,2026-02-10,1,90.0,0.0,0.0,0.0,0.01,1.0,0.0
2026-02-10:everton:bournemouth,everton,MID,1,Everton,2026-02-10,6,449.0,1.0,0.0,1.6,1.21,18.0,0.0
2026-02-10:spurs:newcastle,newcastle,DEF,0,Newcastle,2026-02-10,5,361.0,1.0,0.0,1.25,0.22,17.0,0.0
2026-02-10:spurs:newcastle,newcastle,FWD,0,Newcastle,2026-02-10,2,4.0,0.0,0.0,0.0,0.0,2.0,0.0
2026-02-10:spurs:newcastle,newcastle,GKP,0,Newcastle,2026-02-10,1,90.0,0.0,0.0,0.0,0.0,2.0,0.0
2026-02-10:spurs:newcastle,newcastle,MID,0,Newcastle,2026-02-10,8,532.0,1.0,1.0,1.25,1.0,23.0,0.0
2026-02-10:spurs:newcastle,spurs,DEF,1,Spurs,2026-02-10,3,270.0,0.0,0.0,0.29000000000000004,0.02,6.0,0.0
2026-02-10:spurs:newcastle,spurs,FWD,1,Spurs,2026-02-10,2,110.0,0.0,0.0,0.27,0.16,3.0,0.0
2026-02-10:spurs:newcastle,spurs,GKP,1,Spurs,2026-02-10,1,90.0,0.0,0.0,0.0,0.0,2.0,0.0
2026-02-10:spurs:newcastle,spurs,MID,1,Spurs,2026-02-10,8,518.0,1.0,1.0,1.29,1.16,25.0,0.0
2026-02-10:west ham:man utd,man utd,DEF,0,Man Utd,2026-02-10,5,350.0,0.0,0.0,0.21000000000000002,0.22,8.0,0.0
2026-02-10:west ham:man utd,man utd,FWD,0,Man Utd,2026-02-10,2,29.0,1.0,0.0,0.21,0.0,9.0,0.0
2026-02-10:west ham:man utd,man utd,GKP,0,Man Utd,2026-02-10,1,90.0,0.0,0.0,0.0,0.0,2.0,0.0
2026-02-10:west ham:man utd,man utd,MID,0,Man Utd,2026-02-10,6,518.0,0.0,1.0,0.15,0.47,16.0,0.0
2026-02-10:west ham:man utd,west ham,DEF,1,West Ham,2026-02-10,6,360.0,0.0,0.0,0.0,0.04,14.0,1.0
2026-02-10:west ham:man utd,west ham,FWD,1,West Ham,2026-02-10,3,178.0,0.0,1.0,0.44,0.52,8.0,1.0
2026-02-10:west ham:man utd,west ham,GKP,1,West Ham,2026-02-10,1,90.0,0.0,0.0,0.0,0.0,2.0,0.0
2026-02-10:west ham:man utd,west ham,MID,1,West Ham,2026-02-10,6,360.0,1.0,0.0,0.65,0.22000000000000003,20.0,1.0
2026-02-11:aston villa:brighton,aston villa,DEF,1,Aston Villa,2026-02-11,5,366.0,0.0,1.0,0.31,0.11,34.0,1.0
2026-02-11:aston villa:brighton,aston villa,FWD,1,Aston Villa,2026-02-11,2,88.0,0.0,0.0,0.02,0.02,3.0,1.0
2026-02-11:aston villa:brighton,aston villa,GKP,1,Aston Villa,2026-02-11,1,90.0,0.0,0.0,0.0,0.01,8.0,1.0
2026-02-11:aston villa:brighton,aston villa,MID,1,Aston Villa,2026-02-11,8,441.0,0.0,0.0,0.41,0.79,13.0,1.0
2026-02-11:aston villa:brighton,brighton,DEF,0,Brighton,2026-02-11,5,359.0,0.0,0.0,0.03,0.05,11.0,1.0
2026-02-11:aston villa:brighton,brighton,FWD,0,Brighton,2026-02-11,2,89.0,0.0,0.0,0.05,0.02,3.0,1.0
2026-02-11:aston villa:brighton,brighton,GKP,0,Brighton,2026-02-11,1,90.0,0.0,0.0,0.0,0.0,2.0,0.0
2026-02-11:aston villa:brighton,brighton,MID,0,Brighton,2026-02-11,8,447.0,0.0,0.0,0.43,0.54,12.0,1.0
2026-02-11:crystal palace:burnley,burnley,DEF,0,Burnley,2026-02-11,4,360.0,0.0,1.0,0.04,0.03,11.0,0.0
2026-02-11:crystal palace:burnley,burnley,FWD,0,Burnley,2026-02-11,2,89.0,0.0,0.0,0.17,0.0,3.0,0.0
2026-02-11:crystal palace:burnley,burnley,GKP,0,Burnley,2026-02-11,1,90.0,0.0,0.0,0.0,0.0,1.0,0.0
2026-02-11:crystal palace:burnley,burnley,MID,0,Burnley,2026-02-11,8,447.0,2.0,2.0,0.33,0.29000000000000004,35.0,0.0
2026-02-11:crystal palace:burnley,crystal palace,DEF,1,Crystal Palace,2026-02-11,5,386.0,0.0,0.0,0.62,0.99,6.0,0.0
2026-02-11:crystal palace:burnley,crystal palace,FWD,1,Crystal Palace,2026-02-11,2,97.0,2.0,0.0,0.34,0.03,14.0,0.0
2026-02-11:crystal palace:burnley,crystal palace,GKP,1,Crystal Palace,2026-02-11,1,90.0,0.0,0.0,0.0,0.01,1.0,0.0
2026-02-11:crystal palace:burnley,crystal palace,MID,1,Crystal Palace,2026-02-11,8,413.0,0.0,2.0,0.8200000000000001,1.03,16.0,0.0
2026-02-11:man city:fulham,fulham,DEF,0,Fulham,2026-02-11,3,270.0,0.0,0.0,0.30000000000000004,0.08,4.0,0.0
2026-02-11:man city:fulham,fulham,FWD,0,Fulham,2026-02-11,2,89.0,0.0,0.0,0.6000000000000001,0.0,2.0,0.0
2026-02-11:man city:fulham,fulham,GKP,0,Fulham,2026-02-11,1,90.0,0.0,0.0,0.0,0.0,1.0,0.0
2026-02-11:man city:fulham,fulham,MID,0,Fulham,2026-02-11,10,536.0,0.0,0.0,0.53,0.47000000000000003,16.0,0.0
2026-02-11:man city:fulham,man city,DEF,1,Man City,2026-02-11,6,449.0,1.0,1.0,0.48,0.12000000000000001,40.0,1.0
2026-02-11:man city:fulham,man city,FWD,1,Man City,2026-02-11,1,45.0,1.0,0.0,0.12,0.0,5.0,0.0
2026-02-11:man city:fulham,man city,GKP,1,Man City,2026-02-11,1,90.0,0.0,0.0,0.0,0.0,7.0,1.0
2026-02-11:man city:fulham,man city,MID,1,Man City,2026-02-11,8,402.0,1.0,2.0,0.78,0.30000000000000004,25.0,1.0
2026-02-11:nottm forest:wolves,nottm forest,DEF,1,Nott'm Forest,2026-02-11,4,360.0,0.0,0.0,0.64,0.8600000000000001,29.0,1.0
2026-02-11:nottm forest:wolves,nottm forest,FWD,1,Nott'm Forest,2026-02-11,2,89.0,0.0,0.0,0.8900000000000001,0.0,3.0,1.0
2026-02-11:nottm forest:wolves,nottm forest,GKP,1,Nott'm Forest,2026-02-11,1,90.0,0.0,0.0,0.0,0.0,7.0,1.0
2026-02-11:nottm forest:wolves,nottm forest,MID,1,Nott'm Forest,2026-02-11,6,449.0,0.0,0.0,1.1400000000000001,1.28,18.0,1.0
2026-02-11:nottm forest:wolves,wolves,DEF,0,Wolves,2026-02-11,7,448.0,0.0,0.0,0.0,0.18000000000000002,23.0,1.0
2026-02-11:nottm forest:wolves,wolves,FWD,0,Wolves,2026-02-11,3,270.0,0.0,0.0,0.31,0.04,6.0,1.0
2026-02-11:nottm forest:wolves,wolves,GKP,0,Wolves,2026-02-11,1,90.0,0.0,0.0,0.0,0.0,12.0,1.0
2026-02-11:nottm forest:wolves,wolves,MID,0,Wolves,2026-02-11,3,179.0,0.0,0.0,0.12000000000000001,0.02,8.0,1.0
2026-02-11:sunderland:liverpool,liverpool,DEF,0,Liverpool,2026-02-11,4,291.0,1.0,0.0,0.8200000000000001,0.16,32.0,1.0
2026-02-11:sunderland:liverpool,liverpool,FWD,0,Liverpool,2026-02-11,1,87.0,0.0,0.0,0.42,0.13,2.0,1.0
2026-02-11:sunderland:liverpool,liverpool,GKP,0,Liverpool,2026-02-11,1,90.0,0.0,0.0,0.0,0.0,7.0,1.0
2026-02-11:sunderland:liverpool,liverpool,MID,0,Liverpool,2026-02-11,8,519.0,0.0,1.0,1.2799999999999998,0.84,25.0,1.0
2026-02-11:sunderland:liverpool,sunderland,DEF,1,Sunderland,2026-02-11,6,438.0,0.0,0.0,0.30000000000000004,0.39,12.0,0.0
2026-02-11:sunderland:liverpool,sunderland,FWD,1,Sunderland,2026-02-11,2,91.0,0.0,0.0,0.1,0.08,3.0,0.0
2026-02-11:sunderland:liverpool,sunderland,GKP,1,Sunderland,2026-02-11,1,90.0,0.0,0.0,0.0,0.0,2.0,0.0
2026-02-11:sunderland:liverpool,sunderland,MID,1,Sunderland,2026-02-11,6,369.0,0.0,0.0,0.21,0.48,10.0,0.0
2026-02-12:brentford:arsenal,arsenal,DEF,0,Arsenal,2026-02-12,5,359.0,0.0,1.0,0.12,0.29000000000000004,17.0,0.0
2026-02-12:brentford:arsenal,arsenal,FWD,0,Arsenal,2026-02-12,1,90.0,0.0,0.0,0.0,0.41,1.0,0.0
2026-02-12:brentford:arsenal,arsenal,GKP,0,Arsenal,2026-02-12,1,90.0,0.0,0.0,0.0,0.0,2.0,0.0
2026-02-12:brentford:arsenal,arsenal,MID,0,Arsenal,2026-02-12,8,448.0,1.0,0.0,0.47000000000000003,0.66,24.0,1.0
2026-02-12:brentford:arsenal,brentford,DEF,1,Brentford,2026-02-12,6,433.0,1.0,1.0,0.6900000000000001,0.4,23.0,0.0
2026-02-12:brentford:arsenal,brentford,FWD,1,Brentford,2026-02-12,1,90.0,0.0,0.0,0.77,0.22,2.0,0.0
2026-02-12:brentford:arsenal,brentford,GKP,1,Brentford,2026-02-12,1,90.0,0.0,0.0,0.0,0.0,2.0,0.0
2026-02-12:brentford:arsenal,brentford,MID,1,Brentford,2026-02-12,6,376.0,0.0,0.0,0.04,0.43999999999999995,7.0,0.0
2026-02-18:wolves:arsenal,arsenal,DEF,0,Arsenal,2026-02-18,5,361.0,1.0,1.0,0.31,0.36000000000000004,15.0,0.0
2026-02-18:wolves:arsenal,arsenal,FWD,0,Arsenal,2026-02-18,2,89.0,0.0,0.0,0.0,0.02,2.0,0.0
2026-02-18:wolves:arsenal,arsenal,GKP,0,Arsenal,2026-02-18,1,90.0,0.0,0.0,0.0,0.0,1.0,0.0
2026-02-18:wolves:arsenal,arsenal,MID,0,Arsenal,2026-02-18,7,451.0,1.0,1.0,1.56,0.89,31.0,0.0
2026-02-18:wolves:arsenal,wolves,DEF,1,Wolves,2026-02-18,6,449.0,1.0,1.0,0.04,0.18,16.0,0.0
2026-02-18:wolves:arsenal,wolves,FWD,1,Wolves,2026-02-18,3,248.0,0.0,0.0,0.05,0.03,6.0,0.0
2026-02-18:wolves:arsenal,wolves,GKP,1,Wolves,2026-02-18,1,90.0,0.0,0.0,0.0,0.0,1.0,0.0
2026-02-18:wolves:arsenal,wolves,MID,1,Wolves,2026-02-18,4,200.0,1.0,0.0,0.21000000000000002,0.02,10.0,0.0
2026-02-21:aston villa:leeds,aston villa,DEF,1,Aston Villa,2026-02-21,6,362.0,0.0,1.0,0.24,0.39,15.0,0.0
2026-02-21:aston villa:leeds,aston villa,FWD,1,Aston Villa,2026-02-21,2,105.0,1.0,0.0,0.5,0.04,9.0,0.0
2026-02-21:aston villa:leeds,aston villa,GKP,1,Aston Villa,2026-02-21,1,90.0,0.0,0.0,0.0,0.0,3.0,0.0
2026-02-21:aston villa:leeds,aston villa,MID,1,Aston Villa,2026-02-21,7,428.0,0.0,0.0,0.72,0.81,11.0,0.0
2026-02-21:aston villa:leeds,leeds,DEF,0,Leeds,2026-02-21,6,450.0,0.0,0.0,0.31,0.08,10.0,0.0
2026-02-21:aston villa:leeds,leeds,FWD,0,Leeds,2026-02-21,2,107.0,0.0,0.0,0.89,0.04,3.0,0.0
2026-02-21:aston villa:leeds,leeds,GKP,0,Leeds,2026-02-21,1,90.0,0.0,0.0,0.0,0.0,2.0,0.0
2026-02-21:aston villa:leeds,leeds,MID,0,Leeds,2026-02-21,5,341.0,1.0,1.0,0.15000000000000002,0.56,24.0,1.0
2026-02-21:brentford:brighton,brentford,DEF,1,Brentford,2026-02-21,6,394.0,0.0,0.0,0.55,0.27,7.0,0.0
2026-02-21:brentford:brighton,brentford,FWD,1,Brentford,2026-02-21,1,90.0,0.0,0.0,0.31,0.43,2.0,0.0
2026-02-21:brentford:brighton,brentford,GKP,1,Brentford,2026-02-21,1,90.0,0.0,0.0,0.0,0.0,2.0,0.0
2026-02-21:brentford:brighton,brentford,MID,1,Brentford,2026-02-21,8,413.0,0.0,0.0,0.74,1.09,10.0,0.0
2026-02-21:brentford:brighton,brighton,DEF,0,Brighton,2026-02-21,5,309.0,0.0,1.0,0.07,0.04,25.0,1.0
2026-02-21:brentford:brighton,brighton,FWD,0,Brighton,2026-02-21,1,90.0,1.0,0.0,0.36,0.02,9.0,1.0
2026-02-21:brentford:brighton,brighton,GKP,0,Brighton,2026-02-21,1,90.0,0.0,0.0,0.0,0.01,7.0,1.0
2026-02-21:brentford:brighton,brighton,MID,0,Brighton,2026-02-21,7,499.0,1.0,1.0,0.6599999999999999,0.2,28.0,1.0
2026-02-21:chelsea:burnley,burnley,DEF,0,Burnley,2026-02-21,5,352.0,0.0,0.0,0.16,0.030000000000000002,10.0,0.0
2026-02-21:chelsea:burnley,burnley,FWD,0,Burnley,2026-02-21,2,96.0,1.0,0.0,0.11,0.0,10.0,0.0
2026-02-21:chelsea:burnley,burnley,GKP,0,Burnley,2026-02-21,1,90.0,0.0,0.0,0.0,0.0,2.0,0.0
2026-02-21:chelsea:burnley,burnley,MID,0,Burnley,2026-02-21,8,448.0,0.0,1.0,0.58,0.48,13.0,0.0
2026-02-21:chelsea:burnley,chelsea,DEF,1,Chelsea,2026-02-21,8,356.0,0.0,0.0,0.04,0.29,16.0,1.0
2026-02-21:chelsea:burnley,chelsea,FWD,1,Chelsea,2026-02-21,2,89.0,1.0,0.0,1.29,0.06,8.0,1.0
2026-02-21:chelsea:burnley,chelsea,GKP,1,Chelsea,2026-02-21,1,90.0,0.0,0.0,0.0,0.0,2.0,0.0
2026-02-21:chelsea:burnley,chelsea,MID,1,Chelsea,2026-02-21,5,431.0,0.0,1.0,0.67,0.9999999999999999,17.0,1.0
2026-02-21:man city:newcastle,man city,DEF,1,Man City,2026-02-21,6,450.0,2.0,0.0,0.32,0.36,24.0,0.0
2026-02-21:man city:newcastle,man city,FWD,1,Man City,2026-02-21,1,90.0,0.0,1.0,0.31,0.22,6.0,0.0
2026-02-21:man city:newcastle,man city,GKP,1,Man City,2026-02-21,1,90.0,0.0,0.0,0.0,0.0,5.0,0.0
2026-02-21:man city:newcastle,man city,MID,1,Man City,2026-02-21,6,358.0,0.0,1.0,0.72,0.4,17.0,0.0
2026-02-21:man city:newcastle,newcastle,DEF,0,Newcastle,2026-02-21,4,360.0,1.0,0.0,0.06999999999999999,0.12,12.0,0.0
2026-02-21:man city:newcastle,newcastle,FWD,0,Newcastle,2026-02-21,2,71.0,0.0,0.0,0.0,0.01,2.0,0.0
2026-02-21:man city:newcastle,newcastle,GKP,0,Newcastle,2026-02-21,1,90.0,0.0,0.0,0.16,0.0,2.0,0.0
2026-02-21:man city:newcastle,newcastle,MID,0,Newcastle,2026-02-21,8,465.0,0.0,1.0,0.38,0.4,13.0,0.0
2026-02-21:west ham:bournemouth,bournemouth,DEF,0,Bournemouth,2026-02-21,5,359.0,0.0,0.0,0.1,0.09000000000000001,24.0,1.0
2026-02-21:west ham:bournemouth,bournemouth,FWD,0,Bournemouth,2026-02-21,3,168.0,0.0,0.0,0.02,0.05,5.0,1.0
2026-02-21:west ham:bournemouth,bournemouth,GKP,0,Bournemouth,2026-02-21,1,90.0,0.0,0.0,0.0,0.0,9.0,1.0
2026-02-21:west ham:bournemouth,bournemouth,MID,0,Bournemouth,2026-02-21,7,368.0,0.0,0.0,0.54,0.2,19.0,1.0
2026-02-21:west ham:bournemouth,west ham,DEF,1,West Ham,2026-02-21,4,360.0,0.0,0.0,0.67,0.4,27.0,1.0
2026-02-21:west ham:bournemouth,west ham,FWD,1,West Ham,2026-02-21,3,198.0,0.0,0.0,1.46,1.22,7.0,1.0
2026-02-21:west ham:bournemouth,west ham,GKP,1,West Ham,2026-02-21,1,90.0,0.0,0.0,0.0,0.0,10.0,1.0
2026-02-21:west ham:bournemouth,west ham,MID,1,West Ham,2026-02-21,5,340.0,0.0,0.0,1.14,0.39,14.0,1.0
2026-02-22:crystal palace:wolves,crystal palace,DEF,1,Crystal Palace,2026-02-22,5,431.0,0.0,1.0,0.74,0.17,36.0,1.0
2026-02-22:crystal palace:wolves,crystal palace,FWD,1,Crystal Palace,2026-02-22,1,90.0,0.0,0.0,0.04,0.02,2.0,1.0
2026-02-22:crystal palace:wolves,crystal palace,GKP,1,Crystal Palace,2026-02-22,1,90.0,0.0,0.0,0.0,0.0,16.0,1.0
2026-02-22:crystal palace:wolves,crystal palace,MID,1,Crystal Palace,2026-02-22,7,377.0,1.0,0.0,1.21,0.63,15.0,1.0
2026-02-22:crystal palace:wolves,wolves,DEF,0,Wolves,2026-02-22,6,447.0,0.0,0.0,0.12000000000000001,0.65,12.0,0.0
2026-02-22:crystal palace:wolves,wolves,FWD,0,Wolves,2026-02-22,3,242.0,0.0,0.0,1.25,0.48000000000000004,4.0,1.0
2026-02-22:crystal palace:wolves,wolves,GKP,0,Wolves,2026-02-22,1,90.0,0.0,0.0,0.0,0.0,2.0,0.0
2026-02-22:crystal palace:wolves,wolves,MID,0,Wolves,2026-02-22,4,180.0,0.0,0.0,0.26,0.02,8.0,1.0
2026-02-22:nottm forest:liverpool,liverpool,DEF,0,Liverpool,2026-02-22,5,276.0,0.0,1.0,0.13,0.08,28.0,1.0
2026-02-22:nottm forest:liverpool,liverpool,FWD,0,Liverpool,2026-02-22,1,90.0,0.0,0.0,0.71,0.0,2.0,1.0
2026-02-22:nottm forest:liverpool,liverpool,GKP,0,Liverpool,2026-02-22,1,90.0,0.0,0.0,0.0,0.0,7.0,1.0
2026-02-22:nottm forest:liverpool,liverpool,MID,0,Liverpool,2026-02-22,8,530.0,1.0,0.0,0.97,1.08,30.0,1.0
2026-02-22:nottm forest:liverpool,nottm forest,DEF,1,Nott'm Forest,2026-02-22,4,360.0,0.0,0.0,0.19,0.04,11.0,0.0
2026-02-22:nottm forest:liverpool,nottm forest,FWD,1,Nott'm Forest,2026-02-22,2,89.0,0.0,0.0,0.03,0.02,3.0,1.0
2026-02-22:nottm forest:liverpool,nottm forest,GKP,1,Nott'm Forest,2026-02-22,1,90.0,0.0,0.0,0.0,0.0,3.0,0.0
2026-02-22:nottm forest:liverpool,nottm forest,MID,1,Nott'm Forest,2026-02-22,9,448.0,0.0,0.0,0.96,0.44,21.0,1.0
2026-02-22:spurs:arsenal,arsenal,DEF,0,Arsenal,2026-02-22,5,359.0,0.0,1.0,0.26,0.51,12.0,0.0
2026-02-22:spurs:arsenal,arsenal,FWD,0,Arsenal,2026-02-22,1,90.0,2.0,0.0,0.32,0.36,13.0,0.0
2026-02-22:spurs:arsenal,arsenal,GKP,0,Arsenal,2026-02-22,1,90.0,0.0,0.0,0.0,0.0,3.0,0.0
2026-02-22:spurs:arsenal,arsenal,MID,0,Arsenal,2026-02-22,8,449.0,2.0,2.0,1.48,0.54,33.0,0.0
2026-02-22:spurs:arsenal,spurs,DEF,1,Spurs,2026-02-22,3,270.0,0.0,0.0,0.0,0.35,2.0,0.0
2026-02-22:spurs:arsenal,spurs,FWD,1,Spurs,2026-02-22,3,117.0,1.0,0.0,0.63,0.01,9.0,0.0
2026-02-22:spurs:arsenal,spurs,GKP,1,Spurs,2026-02-22,1,90.0,0.0,0.0,0.0,0.0,0.0,0.0
2026-02-22:spurs:arsenal,spurs,MID,1,Spurs,2026-02-22,7,510.0,0.0,0.0,0.13,0.18000000000000002,17.0,0.0
2026-02-22:sunderland:fulham,fulham,DEF,0,Fulham,2026-02-22,5,271.0,0.0,1.0,0.1,0.01,17.0,0.0
2026-02-22:sunderland:fulham,fulham,FWD,0,Fulham,2026-02-22,2,89.0,2.0,0.0,1.03,0.12,12.0,1.0
2026-02-22:sunderland:fulham,fulham,GKP,0,Fulham,2026-02-22,1,90.0,0.0,0.0,0.0,0.0,2.0,0.0
2026-02-22:sunderland:fulham,fulham,MID,0,Fulham,2026-02-22,8,536.0,1.0,2.0,0.75,0.51,32.0,0.0
2026-02-22:sunderland:fulham,sunderland,DEF,1,Sunderland,2026-02-22,5,359.0,0.0,1.0,0.13,0.21000000000000002,8.0,0.0
2026-02-22:sunderland:fulham,sunderland,FWD,1,Sunderland,2026-02-22,3,109.0,0.0,0.0,0.18,0.27,3.0,0.0
2026-02-22:sunderland:fulham,sunderland,GKP,1,Sunderland,2026-02-22,1,90.0,0.0,0.0,0.0,0.03,1.0,0.0
2026-02-22:sunderland:fulham,sunderland,MID,1,Sunderland,2026-02-22,7,427.0,1.0,0.0,1.54,0.42000000000000004,19.0,0.0
2026-02-23:everton:man utd,everton,DEF,1,Everton,2026-02-23,3,270.0,0.0,0.0,0.25,0.06,5.0,0.0
2026-02-23:everton:man utd,everton,FWD,1,Everton,2026-02-23,2,101.0,0.0,0.0,0.0,0.02,3.0,0.0
2026-02-23:everton:man utd,everton,GKP,1,Everton,2026-02-23,1,90.0,0.0,0.0,0.0,0.0,1.0,0.0
2026-02-23:everton:man utd,everton,MID,1,Everton,2026-02-23,7,527.0,0.0,0.0,0.38,0.47,15.0,0.0
2026-02-23:everton:man utd,man utd,DEF,0,Man Utd,2026-02-23,6,373.0,0.0,0.0,0.07,0.09999999999999999,27.0,1.0
2026-02-23:everton:man utd,man utd,FWD,0,Man Utd,2026-02-23,1,32.0,1.0,0.0,0.41,0.0,8.0,0.0
2026-02-23:everton:man utd,man utd,GKP,0,Man Utd,2026-02-23,1,90.0,0.0,0.0,0.0,0.0,9.0,1.0
2026-02-23:everton:man utd,man utd,MID,0,Man Utd,2026-02-23,6,494.0,0.0,1.0,0.78,0.36,20.0,1.0
2026-02-27:wolves:aston villa,aston villa,DEF,0,Aston Villa,2026-02-27,5,359.0,0.0,0.0,0.24000000000000002,0.26,5.0,0.0
2026-02-27:wolves:aston villa,aston villa,FWD,0,Aston Villa,2026-02-27,2,105.0,0.0,0.0,0.18,0.03,3.0,0.0
2026-02-27:wolves:aston villa,aston villa,GKP,0,Aston Villa,2026-02-27,1,90.0,0.0,0.0,0.0,0.0,1.0,0.0
2026-02-27:wolves:aston villa,aston villa,MID,0,Aston Villa,2026-02-27,8,431.0,0.0,0.0,0.62,0.3,9.0,0.0
2026-02-27:wolves:aston villa,wolves,DEF,1,Wolves,2026-02-27,6,451.0,1.0,0.0,0.48000000000000004,0.08,42.0,1.0
2026-02-27:wolves:aston villa,wolves,FWD,1,Wolves,2026-02-27,3,189.0,0.0,1.0,0.09,0.03,7.0,1.0
2026-02-27:wolves:aston villa,wolves,GKP,1,Wolves,2026-02-27,1,90.0,0.0,0.0,0.0,0.0,8.0,1.0
2026-02-27:wolves:aston villa,wolves,MID,1,Wolves,2026-02-27,4,259.0,1.0,1.0,0.29,0.05,22.0,1.0
2026-02-28:bournemouth:sunderland,bournemouth,DEF,1,Bournemouth,2026-02-28,4,360.0,0.0,0.0,0.09,0.28,12.0,0.0
2026-02-28:bournemouth:sunderland,bournemouth,FWD,1,Bournemouth,2026-02-28,3,128.0,1.0,0.0,0.71,0.04,9.0,0.0
2026-02-28:bournemouth:sunderland,bournemouth,GKP,1,Bournemouth,2026-02-28,1,90.0,0.0,0.0,0.0,0.0,3.0,0.0
2026-02-28:bournemouth:sunderland,bournemouth,MID,1,Bournemouth,2026-02-28,8,408.0,0.0,1.0,0.89,0.6699999999999999,15.0,0.0
2026-02-28:bournemouth:sunderland,sunderland,DEF,0,Sunderland,2026-02-28,4,360.0,0.0,0.0,0.13,0.02,14.0,0.0
2026-02-28:bournemouth:sunderland,sunderland,FWD,0,Sunderland,2026-02-28,2,91.0,1.0,0.0,0.99,0.02,10.0,0.0
2026-02-28:bournemouth:sunderland,sunderland,GKP,0,Sunderland,2026-02-28,1,90.0,0.0,0.0,0.0,0.0,2.0,0.0
2026-02-28:bournemouth:sunderland,sunderland,MID,0,Sunderland,2026-02-28,7,448.0,0.0,1.0,0.33000000000000007,0.18,14.0,0.0
2026-02-28:burnley:brentford,brentford,DEF,0,Brentford,2026-02-28,5,378.0,0.0,2.0,0.28,0.35000000000000003,11.0,0.0
2026-02-28:burnley:brentford,brentford,FWD,0,Brentford,2026-02-28,1,90.0,1.0,0.0,0.58,0.03,6.0,0.0
2026-02-28:burnley:brentford,brentford,GKP,0,Brentford,2026-02-28,1,90.0,0.0,0.0,0.0,0.0,1.0,0.0
2026-02-28:burnley:brentford,brentford,MID,0,Brentford,2026-02-28,7,429.0,3.0,2.0,1.48,0.52,35.0,0.0
2026-02-28:burnley:brentford,burnley,DEF,1,Burnley,2026-02-28,4,360.0,0.0,0.0,0.16999999999999998,0.38,3.0,0.0
2026-02-28:burnley:brentford,burnley,FWD,1,Burnley,2026-02-28,3,136.0,1.0,0.0,0.32,0.030000000000000002,7.0,0.0
2026-02-28:burnley:brentford,burnley,GKP,1,Burnley,2026-02-28,1,90.0,0.0,0.0,0.0,0.01,0.0,0.0
2026-02-28:burnley:brentford,burnley,MID,1,Burnley,2026-02-28,8,403.0,1.0,3.0,0.48000000000000004,0.36,27.0,0.0
2026-02-28:leeds:man city,leeds,DEF,1,Leeds,2026-02-28,6,430.0,0.0,0.0,0.1,0.41,11.0,0.0
2026-02-28:leeds:man city,leeds,FWD,1,Leeds,2026-02-28,3,118.0,0.0,0.0,0.78,0.03,4.0,0.0
2026-02-28:leeds:man city,leeds,GKP,1,Leeds,2026-02-28,1,90.0,0.0,0.0,0.0,0.0,3.0,0.0
2026-02-28:leeds:man city,leeds,MID,1,Leeds,2026-02-28,6,347.0,0.0,0.0,0.6100000000000001,0.43,12.0,0.0
2026-02-28:leeds:man city,man city,DEF,0,Man City,2026-02-28,6,431.0,0.0,1.0,0.72,0.8400000000000001,41.0,1.0
2026-02-28:leeds:man city,man city,GKP,0,Man City,2026-02-28,1,90.0,0.0,0.0,0.0,0.0,5.0,1.0
2026-02-28:leeds:man city,man city,MID,0,Man City,2026-02-28,7,466.0,1.0,0.0,1.28,0.52,21.0,1.0
2026-02-28:liverpool:west ham,liverpool,DEF,1,Liverpool,2026-02-28,5,359.0,1.0,1.0,0.25,0.34,14.0,0.0
2026-02-28:liverpool:west ham,liverpool,FWD,1,Liverpool,2026-02-28,1,75.0,1.0,2.0,0.21,0.14,15.0,0.0
2026-02-28:liverpool:west ham,liverpool,GKP,1,Liverpool,2026-02-28,1,90.0,0.0,0.0,0.0,0.0,2.0,0.0
2026-02-28:liverpool:west ham,liverpool,MID,1,Liverpool,2026-02-28,7,463.0,2.0,2.0,1.38,0.8200000000000001,28.0,0.0
2026-02-28:liverpool:west ham,west ham,DEF,0,West Ham,2026-02-28,5,360.0,0.0,1.0,0.43,0.41000000000000003,4.0,0.0
2026-02-28:liverpool:west ham,west ham,FWD,0,West Ham,2026-02-28,2,180.0,1.0,1.0,0.29,0.29000000000000004,14.0,0.0
2026-02-28:liverpool:west ham,west ham,GKP,0,West Ham,2026-02-28,1,90.0,0.0,0.0,0.0,0.0,0.0,0.0
2026-02-28:liverpool:west ham,west ham,MID,0,West Ham,2026-02-28,6,359.0,1.0,0.0,1.14,0.13,13.0,0.0
2026-02-28:newcastle:everton,everton,DEF,0,Everton,2026-02-28,5,361.0,1.0,0.0,0.04,0.17,17.0,0.0
2026-02-28:newcastle:everton,everton,FWD,0,Everton,2026-02-28,2,89.0,2.0,0.0,1.9300000000000002,0.01,15.0,0.0
2026-02-28:newcastle:everton,everton,GKP,0,Everton,2026-02-28,1,90.0,0.0,0.0,0.0,0.01,2.0,0.0
2026-02-28:newcastle:everton,everton,MID,0,Everton,2026-02-28,6,447.0,0.0,3.0,0.18,0.72,25.0,0.0
2026-02-28:newcastle:everton,newcastle,DEF,1,Newcastle,2026-02-28,4,344.0,0.0,0.0,0.37,0.23000000000000004,3.0,0.0
2026-02-28:newcastle:everton,newcastle,FWD,1,Newcastle,2026-02-28,3,74.0,0.0,0.0,0.07,0.01,3.0,0.0
2026-02-28:newcastle:everton,newcastle,GKP,1,Newcastle,2026-02-28,1,90.0,0.0,0.0,0.0,0.0,1.0,0.0
2026-02-28:newcastle:everton,newcastle,MID,1,Newcastle,2026-02-28,8,478.0,2.0,2.0,0.59,0.43,27.0,0.0
2026-03-01:arsenal:chelsea,arsenal,DEF,1,Arsenal,2026-03-01,4,360.0,2.0,1.0,0.7,0.58,27.0,0.0
2026-03-01:arsenal:chelsea,arsenal,FWD,1,Arsenal,2026-03-01,2,89.0,0.0,0.0,0.03,0.05,3.0,0.0
2026-03-01:arsenal:chelsea,arsenal,GKP,1,Arsenal,2026-03-01,1,90.0,0.0,0.0,0.0,0.01,3.0,0.0
2026-03-01:arsenal:chelsea,arsenal,MID,1,Arsenal,2026-03-01,7,448.0,0.0,1.0,0.4,0.88,14.0,0.0
2026-03-01:arsenal:chelsea,chelsea,DEF,0,Chelsea,2026-03-01,6,359.0,0.0,1.0,0.35,0.6799999999999999,10.0,0.0
2026-03-01:arsenal:chelsea,chelsea,FWD,0,Chelsea,2026-03-01,2,94.0,0.0,0.0,0.57,0.01,3.0,0.0
2026-03-01:arsenal:chelsea,chelsea,GKP,0,Chelsea,2026-03-01,1,90.0,0.0,0.0,0.0,0.0,2.0,0.0
2026-03-01:arsenal:chelsea,chelsea,MID,0,Chelsea,2026-03-01,7,422.0,0.0,0.0,0.13,0.1,9.0,0.0
2026-03-01:brighton:nottm forest,brighton,DEF,1,Brighton,2026-03-01,5,290.0,0.0,0.0,0.03,0.13,9.0,0.0
2026-03-01:brighton:nottm forest,brighton,FWD,1,Brighton,2026-03-01,1,90.0,1.0,0.0,0.38,0.28,9.0,0.0
2026-03-01:brighton:nottm forest,brighton,GKP,1,Brighton,2026-03-01,1,90.0,0.0,0.0,0.0,0.0,3.0,0.0
2026-03-01:brighton:nottm forest,brighton,MID,1,Brighton,2026-03-01,8,518.0,1.0,2.0,0.9,0.9,25.0,0.0
2026-03-01:brighton:nottm forest,nottm forest,DEF,0,Nott'm Forest,2026-03-01,6,384.0,0.0,0.0,0.14,0.06999999999999999,5.0,0.0
2026-03-01:brighton:nottm forest,nottm forest,FWD,0,Nott'm Forest,2026-03-01,2,89.0,0.0,1.0,0.32,0.04,6.0,0.0
2026-03-01:brighton:nottm forest,nottm forest,GKP,0,Nott'm Forest,2026-03-01,1,90.0,0.0,0.0,0.0,0.0,2.0,0.0
2026-03-01:brighton:nottm forest,nottm forest,MID,0,Nott'm Forest,2026-03-01,7,422.0,1.0,0.0,0.47,0.44,17.0,0.0
2026-03-01:fulham:spurs,fulham,DEF,1,Fulham,2026-03-01,4,271.0,0.0,0.0,0.45,0.33999999999999997,5.0,0.0
2026-03-01:fulham:spurs,fulham,FWD,1,Fulham,2026-03-01,2,89.0,0.0,0.0,0.53,0.02,3.0,0.0
2026-03-01:fulham:spurs,fulham,GKP,1,Fulham,2026-03-01,1,90.0,0.0,0.0,0.0,0.0,2.0,0.0
2026-03-01:fulham:spurs,fulham,MID,1,Fulham,2026-03-01,9,537.0,2.0,2.0,1.1600000000000001,0.62,37.0,0.0
2026-03-01:fulham:spurs,spurs,DEF,0,Spurs,2026-03-01,5,280.0,0.0,0.0,0.21000000000000002,0.11,5.0,0.0
2026-03-01:fulham:spurs,spurs,FWD,0,Spurs,2026-03-01,3,179.0,1.0,0.0,0.24,0.07,8.0,0.0
2026-03-01:fulham:spurs,spurs,GKP,0,Spurs,2026-03-01,1,90.0,0.0,0.0,0.0,0.0,1.0,0.0
2026-03-01:fulham:spurs,spurs,MID,0,Spurs,2026-03-01,7,437.0,0.0,1.0,0.42,0.36,13.0,0.0
2026-03-01:man utd:crystal palace,crystal palace,DEF,0,Crystal Palace,2026-03-01,6,447.0,1.0,0.0,0.03,0.14,10.0,0.0
2026-03-01:man utd:crystal palace,crystal palace,FWD,0,Crystal Palace,2026-03-01,1,57.0,0.0,0.0,0.19,0.01,1.0,0.0
2026-03-01:man utd:crystal palace,crystal palace,GKP,0,Crystal Palace,2026-03-01,1,90.0,0.0,0.0,0.0,0.0,3.0,0.0
2026-03-01:man utd:crystal palace,crystal palace,MID,0,Crystal Palace,2026-03-01,7,357.0,0.0,1.0,0.16,0.13999999999999999,12.0,0.0
2026-03-01:man utd:crystal palace,man utd,DEF,1,Man Utd,2026-03-01,6,358.0,0.0,0.0,0.1,0.16999999999999998,13.0,1.0
2026-03-01:man utd:crystal palace,man utd,FWD,1,Man Utd,2026-03-01,2,78.0,1.0,0.0,0.59,0.02,9.0,0.0
2026-03-01:man utd:crystal palace,man utd,GKP,1,Man Utd,2026-03-01,1,90.0,0.0,0.0,0.0,0.0,2.0,0.0
2026-03-01:man utd:crystal palace,man utd,MID,1,Man Utd,2026-03-01,6,460.0,1.0,2.0,1.3599999999999999,1.01,27.0,0.0
2026-03-03:bournemouth:brentford,bournemouth,DEF,1,Bournemouth,2026-03-03,4,360.0,0.0,0.0,0.19,0.9,35.0,1.0
2026-03-03:bournemouth:brentford,bournemouth,FWD,1,Bournemouth,2026-03-03,3,105.0,0.0,0.0,0.13,0.25,4.0,1.0
2026-03-03:bournemouth:brentford,bournemouth,GKP,1,Bournemouth,2026-03-03,1,90.0,0.0,0.0,0.0,0.0,6.0,1.0
2026-03-03:bournemouth:brentford,bournemouth,MID,1,Bournemouth,2026-03-03,6,432.0,0.0,0.0,1.6,0.56,16.0,1.0
2026-03-03:bournemouth:brentford,brentford,DEF,0,Brentford,2026-03-03,6,362.0,0.0,0.0,0.1,0.17,26.0,1.0
2026-03-03:bournemouth:brentford,brentford,FWD,0,Brentford,2026-03-03,1,90.0,0.0,0.0,0.0,0.04,2.0,1.0
2026-03-03:bournemouth:brentford,brentford,GKP,0,Brentford,2026-03-03,1,90.0,0.0,0.0,0.0,0.0,6.0,1.0
2026-03-03:bournemouth:brentford,brentford,MID,0,Brentford,2026-03-03,6,445.0,0.0,0.0,0.29000000000000004,0.38,17.0,1.0
2026-03-03:everton:burnley,burnley,DEF,0,Burnley,2026-03-03,5,416.0,0.0,0.0,0.02,0.03,8.0,0.0
2026-03-03:everton:burnley,burnley,FWD,0,Burnley,2026-03-03,2,97.0,0.0,0.0,0.71,0.01,3.0,0.0
2026-03-03:everton:burnley,burnley,GKP,0,Burnley,2026-03-03,1,90.0,0.0,0.0,0.0,0.0,2.0,0.0
2026-03-03:everton:burnley,burnley,MID,0,Burnley,2026-03-03,7,383.0,0.0,0.0,0.06,0.09,12.0,0.0
2026-03-03:everton:burnley,everton,DEF,1,Everton,2026-03-03,5,359.0,1.0,0.0,0.19,0.07,34.0,1.0
2026-03-03:everton:burnley,everton,FWD,1,Everton,2026-03-03,2,89.0,0.0,0.0,0.28,0.0,3.0,1.0
2026-03-03:everton:burnley,everton,GKP,1,Everton,2026-03-03,1,90.0,0.0,0.0,0.0,0.0,6.0,1.0
2026-03-03:everton:burnley,everton,MID,1,Everton,2026-03-03,8,449.0,1.0,2.0,0.83,0.78,36.0,1.0
2026-03-03:leeds:sunderland,leeds,DEF,1,Leeds,2026-03-03,6,425.0,0.0,0.0,0.55,0.16,11.0,0.0
2026-03-03:leeds:sunderland,leeds,FWD,1,Leeds,2026-03-03,3,124.0,0.0,0.0,0.24,0.14,4.0,0.0
2026-03-03:leeds:sunderland,leeds,GKP,1,Leeds,2026-03-03,1,90.0,0.0,0.0,0.0,0.0,2.0,0.0
2026-03-03:leeds:sunderland,leeds,MID,1,Leeds,2026-03-03,6,346.0,0.0,0.0,0.35000000000000003,0.35000000000000003,12.0,1.0
2026-03-03:leeds:sunderland,sunderland,DEF,0,Sunderland,2026-03-03,5,414.0,0.0,0.0,0.01,0.06,30.0,1.0
2026-03-03:leeds:sunderland,sunderland,FWD,0,Sunderland,2026-03-03,2,89.0,0.0,1.0,0.06,0.0,5.0,0.0
2026-03-03:leeds:sunderland,sunderland,GKP,0,Sunderland,2026-03-03,1,90.0,0.0,0.0,0.0,0.0,10.0,1.0
2026-03-03:leeds:sunderland,sunderland,MID,0,Sunderland,2026-03-03,7,399.0,1.0,0.0,0.79,0.06,21.0,1.0
2026-03-03:wolves:liverpool,liverpool,DEF,0,Liverpool,2026-03-03,6,346.0,0.0,0.0,0.47,0.33,16.0,1.0
2026-03-03:wolves:liverpool,liverpool,FWD,0,Liverpool,2026-03-03,1,90.0,0.0,0.0,0.06,0.39,2.0,0.0
2026-03-03:wolves:liverpool,liverpool,GKP,0,Liverpool,2026-03-03,1,90.0,0.0,0.0,0.0,0.0,1.0,0.0
2026-03-03:wolves:liverpool,liverpool,MID,0,Liverpool,2026-03-03,8,460.0,1.0,0.0,1.32,0.7,22.0,1.0
2026-03-03:wolves:liverpool,wolves,DEF,1,Wolves,2026-03-03,8,468.0,1.0,1.0,0.35,0.04,26.0,1.0
2026-03-03:wolves:liverpool,wolves,FWD,1,Wolves,2026-03-03,3,158.0,0.0,1.0,0.0,0.02,7.0,1.0
2026-03-03:wolves:liverpool,wolves,GKP,1,Wolves,2026-03-03,1,90.0,0.0,0.0,0.0,0.0,3.0,0.0
2026-03-03:wolves:liverpool,wolves,MID,1,Wolves,2026-03-03,4,269.0,1.0,0.0,0.09,0.07,17.0,0.0
2026-03-04:aston villa:chelsea,aston villa,DEF,1,Aston Villa,2026-03-04,5,360.0,0.0,0.0,0.0,0.04,-1.0,0.0
2026-03-04:aston villa:chelsea,aston villa,FWD,1,Aston Villa,2026-03-04,2,89.0,0.0,0.0,0.45,0.0,2.0,0.0
2026-03-04:aston villa:chelsea,aston villa,GKP,1,Aston Villa,2026-03-04,1,90.0,0.0,0.0,0.0,0.01,1.0,0.0
2026-03-04:aston villa:chelsea,aston villa,MID,1,Aston Villa,2026-03-04,8,447.0,1.0,1.0,0.33,0.98,20.0,0.0
2026-03-04:aston villa:chelsea,chelsea,DEF,0,Chelsea,2026-03-04,7,444.0,0.0,1.0,0.33,0.6399999999999999,15.0,0.0
2026-03-04:aston villa:chelsea,chelsea,FWD,0,Chelsea,2026-03-04,2,89.0,3.0,1.0,2.61,0.0,20.0,0.0
2026-03-04:aston villa:chelsea,chelsea,GKP,0,Chelsea,2026-03-04,1,90.0,0.0,0.0,0.0,0.0,3.0,0.0
2026-03-04:aston villa:chelsea,chelsea,MID,0,Chelsea,2026-03-04,6,362.0,1.0,2.0,0.65,1.63,23.0,0.0
2026-03-04:brighton:arsenal,arsenal,DEF,0,Arsenal,2026-03-04,5,359.0,0.0,1.0,0.0,0.07,39.0,1.0
2026-03-04:brighton:arsenal,arsenal,FWD,0,Arsenal,2026-03-04,2,89.0,0.0,0.0,0.1,0.02,2.0,0.0
2026-03-04:brighton:arsenal,arsenal,GKP,0,Arsenal,2026-03-04,1,90.0,0.0,0.0,0.0,0.0,7.0,1.0
2026-03-04:brighton:arsenal,arsenal,MID,0,Arsenal,2026-03-04,7,448.0,1.0,0.0,0.36,0.22000000000000003,21.0,1.0
2026-03-04:brighton:arsenal,brighton,DEF,1,Brighton,2026-03-04,4,283.0,0.0,0.0,0.0,0.27,5.0,0.0
2026-03-04:brighton:arsenal,brighton,FWD,1,Brighton,2026-03-04,1,21.0,0.0,0.0,0.0,0.0,1.0,0.0
2026-03-04:brighton:arsenal,brighton,GKP,1,Brighton,2026-03-04,1,90.0,0.0,0.0,0.0,0.0,2.0,0.0
2026-03-04:brighton:arsenal,brighton,MID,1,Brighton,2026-03-04,10,592.0,0.0,0.0,0.81,0.30000000000000004,18.0,0.0
2026-03-04:fulham:west ham,fulham,DEF,1,Fulham,2026-03-04,5,359.0,0.0,0.0,0.22,0.22,7.0,0.0
2026-03-04:fulham:west ham,fulham,FWD,1,Fulham,2026-03-04,2,89.0,0.0,0.0,0.2,0.05,2.0,0.0
2026-03-04:fulham:west ham,fulham,GKP,1,Fulham,2026-03-04,1,90.0,0.0,0.0,0.0,0.0,3.0,0.0
2026-03-04:fulham:west ham,fulham,MID,1,Fulham,2026-03-04,8,447.0,0.0,0.0,0.46,0.44,17.0,1.0
2026-03-04:fulham:west ham,west ham,DEF,0,West Ham,2026-03-04,5,361.0,0.0,0.0,0.0,0.14,29.0,1.0
2026-03-04:fulham:west ham,west ham,FWD,0,West Ham,2026-03-04,3,236.0,0.0,1.0,0.83,0.15,7.0,1.0
2026-03-04:fulham:west ham,west ham,GKP,0,West Ham,2026-03-04,1,90.0,0.0,0.0,0.0,0.0,9.0,1.0
2026-03-04:fulham:west ham,west ham,MID,0,West Ham,2026-03-04,6,303.0,1.0,0.0,0.26,0.4,18.0,1.0
2026-03-04:man city:nottm forest,man city,DEF,1,Man City,2026-03-04,5,359.0,0.0,1.0,0.24,0.45000000000000007,8.0,0.0
2026-03-04:man city:nottm forest,man city,FWD,1,Man City,2026-03-04,1,90.0,0.0,0.0,0.1,0.03,2.0,0.0
2026-03-04:man city:nottm forest,man city,GKP,1,Man City,2026-03-04,1,90.0,0.0,0.0,0.0,0.0,1.0,0.0
2026-03-04:man city:nottm forest,man city,MID,1,Man City,2026-03-04,7,448.0,2.0,1.0,1.77,1.45,27.0,0.0
2026-03-04:man city:nottm forest,nottm forest,DEF,0,Nott'm Forest,2026-03-04,6,450.0,0.0,0.0,0.0,0.02,6.0,0.0
2026-03-04:man city:nottm forest,nottm forest,FWD,0,Nott'm Forest,2026-03-04,2,89.0,0.0,1.0,0.05,0.16,6.0,0.0
2026-03-04:man city:nottm forest,nottm forest,GKP,0,Nott'm Forest,2026-03-04,1,90.0,0.0,0.0,0.0,0.0,1.0,0.0
2026-03-04:man city:nottm forest,nottm forest,MID,0,Nott'm Forest,2026-03-04,6,360.0,2.0,1.0,0.9199999999999999,0.16,28.0,0.0
2026-03-04:newcastle:man utd,man utd,DEF,0,Man Utd,2026-03-04,6,358.0,0.0,0.0,0.32,0.18000000000000002,6.0,0.0
2026-03-04:newcastle:man utd,man utd,FWD,0,Man Utd,2026-03-04,2,103.0,0.0,0.0,0.34,0.03,3.0,0.0
2026-03-04:newcastle:man utd,man utd,GKP,0,Man Utd,2026-03-04,1,90.0,0.0,0.0,0.0,0.0,2.0,0.0
2026-03-04:newcastle:man utd,man utd,MID,0,Man Utd,2026-03-04,7,434.0,1.0,1.0,0.8300000000000001,1.44,23.0,0.0
2026-03-04:newcastle:man utd,newcastle,DEF,1,Newcastle,2026-03-04,5,361.0,0.0,1.0,0.65,0.09,15.0,0.0
2026-03-04:newcastle:man utd,newcastle,FWD,1,Newcastle,2026-03-04,1,5.0,1.0,0.0,0.05,0.0,7.0,0.0
2026-03-04:newcastle:man utd,newcastle,GKP,1,Newcastle,2026-03-04,1,90.0,0.0,0.0,0.0,0.0,3.0,0.0
2026-03-04:newcastle:man utd,newcastle,MID,1,Newcastle,2026-03-04,8,488.0,1.0,0.0,1.79,0.97,13.0,0.0
2026-03-05:spurs:crystal palace,crystal palace,DEF,0,Crystal Palace,2026-03-05,6,449.0,0.0,0.0,0.22999999999999998,0.14,12.0,0.0
2026-03-05:spurs:crystal palace,crystal palace,FWD,0,Crystal Palace,2026-03-05,2,89.0,1.0,0.0,0.27,0.12,6.0,0.0
2026-03-05:spurs:crystal palace,crystal palace,GKP,0,Crystal Palace,2026-03-05,1,90.0,0.0,0.0,0.0,0.0,3.0,0.0
2026-03-05:spurs:crystal palace,crystal palace,MID,0,Crystal Palace,2026-03-05,6,358.0,2.0,2.0,1.2799999999999998,0.67,31.0,0.0
2026-03-05:spurs:crystal palace,spurs,DEF,1,Spurs,2026-03-05,4,242.0,0.0,0.0,0.16,0.02,1.0,0.0
2026-03-05:spurs:crystal palace,spurs,FWD,1,Spurs,2026-03-05,3,131.0,1.0,0.0,0.95,0.0,9.0,0.0
2026-03-05:spurs:crystal palace,spurs,GKP,1,Spurs,2026-03-05,1,90.0,0.0,0.0,0.0,0.0,1.0,0.0
2026-03-05:spurs:crystal palace,spurs,MID,1,Spurs,2026-03-05,7,470.0,0.0,1.0,0.48,0.8900000000000001,14.0,0.0
2026-03-14:arsenal:everton,arsenal,DEF,1,Arsenal,2026-03-14,6,358.0,0.0,1.0,0.18,0.31999999999999995,32.0,1.0
2026-03-14:arsenal:everton,arsenal,FWD,1,Arsenal,2026-03-14,2,89.0,1.0,0.0,1.0,0.03,9.0,1.0
2026-03-14:arsenal:everton,arsenal,GKP,1,Arsenal,2026-03-14,1,90.0,0.0,0.0,0.0,0.0,7.0,1.0
2026-03-14:arsenal:everton,arsenal,MID,1,Arsenal,2026-03-14,7,448.0,1.0,1.0,1.54,0.63,25.0,1.0
2026-03-14:arsenal:everton,everton,DEF,0,Everton,2026-03-14,3,270.0,0.0,0.0,0.06,0.02,7.0,0.0
2026-03-14:arsenal:everton,everton,FWD,0,Everton,2026-03-14,2,89.0,0.0,0.0,0.11,0.0,3.0,1.0
2026-03-14:arsenal:everton,everton,GKP,0,Everton,2026-03-14,1,90.0,0.0,0.0,0.0,0.0,2.0,0.0
2026-03-14:arsenal:everton,everton,MID,0,Everton,2026-03-14,9,539.0,0.0,0.0,0.9,0.11,21.0,1.0
2026-03-14:burnley:bournemouth,bournemouth,DEF,0,Bournemouth,2026-03-14,5,359.0,0.0,0.0,0.41000000000000003,0.49,38.0,1.0
2026-03-14:burnley:bournemouth,bournemouth,FWD,0,Bournemouth,2026-03-14,3,172.0,0.0,0.0,1.5,0.25,5.0,1.0
2026-03-14:burnley:bournemouth,bournemouth,GKP,0,Bournemouth,2026-03-14,1,90.0,0.0,0.0,0.0,0.0,6.0,1.0
2026-03-14:burnley:bournemouth,bournemouth,MID,0,Bournemouth,2026-03-14,6,365.0,0.0,0.0,0.65,0.81,18.0,1.0
2026-03-14:burnley:bournemouth,burnley,DEF,1,Burnley,2026-03-14,6,358.0,0.0,0.0,0.1,0.05,26.0,1.0
2026-03-14:burnley:bournemouth,burnley,FWD,1,Burnley,2026-03-14,3,154.0,0.0,0.0,0.95,0.09,5.0,1.0
2026-03-14:burnley:bournemouth,burnley,GKP,1,Burnley,2026-03-14,1,90.0,0.0,0.0,0.0,0.0,6.0,1.0
2026-03-14:burnley:bournemouth,burnley,MID,1,Burnley,2026-03-14,6,383.0,0.0,0.0,0.36000000000000004,0.45,15.0,1.0
2026-03-14:chelsea:newcastle,chelsea,DEF,1,Chelsea,2026-03-14,6,404.0,0.0,0.0,0.32999999999999996,0.6000000000000001,11.0,0.0
2026-03-14:chelsea:newcastle,chelsea,FWD,1,Chelsea,2026-03-14,2,135.0,0.0,0.0,0.52,0.02,3.0,0.0
2026-03-14:chelsea:newcastle,chelsea,GKP,1,Chelsea,2026-03-14,1,90.0,0.0,0.0,0.0,0.0,3.0,0.0
2026-03-14:chelsea:newcastle,chelsea,MID,1,Chelsea,2026-03-14,5,359.0,0.0,0.0,0.54,0.72,8.0,0.0
2026-03-14:chelsea:newcastle,newcastle,DEF,0,Newcastle,2026-03-14,5,373.0,0.0,0.0,0.16,0.33999999999999997,31.0,1.0
2026-03-14:chelsea:newcastle,newcastle,FWD,0,Newcastle,2026-03-14,1,66.0,0.0,0.0,0.0,0.0,2.0,1.0
2026-03-14:chelsea:newcastle,newcastle,GKP,0,Newcastle,2026-03-14,1,90.0,0.0,0.0,0.0,0.0,7.0,1.0
2026-03-14:chelsea:newcastle,newcastle,MID,0,Newcastle,2026-03-14,7,458.0,1.0,1.0,1.2400000000000002,0.35,28.0,1.0
2026-03-14:sunderland:brighton,brighton,DEF,0,Brighton,2026-03-14,5,285.0,0.0,0.0,0.26,0.05,30.0,1.0
2026-03-14:sunderland:brighton,brighton,FWD,0,Brighton,2026-03-14,1,90.0,0.0,0.0,0.11,0.1,2.0,1.0
2026-03-14:sunderland:brighton,brighton,GKP,0,Brighton,2026-03-14,1,90.0,0.0,0.0,0.0,0.0,7.0,1.0
2026-03-14:sunderland:brighton,brighton,MID,0,Brighton,2026-03-14,8,525.0,1.0,1.0,1.32,1.25,34.0,1.0
2026-03-14:sunderland:brighton,sunderland,DEF,1,Sunderland,2026-03-14,6,364.0,0.0,0.0,0.41000000000000003,0.07,12.0,0.0
2026-03-14:sunderland:brighton,sunderland,FWD,1,Sunderland,2026-03-14,2,89.0,0.0,0.0,0.13,0.0,3.0,0.0
2026-03-14:sunderland:brighton,sunderland,GKP,1,Sunderland,2026-03-14,1,90.0,0.0,0.0,0.0,0.02,3.0,0.0
2026-03-14:sunderland:brighton,sunderland,MID,1,Sunderland,2026-03-14,5,444.0,0.0,0.0,0.37,0.5,9.0,0.0
2026-03-14:west ham:man city,man city,DEF,0,Man City,2026-03-14,5,419.0,0.0,0.0,1.28,0.25,9.0,0.0
2026-03-14:west ham:man city,man city,FWD,0,Man City,2026-03-14,1,90.0,0.0,0.0,0.3,0.05,2.0,0.0
2026-03-14:west ham:man city,man city,GKP,0,Man City,2026-03-14,1,90.0,0.0,0.0,0.0,0.0,2.0,0.0
2026-03-14:west ham:man city,man city,MID,0,Man City,2026-03-14,8,388.0,1.0,1.0,0.46,1.55,22.0,0.0
2026-03-14:west ham:man city,west ham,DEF,1,West Ham,2026-03-14,5,450.0,1.0,0.0,0.54,0.02,22.0,0.0
2026-03-14:west ham:man city,west ham,FWD,1,West Ham,2026-03-14,3,227.0,0.0,1.0,0.0,0.2,10.0,0.0
2026-03-14:west ham:man city,west ham,GKP,1,West Ham,2026-03-14,1,90.0,0.0,0.0,0.0,0.0,3.0,0.0
2026-03-14:west ham:man city,west ham,MID,1,West Ham,2026-03-14,5,222.0,0.0,0.0,0.0,0.02,7.0,0.0
2026-03-15:crystal palace:leeds,crystal palace,DEF,1,Crystal Palace,2026-03-15,4,349.0,0.0,0.0,0.32,0.16,36.0,1.0
2026-03-15:crystal palace:leeds,crystal palace,FWD,1,Crystal Palace,2026-03-15,2,89.0,0.0,0.0,0.11,0.02,2.0,0.0
2026-03-15:crystal palace:leeds,crystal palace,GKP,1,Crystal Palace,2026-03-15,1,90.0,0.0,0.0,0.0,0.0,7.0,1.0
2026-03-15:crystal palace:leeds,crystal palace,MID,1,Crystal Palace,2026-03-15,8,458.0,0.0,0.0,0.25,0.3,14.0,1.0
2026-03-15:crystal palace:leeds,leeds,DEF,0,Leeds,2026-03-15,6,454.0,0.0,0.0,0.06,0.16,28.0,1.0
2026-03-15:crystal palace:leeds,leeds,FWD,0,Leeds,2026-03-15,2,135.0,0.0,0.0,0.94,0.0,1.0,1.0
2026-03-15:crystal palace:leeds,leeds,GKP,0,Leeds,2026-03-15,1,90.0,0.0,0.0,0.0,0.0,6.0,1.0
2026-03-15:crystal palace:leeds,leeds,MID,0,Leeds,2026-03-15,4,270.0,0.0,0.0,0.12000000000000001,0.36,12.0,1.0
2026-03-15:liverpool:spurs,liverpool,DEF,1,Liverpool,2026-03-15,4,333.0,0.0,0.0,0.1,0.12,12.0,1.0
2026-03-15:liverpool:spurs,liverpool,FWD,1,Liverpool,2026-03-15,1,26.0,0.0,0.0,0.5,0.04,1.0,0.0
2026-03-15:liverpool:spurs,liverpool,GKP,1,Liverpool,2026-03-15,1,90.0,0.0,0.0,0.0,0.0,4.0,0.0
2026-03-15:liverpool:spurs,liverpool,MID,1,Liverpool,2026-03-15,10,538.0,1.0,1.0,1.0899999999999999,1.24,34.0,1.0
2026-03-15:liverpool:spurs,spurs,DEF,0,Spurs,2026-03-15,6,401.0,0.0,0.0,0.09,0.05,16.0,0.0
2026-03-15:liverpool:spurs,spurs,FWD,0,Spurs,2026-03-15,3,195.0,1.0,1.0,0.93,0.17,15.0,0.0
2026-03-15:liverpool:spurs,spurs,GKP,0,Spurs,2026-03-15,1,90.0,0.0,0.0,0.0,0.02,3.0,0.0
2026-03-15:liverpool:spurs,spurs,MID,0,Spurs,2026-03-15,5,302.0,0.0,0.0,0.16,0.32,10.0,0.0
2026-03-15:man utd:aston villa,aston villa,DEF,0,Aston Villa,2026-03-15,6,363.0,0.0,1.0,0.36,0.29,11.0,0.0
2026-03-15:man utd:aston villa,aston villa,FWD,0,Aston Villa,2026-03-15,2,89.0,0.0,0.0,0.0,0.27,1.0,0.0
2026-03-15:man utd:aston villa,aston villa,GKP,0,Aston Villa,2026-03-15,1,90.0,0.0,0.0,0.0,0.0,2.0,0.0
2026-03-15:man utd:aston villa,aston villa,MID,0,Aston Villa,2026-03-15,7,443.0,1.0,0.0,0.64,1.08,23.0,0.0
2026-03-15:man utd:aston villa,man utd,DEF,1,Man Utd,2026-03-15,4,360.0,0.0,0.0,0.16,0.13,10.0,0.0
2026-03-15:man utd:aston villa,man utd,FWD,1,Man Utd,2026-03-15,1,15.0,1.0,0.0,0.31,0.0,5.0,0.0
2026-03-15:man utd:aston villa,man utd,GKP,1,Man Utd,2026-03-15,1,90.0,0.0,0.0,0.0,0.0,2.0,0.0
2026-03-15:man utd:aston villa,man utd,MID,1,Man Utd,2026-03-15,7,525.0,2.0,2.0,0.62,0.78,33.0,0.0
2026-03-15:nottm forest:fulham,fulham,DEF,0,Fulham,2026-03-15,4,360.0,0.0,0.0,0.36,0.07,27.0,1.0
2026-03-15:nottm forest:fulham,fulham,FWD,0,Fulham,2026-03-15,2,89.0,0.0,0.0,0.06,0.02,3.0,1.0
2026-03-15:nottm forest:fulham,fulham,GKP,0,Fulham,2026-03-15,1,90.0,0.0,0.0,0.0,0.0,7.0,1.0
2026-03-15:nottm forest:fulham,fulham,MID,0,Fulham,2026-03-15,9,448.0,0.0,0.0,0.62,0.47000000000000003,18.0,1.0
2026-03-15:nottm forest:fulham,nottm forest,DEF,1,Nott'm Forest,2026-03-15,4,360.0,0.0,0.0,0.16,0.05,27.0,1.0
2026-03-15:nottm forest:fulham,nottm forest,FWD,1,Nott'm Forest,2026-03-15,2,89.0,0.0,0.0,0.5700000000000001,0.0,3.0,1.0
2026-03-15:nottm forest:fulham,nottm forest,GKP,1,Nott'm Forest,2026-03-15,1,90.0,0.0,0.0,0.0,0.0,6.0,1.0
2026-03-15:nottm forest:fulham,nottm forest,MID,1,Nott'm Forest,2026-03-15,9,448.0,0.0,0.0,0.21000000000000002,0.47000000000000003,14.0,1.0
2026-03-16:brentford:wolves,brentford,DEF,1,Brentford,2026-03-16,5,378.0,1.0,1.0,0.5599999999999999,0.63,13.0,0.0
2026-03-16:brentford:wolves,brentford,FWD,1,Brentford,2026-03-16,1,90.0,1.0,0.0,1.85,0.01,6.0,0.0
2026-03-16:brentford:wolves,brentford,GKP,1,Brentford,2026-03-16,1,90.0,0.0,0.0,0.0,0.18,1.0,0.0
2026-03-16:brentford:wolves,brentford,MID,1,Brentford,2026-03-16,7,429.0,0.0,1.0,0.15,1.44,18.0,0.0
2026-03-16:brentford:wolves,wolves,DEF,0,Wolves,2026-03-16,6,453.0,0.0,0.0,0.15000000000000002,0.62,5.0,0.0
2026-03-16:brentford:wolves,wolves,FWD,0,Wolves,2026-03-16,3,147.0,2.0,0.0,1.0899999999999999,0.11,11.0,0.0
2026-03-16:brentford:wolves,wolves,GKP,0,Wolves,2026-03-16,1,90.0,0.0,0.0,0.0,0.0,0.0,0.0
2026-03-16:brentford:wolves,wolves,MID,0,Wolves,2026-03-16,4,298.0,0.0,2.0,0.15,0.89,14.0,0.0
2026-03-20:bournemouth:man utd,bournemouth,DEF,1,Bournemouth,2026-03-20,5,359.0,0.0,1.0,0.09,0.16,4.0,0.0
2026-03-20:bournemouth:man utd,bournemouth,FWD,1,Bournemouth,2026-03-20,2,107.0,1.0,1.0,0.8600000000000001,0.04,10.0,0.0
2026-03-20:bournemouth:man utd,bournemouth,GKP,1,Bournemouth,2026-03-20,1,90.0,0.0,0.0,0.0,0.0,2.0,0.0
2026-03-20:bournemouth:man utd,bournemouth,MID,1,Bournemouth,2026-03-20,7,430.0,1.0,0.0,0.88,0.37,19.0,0.0
2026-03-20:bournemouth:man utd,man utd,DEF,0,Man Utd,2026-03-20,5,355.0,0.0,0.0,0.25,0.24000000000000002,6.0,0.0
2026-03-20:bournemouth:man utd,man utd,FWD,0,Man Utd,2026-03-20,1,19.0,0.0,0.0,0.0,0.0,0.0,0.0
2026-03-20:bournemouth:man utd,man utd,GKP,0,Man Utd,2026-03-20,1,90.0,0.0,0.0,0.0,0.0,2.0,0.0
2026-03-20:bournemouth:man utd,man utd,MID,0,Man Utd,2026-03-20,8,511.0,1.0,2.0,1.52,0.63,28.0,0.0
2026-03-21:brighton:liverpool,brighton,DEF,1,Brighton,2026-03-21,4,271.0,0.0,0.0,0.07,0.07,8.0,0.0
2026-03-21:brighton:liverpool,brighton,FWD,1,Brighton,2026-03-21,1,82.0,2.0,0.0,1.07,0.13,12.0,0.0
2026-03-21:brighton:liverpool,brighton,GKP,1,Brighton,2026-03-21,1,90.0,0.0,0.0,0.0,0.0,3.0,0.0
2026-03-21:brighton:liverpool,brighton,MID,1,Brighton,2026-03-21,10,544.0,0.0,2.0,1.03,2.05,21.0,0.0
2026-03-21:brighton:liverpool,liverpool,DEF,0,Liverpool,2026-03-21,5,317.0,1.0,0.0,0.52,0.08,11.0,0.0
2026-03-21:brighton:liverpool,liverpool,FWD,0,Liverpool,2026-03-21,1,7.0,0.0,0.0,0.0,0.0,1.0,0.0
2026-03-21:brighton:liverpool,liverpool,GKP,0,Liverpool,2026-03-21,1,90.0,0.0,0.0,0.0,0.0,2.0,0.0
2026-03-21:brighton:liverpool,liverpool,MID,0,Liverpool,2026-03-21,8,572.0,0.0,0.0,0.51,0.39999999999999997,18.0,0.0
2026-03-21:everton:chelsea,chelsea,DEF,0,Chelsea,2026-03-21,5,327.0,0.0,0.0,0.13,0.12,6.0,0.0
2026-03-21:everton:chelsea,chelsea,FWD,0,Chelsea,2026-03-21,2,89.0,0.0,0.0,0.1,0.16,3.0,0.0
2026-03-21:everton:chelsea,chelsea,GKP,0,Chelsea,2026-03-21,1,90.0,0.0,0.0,0.0,0.0,2.0,0.0
2026-03-21:everton:chelsea,chelsea,MID,0,Chelsea,2026-03-21,8,480.0,0.0,0.0,0.7,0.45,11.0,0.0
2026-03-21:everton:chelsea,everton,DEF,1,Everton,2026-03-21,5,372.0,0.0,0.0,0.04,0.09,28.0,1.0
2026-03-21:everton:chelsea,everton,FWD,1,Everton,2026-03-21,2,90.0,2.0,1.0,0.6,0.05,17.0,1.0
2026-03-21:everton:chelsea,everton,GKP,1,Everton,2026-03-21,1,90.0,0.0,0.0,0.0,0.0,7.0,1.0
2026-03-21:everton:chelsea,everton,MID,1,Everton,2026-03-21,7,435.0,1.0,2.0,0.53,0.45,32.0,1.0
2026-03-21:fulham:burnley,burnley,DEF,0,Burnley,2026-03-21,4,356.0,0.0,0.0,0.02,0.24,6.0,0.0
2026-03-21:fulham:burnley,burnley,FWD,0,Burnley,2026-03-21,3,179.0,1.0,1.0,0.77,0.08,13.0,0.0
2026-03-21:fulham:burnley,burnley,GKP,0,Burnley,2026-03-21,1,90.0,0.0,0.0,0.0,0.0,2.0,0.0
2026-03-21:fulham:burnley,burnley,MID,0,Burnley,2026-03-21,7,361.0,0.0,0.0,0.45,0.51,7.0,0.0
2026-03-21:fulham:burnley,fulham,DEF,1,Fulham,2026-03-21,4,330.0,0.0,0.0,0.09,0.21,9.0,0.0
2026-03-21:fulham:burnley,fulham,FWD,1,Fulham,2026-03-21,2,89.0,1.0,0.0,1.46,0.01,7.0,0.0
2026-03-21:fulham:burnley,fulham,GKP,1,Fulham,2026-03-21,1,90.0,0.0,0.0,0.0,0.0,3.0,0.0
2026-03-21:fulham:burnley,fulham,MID,1,Fulham,2026-03-21,9,477.0,2.0,2.0,1.6700000000000002,0.8099999999999999,34.0,0.0
2026-03-21:leeds:brentford,brentford,DEF,0,Brentford,2026-03-21,5,450.0,0.0,0.0,0.15000000000000002,0.14,34.0,1.0
2026-03-21:leeds:brentford,brentford,FWD,0,Brentford,2026-03-21,1,90.0,0.0,0.0,0.05,0.03,4.0,1.0
2026-03-21:leeds:brentford,brentford,GKP,0,Brentford,2026-03-21,1,90.0,0.0,0.0,0.0,0.0,9.0,1.0
2026-03-21:leeds:brentford,brentford,MID,0,Brentford,2026-03-21,5,359.0,0.0,0.0,0.26,0.07,17.0,1.0
2026-03-21:leeds:brentford,leeds,DEF,1,Leeds,2026-03-21,5,442.0,0.0,0.0,0.16,0.47,33.0,1.0
2026-03-21:leeds:brentford,leeds,FWD,1,Leeds,2026-03-21,2,158.0,0.0,0.0,0.17,0.01,4.0,1.0
2026-03-21:leeds:brentford,leeds,GKP,1,Leeds,2026-03-21,1,90.0,0.0,0.0,0.0,0.01,6.0,1.0
2026-03-21:leeds:brentford,leeds,MID,1,Leeds,2026-03-21,6,298.0,0.0,0.0,0.2,0.45999999999999996,14.0,1.0
2026-03-22:aston villa:west ham,aston villa,DEF,1,Aston Villa,2026-03-22,4,360.0,0.0,0.0,0.38,0.48,25.0,1.0
2026-03-22:aston villa:west ham,aston villa,FWD,1,Aston Villa,2026-03-22,2,89.0,1.0,0.0,0.63,0.04,10.0,1.0
2026-03-22:aston villa:west ham,aston villa,GKP,1,Aston Villa,2026-03-22,1,90.0,0.0,0.0,0.0,0.0,6.0,1.0
2026-03-22:aston villa:west ham,aston villa,MID,1,Aston Villa,2026-03-22,9,446.0,1.0,2.0,0.7100000000000001,1.04,34.0,1.0
2026-03-22:aston villa:west ham,west ham,DEF,0,West Ham,2026-03-22,4,352.0,0.0,0.0,0.41,0.28,5.0,0.0
2026-03-22:aston villa:west ham,west ham,FWD,0,West Ham,2026-03-22,4,270.0,0.0,0.0,0.45999999999999996,0.25,6.0,0.0
2026-03-22:aston villa:west ham,west ham,GKP,0,West Ham,2026-03-22,1,90.0,0.0,0.0,0.0,0.0,2.0,0.0
2026-03-22:aston villa:west ham,west ham,MID,0,West Ham,2026-03-22,6,276.0,0.0,0.0,0.060000000000000005,0.26,8.0,0.0
2026-03-22:newcastle:sunderland,newcastle,DEF,1,Newcastle,2026-03-22,6,358.0,0.0,0.0,0.43000000000000005,0.6900000000000001,8.0,0.0
2026-03-22:newcastle:sunderland,newcastle,FWD,1,Newcastle,2026-03-22,3,79.0,0.0,1.0,0.14,0.060000000000000005,7.0,0.0
2026-03-22:newcastle:sunderland,newcastle,GKP,1,Newcastle,2026-03-22,1,90.0,0.0,0.0,0.0,0.0,2.0,0.0
2026-03-22:newcastle:sunderland,newcastle,MID,1,Newcastle,2026-03-22,7,457.0,1.0,0.0,0.7,0.08,21.0,0.0
2026-03-22:newcastle:sunderland,sunderland,DEF,0,Sunderland,2026-03-22,5,361.0,0.0,0.0,0.27,0.55,7.0,0.0
2026-03-22:newcastle:sunderland,sunderland,FWD,0,Sunderland,2026-03-22,2,91.0,1.0,0.0,1.06,0.05,9.0,0.0
2026-03-22:newcastle:sunderland,sunderland,GKP,0,Sunderland,2026-03-22,1,90.0,0.0,0.0,0.0,0.0,3.0,0.0
2026-03-22:newcastle:sunderland,sunderland,MID,0,Sunderland,2026-03-22,6,449.0,1.0,1.0,1.2000000000000002,1.0,22.0,0.0
2026-03-22:spurs:nottm forest,nottm forest,DEF,0,Nott'm Forest,2026-03-22,4,360.0,0.0,2.0,0.08,0.42000000000000004,38.0,1.0
2026-03-22:spurs:nottm forest,nottm forest,FWD,0,Nott'm Forest,2026-03-22,2,89.0,2.0,0.0,0.64,0.01,12.0,1.0
2026-03-22:spurs:nottm forest,nottm forest,GKP,0,Nott'm Forest,2026-03-22,1,90.0,0.0,0.0,0.0,0.0,7.0,1.0
2026-03-22:spurs:nottm forest,nottm forest,MID,0,Nott'm Forest,2026-03-22,9,450.0,1.0,1.0,0.77,0.51,30.0,1.0
2026-03-22:spurs:nottm forest,spurs,DEF,1,Spurs,2026-03-22,6,405.0,0.0,0.0,0.12000000000000001,0.41,6.0,0.0
2026-03-22:spurs:nottm forest,spurs,FWD,1,Spurs,2026-03-22,3,179.0,0.0,0.0,0.4,0.03,5.0,0.0
2026-03-22:spurs:nottm forest,spurs,GKP,1,Spurs,2026-03-22,1,90.0,0.0,0.0,0.0,0.0,2.0,0.0
2026-03-22:spurs:nottm forest,spurs,MID,1,Spurs,2026-03-22,6,313.0,0.0,0.0,0.63,0.22,9.0,0.0
2026-04-10:west ham:wolves,west ham,DEF,1,West Ham,2026-04-10,4,360.0,2.0,0.0,0.38,0.18,39.0,1.0
2026-04-10:west ham:wolves,west ham,FWD,1,West Ham,2026-04-10,4,256.0,2.0,4.0,1.16,0.47000000000000003,31.0,1.0
2026-04-10:west ham:wolves,west ham,GKP,1,West Ham,2026-04-10,1,90.0,0.0,0.0,0.0,0.0,7.0,1.0
2026-04-10:west ham:wolves,west ham,MID,1,West Ham,2026-04-10,6,280.0,0.0,0.0,0.7999999999999999,0.24,11.0,1.0
2026-04-10:west ham:wolves,wolves,DEF,0,Wolves,2026-04-10,6,459.0,0.0,0.0,0.14,0.24,0.0,0.0
2026-04-10:west ham:wolves,wolves,FWD,0,Wolves,2026-04-10,3,118.0,0.0,0.0,0.16,0.02,4.0,0.0
2026-04-10:west ham:wolves,wolves,GKP,0,Wolves,2026-04-10,1,90.0,0.0,0.0,0.0,0.0,1.0,0.0
2026-04-10:west ham:wolves,wolves,MID,0,Wolves,2026-04-10,6,318.0,0.0,0.0,0.27,0.18,11.0,0.0
2026-04-11:arsenal:bournemouth,arsenal,DEF,1,Arsenal,2026-04-11,5,359.0,0.0,1.0,0.15,0.06,8.0,0.0
2026-04-11:arsenal:bournemouth,arsenal,FWD,1,Arsenal,2026-04-11,3,157.0,1.0,0.0,2.06,0.06,7.0,0.0
2026-04-11:arsenal:bournemouth,arsenal,GKP,1,Arsenal,2026-04-11,1,90.0,0.0,0.0,0.0,0.0,1.0,0.0
2026-04-11:arsenal:bournemouth,arsenal,MID,1,Arsenal,2026-04-11,7,379.0,0.0,0.0,0.1,0.61,11.0,0.0
2026-04-11:arsenal:bournemouth,bournemouth,DEF,0,Bournemouth,2026-04-11,5,360.0,0.0,1.0,0.0,0.05,14.0,0.0
2026-04-11:arsenal:bournemouth,bournemouth,FWD,0,Bournemouth,2026-04-11,3,174.0,1.0,1.0,0.7000000000000001,0.03,12.0,0.0
2026-04-11:arsenal:bournemouth,bournemouth,GKP,0,Bournemouth,2026-04-11,1,90.0,0.0,0.0,0.0,0.0,2.0,0.0
2026-04-11:arsenal:bournemouth,bournemouth,MID,0,Bournemouth,2026-04-11,7,363.0,1.0,0.0,0.49,0.21000000000000002,21.0,0.0
2026-04-11:brentford:everton,brentford,DEF,1,Brentford,2026-04-11,4,360.0,0.0,1.0,0.35,0.63,11.0,0.0
2026-04-11:brentford:everton,brentford,FWD,1,Brentford,2026-04-11,1,90.0,2.0,0.0,1.41,0.06,13.0,0.0
2026-04-11:brentford:everton,brentford,GKP,1,Brentford,2026-04-11,1,90.0,0.0,0.0,0.0,0.0,2.0,0.0
2026-04-11:brentford:everton,brentford,MID,1,Brentford,2026-04-11,6,450.0,0.0,1.0,1.1199999999999999,0.5700000000000001,15.0,0.0
2026-04-11:brentford:everton,everton,DEF,0,Everton,2026-04-11,4,360.0,0.0,1.0,0.16999999999999998,0.02,13.0,0.0
2026-04-11:brentford:everton,everton,FWD,0,Everton,2026-04-11,2,89.0,1.0,0.0,0.57,0.02,8.0,0.0
2026-04-11:brentford:everton,everton,GKP,0,Everton,2026-04-11,1,90.0,0.0,0.0,0.0,0.0,0.0,0.0
2026-04-11:brentford:everton,everton,MID,0,Everton,2026-04-11,7,448.0,1.0,1.0,0.8,0.79,23.0,0.0
2026-04-11:burnley:brighton,brighton,DEF,0,Brighton,2026-04-11,4,272.0,0.0,0.0,0.02,0.16,22.0,1.0
2026-04-11:burnley:brighton,brighton,FWD,0,Brighton,2026-04-11,1,74.0,0.0,0.0,1.06,0.03,2.0,1.0
2026-04-11:burnley:brighton,brighton,GKP,0,Brighton,2026-04-11,1,90.0,0.0,0.0,0.0,0.0,9.0,1.0
2026-04-11:burnley:brighton,brighton,MID,0,Brighton,2026-04-11,9,550.0,2.0,2.0,0.85,0.91,46.0,1.0
2026-04-11:burnley:brighton,burnley,DEF,1,Burnley,2026-04-11,6,358.0,0.0,0.0,0.05,0.06,9.0,0.0
2026-04-11:burnley:brighton,burnley,FWD,1,Burnley,2026-04-11,2,98.0,0.0,0.0,0.39,0.0,3.0,0.0
2026-04-11:burnley:brighton,burnley,GKP,1,Burnley,2026-04-11,1,90.0,0.0,0.0,0.0,0.0,2.0,0.0
2026-04-11:burnley:brighton,burnley,MID,1,Burnley,2026-04-11,7,439.0,0.0,0.0,0.44000000000000006,0.5,13.0,0.0
2026-04-11:liverpool:fulham,fulham,DEF,0,Fulham,2026-04-11,4,338.0,0.0,0.0,0.08,0.37,8.0,0.0
2026-04-11:liverpool:fulham,fulham,FWD,0,Fulham,2026-04-11,2,89.0,0.0,0.0,0.42000000000000004,0.06999999999999999,3.0,0.0
2026-04-11:liverpool:fulham,fulham,GKP,0,Fulham,2026-04-11,1,90.0,0.0,0.0,0.0,0.0,2.0,0.0
2026-04-11:liverpool:fulham,fulham,MID,0,Fulham,2026-04-11,9,470.0,0.0,0.0,0.55,0.91,14.0,0.0
2026-04-11:liverpool:fulham,liverpool,DEF,1,Liverpool,2026-04-11,5,359.0,0.0,0.0,0.49,0.22,28.0,1.0
2026-04-11:liverpool:fulham,liverpool,FWD,1,Liverpool,2026-04-11,1,21.0,0.0,0.0,0.0,0.0,1.0,0.0
2026-04-11:liverpool:fulham,liverpool,GKP,1,Liverpool,2026-04-11,1,90.0,0.0,0.0,0.0,0.0,9.0,1.0
2026-04-11:liverpool:fulham,liverpool,MID,1,Liverpool,2026-04-11,9,517.0,2.0,2.0,1.1,1.15,40.0,1.0
2026-04-12:chelsea:man city,chelsea,DEF,1,Chelsea,2026-04-12,5,359.0,0.0,0.0,0.54,0.06,6.0,0.0
2026-04-12:chelsea:man city,chelsea,FWD,1,Chelsea,2026-04-12,2,90.0,0.0,0.0,0.18,0.01,3.0,0.0
2026-04-12:chelsea:man city,chelsea,GKP,1,Chelsea,2026-04-12,1,90.0,0.0,0.0,0.0,0.0,2.0,0.0
2026-04-12:chelsea:man city,chelsea,MID,1,Chelsea,2026-04-12,8,447.0,0.0,0.0,0.41000000000000003,0.78,13.0,0.0
2026-04-12:chelsea:man city,man city,DEF,0,Man City,2026-04-12,5,359.0,2.0,0.0,0.79,0.68,42.0,1.0
2026-04-12:chelsea:man city,man city,FWD,0,Man City,2026-04-12,1,90.0,0.0,0.0,0.58,0.0,2.0,1.0
2026-04-12:chelsea:man city,man city,GKP,0,Man City,2026-04-12,1,90.0,0.0,0.0,0.0,0.0,7.0,1.0
2026-04-12:chelsea:man city,man city,MID,0,Man City,2026-04-12,8,447.0,1.0,2.0,0.9199999999999999,0.96,29.0,1.0
2026-04-12:crystal palace:newcastle,crystal palace,DEF,1,Crystal Palace,2026-04-12,6,451.0,0.0,1.0,0.64,0.67,20.0,0.0
2026-04-12:crystal palace:newcastle,crystal palace,FWD,1,Crystal Palace,2026-04-12,2,89.0,2.0,0.0,1.1,0.02,14.0,0.0
2026-04-12:crystal palace:newcastle,crystal palace,GKP,1,Crystal Palace,2026-04-12,1,90.0,0.0,0.0,0.0,0.0,2.0,0.0
2026-04-12:crystal palace:newcastle,crystal palace,MID,1,Crystal Palace,2026-04-12,7,357.0,0.0,1.0,0.8400000000000001,0.81,14.0,0.0
2026-04-12:crystal palace:newcastle,newcastle,DEF,0,Newcastle,2026-04-12,4,360.0,0.0,0.0,0.11000000000000001,0.13,7.0,0.0
2026-04-12:crystal palace:newcastle,newcastle,FWD,0,Newcastle,2026-04-12,3,90.0,1.0,0.0,0.94,0.01,10.0,0.0
2026-04-12:crystal palace:newcastle,newcastle,GKP,0,Newcastle,2026-04-12,1,90.0,0.0,0.0,0.0,0.0,1.0,0.0
2026-04-12:crystal palace:newcastle,newcastle,MID,0,Newcastle,2026-04-12,8,449.0,0.0,1.0,0.09,0.13,17.0,1.0
2026-04-12:nottm forest:aston villa,aston villa,DEF,0,Aston Villa,2026-04-12,6,360.0,0.0,0.0,0.43,0.1,9.0,0.0
2026-04-12:nottm forest:aston villa,aston villa,FWD,0,Aston Villa,2026-04-12,2,89.0,0.0,0.0,0.26,0.0,3.0,0.0
2026-04-12:nottm forest:aston villa,aston villa,GKP,0,Aston Villa,2026-04-12,1,90.0,0.0,0.0,0.0,0.0,3.0,0.0
2026-04-12:nottm forest:aston villa,aston villa,MID,0,Aston Villa,2026-04-12,7,448.0,0.0,1.0,0.34,0.4,15.0,0.0
2026-04-12:nottm forest:aston villa,nottm forest,DEF,1,Nott'm Forest,2026-04-12,4,358.0,1.0,0.0,0.25,0.43,14.0,0.0
2026-04-12:nottm forest:aston villa,nottm forest,FWD,1,Nott'm Forest,2026-04-12,2,113.0,0.0,0.0,0.45999999999999996,0.09999999999999999,3.0,0.0
2026-04-12:nottm forest:aston villa,nottm forest,GKP,1,Nott'm Forest,2026-04-12,1,90.0,0.0,0.0,0.0,0.0,3.0,0.0
2026-04-12:nottm forest:aston villa,nottm forest,MID,1,Nott'm Forest,2026-04-12,8,425.0,0.0,1.0,0.44,0.48000000000000004,21.0,0.0
2026-04-12:sunderland:spurs,spurs,DEF,0,Spurs,2026-04-12,5,359.0,0.0,0.0,0.14,0.22,6.0,0.0
2026-04-12:sunderland:spurs,spurs,FWD,0,Spurs,2026-04-12,3,240.0,0.0,0.0,0.7000000000000001,0.06,6.0,0.0
2026-04-12:sunderland:spurs,spurs,GKP,0,Spurs,2026-04-12,1,90.0,0.0,0.0,0.0,0.0,2.0,0.0
2026-04-12:sunderland:spurs,spurs,MID,0,Spurs,2026-04-12,7,296.0,0.0,0.0,0.0,0.17,10.0,0.0
2026-04-12:sunderland:spurs,sunderland,DEF,1,Sunderland,2026-04-12,5,359.0,1.0,0.0,0.28,0.28,35.0,1.0
2026-04-12:sunderland:spurs,sunderland,FWD,1,Sunderland,2026-04-12,2,91.0,0.0,0.0,0.67,0.0,2.0,1.0
2026-04-12:sunderland:spurs,sunderland,GKP,1,Sunderland,2026-04-12,1,90.0,0.0,0.0,0.0,0.0,11.0,1.0
2026-04-12:sunderland:spurs,sunderland,MID,1,Sunderland,2026-04-12,6,449.0,0.0,1.0,0.38,0.75,20.0,1.0
2026-04-13:man utd:leeds,leeds,DEF,0,Leeds,2026-04-13,5,450.0,0.0,1.0,0.3,1.21,15.0,0.0
2026-04-13:man utd:leeds,leeds,FWD,0,Leeds,2026-04-13,1,90.0,0.0,0.0,1.31,0.02,2.0,0.0
2026-04-13:man utd:leeds,leeds,GKP,0,Leeds,2026-04-13,1,90.0,0.0,0.0,0.0,0.0,4.0,0.0
2026-04-13:man utd:leeds,leeds,MID,0,Leeds,2026-04-13,7,357.0,2.0,1.0,0.78,0.6599999999999999,28.0,0.0
2026-04-13:man utd:leeds,man utd,DEF,1,Man Utd,2026-04-13,5,324.0,0.0,0.0,0.27,0.31,2.0,0.0
2026-04-13:man utd:leeds,man utd,FWD,1,Man Utd,2026-04-13,1,90.0,0.0,0.0,0.31,0.01,2.0,0.0
2026-04-13:man utd:leeds,man utd,GKP,1,Man Utd,2026-04-13,1,90.0,0.0,0.0,0.0,0.0,2.0,0.0
2026-04-13:man utd:leeds,man utd,MID,1,Man Utd,2026-04-13,6,449.0,1.0,1.0,0.74,0.88,21.0,0.0
2026-04-18:brentford:fulham,brentford,DEF,1,Brentford,2026-04-18,4,360.0,0.0,0.0,0.65,0.32,26.0,1.0
2026-04-18:brentford:fulham,brentford,FWD,1,Brentford,2026-04-18,1,90.0,0.0,0.0,0.18,0.01,2.0,1.0
2026-04-18:brentford:fulham,brentford,GKP,1,Brentford,2026-04-18,1,90.0,0.0,0.0,0.0,0.0,6.0,1.0
2026-04-18:brentford:fulham,brentford,MID,1,Brentford,2026-04-18,5,450.0,0.0,0.0,0.6000000000000001,0.84,17.0,1.0
2026-04-18:brentford:fulham,fulham,DEF,0,Fulham,2026-04-18,4,279.0,0.0,0.0,0.13,0.03,20.0,1.0
2026-04-18:brentford:fulham,fulham,FWD,0,Fulham,2026-04-18,2,89.0,0.0,0.0,0.0,0.0,3.0,1.0
2026-04-18:brentford:fulham,fulham,GKP,0,Fulham,2026-04-18,1,90.0,0.0,0.0,0.0,0.0,10.0,1.0
2026-04-18:brentford:fulham,fulham,MID,0,Fulham,2026-04-18,9,527.0,0.0,0.0,0.63,0.75,18.0,1.0
2026-04-18:chelsea:man utd,chelsea,DEF,1,Chelsea,2026-04-18,6,358.0,0.0,0.0,0.12,0.26,9.0,0.0
2026-04-18:chelsea:man utd,chelsea,FWD,1,Chelsea,2026-04-18,1,90.0,0.0,0.0,0.29,0.01,2.0,0.0
2026-04-18:chelsea:man utd,chelsea,GKP,1,Chelsea,2026-04-18,1,90.0,0.0,0.0,0.0,0.0,2.0,0.0
2026-04-18:chelsea:man utd,chelsea,MID,1,Chelsea,2026-04-18,7,448.0,0.0,0.0,1.1500000000000001,1.18,12.0,0.0
2026-04-18:chelsea:man utd,man utd,DEF,0,Man Utd,2026-04-18,4,360.0,0.0,0.0,0.0,0.01,34.0,1.0
2026-04-18:chelsea:man utd,man utd,FWD,0,Man Utd,2026-04-18,2,82.0,0.0,0.0,0.03,0.01,3.0,1.0
2026-04-18:chelsea:man utd,man utd,GKP,0,Man Utd,2026-04-18,1,90.0,0.0,0.0,0.0,0.0,10.0,1.0
2026-04-18:chelsea:man utd,man utd,MID,0,Man Utd,2026-04-18,7,455.0,1.0,1.0,0.26,0.16999999999999998,26.0,1.0
2026-04-18:leeds:wolves,leeds,DEF,1,Leeds,2026-04-18,6,451.0,1.0,0.0,0.79,0.11000000000000001,42.0,1.0
2026-04-18:leeds:wolves,leeds,FWD,1,Leeds,2026-04-18,2,91.0,1.0,0.0,1.1500000000000001,0.0,7.0,1.0
2026-04-18:leeds:wolves,leeds,GKP,1,Leeds,2026-04-18,1,90.0,0.0,0.0,0.0,0.0,6.0,1.0
2026-04-18:leeds:wolves,leeds,MID,1,Leeds,2026-04-18,7,359.0,1.0,2.0,0.9,0.48,28.0,1.0
2026-04-18:leeds:wolves,wolves,DEF,0,Wolves,2026-04-18,7,457.0,0.0,0.0,0.27999999999999997,0.16,9.0,0.0
2026-04-18:leeds:wolves,wolves,FWD,0,Wolves,2026-04-18,2,142.0,0.0,0.0,0.29000000000000004,0.08,3.0,0.0
2026-04-18:leeds:wolves,wolves,GKP,0,Wolves,2026-04-18,1,90.0,0.0,0.0,0.0,0.0,2.0,0.0
2026-04-18:leeds:wolves,wolves,MID,0,Wolves,2026-04-18,5,298.0,0.0,0.0,0.0,0.07,10.0,0.0
2026-04-18:newcastle:bournemouth,bournemouth,DEF,0,Bournemouth,2026-04-18,4,360.0,1.0,0.0,0.51,0.16999999999999998,18.0,0.0
2026-04-18:newcastle:bournemouth,bournemouth,FWD,0,Bournemouth,2026-04-18,3,154.0,0.0,1.0,1.2600000000000002,0.07,8.0,1.0
2026-04-18:newcastle:bournemouth,bournemouth,GKP,0,Bournemouth,2026-04-18,1,90.0,0.0,0.0,0.0,0.0,1.0,0.0
2026-04-18:newcastle:bournemouth,bournemouth,MID,0,Bournemouth,2026-04-18,8,381.0,1.0,1.0,1.22,1.49,19.0,1.0
2026-04-18:newcastle:bournemouth,newcastle,DEF,1,Newcastle,2026-04-18,6,359.0,0.0,0.0,0.6499999999999999,0.15000000000000002,8.0,0.0
2026-04-18:newcastle:bournemouth,newcastle,FWD,1,Newcastle,2026-04-18,2,94.0,1.0,0.0,0.39,0.05,10.0,0.0
2026-04-18:newcastle:bournemouth,newcastle,GKP,1,Newcastle,2026-04-18,1,90.0,0.0,0.0,0.0,0.0,1.0,0.0
2026-04-18:newcastle:bournemouth,newcastle,MID,1,Newcastle,2026-04-18,7,443.0,0.0,0.0,0.56,0.48,13.0,0.0
2026-04-18:spurs:brighton,brighton,DEF,0,Brighton,2026-04-18,4,285.0,0.0,1.0,0.2,0.12000000000000001,9.0,0.0
2026-04-18:spurs:brighton,brighton,FWD,0,Brighton,2026-04-18,2,82.0,0.0,0.0,0.31,0.060000000000000005,3.0,0.0
2026-04-18:spurs:brighton,brighton,GKP,0,Brighton,2026-04-18,1,90.0,0.0,0.0,0.0,0.0,2.0,0.0
2026-04-18:spurs:brighton,brighton,MID,0,Brighton,2026-04-18,9,528.0,2.0,1.0,0.3,0.8300000000000001,29.0,0.0
2026-04-18:spurs:brighton,spurs,DEF,1,Spurs,2026-04-18,5,359.0,1.0,0.0,0.18,0.07,16.0,0.0
2026-04-18:spurs:brighton,spurs,FWD,1,Spurs,2026-04-18,2,146.0,0.0,0.0,0.12000000000000001,0.05,3.0,0.0
2026-04-18:spurs:brighton,spurs,GKP,1,Spurs,2026-04-18,1,90.0,0.0,0.0,0.0,0.0,1.0,0.0
2026-04-18:spurs:brighton,spurs,MID,1,Spurs,2026-04-18,8,390.0,1.0,2.0,0.8400000000000001,0.39999999999999997,24.0,0.0
2026-04-19:aston villa:sunderland,aston villa,DEF,1,Aston Villa,2026-04-19,5,359.0,0.0,2.0,0.08,0.72,11.0,0.0
2026-04-19:aston villa:sunderland,aston villa,FWD,1,Aston Villa,2026-04-19,2,89.0,3.0,1.0,1.72,0.06,21.0,0.0
2026-04-19:aston villa:sunderland,aston villa,GKP,1,Aston Villa,2026-04-19,1,90.0,0.0,0.0,0.0,0.01,2.0,0.0
2026-04-19:aston villa:sunderland,aston villa,MID,1,Aston Villa,2026-04-19,7,448.0,1.0,1.0,1.05,1.6800000000000002,21.0,0.0
2026-04-19:aston villa:sunderland,sunderland,DEF,0,Sunderland,2026-04-19,6,358.0,1.0,0.0,0.08,0.06,8.0,0.0
2026-04-19:aston villa:sunderland,sunderland,FWD,0,Sunderland,2026-04-19,2,89.0,1.0,0.0,0.73,0.0,7.0,0.0
2026-04-19:aston villa:sunderland,sunderland,GKP,0,Sunderland,2026-04-19,1,90.0,0.0,0.0,0.0,0.0,1.0,0.0
2026-04-19:aston villa:sunderland,sunderland,MID,0,Sunderland,2026-04-19,6,449.0,1.0,2.0,0.9,0.48,25.0,0.0
2026-04-19:everton:liverpool,everton,DEF,1,Everton,2026-04-19,5,359.0,0.0,0.0,0.13,0.1,10.0,0.0
2026-04-19:everton:liverpool,everton,FWD,1,Everton,2026-04-19,2,89.0,1.0,0.0,0.47,0.01,10.0,0.0
2026-04-19:everton:liverpool,everton,GKP,1,Everton,2026-04-19,1,90.0,0.0,0.0,0.0,0.0,1.0,0.0
2026-04-19:everton:liverpool,everton,MID,1,Everton,2026-04-19,6,449.0,0.0,1.0,0.19,0.88,18.0,0.0
2026-04-19:everton:liverpool,liverpool,DEF,0,Liverpool,2026-04-19,5,275.0,1.0,0.0,0.25,0.02,16.0,0.0
2026-04-19:everton:liverpool,liverpool,FWD,0,Liverpool,2026-04-19,1,71.0,0.0,0.0,0.12,0.0,2.0,0.0
2026-04-19:everton:liverpool,liverpool,GKP,0,Liverpool,2026-04-19,2,89.0,0.0,0.0,0.0,0.0,2.0,0.0
2026-04-19:everton:liverpool,liverpool,MID,0,Liverpool,2026-04-19,8,550.0,1.0,2.0,1.08,1.1,30.0,0.0
2026-04-19:man city:arsenal,arsenal,DEF,0,Arsenal,2026-04-19,5,359.0,0.0,0.0,0.12000000000000001,0.05,5.0,0.0
2026-04-19:man city:arsenal,arsenal,FWD,0,Arsenal,2026-04-19,2,96.0,1.0,0.0,1.25,0.0,7.0,0.0
2026-04-19:man city:arsenal,arsenal,GKP,0,Arsenal,2026-04-19,1,90.0,0.0,0.0,0.0,0.0,1.0,0.0
2026-04-19:man city:arsenal,arsenal,MID,0,Arsenal,2026-04-19,7,442.0,0.0,0.0,0.42000000000000004,0.73,13.0,0.0
2026-04-19:man city:arsenal,man city,DEF,1,Man City,2026-04-19,5,361.0,0.0,2.0,0.14,0.56,18.0,0.0
2026-04-19:man city:arsenal,man city,FWD,1,Man City,2026-04-19,1,90.0,1.0,0.0,0.81,0.04,6.0,0.0
2026-04-19:man city:arsenal,man city,GKP,1,Man City,2026-04-19,1,90.0,0.0,0.0,0.0,0.0,2.0,0.0
2026-04-19:man city:arsenal,man city,MID,1,Man City,2026-04-19,8,447.0,1.0,0.0,0.43,0.44999999999999996,21.0,0.0
2026-04-19:nottm forest:burnley,burnley,DEF,0,Burnley,2026-04-19,4,360.0,0.0,1.0,0.06,0.24,4.0,0.0
2026-04-19:nottm forest:burnley,burnley,FWD,0,Burnley,2026-04-19,3,115.0,1.0,0.0,0.26,0.02,9.0,0.0
2026-04-19:nottm forest:burnley,burnley,GKP,0,Burnley,2026-04-19,1,90.0,0.0,0.0,0.0,0.0,0.0,0.0
2026-04-19:nottm forest:burnley,burnley,MID,0,Burnley,2026-04-19,8,420.0,0.0,0.0,0.04,0.13,14.0,0.0
2026-04-19:nottm forest:burnley,nottm forest,DEF,1,Nott'm Forest,2026-04-19,6,361.0,0.0,1.0,0.07,0.2,12.0,0.0
2026-04-19:nottm forest:burnley,nottm forest,FWD,1,Nott'm Forest,2026-04-19,2,120.0,1.0,0.0,0.39,0.02,9.0,0.0
2026-04-19:nottm forest:burnley,nottm forest,GKP,1,Nott'm Forest,2026-04-19,1,90.0,0.0,0.0,0.0,0.0,2.0,0.0
2026-04-19:nottm forest:burnley,nottm forest,MID,1,Nott'm Forest,2026-04-19,7,415.0,3.0,3.0,0.73,0.47,40.0,0.0
2026-04-20:crystal palace:west ham,crystal palace,DEF,1,Crystal Palace,2026-04-20,5,450.0,0.0,0.0,0.06999999999999999,0.15,41.0,1.0
2026-04-20:crystal palace:west ham,crystal palace,FWD,1,Crystal Palace,2026-04-20,2,89.0,0.0,0.0,0.15,0.02,2.0,0.0
2026-04-20:crystal palace:west ham,crystal palace,GKP,1,Crystal Palace,2026-04-20,1,90.0,0.0,0.0,0.0,0.0,7.0,1.0
2026-04-20:crystal palace:west ham,crystal palace,MID,1,Crystal Palace,2026-04-20,7,357.0,0.0,0.0,0.51,0.43,10.0,1.0
2026-04-20:crystal palace:west ham,west ham,DEF,0,West Ham,2026-04-20,4,360.0,0.0,0.0,0.13,0.14,26.0,1.0
2026-04-20:crystal palace:west ham,west ham,FWD,0,West Ham,2026-04-20,4,262.0,0.0,0.0,0.36,0.13,7.0,1.0
2026-04-20:crystal palace:west ham,west ham,GKP,0,West Ham,2026-04-20,1,90.0,0.0,0.0,0.0,0.0,6.0,1.0
2026-04-20:crystal palace:west ham,west ham,MID,0,West Ham,2026-04-20,4,276.0,0.0,0.0,0.12,0.09,12.0,1.0
2026-04-21:brighton:chelsea,brighton,DEF,1,Brighton,2026-04-21,5,328.0,1.0,1.0,0.39,0.23,32.0,1.0
2026-04-21:brighton:chelsea,brighton,FWD,1,Brighton,2026-04-21,1,7.0,1.0,0.0,0.24,0.0,6.0,0.0
2026-04-21:brighton:chelsea,brighton,GKP,1,Brighton,2026-04-21,1,90.0,0.0,0.0,0.0,0.01,6.0,1.0
2026-04-21:brighton:chelsea,brighton,MID,1,Brighton,2026-04-21,9,563.0,1.0,2.0,1.51,0.81,33.0,1.0
2026-04-21:brighton:chelsea,chelsea,DEF,0,Chelsea,2026-04-21,6,406.0,0.0,0.0,0.04,0.25,5.0,0.0
2026-04-21:brighton:chelsea,chelsea,FWD,0,Chelsea,2026-04-21,2,89.0,0.0,0.0,0.08,0.0,3.0,0.0
2026-04-21:brighton:chelsea,chelsea,GKP,0,Chelsea,2026-04-21,1,90.0,0.0,0.0,0.0,0.0,2.0,0.0
2026-04-21:brighton:chelsea,chelsea,MID,0,Chelsea,2026-04-21,6,404.0,0.0,0.0,0.25,0.29,10.0,0.0
2026-04-22:bournemouth:leeds,bournemouth,DEF,1,Bournemouth,2026-04-22,4,360.0,0.0,1.0,0.29000000000000004,0.51,8.0,0.0
2026-04-22:bournemouth:leeds,bournemouth,FWD,1,Bournemouth,2026-04-22,2,162.0,1.0,0.0,0.32,0.29000000000000004,9.0,0.0
2026-04-22:bournemouth:leeds,bournemouth,GKP,1,Bournemouth,2026-04-22,1,90.0,0.0,0.0,0.0,0.0,1.0,0.0
2026-04-22:bournemouth:leeds,bournemouth,MID,1,Bournemouth,2026-04-22,8,376.0,1.0,1.0,0.8200000000000001,0.6300000000000001,23.0,1.0
2026-04-22:bournemouth:leeds,leeds,DEF,0,Leeds,2026-04-22,6,423.0,0.0,0.0,0.02,0.64,12.0,0.0
2026-04-22:bournemouth:leeds,leeds,FWD,0,Leeds,2026-04-22,3,117.0,0.0,0.0,0.37,0.09,4.0,0.0
2026-04-22:bournemouth:leeds,leeds,GKP,0,Leeds,2026-04-22,1,90.0,0.0,0.0,0.0,0.0,2.0,0.0
2026-04-22:bournemouth:leeds,leeds,MID,0,Leeds,2026-04-22,6,356.0,1.0,2.0,0.44,0.31,26.0,0.0
2026-04-22:burnley:man city,burnley,DEF,1,Burnley,2026-04-22,5,441.0,0.0,0.0,0.15,0.1,16.0,0.0
2026-04-22:burnley:man city,burnley,FWD,1,Burnley,2026-04-22,3,107.0,0.0,0.0,0.35000000000000003,0.03,4.0,0.0
2026-04-22:burnley:man city,burnley,GKP,1,Burnley,2026-04-22,1,90.0,0.0,0.0,0.0,0.0,4.0,0.0
2026-04-22:burnley:man city,burnley,MID,1,Burnley,2026-04-22,7,347.0,0.0,0.0,0.11000000000000001,0.12,13.0,0.0
2026-04-22:burnley:man city,man city,DEF,0,Man City,2026-04-22,5,424.0,0.0,0.0,0.8700000000000001,0.25,38.0,1.0
2026-04-22:burnley:man city,man city,FWD,0,Man City,2026-04-22,1,90.0,1.0,0.0,1.07,0.07,7.0,1.0
2026-04-22:burnley:man city,man city,GKP,0,Man City,2026-04-22,1,90.0,0.0,0.0,0.0,0.0,6.0,1.0
2026-04-22:burnley:man city,man city,MID,0,Man City,2026-04-22,6,384.0,0.0,1.0,1.6400000000000001,1.22,19.0,1.0
2026-04-24:sunderland:nottm forest,nottm forest,DEF,0,Nott'm Forest,2026-04-24,6,382.0,0.0,1.0,0.08,0.08,25.0,1.0
2026-04-24:sunderland:nottm forest,nottm forest,FWD,0,Nott'm Forest,2026-04-24,3,155.0,2.0,3.0,0.66,0.08,25.0,1.0
2026-04-24:sunderland:nottm forest,nottm forest,GKP,0,Nott'm Forest,2026-04-24,1,90.0,0.0,0.0,0.0,0.0,7.0,1.0
2026-04-24:sunderland:nottm forest,nottm forest,MID,0,Nott'm Forest,2026-04-24,6,359.0,2.0,1.0,0.37,0.33,26.0,1.0
2026-04-24:sunderland:nottm forest,sunderland,DEF,1,Sunderland,2026-04-24,5,405.0,0.0,0.0,0.29000000000000004,0.34,-1.0,0.0
2026-04-24:sunderland:nottm forest,sunderland,FWD,1,Sunderland,2026-04-24,2,115.0,0.0,0.0,0.04,0.02,3.0,0.0
2026-04-24:sunderland:nottm forest,sunderland,GKP,1,Sunderland,2026-04-24,1,90.0,0.0,0.0,0.0,0.0,0.0,0.0
2026-04-24:sunderland:nottm forest,sunderland,MID,1,Sunderland,2026-04-24,5,379.0,0.0,0.0,0.39,1.15,7.0,0.0
2026-04-25:arsenal:newcastle,arsenal,DEF,1,Arsenal,2026-04-25,5,369.0,0.0,0.0,0.0,0.31000000000000005,31.0,1.0
2026-04-25:arsenal:newcastle,arsenal,FWD,1,Arsenal,2026-04-25,2,89.0,0.0,1.0,0.03,0.04,5.0,0.0
2026-04-25:arsenal:newcastle,arsenal,GKP,1,Arsenal,2026-04-25,1,90.0,0.0,0.0,0.0,0.0,10.0,1.0
2026-04-25:arsenal:newcastle,arsenal,MID,1,Arsenal,2026-04-25,7,438.0,1.0,0.0,0.46,0.43000000000000005,20.0,1.0
2026-04-25:arsenal:newcastle,newcastle,DEF,0,Newcastle,2026-04-25,3,270.0,0.0,0.0,0.24,0.08,9.0,0.0
2026-04-25:arsenal:newcastle,newcastle,FWD,0,Newcastle,2026-04-25,3,104.0,0.0,0.0,0.56,0.42,4.0,0.0
2026-04-25:arsenal:newcastle,newcastle,GKP,0,Newcastle,2026-04-25,1,90.0,0.0,0.0,0.0,0.0,2.0,0.0
2026-04-25:arsenal:newcastle,newcastle,MID,0,Newcastle,2026-04-25,8,522.0,0.0,0.0,0.2,0.47000000000000003,14.0,0.0
2026-04-25:fulham:aston villa,aston villa,DEF,0,Aston Villa,2026-04-25,5,433.0,0.0,0.0,0.02,0.08,9.0,0.0
2026-04-25:fulham:aston villa,aston villa,FWD,0,Aston Villa,2026-04-25,2,89.0,0.0,0.0,0.6799999999999999,0.02,3.0,0.0
2026-04-25:fulham:aston villa,aston villa,GKP,0,Aston Villa,2026-04-25,1,90.0,0.0,0.0,0.0,0.0,3.0,0.0
2026-04-25:fulham:aston villa,aston villa,MID,0,Aston Villa,2026-04-25,8,373.0,0.0,0.0,0.23,0.24000000000000002,11.0,0.0
2026-04-25:fulham:aston villa,fulham,DEF,1,Fulham,2026-04-25,4,279.0,0.0,0.0,0.0,0.16000000000000003,23.0,1.0
2026-04-25:fulham:aston villa,fulham,FWD,1,Fulham,2026-04-25,2,89.0,0.0,0.0,0.25,0.03,3.0,1.0
2026-04-25:fulham:aston villa,fulham,GKP,1,Fulham,2026-04-25,1,90.0,0.0,0.0,0.0,0.0,7.0,1.0
2026-04-25:fulham:aston villa,fulham,MID,1,Fulham,2026-04-25,8,528.0,1.0,1.0,0.98,0.41000000000000003,30.0,1.0
2026-04-25:liverpool:crystal palace,crystal palace,DEF,0,Crystal Palace,2026-04-25,6,450.0,1.0,0.0,0.96,0.02,13.0,0.0
2026-04-25:liverpool:crystal palace,crystal palace,FWD,0,Crystal Palace,2026-04-25,2,89.0,0.0,0.0,0.6,0.01,3.0,0.0
2026-04-25:liverpool:crystal palace,crystal palace,GKP,0,Crystal Palace,2026-04-25,1,90.0,0.0,0.0,0.0,0.0,0.0,0.0
2026-04-25:liverpool:crystal palace,crystal palace,MID,0,Crystal Palace,2026-04-25,5,359.0,0.0,1.0,0.71,0.96,13.0,0.0
2026-04-25:liverpool:crystal palace,liverpool,DEF,1,Liverpool,2026-04-25,6,303.0,1.0,0.0,0.4,0.09999999999999999,19.0,0.0
2026-04-25:liverpool:crystal palace,liverpool,FWD,1,Liverpool,2026-04-25,1,78.0,1.0,0.0,0.43,0.0,8.0,0.0
2026-04-25:liverpool:crystal palace,liverpool,GKP,1,Liverpool,2026-04-25,1,90.0,0.0,0.0,0.0,0.0,3.0,0.0
2026-04-25:liverpool:crystal palace,liverpool,MID,1,Liverpool,2026-04-25,7,515.0,1.0,3.0,0.3,0.42,33.0,0.0
2026-04-25:west ham:everton,everton,DEF,0,Everton,2026-04-25,4,334.0,0.0,1.0,0.0,0.28,6.0,0.0
2026-04-25:west ham:everton,everton,FWD,0,Everton,2026-04-25,1,90.0,0.0,0.0,0.68,0.01,2.0,0.0
2026-04-25:west ham:everton,everton,GKP,0,Everton,2026-04-25,1,90.0,0.0,0.0,0.0,0.01,1.0,0.0
2026-04-25:west ham:everton,everton,MID,0,Everton,2026-04-25,8,473.0,1.0,0.0,0.87,1.79,19.0,0.0
2026-04-25:west ham:everton,west ham,DEF,1,West Ham,2026-04-25,5,361.0,0.0,0.0,0.04,0.27,12.0,0.0
2026-04-25:west ham:everton,west ham,FWD,1,West Ham,2026-04-25,4,257.0,1.0,2.0,0.75,0.52,17.0,1.0
2026-04-25:west ham:everton,west ham,GKP,1,West Ham,2026-04-25,1,90.0,0.0,0.0,0.0,0.0,2.0,0.0
2026-04-25:west ham:everton,west ham,MID,1,West Ham,2026-04-25,4,281.0,1.0,0.0,0.39,0.8300000000000001,15.0,0.0
2026-04-25:wolves:spurs,spurs,DEF,0,Spurs,2026-04-25,5,361.0,0.0,0.0,0.04,0.11,28.0,1.0
2026-04-25:wolves:spurs,spurs,FWD,0,Spurs,2026-04-25,3,134.0,0.0,1.0,0.12000000000000001,0.09999999999999999,6.0,0.0
2026-04-25:wolves:spurs,spurs,GKP,0,Spurs,2026-04-25,1,90.0,0.0,0.0,0.0,0.0,6.0,1.0
2026-04-25:wolves:spurs,spurs,MID,0,Spurs,2026-04-25,7,403.0,1.0,0.0,0.7699999999999999,0.16,25.0,1.0
2026-04-25:wolves:spurs,wolves,DEF,1,Wolves,2026-04-25,8,514.0,0.0,0.0,0.28,0.24,19.0,1.0
2026-04-25:wolves:spurs,wolves,FWD,1,Wolves,2026-04-25,3,199.0,0.0,0.0,0.36,0.34,5.0,0.0
2026-04-25:wolves:spurs,wolves,GKP,1,Wolves,2026-04-25,1,90.0,0.0,0.0,0.0,0.0,2.0,0.0
2026-04-25:wolves:spurs,wolves,MID,1,Wolves,2026-04-25,3,185.0,0.0,0.0,0.07,0.02,5.0,0.0
2026-04-27:man utd:brentford,brentford,DEF,0,Brentford,2026-04-27,4,360.0,0.0,0.0,0.6300000000000001,0.14,4.0,0.0
2026-04-27:man utd:brentford,brentford,FWD,0,Brentford,2026-04-27,1,90.0,0.0,0.0,0.0,0.03,1.0,0.0
2026-04-27:man utd:brentford,brentford,GKP,0,Brentford,2026-04-27,1,90.0,0.0,0.0,0.0,0.0,2.0,0.0
2026-04-27:man utd:brentford,brentford,MID,0,Brentford,2026-04-27,6,449.0,1.0,1.0,0.8,1.08,23.0,0.0
2026-04-27:man utd:brentford,man utd,DEF,1,Man Utd,2026-04-27,6,404.0,0.0,1.0,0.16999999999999998,0.23,20.0,1.0
2026-04-27:man utd:brentford,man utd,FWD,1,Man Utd,2026-04-27,2,89.0,1.0,0.0,0.43,0.03,8.0,0.0
2026-04-27:man utd:brentford,man utd,GKP,1,Man Utd,2026-04-27,1,90.0,0.0,0.0,0.0,0.0,3.0,0.0
2026-04-27:man utd:brentford,man utd,MID,1,Man Utd,2026-04-27,6,404.0,1.0,1.0,0.6799999999999999,1.05,26.0,1.0
2026-05-01:leeds:burnley,burnley,DEF,0,Burnley,2026-05-01,6,434.0,0.0,0.0,0.08,0.19,9.0,0.0
2026-05-01:leeds:burnley,burnley,FWD,0,Burnley,2026-05-01,3,103.0,0.0,0.0,0.07,0.13,4.0,0.0
2026-05-01:leeds:burnley,burnley,GKP,0,Burnley,2026-05-01,1,90.0,0.0,0.0,0.0,0.0,2.0,0.0
2026-05-01:leeds:burnley,burnley,MID,0,Burnley,2026-05-01,6,358.0,1.0,1.0,0.42000000000000004,0.2,15.0,0.0
2026-05-01:leeds:burnley,leeds,DEF,1,Leeds,2026-05-01,5,450.0,0.0,2.0,0.19,0.38,14.0,0.0
2026-05-01:leeds:burnley,leeds,FWD,1,Leeds,2026-05-01,2,115.0,1.0,0.0,0.5900000000000001,0.01,7.0,0.0
2026-05-01:leeds:burnley,leeds,GKP,1,Leeds,2026-05-01,1,90.0,0.0,0.0,0.0,0.01,2.0,0.0
2026-05-01:leeds:burnley,leeds,MID,1,Leeds,2026-05-01,8,334.0,2.0,1.0,0.86,0.36,31.0,1.0
2026-05-02:arsenal:fulham,arsenal,DEF,1,Arsenal,2026-05-02,6,449.0,0.0,0.0,0.87,0.56,31.0,1.0
2026-05-02:arsenal:fulham,arsenal,FWD,1,Arsenal,2026-05-02,2,89.0,2.0,1.0,1.7,0.02,17.0,1.0
2026-05-02:arsenal:fulham,arsenal,GKP,1,Arsenal,2026-05-02,1,90.0,0.0,0.0,0.0,0.0,6.0,1.0
2026-05-02:arsenal:fulham,arsenal,MID,1,Arsenal,2026-05-02,7,358.0,1.0,2.0,0.7,1.86,29.0,1.0
2026-05-02:arsenal:fulham,fulham,DEF,0,Fulham,2026-05-02,4,360.0,0.0,0.0,0.16999999999999998,0.06,6.0,0.0
2026-05-02:arsenal:fulham,fulham,FWD,0,Fulham,2026-05-02,3,101.0,0.0,0.0,0.1,0.0,4.0,0.0
2026-05-02:arsenal:fulham,fulham,GKP,0,Fulham,2026-05-02,1,90.0,0.0,0.0,0.0,0.0,3.0,0.0
2026-05-02:arsenal:fulham,fulham,MID,0,Fulham,2026-05-02,8,434.0,0.0,0.0,0.11,0.31,12.0,0.0
2026-05-02:brentford:west ham,brentford,DEF,1,Brentford,2026-05-02,6,371.0,0.0,1.0,0.54,0.23,30.0,1.0
2026-05-02:brentford:west ham,brentford,FWD,1,Brentford,2026-05-02,2,91.0,1.0,0.0,1.12,0.01,7.0,1.0
2026-05-02:brentford:west ham,brentford,GKP,1,Brentford,2026-05-02,1,90.0,0.0,0.0,0.0,0.0,8.0,1.0
2026-05-02:brentford:west ham,brentford,MID,1,Brentford,2026-05-02,6,439.0,1.0,1.0,0.62,0.84,27.0,1.0
2026-05-02:brentford:west ham,west ham,DEF,0,West Ham,2026-05-02,6,344.0,0.0,0.0,0.03,0.05,3.0,0.0
2026-05-02:brentford:west ham,west ham,FWD,0,West Ham,2026-05-02,4,266.0,0.0,0.0,0.59,0.38,6.0,0.0
2026-05-02:brentford:west ham,west ham,GKP,0,West Ham,2026-05-02,1,90.0,0.0,0.0,0.0,0.0,2.0,0.0
2026-05-02:brentford:west ham,west ham,MID,0,West Ham,2026-05-02,5,285.0,0.0,0.0,0.30000000000000004,0.11,9.0,0.0
2026-05-02:newcastle:brighton,brighton,DEF,0,Brighton,2026-05-02,6,343.0,0.0,0.0,0.0,0.25,7.0,0.0
2026-05-02:newcastle:brighton,brighton,FWD,0,Brighton,2026-05-02,2,90.0,0.0,1.0,0.2,0.05,6.0,0.0
2026-05-02:newcastle:brighton,brighton,GKP,0,Brighton,2026-05-02,1,90.0,0.0,0.0,0.0,0.0,2.0,0.0
2026-05-02:newcastle:brighton,brighton,MID,0,Brighton,2026-05-02,7,463.0,1.0,0.0,1.32,0.49,16.0,0.0
2026-05-02:newcastle:brighton,newcastle,DEF,1,Newcastle,2026-05-02,4,292.0,1.0,0.0,1.08,0.4,14.0,0.0
2026-05-02:newcastle:brighton,newcastle,FWD,1,Newcastle,2026-05-02,2,89.0,1.0,1.0,1.4,0.31,12.0,0.0
2026-05-02:newcastle:brighton,newcastle,GKP,1,Newcastle,2026-05-02,1,90.0,0.0,0.0,0.0,0.0,3.0,0.0
2026-05-02:newcastle:brighton,newcastle,MID,1,Newcastle,2026-05-02,8,517.0,1.0,2.0,0.68,0.47,30.0,0.0
2026-05-02:wolves:sunderland,sunderland,DEF,0,Sunderland,2026-05-02,6,382.0,1.0,0.0,0.25,0.06,17.0,0.0
2026-05-02:wolves:sunderland,sunderland,FWD,0,Sunderland,2026-05-02,2,89.0,0.0,0.0,0.06,0.09000000000000001,2.0,0.0
2026-05-02:wolves:sunderland,sunderland,GKP,0,Sunderland,2026-05-02,1,90.0,0.0,0.0,0.0,0.0,3.0,0.0
2026-05-02:wolves:sunderland,sunderland,MID,0,Sunderland,2026-05-02,5,359.0,0.0,1.0,0.35,0.5700000000000001,18.0,0.0
2026-05-02:wolves:sunderland,wolves,DEF,1,Wolves,2026-05-02,6,437.0,1.0,1.0,0.69,1.13,23.0,0.0
2026-05-02:wolves:sunderland,wolves,FWD,1,Wolves,2026-05-02,3,270.0,0.0,0.0,0.97,0.39,6.0,0.0
2026-05-02:wolves:sunderland,wolves,GKP,1,Wolves,2026-05-02,1,90.0,0.0,0.0,0.0,0.0,2.0,0.0
2026-05-02:wolves:sunderland,wolves,MID,1,Wolves,2026-05-02,4,193.0,0.0,0.0,0.08,0.24000000000000002,6.0,0.0
2026-05-03:aston villa:spurs,aston villa,DEF,1,Aston Villa,2026-05-03,5,450.0,0.0,1.0,0.22,0.09000000000000001,9.0,0.0
2026-05-03:aston villa:spurs,aston villa,FWD,1,Aston Villa,2026-05-03,2,89.0,0.0,0.0,0.02,0.0,2.0,0.0
2026-05-03:aston villa:spurs,aston villa,GKP,1,Aston Villa,2026-05-03,1,90.0,0.0,0.0,0.0,0.0,2.0,0.0
2026-05-03:aston villa:spurs,aston villa,MID,1,Aston Villa,2026-05-03,6,358.0,1.0,0.0,0.09,0.26,13.0,0.0
2026-05-03:aston villa:spurs,spurs,DEF,0,Spurs,2026-05-03,5,383.0,0.0,0.0,0.11,0.09,12.0,0.0
2026-05-03:aston villa:spurs,spurs,FWD,0,Spurs,2026-05-03,2,156.0,1.0,0.0,0.73,0.04,10.0,1.0
2026-05-03:aston villa:spurs,spurs,GKP,0,Spurs,2026-05-03,1,90.0,0.0,0.0,0.0,0.0,2.0,0.0
2026-05-03:aston villa:spurs,spurs,MID,0,Spurs,2026-05-03,7,361.0,1.0,1.0,0.14,0.5800000000000001,21.0,1.0
2026-05-03:bournemouth:crystal palace,bournemouth,DEF,1,Bournemouth,2026-05-03,4,360.0,0.0,1.0,0.02,0.37,37.0,1.0
2026-05-03:bournemouth:crystal palace,bournemouth,FWD,1,Bournemouth,2026-05-03,3,158.0,1.0,1.0,1.28,0.17,12.0,1.0
2026-05-03:bournemouth:crystal palace,bournemouth,GKP,1,Bournemouth,2026-05-03,1,90.0,0.0,0.0,0.0,0.0,6.0,1.0
2026-05-03:bournemouth:crystal palace,bournemouth,MID,1,Bournemouth,2026-05-03,8,377.0,1.0,1.0,0.7799999999999999,0.8,24.0,1.0
2026-05-03:bournemouth:crystal palace,crystal palace,DEF,0,Crystal Palace,2026-05-03,6,359.0,0.0,0.0,0.0,0.12000000000000001,5.0,0.0
2026-05-03:bournemouth:crystal palace,crystal palace,FWD,0,Crystal Palace,2026-05-03,2,89.0,0.0,0.0,0.27,0.11,3.0,0.0
2026-05-03:bournemouth:crystal palace,crystal palace,GKP,0,Crystal Palace,2026-05-03,1,90.0,0.0,0.0,0.0,0.01,2.0,0.0
2026-05-03:bournemouth:crystal palace,crystal palace,MID,0,Crystal Palace,2026-05-03,7,450.0,0.0,0.0,0.62,0.67,10.0,0.0
2026-05-03:man utd:liverpool,liverpool,DEF,0,Liverpool,2026-05-03,5,339.0,0.0,0.0,0.02,0.08,4.0,0.0
2026-05-03:man utd:liverpool,liverpool,GKP,0,Liverpool,2026-05-03,1,90.0,0.0,0.0,0.0,0.0,2.0,0.0
2026-05-03:man utd:liverpool,liverpool,MID,0,Liverpool,2026-05-03,8,558.0,2.0,1.0,0.86,0.56,28.0,0.0
2026-05-03:man utd:liverpool,man utd,DEF,1,Man Utd,2026-05-03,6,376.0,0.0,0.0,0.24,0.24,7.0,0.0
2026-05-03:man utd:liverpool,man utd,FWD,1,Man Utd,2026-05-03,2,48.0,1.0,0.0,1.25,0.01,6.0,0.0
2026-05-03:man utd:liverpool,man utd,GKP,1,Man Utd,2026-05-03,1,90.0,0.0,0.0,0.0,0.0,2.0,0.0
2026-05-03:man utd:liverpool,man utd,MID,1,Man Utd,2026-05-03,6,475.0,2.0,1.0,0.86,1.44,28.0,0.0
2026-05-04:chelsea:nottm forest,chelsea,DEF,1,Chelsea,2026-05-04,5,360.0,0.0,1.0,0.25,0.25,6.0,0.0
2026-05-04:chelsea:nottm forest,chelsea,FWD,1,Chelsea,2026-05-04,2,135.0,1.0,0.0,0.68,0.060000000000000005,8.0,0.0
2026-05-04:chelsea:nottm forest,chelsea,GKP,1,Chelsea,2026-05-04,2,90.0,0.0,0.0,0.0,0.0,2.0,0.0
2026-05-04:chelsea:nottm forest,chelsea,MID,1,Chelsea,2026-05-04,6,404.0,0.0,0.0,1.23,0.6399999999999999,8.0,0.0
2026-05-04:chelsea:nottm forest,nottm forest,DEF,0,Nott'm Forest,2026-05-04,6,360.0,0.0,0.0,0.0,0.0,9.0,0.0
2026-05-04:chelsea:nottm forest,nottm forest,FWD,0,Nott'm Forest,2026-05-04,3,159.0,3.0,1.0,1.94,0.01,22.0,0.0
2026-05-04:chelsea:nottm forest,nottm forest,GKP,0,Nott'm Forest,2026-05-04,1,90.0,0.0,0.0,0.0,0.0,8.0,0.0
2026-05-04:chelsea:nottm forest,nottm forest,MID,0,Nott'm Forest,2026-05-04,7,379.0,0.0,2.0,0.11,0.9,20.0,1.0
2026-05-04:everton:man city,everton,DEF,1,Everton,2026-05-04,5,361.0,1.0,0.0,0.21000000000000002,0.030000000000000002,10.0,0.0
2026-05-04:everton:man city,everton,FWD,1,Everton,2026-05-04,2,89.0,2.0,0.0,1.53,0.0,12.0,0.0
2026-05-04:everton:man city,everton,GKP,1,Everton,2026-05-04,1,90.0,0.0,0.0,0.0,0.0,1.0,0.0
2026-05-04:everton:man city,everton,MID,1,Everton,2026-05-04,7,452.0,0.0,2.0,1.03,0.23,18.0,0.0
2026-05-04:everton:man city,man city,DEF,0,Man City,2026-05-04,4,360.0,0.0,1.0,0.31,0.31000000000000005,9.0,0.0
2026-05-04:everton:man city,man city,FWD,0,Man City,2026-05-04,1,90.0,1.0,0.0,0.53,0.01,7.0,0.0
2026-05-04:everton:man city,man city,GKP,0,Man City,2026-05-04,1,90.0,0.0,0.0,0.0,0.13,1.0,0.0
2026-05-04:everton:man city,man city,MID,0,Man City,2026-05-04,8,448.0,2.0,2.0,0.62,1.1,32.0,0.0
2026-05-09:brighton:wolves,brighton,DEF,1,Brighton,2026-05-09,5,389.0,1.0,2.0,0.3,1.21,42.0,1.0
2026-05-09:brighton:wolves,brighton,FWD,1,Brighton,2026-05-09,2,77.0,0.0,0.0,0.26,0.01,3.0,1.0
2026-05-09:brighton:wolves,brighton,GKP,1,Brighton,2026-05-09,1,90.0,0.0,0.0,0.0,0.0,6.0,1.0
2026-05-09:brighton:wolves,brighton,MID,1,Brighton,2026-05-09,8,429.0,2.0,1.0,1.06,0.35000000000000003,31.0,1.0
2026-05-09:brighton:wolves,wolves,DEF,0,Wolves,2026-05-09,7,449.0,0.0,0.0,0.19,0.04,10.0,0.0
2026-05-09:brighton:wolves,wolves,FWD,0,Wolves,2026-05-09,3,157.0,0.0,0.0,0.14,0.36,5.0,0.0
2026-05-09:brighton:wolves,wolves,GKP,0,Wolves,2026-05-09,1,90.0,0.0,0.0,0.0,0.0,2.0,0.0
2026-05-09:brighton:wolves,wolves,MID,0,Wolves,2026-05-09,5,290.0,0.0,0.0,0.17,0.15,8.0,0.0
2026-05-09:fulham:bournemouth,bournemouth,DEF,0,Bournemouth,2026-05-09,4,360.0,0.0,1.0,0.37,0.13,34.0,1.0
2026-05-09:fulham:bournemouth,bournemouth,FWD,0,Bournemouth,2026-05-09,3,131.0,0.0,0.0,0.16,0.02,4.0,1.0
2026-05-09:fulham:bournemouth,bournemouth,GKP,0,Bournemouth,2026-05-09,1,90.0,0.0,0.0,0.0,0.0,6.0,1.0
2026-05-09:fulham:bournemouth,bournemouth,MID,0,Bournemouth,2026-05-09,8,357.0,1.0,0.0,0.28,0.13,17.0,1.0
2026-05-09:fulham:bournemouth,fulham,DEF,1,Fulham,2026-05-09,5,358.0,0.0,0.0,0.07,0.26,4.0,0.0
2026-05-09:fulham:bournemouth,fulham,FWD,1,Fulham,2026-05-09,2,97.0,0.0,0.0,0.71,0.0,2.0,0.0
2026-05-09:fulham:bournemouth,fulham,GKP,1,Fulham,2026-05-09,1,90.0,0.0,0.0,0.0,0.01,3.0,0.0
2026-05-09:fulham:bournemouth,fulham,MID,1,Fulham,2026-05-09,8,402.0,0.0,0.0,0.54,0.47000000000000003,10.0,0.0
2026-05-09:liverpool:chelsea,chelsea,DEF,0,Chelsea,2026-05-09,6,477.0,0.0,1.0,0.03,0.08,16.0,0.0
2026-05-09:liverpool:chelsea,chelsea,FWD,0,Chelsea,2026-05-09,1,90.0,0.0,0.0,0.17,0.02,2.0,0.0
2026-05-09:liverpool:chelsea,chelsea,GKP,0,Chelsea,2026-05-09,1,90.0,0.0,0.0,0.0,0.0,2.0,0.0
2026-05-09:liverpool:chelsea,chelsea,MID,0,Chelsea,2026-05-09,4,332.0,1.0,0.0,0.29,0.31,13.0,0.0
2026-05-09:liverpool:chelsea,liverpool,DEF,1,Liverpool,2026-05-09,5,359.0,0.0,0.0,0.31,0.05,8.0,0.0
2026-05-09:liverpool:chelsea,liverpool,FWD,1,Liverpool,2026-05-09,1,23.0,0.0,0.0,0.0,0.01,1.0,0.0
2026-05-09:liverpool:chelsea,liverpool,GKP,1,Liverpool,2026-05-09,1,90.0,0.0,0.0,0.0,0.0,2.0,0.0
2026-05-09:liverpool:chelsea,liverpool,MID,1,Liverpool,2026-05-09,7,515.0,1.0,1.0,0.24000000000000002,0.37,24.0,0.0
2026-05-09:man city:brentford,brentford,DEF,0,Brentford,2026-05-09,5,420.0,0.0,0.0,0.04,0.04,7.0,0.0
2026-05-09:man city:brentford,brentford,FWD,0,Brentford,2026-05-09,1,90.0,0.0,0.0,0.19,0.01,2.0,0.0
2026-05-09:man city:brentford,brentford,GKP,0,Brentford,2026-05-09,1,90.0,0.0,0.0,0.0,0.0,3.0,0.0
2026-05-09:man city:brentford,brentford,MID,0,Brentford,2026-05-09,7,388.0,0.0,0.0,0.01,0.25,14.0,0.0
2026-05-09:man city:brentford,man city,DEF,1,Man City,2026-05-09,4,360.0,0.0,0.0,0.36,0.060000000000000005,25.0,1.0
2026-05-09:man city:brentford,man city,FWD,1,Man City,2026-05-09,1,90.0,1.0,1.0,1.22,0.09,11.0,1.0
2026-05-09:man city:brentford,man city,GKP,1,Man City,2026-05-09,1,90.0,0.0,0.0,0.0,0.0,6.0,1.0
2026-05-09:man city:brentford,man city,MID,1,Man City,2026-05-09,8,448.0,2.0,0.0,1.4300000000000002,0.86,27.0,1.0
2026-05-09:sunderland:man utd,man utd,DEF,0,Man Utd,2026-05-09,5,385.0,0.0,0.0,0.0,0.22,34.0,1.0
2026-05-09:sunderland:man utd,man utd,FWD,0,Man Utd,2026-05-09,1,64.0,0.0,0.0,0.08,0.01,1.0,1.0
2026-05-09:sunderland:man utd,man utd,GKP,0,Man Utd,2026-05-09,1,90.0,0.0,0.0,0.0,0.0,9.0,1.0
2026-05-09:sunderland:man utd,man utd,MID,0,Man Utd,2026-05-09,6,449.0,0.0,0.0,0.54,0.36,18.0,1.0
2026-05-09:sunderland:man utd,sunderland,DEF,1,Sunderland,2026-05-09,5,449.0,0.0,0.0,0.3,0.21,34.0,1.0
2026-05-09:sunderland:man utd,sunderland,FWD,1,Sunderland,2026-05-09,2,91.0,0.0,0.0,0.18,0.11,3.0,1.0
2026-05-09:sunderland:man utd,sunderland,GKP,1,Sunderland,2026-05-09,1,90.0,0.0,0.0,0.0,0.0,6.0,1.0
2026-05-09:sunderland:man utd,sunderland,MID,1,Sunderland,2026-05-09,5,359.0,0.0,0.0,0.77,0.69,17.0,1.0
2026-05-10:burnley:aston villa,aston villa,DEF,0,Aston Villa,2026-05-10,7,431.0,0.0,0.0,0.04,0.27,6.0,0.0
2026-05-10:burnley:aston villa,aston villa,FWD,0,Aston Villa,2026-05-10,1,90.0,1.0,0.0,0.14,0.01,9.0,0.0
2026-05-10:burnley:aston villa,aston villa,GKP,0,Aston Villa,2026-05-10,1,90.0,0.0,1.0,0.0,0.0,6.0,0.0
2026-05-10:burnley:aston villa,aston villa,MID,0,Aston Villa,2026-05-10,7,374.0,1.0,1.0,1.25,0.8,23.0,0.0
2026-05-10:burnley:aston villa,burnley,DEF,1,Burnley,2026-05-10,4,360.0,0.0,0.0,0.0,0.08,8.0,0.0
2026-05-10:burnley:aston villa,burnley,FWD,1,Burnley,2026-05-10,3,111.0,1.0,0.0,1.1400000000000001,0.0,7.0,0.0
2026-05-10:burnley:aston villa,burnley,GKP,1,Burnley,2026-05-10,1,90.0,0.0,0.0,0.0,0.0,2.0,0.0
2026-05-10:burnley:aston villa,burnley,MID,1,Burnley,2026-05-10,8,426.0,1.0,2.0,0.6699999999999999,0.69,28.0,0.0
2026-05-10:crystal palace:everton,crystal palace,DEF,1,Crystal Palace,2026-05-10,5,450.0,0.0,1.0,0.95,0.7000000000000001,11.0,0.0
2026-05-10:crystal palace:everton,crystal palace,FWD,1,Crystal Palace,2026-05-10,2,89.0,1.0,0.0,0.6799999999999999,0.11,7.0,0.0
2026-05-10:crystal palace:everton,crystal palace,GKP,1,Crystal Palace,2026-05-10,1,90.0,0.0,0.0,0.0,0.0,2.0,0.0
2026-05-10:crystal palace:everton,crystal palace,MID,1,Crystal Palace,2026-05-10,5,359.0,1.0,0.0,0.9400000000000001,1.3900000000000001,16.0,0.0
2026-05-10:crystal palace:everton,everton,DEF,0,Everton,2026-05-10,4,360.0,1.0,1.0,0.39,0.63,17.0,0.0
2026-05-10:crystal palace:everton,everton,FWD,0,Everton,2026-05-10,2,89.0,1.0,0.0,0.29,0.05,9.0,0.0
2026-05-10:crystal palace:everton,everton,GKP,0,Everton,2026-05-10,1,90.0,0.0,0.0,0.0,0.01,3.0,0.0
2026-05-10:crystal palace:everton,everton,MID,0,Everton,2026-05-10,7,450.0,0.0,1.0,0.91,0.5700000000000001,14.0,0.0
2026-05-10:nottm forest:newcastle,newcastle,DEF,0,Newcastle,2026-05-10,5,361.0,0.0,0.0,0.0,0.12,11.0,0.0
2026-05-10:nottm forest:newcastle,newcastle,FWD,0,Newcastle,2026-05-10,3,149.0,0.0,0.0,0.57,0.09999999999999999,5.0,1.0
2026-05-10:nottm forest:newcastle,newcastle,GKP,0,Newcastle,2026-05-10,1,90.0,0.0,0.0,0.0,0.0,3.0,0.0
2026-05-10:nottm forest:newcastle,newcastle,MID,0,Newcastle,2026-05-10,6,388.0,1.0,1.0,0.9,1.0899999999999999,24.0,1.0
2026-05-10:nottm forest:newcastle,nottm forest,DEF,1,Nott'm Forest,2026-05-10,5,442.0,0.0,0.0,0.17,0.13,10.0,0.0
2026-05-10:nottm forest:newcastle,nottm forest,FWD,1,Nott'm Forest,2026-05-10,4,178.0,0.0,0.0,0.51,0.09000000000000001,5.0,1.0
2026-05-10:nottm forest:newcastle,nottm forest,GKP,1,Nott'm Forest,2026-05-10,1,90.0,0.0,0.0,0.0,0.0,3.0,0.0
2026-05-10:nottm forest:newcastle,nottm forest,MID,1,Nott'm Forest,2026-05-10,6,276.0,1.0,1.0,0.43,0.4800000000000001,21.0,1.0
2026-05-10:west ham:arsenal,arsenal,DEF,0,Arsenal,2026-05-10,6,387.0,0.0,0.0,0.51,0.25,24.0,1.0
2026-05-10:west ham:arsenal,arsenal,FWD,0,Arsenal,2026-05-10,2,113.0,0.0,0.0,0.12,0.03,3.0,1.0
2026-05-10:west ham:arsenal,arsenal,GKP,0,Arsenal,2026-05-10,1,90.0,0.0,0.0,0.0,0.0,9.0,1.0
2026-05-10:west ham:arsenal,arsenal,MID,0,Arsenal,2026-05-10,7,397.0,1.0,1.0,0.56,0.82,22.0,1.0
2026-05-10:west ham:arsenal,west ham,DEF,1,West Ham,2026-05-10,5,444.0,0.0,0.0,0.02,0.11,11.0,0.0
2026-05-10:west ham:arsenal,west ham,FWD,1,West Ham,2026-05-10,4,184.0,0.0,0.0,0.51,0.6100000000000001,5.0,1.0
2026-05-10:west ham:arsenal,west ham,GKP,1,West Ham,2026-05-10,1,90.0,0.0,0.0,0.0,0.0,2.0,0.0
2026-05-10:west ham:arsenal,west ham,MID,1,West Ham,2026-05-10,3,270.0,0.0,0.0,0.6300000000000001,0.14,5.0,0.0
2026-05-11:spurs:leeds,leeds,DEF,0,Leeds,2026-05-11,5,359.0,0.0,0.0,0.12,0.21000000000000002,12.0,0.0
2026-05-11:spurs:leeds,leeds,FWD,0,Leeds,2026-05-11,2,117.0,1.0,0.0,0.8799999999999999,0.01,8.0,0.0
2026-05-11:spurs:leeds,leeds,GKP,0,Leeds,2026-05-11,1,90.0,0.0,0.0,0.0,0.0,2.0,0.0
2026-05-11:spurs:leeds,leeds,MID,0,Leeds,2026-05-11,7,422.0,0.0,1.0,0.35,0.33999999999999997,23.0,0.0
2026-05-11:spurs:leeds,spurs,DEF,1,Spurs,2026-05-11,5,359.0,0.0,0.0,0.12,0.42000000000000004,9.0,0.0
2026-05-11:spurs:leeds,spurs,FWD,1,Spurs,2026-05-11,2,180.0,0.0,0.0,0.53,0.28,4.0,0.0
2026-05-11:spurs:leeds,spurs,GKP,1,Spurs,2026-05-11,1,90.0,0.0,0.0,0.0,0.0,3.0,0.0
2026-05-11:spurs:leeds,spurs,MID,1,Spurs,2026-05-11,6,358.0,1.0,0.0,0.62,0.22,21.0,0.0
2026-05-13:man city:crystal palace,crystal palace,DEF,0,Crystal Palace,2026-05-13,6,449.0,0.0,0.0,0.31000000000000005,0.01,11.0,0.0
2026-05-13:man city:crystal palace,crystal palace,FWD,0,Crystal Palace,2026-05-13,2,89.0,0.0,0.0,0.12,0.04,2.0,0.0
2026-05-13:man city:crystal palace,crystal palace,GKP,0,Crystal Palace,2026-05-13,1,90.0,0.0,0.0,0.0,0.0,1.0,0.0
2026-05-13:man city:crystal palace,crystal palace,MID,0,Crystal Palace,2026-05-13,7,357.0,0.0,0.0,0.25,0.28,8.0,0.0
2026-05-13:man city:crystal palace,man city,DEF,1,Man City,2026-05-13,7,424.0,0.0,0.0,0.27999999999999997,0.45999999999999996,22.0,1.0
2026-05-13:man city:crystal palace,man city,GKP,1,Man City,2026-05-13,1,90.0,0.0,0.0,0.0,0.0,8.0,1.0
2026-05-13:man city:crystal palace,man city,MID,1,Man City,2026-05-13,8,471.0,3.0,3.0,1.27,1.28,48.0,1.0
2026-05-15:aston villa:liverpool,aston villa,DEF,1,Aston Villa,2026-05-15,6,410.0,0.0,2.0,0.6000000000000001,0.09,11.0,0.0
2026-05-15:aston villa:liverpool,aston villa,FWD,1,Aston Villa,2026-05-15,1,90.0,2.0,1.0,1.52,0.02,15.0,0.0
2026-05-15:aston villa:liverpool,aston villa,GKP,1,Aston Villa,2026-05-15,1,90.0,0.0,0.0,0.0,0.01,2.0,0.0
2026-05-15:aston villa:liverpool,aston villa,MID,1,Aston Villa,2026-05-15,7,399.0,2.0,1.0,0.14,0.54,25.0,0.0
2026-05-15:aston villa:liverpool,liverpool,DEF,0,Liverpool,2026-05-15,4,335.0,2.0,0.0,0.45,0.07,14.0,0.0
2026-05-15:aston villa:liverpool,liverpool,GKP,0,Liverpool,2026-05-15,1,90.0,0.0,0.0,0.0,0.0,1.0,0.0
2026-05-15:aston villa:liverpool,liverpool,MID,0,Liverpool,2026-05-15,9,562.0,0.0,2.0,1.0,0.7799999999999999,24.0,0.0
2026-05-17:brentford:crystal palace,brentford,DEF,1,Brentford,2026-05-17,5,359.0,0.0,1.0,0.37,0.57,11.0,0.0
2026-05-17:brentford:crystal palace,brentford,FWD,1,Brentford,2026-05-17,1,90.0,0.0,0.0,0.11,0.05,2.0,0.0
2026-05-17:brentford:crystal palace,brentford,GKP,1,Brentford,2026-05-17,1,90.0,0.0,0.0,0.0,0.0,2.0,0.0
2026-05-17:brentford:crystal palace,brentford,MID,1,Brentford,2026-05-17,8,447.0,2.0,1.0,1.24,0.7,32.0,0.0
2026-05-17:brentford:crystal palace,crystal palace,DEF,0,Crystal Palace,2026-05-17,6,432.0,0.0,1.0,0.37,0.21000000000000002,14.0,0.0
2026-05-17:brentford:crystal palace,crystal palace,FWD,0,Crystal Palace,2026-05-17,2,89.0,0.0,0.0,0.2,0.17,3.0,0.0
2026-05-17:brentford:crystal palace,crystal palace,GKP,0,Crystal Palace,2026-05-17,1,90.0,0.0,0.0,0.0,0.0,0.0,0.0
2026-05-17:brentford:crystal palace,crystal palace,MID,0,Crystal Palace,2026-05-17,7,377.0,2.0,0.0,1.18,0.58,25.0,0.0
2026-05-17:everton:sunderland,everton,DEF,1,Everton,2026-05-17,5,359.0,0.0,1.0,0.6300000000000001,0.08,9.0,0.0
2026-05-17:everton:sunderland,everton,FWD,1,Everton,2026-05-17,2,89.0,0.0,0.0,0.21,0.0,3.0,0.0
2026-05-17:everton:sunderland,everton,GKP,1,Everton,2026-05-17,1,90.0,0.0,0.0,0.0,0.0,1.0,0.0
2026-05-17:everton:sunderland,everton,MID,1,Everton,2026-05-17,7,448.0,1.0,0.0,0.2,1.28,17.0,0.0
2026-05-17:everton:sunderland,sunderland,DEF,0,Sunderland,2026-05-17,6,418.0,0.0,0.0,0.13,0.07,12.0,0.0
2026-05-17:everton:sunderland,sunderland,FWD,0,Sunderland,2026-05-17,2,89.0,2.0,0.0,0.52,0.18000000000000002,12.0,0.0
2026-05-17:everton:sunderland,sunderland,GKP,0,Sunderland,2026-05-17,1,90.0,0.0,0.0,0.0,0.0,3.0,0.0
2026-05-17:everton:sunderland,sunderland,MID,0,Sunderland,2026-05-17,7,388.0,1.0,3.0,0.12,0.48000000000000004,28.0,0.0
2026-05-17:leeds:brighton,brighton,DEF,0,Brighton,2026-05-17,5,424.0,0.0,0.0,1.43,1.3,14.0,1.0
2026-05-17:leeds:brighton,brighton,FWD,0,Brighton,2026-05-17,2,72.0,0.0,0.0,0.24,0.19,3.0,1.0
2026-05-17:leeds:brighton,brighton,GKP,0,Brighton,2026-05-17,1,90.0,0.0,0.0,0.0,0.0,2.0,0.0
2026-05-17:leeds:brighton,brighton,MID,0,Brighton,2026-05-17,8,401.0,0.0,0.0,1.4,1.46,16.0,1.0
2026-05-17:leeds:brighton,leeds,DEF,1,Leeds,2026-05-17,5,361.0,0.0,0.0,0.06,0.030000000000000002,27.0,1.0
2026-05-17:leeds:brighton,leeds,FWD,1,Leeds,2026-05-17,3,136.0,1.0,0.0,0.11000000000000001,0.05,9.0,1.0
2026-05-17:leeds:brighton,leeds,GKP,1,Leeds,2026-05-17,1,90.0,0.0,0.0,0.0,0.0,11.0,1.0
2026-05-17:leeds:brighton,leeds,MID,1,Leeds,2026-05-17,7,400.0,0.0,0.0,0.22,0.29,11.0,1.0
2026-05-17:man utd:nottm forest,man utd,DEF,1,Man Utd,2026-05-17,5,370.0,1.0,0.0,0.6799999999999999,0.57,14.0,0.0
2026-05-17:man utd:nottm forest,man utd,FWD,1,Man Utd,2026-05-17,1,10.0,0.0,0.0,0.48,0.01,1.0,0.0
2026-05-17:man utd:nottm forest,man utd,GKP,1,Man Utd,2026-05-17,1,90.0,0.0,0.0,0.0,0.0,1.0,0.0
2026-05-17:man utd:nottm forest,man utd,MID,1,Man Utd,2026-05-17,7,517.0,2.0,2.0,3.4,1.82,33.0,0.0
2026-05-17:man utd:nottm forest,nottm forest,DEF,0,Nott'm Forest,2026-05-17,5,359.0,1.0,0.0,0.51,0.11000000000000001,13.0,0.0
2026-05-17:man utd:nottm forest,nottm forest,FWD,0,Nott'm Forest,2026-05-17,3,172.0,0.0,0.0,0.26,0.36,5.0,0.0
2026-05-17:man utd:nottm forest,nottm forest,GKP,0,Nott'm Forest,2026-05-17,1,90.0,0.0,0.0,0.0,0.0,2.0,0.0
2026-05-17:man utd:nottm forest,nottm forest,MID,0,Nott'm Forest,2026-05-17,7,364.0,1.0,2.0,1.11,1.09,26.0,0.0
2026-05-17:newcastle:west ham,newcastle,DEF,1,Newcastle,2026-05-17,5,369.0,0.0,0.0,0.16,0.09999999999999999,10.0,0.0
2026-05-17:newcastle:west ham,newcastle,FWD,1,Newcastle,2026-05-17,3,163.0,3.0,0.0,1.11,0.31,22.0,0.0
2026-05-17:newcastle:west ham,newcastle,GKP,1,Newcastle,2026-05-17,1,90.0,0.0,0.0,0.0,0.0,4.0,0.0
2026-05-17:newcastle:west ham,newcastle,MID,1,Newcastle,2026-05-17,7,363.0,0.0,3.0,0.45999999999999996,1.21,25.0,0.0
2026-05-17:newcastle:west ham,west ham,DEF,0,West Ham,2026-05-17,5,357.0,0.0,0.0,0.07,0.28,5.0,0.0
2026-05-17:newcastle:west ham,west ham,FWD,0,West Ham,2026-05-17,4,271.0,1.0,0.0,0.7,0.21,11.0,0.0
2026-05-17:newcastle:west ham,west ham,GKP,0,West Ham,2026-05-17,1,90.0,0.0,1.0,0.0,0.0,5.0,0.0
2026-05-17:newcastle:west ham,west ham,MID,0,West Ham,2026-05-17,4,269.0,0.0,0.0,0.18,0.35,7.0,0.0
2026-05-17:wolves:fulham,fulham,DEF,0,Fulham,2026-05-17,4,360.0,1.0,1.0,0.8400000000000001,0.3,21.0,0.0
2026-05-17:wolves:fulham,fulham,FWD,0,Fulham,2026-05-17,2,89.0,0.0,0.0,0.26,0.01,3.0,0.0
2026-05-17:wolves:fulham,fulham,GKP,0,Fulham,2026-05-17,1,90.0,0.0,0.0,0.0,0.0,2.0,0.0
2026-05-17:wolves:fulham,fulham,MID,0,Fulham,2026-05-17,9,447.0,0.0,0.0,0.5,0.59,16.0,0.0
2026-05-17:wolves:fulham,wolves,DEF,1,Wolves,2026-05-17,7,448.0,0.0,0.0,0.78,0.14,12.0,0.0
2026-05-17:wolves:fulham,wolves,FWD,1,Wolves,2026-05-17,3,179.0,1.0,0.0,0.5599999999999999,0.4,14.0,0.0
2026-05-17:wolves:fulham,wolves,GKP,1,Wolves,2026-05-17,1,90.0,0.0,0.0,0.0,0.01,3.0,0.0
2026-05-17:wolves:fulham,wolves,MID,1,Wolves,2026-05-17,4,269.0,0.0,1.0,0.05,0.33999999999999997,11.0,0.0
2026-05-18:arsenal:burnley,arsenal,DEF,1,Arsenal,2026-05-18,6,376.0,0.0,0.0,0.0,0.26,30.0,1.0
2026-05-18:arsenal:burnley,arsenal,FWD,1,Arsenal,2026-05-18,2,89.0,1.0,0.0,0.39,0.34,9.0,1.0
2026-05-18:arsenal:burnley,arsenal,GKP,1,Arsenal,2026-05-18,1,90.0,0.0,0.0,0.0,0.01,6.0,1.0
2026-05-18:arsenal:burnley,arsenal,MID,1,Arsenal,2026-05-18,7,434.0,0.0,1.0,0.8999999999999999,0.57,26.0,1.0
2026-05-18:arsenal:burnley,burnley,DEF,0,Burnley,2026-05-18,5,359.0,0.0,0.0,0.0,0.15000000000000002,8.0,0.0
2026-05-18:arsenal:burnley,burnley,FWD,0,Burnley,2026-05-18,2,110.0,0.0,0.0,0.0,0.03,2.0,0.0
2026-05-18:arsenal:burnley,burnley,GKP,0,Burnley,2026-05-18,1,90.0,0.0,0.0,0.0,0.0,2.0,0.0
2026-05-18:arsenal:burnley,burnley,MID,0,Burnley,2026-05-18,8,426.0,0.0,0.0,0.19,0.05,14.0,0.0
2026-05-19:bournemouth:man city,bournemouth,DEF,1,Bournemouth,2026-05-19,4,359.0,0.0,1.0,0.1,0.21000000000000002,15.0,1.0
2026-05-19:bournemouth:man city,bournemouth,FWD,1,Bournemouth,2026-05-19,3,164.0,1.0,0.0,0.8999999999999999,0.2,11.0,1.0
2026-05-19:bournemouth:man city,bournemouth,GKP,1,Bournemouth,2026-05-19,1,90.0,0.0,0.0,0.0,0.0,3.0,0.0
2026-05-19:bournemouth:man city,bournemouth,MID,1,Bournemouth,2026-05-19,7,374.0,0.0,0.0,1.0,0.5800000000000001,14.0,1.0
2026-05-19:bournemouth:man city,man city,DEF,0,Man City,2026-05-19,4,360.0,0.0,0.0,0.7100000000000001,0.8400000000000001,8.0,0.0
2026-05-19:bournemouth:man city,man city,FWD,0,Man City,2026-05-19,1,90.0,1.0,0.0,0.23,0.52,9.0,0.0
2026-05-19:bournemouth:man city,man city,GKP,0,Man City,2026-05-19,1,90.0,0.0,0.0,0.0,0.0,1.0,0.0
2026-05-19:bournemouth:man city,man city,MID,0,Man City,2026-05-19,9,446.0,0.0,1.0,0.76,0.48,16.0,0.0
2026-05-19:chelsea:spurs,chelsea,DEF,1,Chelsea,2026-05-19,6,358.0,0.0,0.0,0.0,0.02,8.0,0.0
2026-05-19:chelsea:spurs,chelsea,FWD,1,Chelsea,2026-05-19,2,89.0,0.0,0.0,0.06,0.01,2.0,0.0
2026-05-19:chelsea:spurs,chelsea,GKP,1,Chelsea,2026-05-19,1,90.0,0.0,0.0,0.0,0.0,2.0,0.0
2026-05-19:chelsea:spurs,chelsea,MID,1,Chelsea,2026-05-19,7,448.0,2.0,2.0,0.56,0.62,33.0,0.0
2026-05-19:chelsea:spurs,spurs,DEF,0,Spurs,2026-05-19,5,359.0,0.0,0.0,0.0,0.39,4.0,0.0
2026-05-19:chelsea:spurs,spurs,FWD,0,Spurs,2026-05-19,2,158.0,1.0,0.0,0.96,0.04,9.0,0.0
2026-05-19:chelsea:spurs,spurs,GKP,0,Spurs,2026-05-19,1,90.0,0.0,0.0,0.0,0.0,1.0,0.0
2026-05-19:chelsea:spurs,spurs,MID,0,Spurs,2026-05-19,6,380.0,0.0,1.0,0.76,0.22999999999999998,15.0,0.0
2026-05-24:brighton:man utd,brighton,DEF,1,Brighton,2026-05-24,4,315.0,0.0,0.0,0.07,0.26999999999999996,3.0,0.0
2026-05-24:brighton:man utd,brighton,FWD,1,Brighton,2026-05-24,2,89.0,0.0,0.0,0.19,0.09,2.0,0.0
2026-05-24:brighton:man utd,brighton,GKP,1,Brighton,2026-05-24,1,90.0,0.0,0.0,0.0,0.0,2.0,0.0
2026-05-24:brighton:man utd,brighton,MID,1,Brighton,2026-05-24,9,492.0,0.0,0.0,0.52,0.38,12.0,0.0
2026-05-24:brighton:man utd,man utd,DEF,0,Man Utd,2026-05-24,7,419.0,1.0,1.0,0.38,0.18,44.0,1.0
2026-05-24:brighton:man utd,man utd,FWD,0,Man Utd,2026-05-24,1,16.0,0.0,0.0,0.0,0.0,1.0,0.0
2026-05-24:brighton:man utd,man utd,GKP,0,Man Utd,2026-05-24,1,90.0,0.0,0.0,0.0,0.0,6.0,1.0
2026-05-24:brighton:man utd,man utd,MID,0,Man Utd,2026-05-24,7,460.0,2.0,2.0,1.28,1.1199999999999999,39.0,1.0
2026-05-24:burnley:wolves,burnley,DEF,1,Burnley,2026-05-24,4,360.0,0.0,0.0,0.27,0.12000000000000001,8.0,0.0
2026-05-24:burnley:wolves,burnley,FWD,1,Burnley,2026-05-24,3,113.0,1.0,0.0,0.26,0.07,10.0,0.0
2026-05-24:burnley:wolves,burnley,GKP,1,Burnley,2026-05-24,1,90.0,0.0,0.0,0.0,0.0,3.0,0.0
2026-05-24:burnley:wolves,burnley,MID,1,Burnley,2026-05-24,8,422.0,0.0,1.0,0.45,0.8099999999999999,17.0,0.0
2026-05-24:burnley:wolves,wolves,DEF,0,Wolves,2026-05-24,8,447.0,0.0,1.0,0.87,0.06,18.0,0.0
2026-05-24:burnley:wolves,wolves,FWD,0,Wolves,2026-05-24,3,187.0,1.0,0.0,1.1600000000000001,0.7,10.0,0.0
2026-05-24:burnley:wolves,wolves,GKP,0,Wolves,2026-05-24,1,90.0,0.0,0.0,0.0,0.0,6.0,0.0
2026-05-24:burnley:wolves,wolves,MID,0,Wolves,2026-05-24,4,261.0,0.0,0.0,0.07,0.35000000000000003,8.0,0.0
2026-05-24:crystal palace:arsenal,arsenal,DEF,0,Arsenal,2026-05-24,5,360.0,0.0,0.0,0.03,0.15000000000000002,10.0,0.0
2026-05-24:crystal palace:arsenal,arsenal,FWD,0,Arsenal,2026-05-24,3,126.0,1.0,1.0,1.44,0.31,10.0,1.0
2026-05-24:crystal palace:arsenal,arsenal,GKP,0,Arsenal,2026-05-24,1,90.0,0.0,0.0,0.0,0.0,2.0,0.0
2026-05-24:crystal palace:arsenal,arsenal,MID,0,Arsenal,2026-05-24,7,412.0,1.0,1.0,1.06,0.79,26.0,1.0
2026-05-24:crystal palace:arsenal,crystal palace,DEF,1,Crystal Palace,2026-05-24,4,270.0,0.0,0.0,0.22999999999999998,0.04,6.0,0.0
2026-05-24:crystal palace:arsenal,crystal palace,FWD,1,Crystal Palace,2026-05-24,2,89.0,1.0,0.0,0.45,0.01,8.0,0.0
2026-05-24:crystal palace:arsenal,crystal palace,GKP,1,Crystal Palace,2026-05-24,1,90.0,0.0,0.0,0.0,0.0,2.0,0.0
2026-05-24:crystal palace:arsenal,crystal palace,MID,1,Crystal Palace,2026-05-24,9,539.0,0.0,1.0,0.30000000000000004,0.79,18.0,0.0
2026-05-24:fulham:newcastle,fulham,DEF,1,Fulham,2026-05-24,5,359.0,1.0,0.0,0.89,0.25,35.0,1.0
2026-05-24:fulham:newcastle,fulham,FWD,1,Fulham,2026-05-24,2,89.0,0.0,0.0,0.19,0.01,3.0,1.0
2026-05-24:fulham:newcastle,fulham,GKP,1,Fulham,2026-05-24,1,90.0,0.0,0.0,0.0,0.01,6.0,1.0
2026-05-24:fulham:newcastle,fulham,MID,1,Fulham,2026-05-24,8,447.0,1.0,2.0,0.75,0.53,27.0,1.0
2026-05-24:fulham:newcastle,newcastle,DEF,0,Newcastle,2026-05-24,5,359.0,0.0,0.0,0.02,0.11,7.0,0.0
2026-05-24:fulham:newcastle,newcastle,FWD,0,Newcastle,2026-05-24,4,179.0,0.0,0.0,0.03,0.07,5.0,0.0
2026-05-24:fulham:newcastle,newcastle,GKP,0,Newcastle,2026-05-24,1,90.0,0.0,0.0,0.0,0.0,2.0,0.0
2026-05-24:fulham:newcastle,newcastle,MID,0,Newcastle,2026-05-24,6,359.0,0.0,0.0,0.25,0.21,10.0,0.0
2026-05-24:liverpool:brentford,brentford,DEF,0,Brentford,2026-05-24,5,388.0,0.0,1.0,0.03,0.55,15.0,0.0
2026-05-24:liverpool:brentford,brentford,FWD,0,Brentford,2026-05-24,1,90.0,0.0,0.0,0.05,0.0,2.0,0.0
2026-05-24:liverpool:brentford,brentford,GKP,0,Brentford,2026-05-24,1,90.0,0.0,0.0,0.0,0.0,6.0,0.0
2026-05-24:liverpool:brentford,brentford,MID,0,Brentford,2026-05-24,7,419.0,1.0,0.0,1.4700000000000002,0.72,14.0,0.0
2026-05-24:liverpool:brentford,liverpool,DEF,1,Liverpool,2026-05-24,6,284.0,0.0,0.0,0.27,0.52,8.0,0.0
2026-05-24:liverpool:brentford,liverpool,GKP,1,Liverpool,2026-05-24,1,90.0,0.0,0.0,0.0,0.0,2.0,0.0
2026-05-24:liverpool:brentford,liverpool,MID,1,Liverpool,2026-05-24,9,611.0,1.0,1.0,2.77,1.1199999999999999,27.0,0.0
2026-05-24:man city:aston villa,aston villa,DEF,0,Aston Villa,2026-05-24,7,431.0,0.0,0.0,0.16999999999999998,0.15000000000000002,16.0,0.0
2026-05-24:man city:aston villa,aston villa,FWD,0,Aston Villa,2026-05-24,1,90.0,2.0,0.0,1.24,0.01,13.0,0.0
2026-05-24:man city:aston villa,aston villa,GKP,0,Aston Villa,2026-05-24,1,90.0,0.0,0.0,0.0,0.0,2.0,0.0
2026-05-24:man city:aston villa,aston villa,MID,0,Aston Villa,2026-05-24,7,375.0,0.0,2.0,0.35,0.45000000000000007,21.0,0.0
2026-05-24:man city:aston villa,man city,DEF,1,Man City,2026-05-24,6,358.0,0.0,0.0,0.16,0.23,7.0,0.0
2026-05-24:man city:aston villa,man city,GKP,1,Man City,2026-05-24,1,90.0,0.0,0.0,0.0,0.0,2.0,0.0
2026-05-24:man city:aston villa,man city,MID,1,Man City,2026-05-24,9,537.0,1.0,1.0,1.18,0.66,23.0,0.0
2026-05-24:nottm forest:bournemouth,bournemouth,DEF,0,Bournemouth,2026-05-24,4,359.0,0.0,1.0,0.0,0.15,13.0,0.0
2026-05-24:nottm forest:bournemouth,bournemouth,FWD,0,Bournemouth,2026-05-24,3,161.0,0.0,0.0,0.33999999999999997,0.09,5.0,0.0
2026-05-24:nottm forest:bournemouth,bournemouth,GKP,0,Bournemouth,2026-05-24,1,90.0,0.0,0.0,0.0,0.0,3.0,0.0
2026-05-24:nottm forest:bournemouth,bournemouth,MID,0,Bournemouth,2026-05-24,8,376.0,1.0,0.0,0.61,0.31,21.0,0.0
2026-05-24:nottm forest:bournemouth,nottm forest,DEF,1,Nott'm Forest,2026-05-24,5,359.0,0.0,0.0,0.07,0.26,13.0,0.0
2026-05-24:nottm forest:bournemouth,nottm forest,FWD,1,Nott'm Forest,2026-05-24,3,179.0,0.0,0.0,0.9299999999999999,0.12,4.0,0.0
2026-05-24:nottm forest:bournemouth,nottm forest,GKP,1,Nott'm Forest,2026-05-24,1,90.0,0.0,0.0,0.0,0.0,3.0,0.0
2026-05-24:nottm forest:bournemouth,nottm forest,MID,1,Nott'm Forest,2026-05-24,7,357.0,1.0,1.0,0.74,0.62,23.0,0.0
2026-05-24:spurs:everton,everton,DEF,0,Everton,2026-05-24,5,337.0,0.0,0.0,0.15,0.44000000000000006,11.0,0.0
2026-05-24:spurs:everton,everton,FWD,0,Everton,2026-05-24,2,89.0,0.0,0.0,0.03,0.0,3.0,0.0
2026-05-24:spurs:everton,everton,GKP,0,Everton,2026-05-24,1,90.0,0.0,0.0,0.0,0.03,2.0,0.0
2026-05-24:spurs:everton,everton,MID,0,Everton,2026-05-24,8,469.0,0.0,0.0,0.24,0.44,17.0,0.0
2026-05-24:spurs:everton,spurs,DEF,1,Spurs,2026-05-24,6,450.0,0.0,0.0,0.33,0.15,38.0,1.0
2026-05-24:spurs:everton,spurs,FWD,1,Spurs,2026-05-24,2,89.0,0.0,0.0,0.08,0.09,3.0,1.0
2026-05-24:spurs:everton,spurs,GKP,1,Spurs,2026-05-24,1,90.0,0.0,0.0,0.0,0.0,5.0,1.0
2026-05-24:spurs:everton,spurs,MID,1,Spurs,2026-05-24,7,357.0,1.0,0.0,0.74,0.30000000000000004,25.0,1.0
2026-05-24:sunderland:chelsea,chelsea,DEF,0,Chelsea,2026-05-24,8,444.0,0.0,0.0,0.04,0.7600000000000001,4.0,0.0
2026-05-24:sunderland:chelsea,chelsea,FWD,0,Chelsea,2026-05-24,2,95.0,0.0,0.0,0.59,0.0,2.0,0.0
2026-05-24:sunderland:chelsea,chelsea,GKP,0,Chelsea,2026-05-24,1,90.0,0.0,0.0,0.0,0.0,2.0,0.0
2026-05-24:sunderland:chelsea,chelsea,MID,0,Chelsea,2026-05-24,4,328.0,1.0,1.0,0.25,0.22,17.0,0.0
2026-05-24:sunderland:chelsea,sunderland,DEF,1,Sunderland,2026-05-24,5,450.0,1.0,1.0,0.36,0.6,21.0,0.0
2026-05-24:sunderland:chelsea,sunderland,FWD,1,Sunderland,2026-05-24,2,89.0,0.0,1.0,1.0,0.02,6.0,0.0
2026-05-24:sunderland:chelsea,sunderland,GKP,1,Sunderland,2026-05-24,1,90.0,0.0,0.0,0.0,0.0,2.0,0.0
2026-05-24:sunderland:chelsea,sunderland,MID,1,Sunderland,2026-05-24,6,360.0,0.0,0.0,0.49000000000000005,1.01,9.0,0.0
2026-05-24:west ham:leeds,leeds,DEF,0,Leeds,2026-05-24,6,417.0,0.0,0.0,0.35,0.25,7.0,0.0
2026-05-24:west ham:leeds,leeds,FWD,0,Leeds,2026-05-24,3,170.0,0.0,0.0,0.93,0.56,5.0,0.0
2026-05-24:west ham:leeds,leeds,GKP,0,Leeds,2026-05-24,1,90.0,0.0,0.0,0.0,0.0,2.0,0.0
2026-05-24:west ham:leeds,leeds,MID,0,Leeds,2026-05-24,6,310.0,0.0,0.0,0.30000000000000004,0.5399999999999999,11.0,0.0
2026-05-24:west ham:leeds,west ham,DEF,1,West Ham,2026-05-24,4,360.0,0.0,0.0,0.0,0.03,26.0,1.0
2026-05-24:west ham:leeds,west ham,FWD,1,West Ham,2026-05-24,4,267.0,3.0,1.0,1.74,0.35,26.0,1.0
2026-05-24:west ham:leeds,west ham,GKP,1,West Ham,2026-05-24,1,90.0,0.0,0.0,0.0,0.0,7.0,1.0
2026-05-24:west ham:leeds,west ham,MID,1,West Ham,2026-05-24,4,272.0,0.0,2.0,0.88,0.52,19.0,1.0
