fixture_id,team_norm,position,is_home,team,date,n_players,pot_minutes,pot_goals,pot_assists,pot_xg,pot_xa,pot_points,pot_cs,p_home,p_draw,p_away,date_fix,p_win,p_lose,pot_hat,pot_tilt,pot_prior_mean
2025-08-17:man utd:arsenal,arsenal,DEF,0,Arsenal,2025-08-17,6,358.0,1.0,0.0,0.92,0.02,34.0,1.0,0.2442446181576206,0.250807854298588,0.5049475275437914,2025-08-17,0.5049475275437914,0.2442446181576206,17.895044838453103,2.0555711542425765,15.839473684210526
2025-08-23:arsenal:leeds,arsenal,DEF,1,Arsenal,2025-08-23,6,358.0,2.0,3.0,1.2400000000000002,0.08,51.0,1.0,0.7449720634128176,0.1652296614949292,0.0897982750922531,2025-08-23,0.7449720634128176,0.0897982750922531,20.241891419966922,-13.758108580033078,34.0
2025-08-31:liverpool:arsenal,arsenal,DEF,0,Arsenal,2025-08-31,5,359.0,0.0,0.0,0.24,0.07,9.0,0.0,0.4056187444312548,0.2808289619977077,0.3135522935710373,2025-08-31,0.3135522935710373,0.4056187444312548,15.442929048118273,-27.057070951881727,42.5
2025-09-13:arsenal:nottm forest,arsenal,DEF,1,Arsenal,2025-09-13,5,359.0,0.0,0.0,0.5,0.08,30.0,1.0,0.7009477740536715,0.1878238319234494,0.1112283940228791,2025-09-13,0.7009477740536715,0.1112283940228791,19.916255989851958,-11.417077343481374,31.333333333333332
2025-09-21:arsenal:man city,arsenal,DEF,1,Arsenal,2025-09-21,5,350.0,0.0,0.0,0.27,0.13,8.0,0.0,0.4741387137165104,0.2621191025338704,0.2637421837496191,2025-09-21,0.4741387137165104,0.2637421837496191,17.598774986741194,-13.401225013258806,31.0
2025-09-28:newcastle:arsenal,arsenal,DEF,0,Arsenal,2025-09-28,6,341.0,1.0,0.0,0.85,0.3399999999999999,19.0,0.0,0.2748810715242455,0.2878166068316464,0.4373023216441081,2025-09-28,0.4373023216441081,0.2748810715242455,17.429517106127705,-8.970482893872294,26.4
2025-10-04:arsenal:west ham,arsenal,DEF,1,Arsenal,2025-10-04,5,359.0,0.0,1.0,0.33,0.1,33.0,1.0,0.842586166852527,0.112553754703992,0.0448600784434808,2025-10-04,0.842586166852527,0.0448600784434808,20.924737326780857,-4.241929339885811,25.166666666666668
2025-10-18:fulham:arsenal,arsenal,DEF,0,Arsenal,2025-10-18,4,360.0,0.0,1.0,0.2799999999999999,0.24,30.0,1.0,0.1249400264430107,0.2180609475018562,0.656999026055133,2025-10-18,0.656999026055133,0.1249400264430107,19.707904681342566,-6.577809604371719,26.285714285714285
2025-10-26:arsenal:crystal palace,arsenal,DEF,1,Arsenal,2025-10-26,7,361.0,0.0,0.0,0.17,0.16,25.0,1.0,0.7167624217453205,0.1820788945833489,0.1011586836713305,2025-10-26,0.7167624217453205,0.1011586836713305,20.06926748139219,-6.680732518607812,26.75
2025-11-01:burnley:arsenal,arsenal,DEF,0,Arsenal,2025-11-01,6,360.0,0.0,1.0,0.25,0.55,32.0,1.0,0.050094562363983,0.1494054050486882,0.8005000325873287,2025-11-01,0.8005000325873287,0.050094562363983,20.84519817777284,-5.710357377782717,26.555555555555557
2025-11-08:sunderland:arsenal,arsenal,DEF,0,Arsenal,2025-11-08,5,362.0,0.0,0.0,0.39,0.14,5.0,0.0,0.1117039132178697,0.2133379934951181,0.6749580932870121,2025-11-08,0.6749580932870121,0.1117039132178697,19.909030369775376,-7.190969630224625,27.1
2025-11-23:arsenal:spurs,arsenal,DEF,1,Arsenal,2025-11-23,6,360.0,0.0,1.0,0.5700000000000001,0.09,13.0,0.0,0.6710305350374077,0.2118708439088065,0.1170986210537856,2025-11-23,0.6710305350374077,0.1170986210537856,19.827056582687216,-5.2638525082218734,25.09090909090909
2025-11-30:chelsea:arsenal,arsenal,DEF,0,Arsenal,2025-11-30,5,360.0,0.0,0.0,0.3,0.52,4.0,0.0,0.3126033850890056,0.2984863498162829,0.3889102650947114,2025-11-30,0.3889102650947114,0.3126033850890056,16.85631814991298,-7.227015183420352,24.083333333333332
2025-12-03:arsenal:brentford,arsenal,DEF,1,Arsenal,2025-12-03,5,359.0,0.0,1.0,0.22,0.49,31.0,1.0,0.6903135007366815,0.1985793754900269,0.1111071237732914,2025-12-03,0.6903135007366815,0.1111071237732914,19.918098718304027,-2.6203628201575135,22.53846153846154
2025-12-06:aston villa:arsenal,arsenal,DEF,0,Arsenal,2025-12-06,5,359.0,0.0,0.0,0.55,0.29,9.0,0.0,0.218489214354293,0.2685634111967334,0.5129473744489735,2025-12-06,0.5129473744489735,0.218489214354293,18.286403935545906,-4.856453207311237,23.142857142857142
2025-12-13:arsenal:wolves,arsenal,DEF,1,Arsenal,2025-12-13,5,359.0,0.0,0.0,0.24,0.1,10.0,0.0,0.8893601094349843,0.0871086051269131,0.0235312854381026,2025-12-13,0.8893601094349843,0.0235312854381026,21.248833086894145,-0.9511669131058547,22.2
2025-12-20:everton:arsenal,arsenal,DEF,0,Arsenal,2025-12-20,4,360.0,0.0,0.0,0.46,0.14,28.0,1.0,0.1354462625873357,0.2261838405765086,0.6383698968361555,2025-12-20,0.6383698968361555,0.1354462625873357,19.548260083157096,-1.8892399168429037,21.4375
2025-12-27:arsenal:brighton,arsenal,DEF,1,Arsenal,2025-12-27,4,269.0,0.0,0.0,0.02,0.02,5.0,0.0,0.7502956726091863,0.1605338313556118,0.0891704960352018,2025-12-27,0.7502956726091863,0.0891704960352018,20.251430662559173,-1.5720987492055336,21.823529411764707
2025-12-30:arsenal:aston villa,arsenal,DEF,1,Arsenal,2025-12-30,6,358.0,1.0,1.0,0.71,0.19,30.0,1.0,0.7212978651192059,0.1747580231437045,0.1039441117370896,2025-12-30,0.7212978651192059,0.1039441117370896,20.026942281556202,-0.8619466073326869,20.88888888888889
2026-01-03:bournemouth:arsenal,arsenal,DEF,0,Arsenal,2026-01-03,4,360.0,1.0,0.0,0.17,0.09,14.0,0.0,0.1446210681141809,0.203358386730274,0.652020545155545,2026-01-03,0.652020545155545,0.1446210681141809,19.40884686974344,-1.9595741828881401,21.36842105263158
2026-01-08:arsenal:liverpool,arsenal,DEF,1,Arsenal,2026-01-08,5,359.0,0.0,0.0,0.14,0.23,21.0,1.0,0.6263693379327235,0.2191310659091967,0.1544995961580798,2026-01-08,0.6263693379327235,0.1544995961580798,19.258740435948496,-1.7412595640515036,21.0
2026-01-17:nottm forest:arsenal,arsenal,DEF,0,Arsenal,2026-01-17,4,360.0,0.0,0.0,0.39,0.09,27.0,1.0,0.1494307738298077,0.236862118987376,0.6137071071828163,2026-01-17,0.6137071071828163,0.1494307738298077,19.335762320166054,-1.6642376798339455,21.0
2026-01-25:arsenal:man utd,arsenal,DEF,1,Arsenal,2026-01-25,5,359.0,0.0,0.0,0.0,0.14,4.0,0.0,0.638657747284397,0.2090805451442557,0.1522617075713472,2026-01-25,0.638657747284397,0.1522617075713472,19.292745651451458,-1.9799816212758152,21.272727272727273
2026-01-31:leeds:arsenal,arsenal,DEF,0,Arsenal,2026-01-31,5,359.0,0.0,0.0,0.41,0.3,26.0,1.0,0.1462520731459163,0.2281448072911673,0.6256031195629165,2026-01-31,0.6256031195629165,0.1462520731459163,19.384063385025126,-1.1376757454096555,20.52173913043478
2026-02-07:arsenal:sunderland,arsenal,DEF,1,Arsenal,2026-02-07,5,359.0,0.0,0.0,0.03,0.07,26.0,1.0,0.7872677017122277,0.1533117190819995,0.0594205792057727,2026-02-07,0.7872677017122277,0.0594205792057727,20.70348727475048,-0.04651272524952077,20.75
2026-02-12:brentford:arsenal,arsenal,DEF,0,Arsenal,2026-02-12,5,359.0,0.0,1.0,0.12,0.29,17.0,0.0,0.1736154127395087,0.2435283872582372,0.582856200002254,2026-02-12,0.582856200002254,0.1736154127395087,18.968271345476186,-1.9917286545238149,20.96
2026-02-18:wolves:arsenal,arsenal,DEF,0,Arsenal,2026-02-18,5,361.0,1.0,1.0,0.31,0.36,15.0,0.0,0.0563248938265521,0.14356120778233,0.8001138983911179,2026-02-18,0.8001138983911179,0.0563248938265521,20.75052690356572,-0.057165404126585884,20.807692307692307
2026-02-22:spurs:arsenal,arsenal,DEF,0,Arsenal,2026-02-22,5,359.0,0.0,1.0,0.26,0.51,12.0,0.0,0.1139034799441945,0.2063904575983205,0.6797060624574849,2026-02-22,0.6797060624574849,0.1139034799441945,19.87560746347644,-0.71698512911615,20.59259259259259
2026-03-01:arsenal:chelsea,arsenal,DEF,1,Arsenal,2026-03-01,4,360.0,2.0,1.0,0.7,0.58,27.0,0.0,0.6555253215053819,0.2048844960336512,0.1395901824609669,2026-03-01,0.6555253215053819,0.1395901824609669,19.485292297734148,-0.8004219879801369,20.285714285714285
2026-03-04:brighton:arsenal,arsenal,DEF,0,Arsenal,2026-03-04,5,359.0,0.0,1.0,0.0,0.07,39.0,1.0,0.1753273698910725,0.2383037418732946,0.5863688882356328,2026-03-04,0.5863688882356328,0.1753273698910725,18.942257775267244,-1.5749836040431013,20.517241379310345
2026-03-14:arsenal:everton,arsenal,DEF,1,Arsenal,2026-03-14,6,358.0,0.0,1.0,0.18,0.3199999999999999,32.0,1.0,0.7205903481179663,0.1895160770926484,0.0898935747893853,2026-03-14,0.7205903481179663,0.0898935747893853,20.240443319843635,-0.8928900134896978,21.133333333333333
2026-04-11:arsenal:bournemouth,arsenal,DEF,1,Arsenal,2026-04-11,5,359.0,0.0,1.0,0.15,0.06,8.0,0.0,0.669742096518823,0.1994627222684583,0.1307951812127187,2026-04-11,0.669742096518823,0.1307951812127187,19.618934300543664,-1.864936667198272,21.483870967741936
2026-04-19:man city:arsenal,arsenal,DEF,0,Arsenal,2026-04-19,5,359.0,0.0,0.0,0.12,0.05,5.0,0.0,0.5292309138382678,0.2566844748599273,0.2140846113018049,2026-04-19,0.2140846113018049,0.5292309138382678,13.564614602799391,-7.4978853972006085,21.0625
2026-04-25:arsenal:newcastle,arsenal,DEF,1,Arsenal,2026-04-25,5,369.0,0.0,0.0,0.0,0.31,31.0,1.0,0.7151600894232885,0.1796935682267138,0.1051463423499977,2026-04-25,0.7151600894232885,0.1051463423499977,20.008674119629568,-0.5670834561280067,20.575757575757574
2026-05-02:arsenal:fulham,arsenal,DEF,1,Arsenal,2026-05-02,6,449.0,0.0,0.0,0.87,0.56,31.0,1.0,0.6797312289943577,0.202723820463309,0.1175449505423332,2026-05-02,0.6797312289943577,0.1175449505423332,19.82027450670123,-1.0620784344752394,20.88235294117647
2026-05-10:west ham:arsenal,arsenal,DEF,0,Arsenal,2026-05-10,6,387.0,0.0,0.0,0.51,0.25,24.0,1.0,0.1455454489570799,0.217000640619052,0.6374539104238681,2026-05-10,0.6374539104238681,0.1455454489570799,19.394800696955414,-1.7766278744731565,21.17142857142857
2026-05-18:arsenal:burnley,arsenal,DEF,1,Arsenal,2026-05-18,6,376.0,0.0,0.0,0.0,0.26,30.0,1.0,0.9138043685799168,0.0671140866282933,0.0190815447917898,2026-05-18,0.9138043685799168,0.0190815447917898,21.316447887071075,0.06644788707107452,21.25
2026-05-24:crystal palace:arsenal,arsenal,DEF,0,Arsenal,2026-05-24,5,360.0,0.0,0.0,0.03,0.15,10.0,0.0,0.227928795665564,0.2498159196253463,0.5222552847090897,2026-05-24,0.5222552847090897,0.227928795665564,18.142967395116443,-3.3435190913700445,21.486486486486488
2025-08-17:man utd:arsenal,arsenal,FWD,0,Arsenal,2025-08-17,2,89.0,0.0,0.0,0.0,0.0699999999999999,2.0,0.0,0.2442446181576206,0.250807854298588,0.5049475275437914,2025-08-17,0.5049475275437914,0.2442446181576206,5.659090909090909,0.0,5.659090909090909
2025-08-23:arsenal:leeds,arsenal,FWD,1,Arsenal,2025-08-23,1,90.0,2.0,0.0,1.28,0.03,12.0,1.0,0.7449720634128176,0.1652296614949292,0.0897982750922531,2025-08-23,0.7449720634128176,0.0897982750922531,2.0,0.0,2.0
2025-08-31:liverpool:arsenal,arsenal,FWD,0,Arsenal,2025-08-31,1,90.0,0.0,0.0,0.0,0.16,1.0,0.0,0.4056187444312548,0.2808289619977077,0.3135522935710373,2025-08-31,0.3135522935710373,0.4056187444312548,7.0,0.0,7.0
2025-09-13:arsenal:nottm forest,arsenal,FWD,1,Arsenal,2025-09-13,1,67.0,1.0,0.0,0.84,0.02,6.0,1.0,0.7009477740536715,0.1878238319234494,0.1112283940228791,2025-09-13,0.7009477740536715,0.1112283940228791,5.0,0.0,5.0
2025-09-21:arsenal:man city,arsenal,FWD,1,Arsenal,2025-09-21,1,90.0,0.0,0.0,0.0,0.01,2.0,0.0,0.4741387137165104,0.2621191025338704,0.2637421837496191,2025-09-21,0.4741387137165104,0.2637421837496191,5.25,0.0,5.25
2025-09-28:newcastle:arsenal,arsenal,FWD,0,Arsenal,2025-09-28,1,90.0,0.0,0.0,0.26,0.12,2.0,0.0,0.2748810715242455,0.2878166068316464,0.4373023216441081,2025-09-28,0.4373023216441081,0.2748810715242455,4.6,0.0,4.6
2025-10-04:arsenal:west ham,arsenal,FWD,1,Arsenal,2025-10-04,1,90.0,0.0,0.0,0.63,0.05,2.0,1.0,0.842586166852527,0.112553754703992,0.0448600784434808,2025-10-04,0.842586166852527,0.0448600784434808,4.166666666666667,0.0,4.166666666666667
2025-10-18:fulham:arsenal,arsenal,FWD,0,Arsenal,2025-10-18,1,90.0,0.0,0.0,0.4,0.02,2.0,1.0,0.1249400264430107,0.2180609475018562,0.656999026055133,2025-10-18,0.656999026055133,0.1249400264430107,3.857142857142857,0.0,3.857142857142857
2025-10-26:arsenal:crystal palace,arsenal,FWD,1,Arsenal,2025-10-26,1,90.0,0.0,0.0,0.17,0.02,2.0,1.0,0.7167624217453205,0.1820788945833489,0.1011586836713305,2025-10-26,0.7167624217453205,0.1011586836713305,3.625,0.0,3.625
2025-11-01:burnley:arsenal,arsenal,FWD,0,Arsenal,2025-11-01,1,45.0,1.0,0.0,0.87,0.17,7.0,0.0,0.050094562363983,0.1494054050486882,0.8005000325873287,2025-11-01,0.8005000325873287,0.050094562363983,3.4444444444444446,0.0,3.4444444444444446
2025-11-30:chelsea:arsenal,arsenal,FWD,0,Arsenal,2025-11-30,1,18.0,0.0,0.0,0.0,0.0,0.0,0.0,0.3126033850890056,0.2984863498162829,0.3889102650947114,2025-11-30,0.3889102650947114,0.3126033850890056,3.8,0.0,3.8
2025-12-03:arsenal:brentford,arsenal,FWD,1,Arsenal,2025-12-03,1,7.0,0.0,0.0,0.0,0.0,1.0,0.0,0.6903135007366815,0.1985793754900269,0.1111071237732914,2025-12-03,0.6903135007366815,0.1111071237732914,3.4545454545454546,0.0,3.4545454545454546
2025-12-06:aston villa:arsenal,arsenal,FWD,0,Arsenal,2025-12-06,1,45.0,0.0,0.0,0.0,0.03,1.0,0.0,0.218489214354293,0.2685634111967334,0.5129473744489735,2025-12-06,0.5129473744489735,0.218489214354293,3.25,0.0,3.25
2025-12-13:arsenal:wolves,arsenal,FWD,1,Arsenal,2025-12-13,2,89.0,0.0,0.0,0.16,0.0,3.0,1.0,0.8893601094349843,0.0871086051269131,0.0235312854381026,2025-12-13,0.8893601094349843,0.0235312854381026,3.076923076923077,0.0,3.076923076923077
2025-12-20:everton:arsenal,arsenal,FWD,0,Arsenal,2025-12-20,2,89.0,1.0,0.0,0.93,0.1699999999999999,6.0,1.0,0.1354462625873357,0.2261838405765086,0.6383698968361555,2025-12-20,0.6383698968361555,0.1354462625873357,3.0714285714285716,0.0,3.0714285714285716
2025-12-27:arsenal:brighton,arsenal,FWD,1,Arsenal,2025-12-27,2,89.0,0.0,0.0,0.69,0.02,3.0,0.0,0.7502956726091863,0.1605338313556118,0.0891704960352018,2025-12-27,0.7502956726091863,0.0891704960352018,3.2666666666666666,0.0,3.2666666666666666
2025-12-30:arsenal:aston villa,arsenal,FWD,1,Arsenal,2025-12-30,2,89.0,1.0,0.0,0.3299999999999999,0.01,6.0,1.0,0.7212978651192059,0.1747580231437045,0.1039441117370896,2025-12-30,0.7212978651192059,0.1039441117370896,3.25,0.0,3.25
2026-01-03:bournemouth:arsenal,arsenal,FWD,0,Arsenal,2026-01-03,2,89.0,0.0,0.0,0.05,0.0,3.0,0.0,0.1446210681141809,0.203358386730274,0.652020545155545,2026-01-03,0.652020545155545,0.1446210681141809,3.411764705882353,0.0,3.411764705882353
2026-01-08:arsenal:liverpool,arsenal,FWD,1,Arsenal,2026-01-08,2,89.0,0.0,0.0,0.13,0.02,3.0,1.0,0.6263693379327235,0.2191310659091967,0.1544995961580798,2026-01-08,0.6263693379327235,0.1544995961580798,3.388888888888889,0.0,3.388888888888889
2026-01-17:nottm forest:arsenal,arsenal,FWD,0,Arsenal,2026-01-17,2,89.0,0.0,0.0,0.61,0.11,2.0,0.0,0.1494307738298077,0.236862118987376,0.6137071071828163,2026-01-17,0.6137071071828163,0.1494307738298077,3.3684210526315788,0.0,3.3684210526315788
2026-01-25:arsenal:man utd,arsenal,FWD,1,Arsenal,2026-01-25,2,89.0,0.0,0.0,0.05,0.03,2.0,0.0,0.638657747284397,0.2090805451442557,0.1522617075713472,2026-01-25,0.638657747284397,0.1522617075713472,3.3,0.0,3.3
2026-01-31:leeds:arsenal,arsenal,FWD,0,Arsenal,2026-01-31,3,149.0,2.0,0.0,1.3,0.02,14.0,1.0,0.1462520731459163,0.2281448072911673,0.6256031195629165,2026-01-31,0.6256031195629165,0.1462520731459163,3.238095238095238,0.0,3.238095238095238
2026-02-07:arsenal:sunderland,arsenal,FWD,1,Arsenal,2026-02-07,3,155.0,2.0,1.0,1.14,0.07,18.0,1.0,0.7872677017122277,0.1533117190819995,0.0594205792057727,2026-02-07,0.7872677017122277,0.0594205792057727,3.727272727272727,0.0,3.727272727272727
2026-02-12:brentford:arsenal,arsenal,FWD,0,Arsenal,2026-02-12,1,90.0,0.0,0.0,0.0,0.41,1.0,0.0,0.1736154127395087,0.2435283872582372,0.582856200002254,2026-02-12,0.582856200002254,0.1736154127395087,4.3478260869565215,0.0,4.3478260869565215
2026-02-18:wolves:arsenal,arsenal,FWD,0,Arsenal,2026-02-18,2,89.0,0.0,0.0,0.0,0.02,2.0,0.0,0.0563248938265521,0.14356120778233,0.8001138983911179,2026-02-18,0.8001138983911179,0.0563248938265521,4.208333333333333,0.0,4.208333333333333
2026-02-22:spurs:arsenal,arsenal,FWD,0,Arsenal,2026-02-22,1,90.0,2.0,0.0,0.32,0.36,13.0,0.0,0.1139034799441945,0.2063904575983205,0.6797060624574849,2026-02-22,0.6797060624574849,0.1139034799441945,4.12,0.0,4.12
2026-03-01:arsenal:chelsea,arsenal,FWD,1,Arsenal,2026-03-01,2,89.0,0.0,0.0,0.03,0.05,3.0,0.0,0.6555253215053819,0.2048844960336512,0.1395901824609669,2026-03-01,0.6555253215053819,0.1395901824609669,4.461538461538462,0.0,4.461538461538462
2026-03-04:brighton:arsenal,arsenal,FWD,0,Arsenal,2026-03-04,2,89.0,0.0,0.0,0.1,0.02,2.0,0.0,0.1753273698910725,0.2383037418732946,0.5863688882356328,2026-03-04,0.5863688882356328,0.1753273698910725,4.407407407407407,0.0,4.407407407407407
2026-03-14:arsenal:everton,arsenal,FWD,1,Arsenal,2026-03-14,2,89.0,1.0,0.0,1.0,0.03,9.0,1.0,0.7205903481179663,0.1895160770926484,0.0898935747893853,2026-03-14,0.7205903481179663,0.0898935747893853,4.321428571428571,0.0,4.321428571428571
2026-04-11:arsenal:bournemouth,arsenal,FWD,1,Arsenal,2026-04-11,3,157.0,1.0,0.0,2.06,0.06,7.0,0.0,0.669742096518823,0.1994627222684583,0.1307951812127187,2026-04-11,0.669742096518823,0.1307951812127187,4.482758620689655,0.0,4.482758620689655
2026-04-19:man city:arsenal,arsenal,FWD,0,Arsenal,2026-04-19,2,96.0,1.0,0.0,1.25,0.0,7.0,0.0,0.5292309138382678,0.2566844748599273,0.2140846113018049,2026-04-19,0.2140846113018049,0.5292309138382678,4.566666666666666,0.0,4.566666666666666
2026-04-25:arsenal:newcastle,arsenal,FWD,1,Arsenal,2026-04-25,2,89.0,0.0,1.0,0.03,0.04,5.0,0.0,0.7151600894232885,0.1796935682267138,0.1051463423499977,2026-04-25,0.7151600894232885,0.1051463423499977,4.645161290322581,0.0,4.645161290322581
2026-05-02:arsenal:fulham,arsenal,FWD,1,Arsenal,2026-05-02,2,89.0,2.0,1.0,1.7,0.02,17.0,1.0,0.6797312289943577,0.202723820463309,0.1175449505423332,2026-05-02,0.6797312289943577,0.1175449505423332,4.65625,0.0,4.65625
2026-05-10:west ham:arsenal,arsenal,FWD,0,Arsenal,2026-05-10,2,113.0,0.0,0.0,0.12,0.03,3.0,1.0,0.1455454489570799,0.217000640619052,0.6374539104238681,2026-05-10,0.6374539104238681,0.1455454489570799,5.03030303030303,0.0,5.03030303030303
2026-05-18:arsenal:burnley,arsenal,FWD,1,Arsenal,2026-05-18,2,89.0,1.0,0.0,0.39,0.34,9.0,1.0,0.9138043685799168,0.0671140866282933,0.0190815447917898,2026-05-18,0.9138043685799168,0.0190815447917898,4.970588235294118,0.0,4.970588235294118
2026-05-24:crystal palace:arsenal,arsenal,FWD,0,Arsenal,2026-05-24,3,126.0,1.0,1.0,1.44,0.31,10.0,1.0,0.227928795665564,0.2498159196253463,0.5222552847090897,2026-05-24,0.5222552847090897,0.227928795665564,5.085714285714285,0.0,5.085714285714285
2025-08-17:man utd:arsenal,arsenal,GKP,0,Arsenal,2025-08-17,1,90.0,0.0,0.0,0.0,0.0,10.0,1.0,0.2442446181576206,0.250807854298588,0.5049475275437914,2025-08-17,0.5049475275437914,0.2442446181576206,3.7211878777098857,0.34750366718356984,3.373684210526316
2025-08-23:arsenal:leeds,arsenal,GKP,1,Arsenal,2025-08-23,1,90.0,0.0,0.0,0.0,0.0,6.0,1.0,0.7449720634128176,0.1652296614949292,0.0897982750922531,2025-08-23,0.7449720634128176,0.0897982750922531,4.117932982694486,-5.882067017305514,10.0
2025-08-31:liverpool:arsenal,arsenal,GKP,0,Arsenal,2025-08-31,1,90.0,0.0,0.0,0.0,0.02,2.0,0.0,0.4056187444312548,0.2808289619977077,0.3135522935710373,2025-08-31,0.3135522935710373,0.4056187444312548,3.306646533450711,-4.693353466549289,8.0
2025-09-13:arsenal:nottm forest,arsenal,GKP,1,Arsenal,2025-09-13,1,90.0,0.0,0.0,0.0,0.0,6.0,1.0,0.7009477740536715,0.1878238319234494,0.1112283940228791,2025-09-13,0.7009477740536715,0.1112283940228791,4.062882829895691,-1.937117170104309,6.0
2025-09-21:arsenal:man city,arsenal,GKP,1,Arsenal,2025-09-21,1,90.0,0.0,0.0,0.0,0.01,2.0,0.0,0.4741387137165104,0.2621191025338704,0.2637421837496191,2025-09-21,0.4741387137165104,0.2637421837496191,3.6711021097065113,-2.3288978902934887,6.0
2025-09-28:newcastle:arsenal,arsenal,GKP,0,Arsenal,2025-09-28,1,90.0,0.0,0.0,0.0,0.01,2.0,0.0,0.2748810715242455,0.2878166068316464,0.4373023216441081,2025-09-28,0.4373023216441081,0.2748810715242455,3.642488293983562,-1.557511706016438,5.2
2025-10-04:arsenal:west ham,arsenal,GKP,1,Arsenal,2025-10-04,1,90.0,0.0,0.0,0.0,0.0,6.0,1.0,0.842586166852527,0.112553754703992,0.0448600784434808,2025-10-04,0.842586166852527,0.0448600784434808,4.233371193748081,-0.4332954729185863,4.666666666666667
2025-10-18:fulham:arsenal,arsenal,GKP,0,Arsenal,2025-10-18,1,90.0,0.0,0.0,0.0,0.0,6.0,1.0,0.1249400264430107,0.2180609475018562,0.656999026055133,2025-10-18,0.656999026055133,0.1249400264430107,4.027660092108154,-0.8294827650347028,4.857142857142857
2025-10-26:arsenal:crystal palace,arsenal,GKP,1,Arsenal,2025-10-26,1,90.0,0.0,0.0,0.0,0.0,6.0,1.0,0.7167624217453205,0.1820788945833489,0.1011586836713305,2025-10-26,0.7167624217453205,0.1011586836713305,4.088750119540087,-0.9112498804599127,5.0
2025-11-01:burnley:arsenal,arsenal,GKP,0,Arsenal,2025-11-01,1,90.0,0.0,0.0,0.0,0.0,6.0,1.0,0.050094562363983,0.1494054050486882,0.8005000325873287,2025-11-01,0.8005000325873287,0.050094562363983,4.219924738290726,-0.8911863728203846,5.111111111111111
2025-11-08:sunderland:arsenal,arsenal,GKP,0,Arsenal,2025-11-08,1,90.0,0.0,0.0,0.0,0.0,1.0,0.0,0.1117039132178697,0.2133379934951181,0.6749580932870121,2025-11-08,0.6749580932870121,0.1117039132178697,4.061661305907525,-1.1383386940924751,5.2
2025-11-23:arsenal:spurs,arsenal,GKP,1,Arsenal,2025-11-23,1,90.0,0.0,0.0,0.0,0.0,2.0,0.0,0.6710305350374077,0.2118708439088065,0.1170986210537856,2025-11-23,0.6710305350374077,0.1170986210537856,4.047803263792434,-0.7703785543893842,4.818181818181818
2025-11-30:chelsea:arsenal,arsenal,GKP,0,Arsenal,2025-11-30,1,90.0,0.0,0.0,0.0,0.0,3.0,0.0,0.3126033850890056,0.2984863498162829,0.3889102650947114,2025-11-30,0.3889102650947114,0.3126033850890056,3.545586399393682,-1.0377469339396512,4.583333333333333
2025-12-03:arsenal:brentford,arsenal,GKP,1,Arsenal,2025-12-03,1,90.0,0.0,0.0,0.0,0.0,6.0,1.0,0.6903135007366815,0.1985793754900269,0.1111071237732914,2025-12-03,0.6903135007366815,0.1111071237732914,4.063194351534528,-0.39834411000393377,4.461538461538462
2025-12-06:aston villa:arsenal,arsenal,GKP,0,Arsenal,2025-12-06,1,90.0,0.0,0.0,0.0,0.0,2.0,0.0,0.218489214354293,0.2685634111967334,0.5129473744489735,2025-12-06,0.5129473744489735,0.218489214354293,3.787348915796409,-0.7840796556321621,4.571428571428571
2025-12-13:arsenal:wolves,arsenal,GKP,1,Arsenal,2025-12-13,1,90.0,0.0,0.0,0.0,0.0,2.0,0.0,0.8893601094349843,0.0871086051269131,0.0235312854381026,2025-12-13,0.8893601094349843,0.0235312854381026,4.288161058319572,-0.1118389416804284,4.4
2025-12-20:everton:arsenal,arsenal,GKP,0,Arsenal,2025-12-20,1,90.0,0.0,0.0,0.0,0.0,7.0,1.0,0.1354462625873357,0.2261838405765086,0.6383698968361555,2025-12-20,0.6383698968361555,0.1354462625873357,4.000671445570184,-0.24932855442981605,4.25
2025-12-27:arsenal:brighton,arsenal,GKP,1,Arsenal,2025-12-27,1,90.0,0.0,0.0,0.0,0.0,2.0,0.0,0.7502956726091863,0.1605338313556118,0.0891704960352018,2025-12-27,0.7502956726091863,0.0891704960352018,4.119545635107962,-0.292219070774391,4.411764705882353
2025-12-30:arsenal:aston villa,arsenal,GKP,1,Arsenal,2025-12-30,1,90.0,0.0,0.0,0.0,0.0,2.0,0.0,0.7212978651192059,0.1747580231437045,0.1039441117370896,2025-12-30,0.7212978651192059,0.1039441117370896,4.081594851707627,-0.19618292607015064,4.277777777777778
2026-01-03:bournemouth:arsenal,arsenal,GKP,0,Arsenal,2026-01-03,1,90.0,0.0,0.0,0.0,0.0,1.0,0.0,0.1446210681141809,0.203358386730274,0.652020545155545,2026-01-03,0.652020545155545,0.1446210681141809,3.977103006786102,-0.18079173005600335,4.157894736842105
2026-01-08:arsenal:liverpool,arsenal,GKP,1,Arsenal,2026-01-08,1,90.0,0.0,0.0,0.0,0.0,6.0,1.0,0.6263693379327235,0.2191310659091967,0.1544995961580798,2026-01-08,0.6263693379327235,0.1544995961580798,3.9517268303866957,-0.0482731696133043,4.0
2026-01-17:nottm forest:arsenal,arsenal,GKP,0,Arsenal,2026-01-17,1,90.0,0.0,0.0,0.0,0.0,6.0,1.0,0.1494307738298077,0.236862118987376,0.6137071071828163,2026-01-17,0.6137071071828163,0.1494307738298077,3.9647477307645533,-0.13049036447354156,4.095238095238095
2026-01-25:arsenal:man utd,arsenal,GKP,1,Arsenal,2026-01-25,1,90.0,0.0,0.0,0.0,0.01,1.0,0.0,0.638657747284397,0.2090805451442557,0.1522617075713472,2026-01-25,0.638657747284397,0.1522617075713472,3.957475566968379,-0.22434261484980267,4.181818181818182
2026-01-31:leeds:arsenal,arsenal,GKP,0,Arsenal,2026-01-31,1,90.0,0.0,0.0,0.0,0.0,6.0,1.0,0.1462520731459163,0.2281448072911673,0.6256031195629165,2026-01-31,0.6256031195629165,0.1462520731459163,3.9729132458004863,-0.07056501506907908,4.043478260869565
2026-02-07:arsenal:sunderland,arsenal,GKP,1,Arsenal,2026-02-07,1,90.0,0.0,0.0,0.0,0.0,7.0,1.0,0.7872677017122277,0.1533117190819995,0.0594205792057727,2026-02-07,0.7872677017122277,0.0594205792057727,4.195967864611832,0.07096786461183235,4.125
2026-02-12:brentford:arsenal,arsenal,GKP,0,Arsenal,2026-02-12,1,90.0,0.0,0.0,0.0,0.0,2.0,0.0,0.1736154127395087,0.2435283872582372,0.582856200002254,2026-02-12,0.582856200002254,0.1736154127395087,3.902621707494563,-0.3373782925054374,4.24
2026-02-18:wolves:arsenal,arsenal,GKP,0,Arsenal,2026-02-18,1,90.0,0.0,0.0,0.0,0.0,1.0,0.0,0.0563248938265521,0.14356120778233,0.8001138983911179,2026-02-18,0.8001138983911179,0.0563248938265521,4.20392012813845,0.050073974292295986,4.153846153846154
2026-02-22:spurs:arsenal,arsenal,GKP,0,Arsenal,2026-02-22,1,90.0,0.0,0.0,0.0,0.0,3.0,0.0,0.1139034799441945,0.2063904575983205,0.6797060624574849,2026-02-22,0.6797060624574849,0.1139034799441945,4.056011011349324,0.018973974312286757,4.037037037037037
2026-03-01:arsenal:chelsea,arsenal,GKP,1,Arsenal,2026-03-01,1,90.0,0.0,0.0,0.0,0.01,3.0,0.0,0.6555253215053819,0.2048844960336512,0.1395901824609669,2026-03-01,0.6555253215053819,0.1395901824609669,3.9900264546129316,-0.009973545387068405,4.0
2026-03-04:brighton:arsenal,arsenal,GKP,0,Arsenal,2026-03-04,1,90.0,0.0,0.0,0.0,0.0,7.0,1.0,0.1753273698910725,0.2383037418732946,0.5863688882356328,2026-03-04,0.5863688882356328,0.1753273698910725,3.898223994953458,-0.06729324642585244,3.9655172413793105
2026-03-14:arsenal:everton,arsenal,GKP,1,Arsenal,2026-03-14,1,90.0,0.0,0.0,0.0,0.0,7.0,1.0,0.7205903481179663,0.1895160770926484,0.0898935747893853,2026-03-14,0.7205903481179663,0.0898935747893853,4.117688174772244,0.051021508105577595,4.066666666666666
2026-04-11:arsenal:bournemouth,arsenal,GKP,1,Arsenal,2026-04-11,1,90.0,0.0,0.0,0.0,0.0,1.0,0.0,0.669742096518823,0.1994627222684583,0.1307951812127187,2026-04-11,0.669742096518823,0.1307951812127187,4.012619243955306,-0.14867107862533935,4.161290322580645
2026-04-19:man city:arsenal,arsenal,GKP,0,Arsenal,2026-04-19,1,90.0,0.0,0.0,0.0,0.0,1.0,0.0,0.5292309138382678,0.2566844748599273,0.2140846113018049,2026-04-19,0.2140846113018049,0.5292309138382678,2.989108920352271,-1.0733910796477288,4.0625
2026-04-25:arsenal:newcastle,arsenal,GKP,1,Arsenal,2026-04-25,1,90.0,0.0,0.0,0.0,0.0,10.0,1.0,0.7151600894232885,0.1796935682267138,0.1051463423499977,2026-04-25,0.7151600894232885,0.1051463423499977,4.078506535718611,0.10880956602164105,3.9696969696969697
2026-05-02:arsenal:fulham,arsenal,GKP,1,Arsenal,2026-05-02,1,90.0,0.0,0.0,0.0,0.0,6.0,1.0,0.6797312289943577,0.202723820463309,0.1175449505423332,2026-05-02,0.6797312289943577,0.1175449505423332,4.046656722953221,-0.10040210057619081,4.147058823529412
2026-05-10:west ham:arsenal,arsenal,GKP,0,Arsenal,2026-05-10,1,90.0,0.0,0.0,0.0,0.0,9.0,1.0,0.1455454489570799,0.217000640619052,0.6374539104238681,2026-05-10,0.6374539104238681,0.1455454489570799,3.974728437293016,-0.22527156270698434,4.2
2026-05-18:arsenal:burnley,arsenal,GKP,1,Arsenal,2026-05-18,1,90.0,0.0,0.0,0.0,0.01,6.0,1.0,0.9138043685799168,0.0671140866282933,0.0190815447917898,2026-05-18,0.9138043685799168,0.0190815447917898,4.299591648289115,-0.03374168504421782,4.333333333333333
2026-05-24:crystal palace:arsenal,arsenal,GKP,0,Arsenal,2026-05-24,1,90.0,0.0,0.0,0.0,0.0,2.0,0.0,0.227928795665564,0.2498159196253463,0.5222552847090897,2026-05-24,0.5222552847090897,0.227928795665564,3.763100315253204,-0.615278063125174,4.378378378378378
2025-08-17:man utd:arsenal,arsenal,MID,0,Arsenal,2025-08-17,7,448.0,0.0,1.0,0.39,0.43,22.0,1.0,0.2442446181576206,0.250807854298588,0.5049475275437914,2025-08-17,0.5049475275437914,0.2442446181576206,22.74002881740637,2.24660776477479,20.49342105263158
2025-08-23:arsenal:leeds,arsenal,MID,1,Arsenal,2025-08-23,8,447.0,1.0,2.0,0.35,0.79,25.0,1.0,0.7449720634128176,0.1652296614949292,0.0897982750922531,2025-08-23,0.7449720634128176,0.0897982750922531,27.03932369246177,5.039323692461771,22.0
2025-08-31:liverpool:arsenal,arsenal,MID,0,Arsenal,2025-08-31,8,447.0,0.0,0.0,0.25,0.21,16.0,1.0,0.4056187444312548,0.2808289619977077,0.3135522935710373,2025-08-31,0.3135522935710373,0.4056187444312548,19.311777011607223,-4.188222988392777,23.5
2025-09-13:arsenal:nottm forest,arsenal,MID,1,Arsenal,2025-09-13,9,470.0,2.0,2.0,0.5,1.5699999999999998,38.0,1.0,0.7009477740536715,0.1878238319234494,0.1112283940228791,2025-09-13,0.7009477740536715,0.1112283940228791,26.25076513558568,5.250765135585681,21.0
2025-09-21:arsenal:man city,arsenal,MID,1,Arsenal,2025-09-21,9,459.0,1.0,1.0,0.68,0.75,22.0,0.0,0.4741387137165104,0.2621191025338704,0.2637421837496191,2025-09-21,0.4741387137165104,0.2637421837496191,22.18818450317992,-3.0618154968200813,25.25
2025-09-28:newcastle:arsenal,arsenal,MID,0,Arsenal,2025-09-28,8,465.0,1.0,2.0,0.93,1.2,28.0,0.0,0.2748810715242455,0.2878166068316464,0.4373023216441081,2025-09-28,0.4373023216441081,0.2748810715242455,21.528374825477517,-3.0716251745224845,24.6
2025-10-04:arsenal:west ham,arsenal,MID,1,Arsenal,2025-10-04,9,446.0,2.0,1.0,1.95,1.84,35.0,1.0,0.842586166852527,0.112553754703992,0.0448600784434808,2025-10-04,0.842586166852527,0.0448600784434808,28.78777750420238,3.6211108375357135,25.166666666666668
2025-10-18:fulham:arsenal,arsenal,MID,0,Arsenal,2025-10-18,8,449.0,1.0,0.0,1.23,0.8,29.0,1.0,0.1249400264430107,0.2180609475018562,0.656999026055133,2025-10-18,0.656999026055133,0.1249400264430107,25.463559667814998,-1.107868903613575,26.571428571428573
2025-10-26:arsenal:crystal palace,arsenal,MID,1,Arsenal,2025-10-26,7,445.0,1.0,1.0,0.81,0.72,31.0,1.0,0.7167624217453205,0.1820788945833489,0.1011586836713305,2025-10-26,0.7167624217453205,0.1011586836713305,26.534035483449674,-0.34096451655032567,26.875
2025-11-01:burnley:arsenal,arsenal,MID,0,Arsenal,2025-11-01,8,493.0,1.0,1.0,1.2999999999999998,0.62,31.0,1.0,0.050094562363983,0.1494054050486882,0.8005000325873287,2025-11-01,0.8005000325873287,0.050094562363983,28.033934982636197,0.7006016493028646,27.333333333333332
2025-11-08:sunderland:arsenal,arsenal,MID,0,Arsenal,2025-11-08,6,537.0,2.0,2.0,1.62,0.89,35.0,0.0,0.1117039132178697,0.2133379934951181,0.6749580932870121,2025-11-08,0.6749580932870121,0.1117039132178697,25.785240638600936,-1.9147593613990637,27.7
2025-11-23:arsenal:spurs,arsenal,MID,1,Arsenal,2025-11-23,8,538.0,4.0,3.0,1.36,1.38,51.0,0.0,0.6710305350374077,0.2118708439088065,0.1170986210537856,2025-11-23,0.6710305350374077,0.1170986210537856,25.71489061795463,-2.648745745681733,28.363636363636363
2025-11-30:chelsea:arsenal,arsenal,MID,0,Arsenal,2025-11-30,8,519.0,1.0,1.0,0.95,0.79,23.0,0.0,0.3126033850890056,0.2984863498162829,0.3889102650947114,2025-11-30,0.3889102650947114,0.3126033850890056,20.661581270548034,-9.588418729451966,30.25
2025-12-03:arsenal:brentford,arsenal,MID,1,Arsenal,2025-12-03,8,530.0,2.0,1.0,1.58,0.53,35.0,1.0,0.6903135007366815,0.1985793754900269,0.1111071237732914,2025-12-03,0.6903135007366815,0.1111071237732914,26.060285122339778,-3.6320225699679156,29.692307692307693
2025-12-06:aston villa:arsenal,arsenal,MID,0,Arsenal,2025-12-06,9,493.0,1.0,1.0,1.37,0.64,24.0,0.0,0.218489214354293,0.2685634111967334,0.5129473744489735,2025-12-06,0.5129473744489735,0.218489214354293,22.883321254890532,-7.188107316538041,30.071428571428573
2025-12-13:arsenal:wolves,arsenal,MID,1,Arsenal,2025-12-13,8,447.0,0.0,2.0,0.71,0.87,19.0,0.0,0.8893601094349843,0.0871086051269131,0.0235312854381026,2025-12-13,0.8893601094349843,0.0235312854381026,29.62558756767283,-0.04107909899383699,29.666666666666668
2025-12-20:everton:arsenal,arsenal,MID,0,Arsenal,2025-12-20,7,448.0,0.0,1.0,0.74,0.48,24.0,1.0,0.1354462625873357,0.2261838405765086,0.6383698968361555,2025-12-20,0.6383698968361555,0.1354462625873357,25.12987661542239,-3.87012338457761,29.0
2025-12-27:arsenal:brighton,arsenal,MID,1,Arsenal,2025-12-27,7,539.0,1.0,2.0,2.55,0.8699999999999999,29.0,0.0,0.7502956726091863,0.1605338313556118,0.0891704960352018,2025-12-27,0.7502956726091863,0.0891704960352018,27.134679634519436,-1.5712027184217412,28.705882352941178
2025-12-30:arsenal:aston villa,arsenal,MID,1,Arsenal,2025-12-30,7,448.0,2.0,3.0,2.0,1.33,36.0,1.0,0.7212978651192059,0.1747580231437045,0.1039441117370896,2025-12-30,0.7212978651192059,0.1039441117370896,26.615273880111296,-2.1069483421109254,28.72222222222222
2026-01-03:bournemouth:arsenal,arsenal,MID,0,Arsenal,2026-01-03,8,447.0,2.0,3.0,0.91,0.56,40.0,0.0,0.1446210681141809,0.203358386730274,0.652020545155545,2026-01-03,0.652020545155545,0.1446210681141809,25.374385628420793,-3.7308775294739434,29.105263157894736
2026-01-08:arsenal:liverpool,arsenal,MID,1,Arsenal,2026-01-08,8,447.0,0.0,0.0,0.31,0.44,18.0,1.0,0.6263693379327235,0.2191310659091967,0.1544995961580798,2026-01-08,0.6263693379327235,0.1544995961580798,24.914923834847166,-4.735076165152833,29.65
2026-01-17:nottm forest:arsenal,arsenal,MID,0,Arsenal,2026-01-17,9,447.0,0.0,0.0,1.1,2.07,13.0,1.0,0.1494307738298077,0.236862118987376,0.6137071071828163,2026-01-17,0.6137071071828163,0.1494307738298077,24.688119256003816,-4.407118839234279,29.095238095238095
2026-01-25:arsenal:man utd,arsenal,MID,1,Arsenal,2026-01-25,8,447.0,1.0,1.0,1.15,1.22,18.0,0.0,0.638657747284397,0.2090805451442557,0.1522617075713472,2026-01-25,0.638657747284397,0.1522617075713472,25.13503256313593,-3.2286038005004336,28.363636363636363
2026-01-31:leeds:arsenal,arsenal,MID,0,Arsenal,2026-01-31,7,387.0,2.0,3.0,0.49,1.34,39.0,1.0,0.1462520731459163,0.2281448072911673,0.6256031195629165,2026-01-31,0.6256031195629165,0.1462520731459163,24.901199409973025,-3.0118440682878465,27.91304347826087
2026-02-07:arsenal:sunderland,arsenal,MID,1,Arsenal,2026-02-07,7,381.0,1.0,2.0,0.32,0.68,28.0,1.0,0.7872677017122277,0.1533117190819995,0.0594205792057727,2026-02-07,0.7872677017122277,0.0594205792057727,27.796918828806813,-0.5780811711931868,28.375
2026-02-12:brentford:arsenal,arsenal,MID,0,Arsenal,2026-02-12,8,448.0,1.0,0.0,0.47,0.66,24.0,1.0,0.1736154127395087,0.2435283872582372,0.582856200002254,2026-02-12,0.582856200002254,0.1736154127395087,24.13552096994952,-4.224479030050478,28.36
2026-02-18:wolves:arsenal,arsenal,MID,0,Arsenal,2026-02-18,7,451.0,1.0,1.0,1.56,0.89,31.0,0.0,0.0563248938265521,0.14356120778233,0.8001138983911179,2026-02-18,0.8001138983911179,0.0563248938265521,28.027018586506763,-0.16528910580093026,28.192307692307693
2026-02-22:spurs:arsenal,arsenal,MID,0,Arsenal,2026-02-22,8,449.0,2.0,2.0,1.48,0.54,33.0,0.0,0.1139034799441945,0.2063904575983205,0.6797060624574849,2026-02-22,0.6797060624574849,0.1139034799441945,25.870285775539244,-2.4260105207570533,28.296296296296298
2026-03-01:arsenal:chelsea,arsenal,MID,1,Arsenal,2026-03-01,7,448.0,0.0,1.0,0.4,0.88,14.0,0.0,0.6555253215053819,0.2048844960336512,0.1395901824609669,2026-03-01,0.6555253215053819,0.1395901824609669,25.43716282302931,-3.027122891256404,28.464285714285715
2026-03-04:brighton:arsenal,arsenal,MID,0,Arsenal,2026-03-04,7,448.0,1.0,0.0,0.36,0.22,21.0,1.0,0.1753273698910725,0.2383037418732946,0.5863688882356328,2026-03-04,0.5863688882356328,0.1753273698910725,24.19843988140478,-3.767077359974529,27.96551724137931
2026-03-14:arsenal:everton,arsenal,MID,1,Arsenal,2026-03-14,7,448.0,1.0,1.0,1.54,0.63,25.0,1.0,0.7205903481179663,0.1895160770926484,0.0898935747893853,2026-03-14,0.7205903481179663,0.0898935747893853,26.602600908131866,-1.1307324252014688,27.733333333333334
2026-04-11:arsenal:bournemouth,arsenal,MID,1,Arsenal,2026-04-11,7,379.0,0.0,0.0,0.1,0.61,11.0,0.0,0.669742096518823,0.1994627222684583,0.1307951812127187,2026-04-11,0.669742096518823,0.1307951812127187,25.69181223932255,-1.9533490510000284,27.64516129032258
2026-04-19:man city:arsenal,arsenal,MID,0,Arsenal,2026-04-19,7,442.0,0.0,0.0,0.42,0.73,13.0,0.0,0.5292309138382678,0.2566844748599273,0.2140846113018049,2026-04-19,0.2140846113018049,0.5292309138382678,17.530122085932877,-9.594877914067123,27.125
2026-04-25:arsenal:newcastle,arsenal,MID,1,Arsenal,2026-04-25,7,438.0,1.0,0.0,0.46,0.43,20.0,1.0,0.7151600894232885,0.1796935682267138,0.1051463423499977,2026-04-25,0.7151600894232885,0.1051463423499977,26.505334671196017,-0.19163502577367808,26.696969696969695
2026-05-02:arsenal:fulham,arsenal,MID,1,Arsenal,2026-05-02,7,358.0,1.0,2.0,0.7,1.86,29.0,1.0,0.6797312289943577,0.202723820463309,0.1175449505423332,2026-05-02,0.6797312289943577,0.1175449505423332,25.870736555967206,-0.6292634440327944,26.5
2026-05-10:west ham:arsenal,arsenal,MID,0,Arsenal,2026-05-10,7,397.0,1.0,1.0,0.56,0.82,22.0,1.0,0.1455454489570799,0.217000640619052,0.6374539104238681,2026-05-10,0.6374539104238681,0.1455454489570799,25.11346956072813,-1.457959010700442,26.571428571428573
2026-05-18:arsenal:burnley,arsenal,MID,1,Arsenal,2026-05-18,7,434.0,0.0,1.0,0.8999999999999999,0.57,26.0,1.0,0.9138043685799168,0.0671140866282933,0.0190815447917898,2026-05-18,0.9138043685799168,0.0190815447917898,30.063430631032322,3.618986186587879,26.444444444444443
2026-05-24:crystal palace:arsenal,arsenal,MID,0,Arsenal,2026-05-24,7,412.0,1.0,1.0,1.06,0.79,26.0,1.0,0.227928795665564,0.2498159196253463,0.5222552847090897,2026-05-24,0.5222552847090897,0.227928795665564,23.05004358906319,-3.3823888433692417,26.43243243243243
2025-08-16:aston villa:newcastle,aston villa,DEF,1,Aston Villa,2025-08-16,4,335.0,0.0,0.0,0.0,0.02,23.0,1.0,0.4037180250701456,0.2735170175472956,0.3227649573825587,2025-08-16,0.4037180250701456,0.3227649573825587,16.701910795704293,0.862437111493767,15.839473684210526
2025-08-23:brentford:aston villa,aston villa,DEF,0,Aston Villa,2025-08-23,6,375.0,0.0,0.0,0.2,0.64,9.0,0.0,0.2877241772382066,0.2694372229998474,0.4428385997619459,2025-08-23,0.4428385997619459,0.2877241772382066,17.234363254358787,-5.765636745641213,23.0
2025-08-31:aston villa:crystal palace,aston villa,DEF,1,Aston Villa,2025-08-31,7,365.0,0.0,0.0,0.0999999999999999,0.28,6.0,0.0,0.463755931073794,0.2651537107220227,0.2710903582041832,2025-08-31,0.463755931073794,0.2710903582041832,17.487117839302215,1.4871178393022149,16.0
2025-09-13:everton:aston villa,aston villa,DEF,0,Aston Villa,2025-09-13,6,449.0,0.0,0.0,0.3,0.19,35.0,1.0,0.3653336831244889,0.2944745261205574,0.3401917907549536,2025-09-13,0.3401917907549536,0.3653336831244889,16.055069527053693,3.3884028603870266,12.666666666666666
2025-09-21:sunderland:aston villa,aston villa,DEF,0,Aston Villa,2025-09-21,6,367.0,1.0,0.0,0.05,0.16,18.0,0.0,0.2426939804898888,0.2816538694206522,0.4756521500894589,2025-09-21,0.4756521500894589,0.2426939804898888,17.918607123175782,-0.3313928768242178,18.25
2025-09-28:aston villa:fulham,aston villa,DEF,1,Aston Villa,2025-09-28,7,448.0,0.0,1.0,0.06,0.37,14.0,0.0,0.4293090375583521,0.2900761874684123,0.2806147749732356,2025-09-28,0.4293090375583521,0.2806147749732356,17.342392205197022,-0.857607794802977,18.2
2025-10-05:aston villa:burnley,aston villa,DEF,1,Aston Villa,2025-10-05,7,449.0,0.0,0.0,0.16,0.64,13.0,0.0,0.6346100766712518,0.2253874170858623,0.1400025062428859,2025-10-05,0.6346100766712518,0.1400025062428859,19.479026946034214,1.9790269460342138,17.5
2025-10-19:spurs:aston villa,aston villa,DEF,0,Aston Villa,2025-10-19,5,359.0,0.0,1.0,0.08,0.05,12.0,0.0,0.4304226860998624,0.2776602546144194,0.2919170592857181,2025-10-19,0.2919170592857181,0.4304226860998624,15.06602763007432,-1.7911152270685378,16.857142857142858
2025-10-26:aston villa:man city,aston villa,DEF,1,Aston Villa,2025-10-26,5,359.0,1.0,0.0,0.12,0.14,38.0,1.0,0.2191011000515206,0.2445389413857207,0.5363599585627588,2025-10-26,0.2191011000515206,0.5363599585627588,13.456287180413938,-2.7937128195860623,16.25
2025-11-01:liverpool:aston villa,aston villa,DEF,0,Aston Villa,2025-11-01,6,358.0,0.0,0.0,0.03,0.07,5.0,0.0,0.5947833580345047,0.2125676881759852,0.1926489537895101,2025-11-01,0.1926489537895101,0.5947833580345047,12.568530613250333,-6.098136053416335,18.666666666666668
2025-11-09:aston villa:bournemouth,aston villa,DEF,1,Aston Villa,2025-11-09,5,369.0,0.0,1.0,0.01,0.19,28.0,1.0,0.4189109534080577,0.2773033729361291,0.3037856736558131,2025-11-09,0.4189109534080577,0.3037856736558131,16.990305239040786,-0.3096947609592142,17.3
2025-11-23:leeds:aston villa,aston villa,DEF,0,Aston Villa,2025-11-23,6,366.0,0.0,0.0,0.19,0.32,11.0,0.0,0.2914554053138016,0.2837414578849198,0.4248031368012787,2025-11-23,0.4248031368012787,0.2914554053138016,17.177666412722644,-1.0950608600046294,18.272727272727273
2025-11-30:aston villa:wolves,aston villa,DEF,1,Aston Villa,2025-11-30,5,362.0,0.0,0.0,0.2299999999999999,0.1699999999999999,28.0,1.0,0.6753992566591637,0.2018503332514132,0.122750410089423,2025-11-30,0.6753992566591637,0.122750410089423,19.74117638951159,2.0745097228449225,17.666666666666668
2025-12-03:brighton:aston villa,aston villa,DEF,0,Aston Villa,2025-12-03,6,363.0,0.0,1.0,0.33,0.8600000000000001,7.0,0.0,0.4293643092809339,0.2735136240781763,0.2971220666408897,2025-12-03,0.2971220666408897,0.4293643092809339,15.082109901561996,-3.379428559976464,18.46153846153846
2025-12-06:aston villa:arsenal,aston villa,DEF,1,Aston Villa,2025-12-06,6,370.0,1.0,1.0,0.3,0.12,20.0,0.0,0.218489214354293,0.2685634111967334,0.5129473744489735,2025-12-06,0.218489214354293,0.5129473744489735,13.812046610526094,-3.830810532331048,17.642857142857142
2025-12-14:west ham:aston villa,aston villa,DEF,0,Aston Villa,2025-12-14,5,359.0,0.0,1.0,0.01,0.07,7.0,0.0,0.2831111672391836,0.2731609535813335,0.4437278791794828,2025-12-14,0.4437278791794828,0.2831111672391836,17.304458968713863,-0.49554103128613747,17.8
2025-12-21:aston villa:man utd,aston villa,DEF,1,Aston Villa,2025-12-21,6,361.0,0.0,0.0,0.1,0.02,9.0,0.0,0.4835179630627075,0.2527113621486059,0.2637706747886866,2025-12-21,0.4835179630627075,0.2637706747886866,17.598342059056975,0.473342059056975,17.125
2025-12-27:chelsea:aston villa,aston villa,DEF,0,Aston Villa,2025-12-27,6,366.0,0.0,0.0,0.22,0.01,11.0,0.0,0.5522786188831802,0.2327572578592025,0.2149641232576172,2025-12-27,0.2149641232576172,0.5522786188831802,13.214399591405442,-3.432659232123971,16.647058823529413
2025-12-30:arsenal:aston villa,aston villa,DEF,0,Aston Villa,2025-12-30,5,389.0,0.0,0.0,0.0,0.26,-1.0,0.0,0.7212978651192059,0.1747580231437045,0.1039441117370896,2025-12-30,0.1039441117370896,0.7212978651192059,10.646114500503828,-5.687218832829505,16.333333333333332
2026-01-03:aston villa:nottm forest,aston villa,DEF,1,Aston Villa,2026-01-03,7,366.0,0.0,1.0,0.11,0.22,13.0,0.0,0.5125886361261743,0.2646859542713363,0.2227254096024892,2026-01-03,0.5125886361261743,0.2227254096024892,18.222034005254667,2.80098137367572,15.421052631578947
2026-01-07:crystal palace:aston villa,aston villa,DEF,0,Aston Villa,2026-01-07,6,367.0,0.0,0.0,0.19,0.36,30.0,1.0,0.3156745158214399,0.2806661928816611,0.4036592912968989,2026-01-07,0.4036592912968989,0.3156745158214399,16.809651634424526,1.5096516344245252,15.3
2026-01-18:aston villa:everton,aston villa,DEF,1,Aston Villa,2026-01-18,6,431.0,0.0,0.0,0.09,0.54,10.0,0.0,0.6145647327308479,0.2337462797128192,0.1516889875563327,2026-01-18,0.6145647327308479,0.1516889875563327,19.301448259637088,3.3014482596370875,16.0
2026-01-25:newcastle:aston villa,aston villa,DEF,0,Aston Villa,2026-01-25,8,391.0,0.0,1.0,0.26,0.64,29.0,1.0,0.4497363701274384,0.2631113364111673,0.2871522934613943,2026-01-25,0.2871522934613943,0.4497363701274384,14.772551899688324,-0.9547208275844028,15.727272727272727
2026-02-01:aston villa:brentford,aston villa,DEF,1,Aston Villa,2026-02-01,5,405.0,0.0,0.0,0.89,0.8600000000000001,9.0,0.0,0.4184929090381898,0.2813807525622282,0.3001263383995818,2026-02-01,0.4184929090381898,0.3001263383995818,17.04590965327457,0.7415618271876134,16.304347826086957
2026-02-07:bournemouth:aston villa,aston villa,DEF,0,Aston Villa,2026-02-07,6,372.0,0.0,0.0,0.13,0.05,12.0,0.0,0.3330758975147925,0.2584037493313438,0.4085203531538636,2026-02-07,0.4085203531538636,0.3330758975147925,16.545233763919313,0.5452337639193132,16.0
2026-02-11:aston villa:brighton,aston villa,DEF,1,Aston Villa,2026-02-11,5,366.0,0.0,1.0,0.31,0.11,34.0,1.0,0.4704083999081675,0.2502474441732764,0.2793441559185561,2026-02-11,0.4704083999081675,0.2793441559185561,17.361699544727998,1.5216995447279977,15.84
2026-02-21:aston villa:leeds,aston villa,DEF,1,Aston Villa,2026-02-21,6,362.0,0.0,1.0,0.24,0.39,15.0,0.0,0.5350188508714231,0.2491449070944775,0.2158362420340994,2026-02-21,0.5350188508714231,0.2158362420340994,18.326716440827187,1.7882549023656473,16.53846153846154
2026-02-27:wolves:aston villa,aston villa,DEF,0,Aston Villa,2026-02-27,5,359.0,0.0,0.0,0.24,0.26,5.0,0.0,0.1937921821335682,0.2449586813669348,0.5612491364994968,2026-02-27,0.5612491364994968,0.1937921821335682,18.66168084071817,2.1801993592366884,16.48148148148148
2026-03-04:aston villa:chelsea,aston villa,DEF,1,Aston Villa,2026-03-04,5,360.0,0.0,0.0,0.0,0.04,-1.0,0.0,0.3595368621340784,0.2655827844684128,0.3748803533975088,2026-03-04,0.3595368621340784,0.3748803533975088,15.910005745999364,-0.16142282542920938,16.071428571428573
2026-03-15:man utd:aston villa,aston villa,DEF,0,Aston Villa,2026-03-15,6,363.0,0.0,1.0,0.36,0.29,11.0,0.0,0.5784017529009264,0.2265097860379494,0.1950884610611241,2026-03-15,0.1950884610611241,0.5784017529009264,12.817452751802852,-2.6653058688868025,15.482758620689655
2026-03-22:aston villa:west ham,aston villa,DEF,1,Aston Villa,2026-03-22,4,360.0,0.0,0.0,0.38,0.48,25.0,1.0,0.5641495785408511,0.240492942635241,0.1953574788239078,2026-03-22,0.5641495785408511,0.1953574788239078,18.63789580888207,3.304562475548737,15.333333333333334
2026-04-12:nottm forest:aston villa,aston villa,DEF,0,Aston Villa,2026-04-12,6,360.0,0.0,0.0,0.43,0.1,9.0,0.0,0.4072245032987665,0.2793049547261748,0.3134705419750586,2026-04-12,0.3134705419750586,0.4072245032987665,15.418529184488222,-0.22663210583435855,15.64516129032258
2026-04-19:aston villa:sunderland,aston villa,DEF,1,Aston Villa,2026-04-19,5,359.0,0.0,2.0,0.08,0.72,11.0,0.0,0.5646347080118905,0.2508880288125403,0.1844772631755691,2026-04-19,0.5646347080118905,0.1844772631755691,18.803223108924584,3.365723108924584,15.4375
2026-04-25:fulham:aston villa,aston villa,DEF,0,Aston Villa,2026-04-25,5,433.0,0.0,0.0,0.02,0.08,9.0,0.0,0.3920242130995175,0.2583664288134554,0.3496093580870271,2026-04-25,0.3496093580870271,0.3920242130995175,15.649500979508499,0.3464706764781962,15.303030303030303
2026-05-03:aston villa:spurs,aston villa,DEF,1,Aston Villa,2026-05-03,5,450.0,0.0,1.0,0.22,0.09,9.0,0.0,0.4280755991518464,0.2592472082791773,0.3126771925689763,2026-05-03,0.4280755991518464,0.3126771925689763,16.85519662881626,1.73754956999273,15.117647058823529
2026-05-10:burnley:aston villa,aston villa,DEF,0,Aston Villa,2026-05-10,7,431.0,0.0,0.0,0.04,0.27,6.0,0.0,0.1325608942882188,0.2023181873431495,0.6651209183686316,2026-05-10,0.6651209183686316,0.1325608942882188,19.592103897097868,4.649246754240725,14.942857142857143
2026-05-15:aston villa:liverpool,aston villa,DEF,1,Aston Villa,2026-05-15,6,410.0,0.0,2.0,0.6000000000000001,0.09,11.0,0.0,0.3518136947003485,0.268661547226224,0.3795247580734276,2026-05-15,0.3518136947003485,0.3795247580734276,15.839432982536563,1.144988538092118,14.694444444444445
2026-05-24:man city:aston villa,aston villa,DEF,0,Aston Villa,2026-05-24,7,431.0,0.0,0.0,0.1699999999999999,0.15,16.0,0.0,0.709670321443513,0.168061020462975,0.1222686580935119,2026-05-24,0.1222686580935119,0.709670321443513,10.82279761636856,-3.7717969782260354,14.594594594594595
2025-08-16:aston villa:newcastle,aston villa,FWD,1,Aston Villa,2025-08-16,1,90.0,0.0,0.0,0.12,0.01,2.0,1.0,0.4037180250701456,0.2735170175472956,0.3227649573825587,2025-08-16,0.4037180250701456,0.3227649573825587,5.659090909090909,0.0,5.659090909090909
2025-08-23:brentford:aston villa,aston villa,FWD,0,Aston Villa,2025-08-23,1,90.0,0.0,0.0,0.37,0.08,2.0,0.0,0.2877241772382066,0.2694372229998474,0.4428385997619459,2025-08-23,0.4428385997619459,0.2877241772382066,2.0,0.0,2.0
2025-08-31:aston villa:crystal palace,aston villa,FWD,1,Aston Villa,2025-08-31,1,90.0,0.0,0.0,0.64,0.04,2.0,0.0,0.463755931073794,0.2651537107220227,0.2710903582041832,2025-08-31,0.463755931073794,0.2710903582041832,2.0,0.0,2.0
2025-09-13:everton:aston villa,aston villa,FWD,0,Aston Villa,2025-09-13,1,82.0,0.0,0.0,0.0,0.04,2.0,1.0,0.3653336831244889,0.2944745261205574,0.3401917907549536,2025-09-13,0.3401917907549536,0.3653336831244889,2.0,0.0,2.0
2025-09-21:sunderland:aston villa,aston villa,FWD,0,Aston Villa,2025-09-21,1,90.0,0.0,0.0,0.0,0.0,2.0,0.0,0.2426939804898888,0.2816538694206522,0.4756521500894589,2025-09-21,0.4756521500894589,0.2426939804898888,2.0,0.0,2.0
2025-09-28:aston villa:fulham,aston villa,FWD,1,Aston Villa,2025-09-28,1,90.0,1.0,0.0,0.29,0.02,8.0,0.0,0.4293090375583521,0.2900761874684123,0.2806147749732356,2025-09-28,0.4293090375583521,0.2806147749732356,2.0,0.0,2.0
2025-10-05:aston villa:burnley,aston villa,FWD,1,Aston Villa,2025-10-05,1,66.0,0.0,0.0,0.26,0.03,2.0,1.0,0.6346100766712518,0.2253874170858623,0.1400025062428859,2025-10-05,0.6346100766712518,0.1400025062428859,3.0,0.0,3.0
2025-10-19:spurs:aston villa,aston villa,FWD,0,Aston Villa,2025-10-19,1,29.0,0.0,0.0,0.08,0.0,1.0,0.0,0.4304226860998624,0.2776602546144194,0.2919170592857181,2025-10-19,0.2919170592857181,0.4304226860998624,2.857142857142857,0.0,2.857142857142857
2025-10-26:aston villa:man city,aston villa,FWD,1,Aston Villa,2025-10-26,1,85.0,0.0,0.0,0.13,0.07,2.0,1.0,0.2191011000515206,0.2445389413857207,0.5363599585627588,2025-10-26,0.2191011000515206,0.5363599585627588,2.625,0.0,2.625
2025-11-01:liverpool:aston villa,aston villa,FWD,0,Aston Villa,2025-11-01,1,74.0,0.0,0.0,0.0,0.02,2.0,0.0,0.5947833580345047,0.2125676881759852,0.1926489537895101,2025-11-01,0.1926489537895101,0.5947833580345047,2.5555555555555554,0.0,2.5555555555555554
2025-11-09:aston villa:bournemouth,aston villa,FWD,1,Aston Villa,2025-11-09,1,80.0,0.0,0.0,0.57,0.01,2.0,1.0,0.4189109534080577,0.2773033729361291,0.3037856736558131,2025-11-09,0.4189109534080577,0.3037856736558131,2.5,0.0,2.5
2025-11-23:leeds:aston villa,aston villa,FWD,0,Aston Villa,2025-11-23,1,67.0,0.0,0.0,0.33,0.01,2.0,0.0,0.2914554053138016,0.2837414578849198,0.4248031368012787,2025-11-23,0.4248031368012787,0.2914554053138016,2.4545454545454546,0.0,2.4545454545454546
2025-11-30:aston villa:wolves,aston villa,FWD,1,Aston Villa,2025-11-30,1,36.0,0.0,0.0,0.0,0.04,1.0,0.0,0.6753992566591637,0.2018503332514132,0.122750410089423,2025-11-30,0.6753992566591637,0.122750410089423,2.4166666666666665,0.0,2.4166666666666665
2025-12-03:brighton:aston villa,aston villa,FWD,0,Aston Villa,2025-12-03,1,85.0,2.0,0.0,1.03,0.27,13.0,0.0,0.4293643092809339,0.2735136240781763,0.2971220666408897,2025-12-03,0.2971220666408897,0.4293643092809339,2.3076923076923075,0.0,2.3076923076923075
2025-12-06:aston villa:arsenal,aston villa,FWD,1,Aston Villa,2025-12-06,1,65.0,0.0,0.0,0.83,0.0,2.0,0.0,0.218489214354293,0.2685634111967334,0.5129473744489735,2025-12-06,0.218489214354293,0.5129473744489735,3.0714285714285716,0.0,3.0714285714285716
2025-12-14:west ham:aston villa,aston villa,FWD,0,Aston Villa,2025-12-14,1,74.0,0.0,1.0,0.0,0.01,5.0,0.0,0.2831111672391836,0.2731609535813335,0.4437278791794828,2025-12-14,0.4437278791794828,0.2831111672391836,3.0,0.0,3.0
2025-12-21:aston villa:man utd,aston villa,FWD,1,Aston Villa,2025-12-21,1,74.0,0.0,1.0,0.15,0.02,5.0,0.0,0.4835179630627075,0.2527113621486059,0.2637706747886866,2025-12-21,0.4835179630627075,0.2637706747886866,3.125,0.0,3.125
2025-12-27:chelsea:aston villa,aston villa,FWD,0,Aston Villa,2025-12-27,1,32.0,2.0,0.0,0.68,0.01,12.0,0.0,0.5522786188831802,0.2327572578592025,0.2149641232576172,2025-12-27,0.2149641232576172,0.5522786188831802,3.235294117647059,0.0,3.235294117647059
2025-12-30:arsenal:aston villa,aston villa,FWD,0,Aston Villa,2025-12-30,1,90.0,1.0,0.0,1.61,0.0,5.0,0.0,0.7212978651192059,0.1747580231437045,0.1039441117370896,2025-12-30,0.1039441117370896,0.7212978651192059,3.7222222222222223,0.0,3.7222222222222223
2026-01-03:aston villa:nottm forest,aston villa,FWD,1,Aston Villa,2026-01-03,1,82.0,1.0,0.0,0.64,0.13,7.0,0.0,0.5125886361261743,0.2646859542713363,0.2227254096024892,2026-01-03,0.5125886361261743,0.2227254096024892,3.789473684210526,0.0,3.789473684210526
2026-01-07:crystal palace:aston villa,aston villa,FWD,0,Aston Villa,2026-01-07,1,90.0,0.0,0.0,0.95,0.01,2.0,1.0,0.3156745158214399,0.2806661928816611,0.4036592912968989,2026-01-07,0.4036592912968989,0.3156745158214399,3.95,0.0,3.95
2026-01-18:aston villa:everton,aston villa,FWD,1,Aston Villa,2026-01-18,1,90.0,0.0,0.0,0.1,0.03,2.0,0.0,0.6145647327308479,0.2337462797128192,0.1516889875563327,2026-01-18,0.6145647327308479,0.1516889875563327,3.857142857142857,0.0,3.857142857142857
2026-01-25:newcastle:aston villa,aston villa,FWD,0,Aston Villa,2026-01-25,1,90.0,1.0,0.0,0.62,0.06,8.0,1.0,0.4497363701274384,0.2631113364111673,0.2871522934613943,2026-01-25,0.2871522934613943,0.4497363701274384,3.772727272727273,0.0,3.772727272727273
2026-02-01:aston villa:brentford,aston villa,FWD,1,Aston Villa,2026-02-01,1,90.0,0.0,0.0,0.64,0.08,2.0,0.0,0.4184929090381898,0.2813807525622282,0.3001263383995818,2026-02-01,0.4184929090381898,0.3001263383995818,3.9565217391304346,0.0,3.9565217391304346
2026-02-07:bournemouth:aston villa,aston villa,FWD,0,Aston Villa,2026-02-07,2,89.0,0.0,0.0,0.05,0.03,3.0,0.0,0.3330758975147925,0.2584037493313438,0.4085203531538636,2026-02-07,0.4085203531538636,0.3330758975147925,3.875,0.0,3.875
2026-02-11:aston villa:brighton,aston villa,FWD,1,Aston Villa,2026-02-11,2,88.0,0.0,0.0,0.02,0.02,3.0,1.0,0.4704083999081675,0.2502474441732764,0.2793441559185561,2026-02-11,0.4704083999081675,0.2793441559185561,3.84,0.0,3.84
2026-02-21:aston villa:leeds,aston villa,FWD,1,Aston Villa,2026-02-21,2,105.0,1.0,0.0,0.5,0.04,9.0,0.0,0.5350188508714231,0.2491449070944775,0.2158362420340994,2026-02-21,0.5350188508714231,0.2158362420340994,3.8076923076923075,0.0,3.8076923076923075
2026-02-27:wolves:aston villa,aston villa,FWD,0,Aston Villa,2026-02-27,2,105.0,0.0,0.0,0.18,0.03,3.0,0.0,0.1937921821335682,0.2449586813669348,0.5612491364994968,2026-02-27,0.5612491364994968,0.1937921821335682,4.0,0.0,4.0
2026-03-04:aston villa:chelsea,aston villa,FWD,1,Aston Villa,2026-03-04,2,89.0,0.0,0.0,0.45,0.0,2.0,0.0,0.3595368621340784,0.2655827844684128,0.3748803533975088,2026-03-04,0.3595368621340784,0.3748803533975088,3.9642857142857144,0.0,3.9642857142857144
2026-03-15:man utd:aston villa,aston villa,FWD,0,Aston Villa,2026-03-15,2,89.0,0.0,0.0,0.0,0.27,1.0,0.0,0.5784017529009264,0.2265097860379494,0.1950884610611241,2026-03-15,0.1950884610611241,0.5784017529009264,3.896551724137931,0.0,3.896551724137931
2026-03-22:aston villa:west ham,aston villa,FWD,1,Aston Villa,2026-03-22,2,89.0,1.0,0.0,0.63,0.04,10.0,1.0,0.5641495785408511,0.240492942635241,0.1953574788239078,2026-03-22,0.5641495785408511,0.1953574788239078,3.8,0.0,3.8
2026-04-12:nottm forest:aston villa,aston villa,FWD,0,Aston Villa,2026-04-12,2,89.0,0.0,0.0,0.26,0.0,3.0,0.0,0.4072245032987665,0.2793049547261748,0.3134705419750586,2026-04-12,0.3134705419750586,0.4072245032987665,4.0,0.0,4.0
2026-04-19:aston villa:sunderland,aston villa,FWD,1,Aston Villa,2026-04-19,2,89.0,3.0,1.0,1.72,0.06,21.0,0.0,0.5646347080118905,0.2508880288125403,0.1844772631755691,2026-04-19,0.5646347080118905,0.1844772631755691,3.96875,0.0,3.96875
2026-04-25:fulham:aston villa,aston villa,FWD,0,Aston Villa,2026-04-25,2,89.0,0.0,0.0,0.6799999999999999,0.02,3.0,0.0,0.3920242130995175,0.2583664288134554,0.3496093580870271,2026-04-25,0.3496093580870271,0.3920242130995175,4.484848484848484,0.0,4.484848484848484
2026-05-03:aston villa:spurs,aston villa,FWD,1,Aston Villa,2026-05-03,2,89.0,0.0,0.0,0.02,0.0,2.0,0.0,0.4280755991518464,0.2592472082791773,0.3126771925689763,2026-05-03,0.4280755991518464,0.3126771925689763,4.4411764705882355,0.0,4.4411764705882355
2026-05-10:burnley:aston villa,aston villa,FWD,0,Aston Villa,2026-05-10,1,90.0,1.0,0.0,0.14,0.01,9.0,0.0,0.1325608942882188,0.2023181873431495,0.6651209183686316,2026-05-10,0.6651209183686316,0.1325608942882188,4.371428571428571,0.0,4.371428571428571
2026-05-15:aston villa:liverpool,aston villa,FWD,1,Aston Villa,2026-05-15,1,90.0,2.0,1.0,1.52,0.02,15.0,0.0,0.3518136947003485,0.268661547226224,0.3795247580734276,2026-05-15,0.3518136947003485,0.3795247580734276,4.5,0.0,4.5
2026-05-24:man city:aston villa,aston villa,FWD,0,Aston Villa,2026-05-24,1,90.0,2.0,0.0,1.24,0.01,13.0,0.0,0.709670321443513,0.168061020462975,0.1222686580935119,2026-05-24,0.1222686580935119,0.709670321443513,4.783783783783784,0.0,4.783783783783784
2025-08-16:aston villa:newcastle,aston villa,GKP,1,Aston Villa,2025-08-16,1,90.0,0.0,0.0,0.0,0.0,7.0,1.0,0.4037180250701456,0.2735170175472956,0.3227649573825587,2025-08-16,0.4037180250701456,0.3227649573825587,3.5194831328067346,0.1457989222804188,3.373684210526316
2025-08-23:brentford:aston villa,aston villa,GKP,0,Aston Villa,2025-08-23,1,90.0,0.0,0.0,0.0,0.01,2.0,0.0,0.2877241772382066,0.2694372229998474,0.4428385997619459,2025-08-23,0.4428385997619459,0.2877241772382066,3.6094966463751934,-3.3905033536248066,7.0
2025-08-31:aston villa:crystal palace,aston villa,GKP,1,Aston Villa,2025-08-31,1,90.0,0.0,0.0,0.0,0.0,0.0,0.0,0.463755931073794,0.2651537107220227,0.2710903582041832,2025-08-31,0.463755931073794,0.2710903582041832,3.652225960310165,-0.8477740396898348,4.5
2025-09-13:everton:aston villa,aston villa,GKP,0,Aston Villa,2025-09-13,1,90.0,0.0,0.0,0.0,0.0,6.0,1.0,0.3653336831244889,0.2944745261205574,0.3401917907549536,2025-09-13,0.3401917907549536,0.3653336831244889,3.4101316698433504,0.41013166984335037,3.0
2025-09-21:sunderland:aston villa,aston villa,GKP,0,Aston Villa,2025-09-21,1,90.0,0.0,0.0,0.0,0.0,3.0,0.0,0.2426939804898888,0.2816538694206522,0.4756521500894589,2025-09-21,0.4756521500894589,0.2426939804898888,3.725171189273417,-0.02482881072658305,3.75
2025-09-28:aston villa:fulham,aston villa,GKP,1,Aston Villa,2025-09-28,1,90.0,0.0,0.0,0.0,0.02,3.0,0.0,0.4293090375583521,0.2900761874684123,0.2806147749732356,2025-09-28,0.4293090375583521,0.2806147749732356,3.6277594326089853,0.02775943260898517,3.6
2025-10-05:aston villa:burnley,aston villa,GKP,1,Aston Villa,2025-10-05,1,90.0,0.0,0.0,0.0,0.0,1.0,0.0,0.6346100766712518,0.2253874170858623,0.1400025062428859,2025-10-05,0.6346100766712518,0.1400025062428859,3.988967268368063,0.48896726836806303,3.5
2025-10-19:spurs:aston villa,aston villa,GKP,0,Aston Villa,2025-10-19,1,90.0,0.0,0.0,0.0,0.0,2.0,0.0,0.4304226860998624,0.2776602546144194,0.2919170592857181,2025-10-19,0.2919170592857181,0.4304226860998624,3.242929631865164,0.10007248900802113,3.142857142857143
2025-10-26:aston villa:man city,aston villa,GKP,1,Aston Villa,2025-10-26,1,90.0,0.0,0.0,0.0,0.0,8.0,1.0,0.2191011000515206,0.2445389413857207,0.5363599585627588,2025-10-26,0.2191011000515206,0.5363599585627588,2.9707956761438217,-0.029204323856178327,3.0
2025-11-01:liverpool:aston villa,aston villa,GKP,0,Aston Villa,2025-11-01,1,90.0,0.0,0.0,0.0,0.0,1.0,0.0,0.5947833580345047,0.2125676881759852,0.1926489537895101,2025-11-01,0.1926489537895101,0.5947833580345047,2.820716384546967,-0.7348391710085882,3.5555555555555554
2025-11-09:aston villa:bournemouth,aston villa,GKP,1,Aston Villa,2025-11-09,1,90.0,0.0,0.0,0.0,0.0,14.0,1.0,0.4189109534080577,0.2773033729361291,0.3037856736558131,2025-11-09,0.4189109534080577,0.3037856736558131,3.568237527150104,0.26823752715010407,3.3
2025-11-23:leeds:aston villa,aston villa,GKP,0,Aston Villa,2025-11-23,1,90.0,0.0,0.0,0.0,0.0,3.0,0.0,0.2914554053138016,0.2837414578849198,0.4248031368012787,2025-11-23,0.4248031368012787,0.2914554053138016,3.5999117870305675,-0.672815485696705,4.2727272727272725
2025-11-30:aston villa:wolves,aston villa,GKP,1,Aston Villa,2025-11-30,1,90.0,0.0,0.0,0.0,0.0,7.0,1.0,0.6753992566591637,0.2018503332514132,0.122750410089423,2025-11-30,0.6753992566591637,0.122750410089423,4.033284825933755,-0.1333818407329117,4.166666666666667
2025-12-03:brighton:aston villa,aston villa,GKP,0,Aston Villa,2025-12-03,1,90.0,0.0,0.0,0.0,0.0,1.0,0.0,0.4293643092809339,0.2735136240781763,0.2971220666408897,2025-12-03,0.2971220666408897,0.4293643092809339,3.245648413118284,-1.138966971497101,4.384615384615385
2025-12-06:aston villa:arsenal,aston villa,GKP,1,Aston Villa,2025-12-06,1,90.0,0.0,0.0,0.0,0.0,4.0,0.0,0.218489214354293,0.2685634111967334,0.5129473744489735,2025-12-06,0.218489214354293,0.5129473744489735,3.0309384283632967,-1.1119187144938465,4.142857142857143
2025-12-14:west ham:aston villa,aston villa,GKP,0,Aston Villa,2025-12-14,1,90.0,0.0,0.0,0.0,0.0,1.0,0.0,0.2831111672391836,0.2731609535813335,0.4437278791794828,2025-12-14,0.4437278791794828,0.2831111672391836,3.6213466461876385,-0.5119866871456953,4.133333333333334
2025-12-21:aston villa:man utd,aston villa,GKP,1,Aston Villa,2025-12-21,1,90.0,0.0,0.0,0.0,0.0,3.0,0.0,0.4835179630627075,0.2527113621486059,0.2637706747886866,2025-12-21,0.4835179630627075,0.2637706747886866,3.671028921309418,-0.2664710786905822,3.9375
2025-12-27:chelsea:aston villa,aston villa,GKP,0,Aston Villa,2025-12-27,1,90.0,0.0,0.0,0.0,0.0,2.0,0.0,0.5522786188831802,0.2327572578592025,0.2149641232576172,2025-12-27,0.2149641232576172,0.5522786188831802,2.9299034773731014,-0.9524494638033691,3.8823529411764706
2025-12-30:arsenal:aston villa,aston villa,GKP,0,Aston Villa,2025-12-30,1,90.0,0.0,0.0,0.0,0.0,1.0,0.0,0.7212978651192059,0.1747580231437045,0.1039441117370896,2025-12-30,0.1039441117370896,0.7212978651192059,2.4957231836775184,-1.2820545941002592,3.7777777777777777
2026-01-03:aston villa:nottm forest,aston villa,GKP,1,Aston Villa,2026-01-03,1,90.0,0.0,0.0,0.0,0.0,3.0,0.0,0.5125886361261743,0.2646859542713363,0.2227254096024892,2026-01-03,0.5125886361261743,0.2227254096024892,3.7764668858621064,0.1448879384936852,3.6315789473684212
2026-01-07:crystal palace:aston villa,aston villa,GKP,0,Aston Villa,2026-01-07,2,90.0,0.0,0.0,0.0,0.0,3.0,0.0,0.3156745158214399,0.2806661928816611,0.4036592912968989,2026-01-07,0.4036592912968989,0.3156745158214399,3.5376972123745665,-0.06230278762543362,3.6
2026-01-18:aston villa:everton,aston villa,GKP,1,Aston Villa,2026-01-18,1,90.0,0.0,0.0,0.0,0.0,2.0,0.0,0.6145647327308479,0.2337462797128192,0.1516889875563327,2026-01-18,0.6145647327308479,0.1516889875563327,3.95894678252437,0.3875182110957982,3.5714285714285716
2026-01-25:newcastle:aston villa,aston villa,GKP,0,Aston Villa,2026-01-25,1,90.0,0.0,0.0,0.0,0.01,10.0,1.0,0.4497363701274384,0.2631113364111673,0.2871522934613943,2026-01-25,0.2871522934613943,0.4497363701274384,3.1933162227997456,-0.3066837772002544,3.5
2026-02-01:aston villa:brentford,aston villa,GKP,1,Aston Villa,2026-02-01,1,90.0,0.0,0.0,0.0,0.0,2.0,0.0,0.4184929090381898,0.2813807525622282,0.3001263383995818,2026-02-01,0.4184929090381898,0.3001263383995818,3.5776377066661245,-0.20497098898604937,3.782608695652174
2026-02-07:bournemouth:aston villa,aston villa,GKP,0,Aston Villa,2026-02-07,1,90.0,0.0,0.0,0.0,0.0,6.0,0.0,0.3330758975147925,0.2584037493313438,0.4085203531538636,2026-02-07,0.4085203531538636,0.3330758975147925,3.492996166886657,-0.21533716644667633,3.7083333333333335
2026-02-11:aston villa:brighton,aston villa,GKP,1,Aston Villa,2026-02-11,1,90.0,0.0,0.0,0.0,0.01,8.0,1.0,0.4704083999081675,0.2502474441732764,0.2793441559185561,2026-02-11,0.4704083999081675,0.2793441559185561,3.631023426305689,-0.16897657369431096,3.8
2026-02-21:aston villa:leeds,aston villa,GKP,1,Aston Villa,2026-02-21,1,90.0,0.0,0.0,0.0,0.0,3.0,0.0,0.5350188508714231,0.2491449070944775,0.2158362420340994,2026-02-21,0.5350188508714231,0.2158362420340994,3.794163928446148,-0.16737453309231354,3.9615384615384617
2026-02-27:wolves:aston villa,aston villa,GKP,0,Aston Villa,2026-02-27,1,90.0,0.0,0.0,0.0,0.0,1.0,0.0,0.1937921821335682,0.2449586813669348,0.5612491364994968,2026-02-27,0.5612491364994968,0.1937921821335682,3.8507911860809987,-0.07513473984492736,3.925925925925926
2026-03-04:aston villa:chelsea,aston villa,GKP,1,Aston Villa,2026-03-04,1,90.0,0.0,0.0,0.0,0.01,1.0,0.0,0.3595368621340784,0.2655827844684128,0.3748803533975088,2026-03-04,0.3595368621340784,0.3748803533975088,3.385607976860088,-0.43582059456848343,3.8214285714285716
2026-03-15:man utd:aston villa,aston villa,GKP,0,Aston Villa,2026-03-15,1,90.0,0.0,0.0,0.0,0.0,2.0,0.0,0.5784017529009264,0.2265097860379494,0.1950884610611241,2026-03-15,0.1950884610611241,0.5784017529009264,2.8627978059619568,-0.8613401250725259,3.7241379310344827
2026-03-22:aston villa:west ham,aston villa,GKP,1,Aston Villa,2026-03-22,1,90.0,0.0,0.0,0.0,0.0,6.0,1.0,0.5641495785408511,0.240492942635241,0.1953574788239078,2026-03-22,0.5641495785408511,0.1953574788239078,3.846770218103285,0.1801035514366185,3.6666666666666665
2026-04-12:nottm forest:aston villa,aston villa,GKP,0,Aston Villa,2026-04-12,1,90.0,0.0,0.0,0.0,0.0,3.0,0.0,0.4072245032987665,0.2793049547261748,0.3134705419750586,2026-04-12,0.3134705419750586,0.4072245032987665,3.3025216253575405,-0.43941385851342707,3.7419354838709675
2026-04-19:aston villa:sunderland,aston villa,GKP,1,Aston Villa,2026-04-19,1,90.0,0.0,0.0,0.0,0.01,2.0,0.0,0.5646347080118905,0.2508880288125403,0.1844772631755691,2026-04-19,0.5646347080118905,0.1844772631755691,3.8747195512760895,0.15596955127608947,3.71875
2026-04-25:fulham:aston villa,aston villa,GKP,0,Aston Villa,2026-04-25,1,90.0,0.0,0.0,0.0,0.0,3.0,0.0,0.3920242130995175,0.2583664288134554,0.3496093580870271,2026-04-25,0.3496093580870271,0.3920242130995175,3.3415684594308153,-0.32509820723585126,3.6666666666666665
2026-05-03:aston villa:spurs,aston villa,GKP,1,Aston Villa,2026-05-03,1,90.0,0.0,0.0,0.0,0.0,2.0,0.0,0.4280755991518464,0.2592472082791773,0.3126771925689763,2026-05-03,0.4280755991518464,0.3126771925689763,3.545396801143516,-0.1016620223858955,3.6470588235294117
2026-05-10:burnley:aston villa,aston villa,GKP,0,Aston Villa,2026-05-10,1,90.0,0.0,1.0,0.0,0.0,6.0,0.0,0.1325608942882188,0.2023181873431495,0.6651209183686316,2026-05-10,0.6651209183686316,0.1325608942882188,4.008083442034664,0.40808344203466396,3.6
2026-05-15:aston villa:liverpool,aston villa,GKP,1,Aston Villa,2026-05-15,1,90.0,0.0,0.0,0.0,0.01,2.0,0.0,0.3518136947003485,0.268661547226224,0.3795247580734276,2026-05-15,0.3518136947003485,0.3795247580734276,3.3736773297229234,-0.2929893369437431,3.6666666666666665
2026-05-24:man city:aston villa,aston villa,GKP,0,Aston Villa,2026-05-24,1,90.0,0.0,0.0,0.0,0.0,2.0,0.0,0.709670321443513,0.168061020462975,0.1222686580935119,2026-05-24,0.1222686580935119,0.709670321443513,2.5255922692431985,-1.096029352378423,3.6216216216216215
2025-08-16:aston villa:newcastle,aston villa,MID,1,Aston Villa,2025-08-16,6,449.0,0.0,0.0,0.08,0.19,17.0,1.0,0.4037180250701456,0.2735170175472956,0.3227649573825587,2025-08-16,0.4037180250701456,0.3227649573825587,20.926816348882582,0.43339529625100326,20.49342105263158
2025-08-23:brentford:aston villa,aston villa,MID,0,Aston Villa,2025-08-23,8,430.0,0.0,0.0,0.62,0.7999999999999999,11.0,0.0,0.2877241772382066,0.2694372229998474,0.4428385997619459,2025-08-23,0.4428385997619459,0.2877241772382066,21.627540071450078,4.627540071450078,17.0
2025-08-31:aston villa:crystal palace,aston villa,MID,1,Aston Villa,2025-08-31,7,441.0,0.0,0.0,0.39,0.35,11.0,0.0,0.463755931073794,0.2651537107220227,0.2710903582041832,2025-08-31,0.463755931073794,0.2710903582041832,22.002209165104468,8.002209165104468,14.0
2025-09-13:everton:aston villa,aston villa,MID,0,Aston Villa,2025-09-13,7,366.0,0.0,0.0,0.24,0.13,12.0,1.0,0.3653336831244889,0.2944745261205574,0.3401917907549536,2025-09-13,0.3401917907549536,0.3653336831244889,19.788940953627552,6.788940953627552,13.0
2025-09-21:sunderland:aston villa,aston villa,MID,0,Aston Villa,2025-09-21,8,438.0,0.0,1.0,0.66,0.74,17.0,1.0,0.2426939804898888,0.2816538694206522,0.4756521500894589,2025-09-21,0.4756521500894589,0.2426939804898888,22.215293020308728,9.465293020308728,12.75
2025-09-28:aston villa:fulham,aston villa,MID,1,Aston Villa,2025-09-28,7,358.0,2.0,2.0,0.76,0.45,28.0,0.0,0.4293090375583521,0.2900761874684123,0.2806147749732356,2025-09-28,0.4293090375583521,0.2806147749732356,21.385199940541984,7.785199940541984,13.6
2025-10-05:aston villa:burnley,aston villa,MID,1,Aston Villa,2025-10-05,8,392.0,2.0,2.0,0.96,0.73,31.0,1.0,0.6346100766712518,0.2253874170858623,0.1400025062428859,2025-10-05,0.6346100766712518,0.1400025062428859,25.062531102149862,9.062531102149862,16.0
2025-10-19:spurs:aston villa,aston villa,MID,0,Aston Villa,2025-10-19,8,508.0,2.0,0.0,0.15,0.11,27.0,0.0,0.4304226860998624,0.2776602546144194,0.2919170592857181,2025-10-19,0.2919170592857181,0.4304226860998624,18.92424891350374,0.7813917706465965,18.142857142857142
2025-10-26:aston villa:man city,aston villa,MID,1,Aston Villa,2025-10-26,9,451.0,0.0,1.0,0.56,0.33,19.0,1.0,0.2191011000515206,0.2445389413857207,0.5363599585627588,2025-10-26,0.2191011000515206,0.5363599585627588,17.61997691804135,-1.630023081958651,19.25
2025-11-01:liverpool:aston villa,aston villa,MID,0,Aston Villa,2025-11-01,8,464.0,0.0,0.0,0.38,0.33,9.0,0.0,0.5947833580345047,0.2125676881759852,0.1926489537895101,2025-11-01,0.1926489537895101,0.5947833580345047,17.14616878652377,-2.0760534356984515,19.22222222222222
2025-11-09:aston villa:bournemouth,aston villa,MID,1,Aston Villa,2025-11-09,10,445.0,4.0,1.0,1.12,0.47,45.0,1.0,0.4189109534080577,0.2773033729361291,0.3037856736558131,2025-11-09,0.4189109534080577,0.3037856736558131,21.19895052343177,2.9989505234317697,18.2
2025-11-23:leeds:aston villa,aston villa,MID,0,Aston Villa,2025-11-23,8,464.0,2.0,2.0,1.05,0.42,32.0,0.0,0.2914554053138016,0.2837414578849198,0.4248031368012787,2025-11-23,0.4248031368012787,0.2914554053138016,21.30449070820348,0.6681270718398444,20.636363636363637
2025-11-30:aston villa:wolves,aston villa,MID,1,Aston Villa,2025-11-30,9,497.0,1.0,1.0,0.76,0.63,33.0,1.0,0.6753992566591637,0.2018503332514132,0.122750410089423,2025-11-30,0.6753992566591637,0.122750410089423,25.79314271168728,4.209809378353949,21.583333333333332
2025-12-03:brighton:aston villa,aston villa,MID,0,Aston Villa,2025-12-03,8,447.0,2.0,3.0,1.15,0.29,36.0,0.0,0.4293643092809339,0.2735136240781763,0.2971220666408897,2025-12-03,0.2971220666408897,0.4293643092809339,19.017480471542978,-3.444057989995482,22.46153846153846
2025-12-06:aston villa:arsenal,aston villa,MID,1,Aston Villa,2025-12-06,8,460.0,1.0,1.0,1.14,0.96,26.0,0.0,0.218489214354293,0.2685634111967334,0.5129473744489735,2025-12-06,0.218489214354293,0.5129473744489735,17.60901688417362,-5.819554544397807,23.428571428571427
2025-12-14:west ham:aston villa,aston villa,MID,0,Aston Villa,2025-12-14,7,464.0,2.0,1.0,0.65,0.5900000000000001,28.0,0.0,0.2831111672391836,0.2731609535813335,0.4437278791794828,2025-12-14,0.4437278791794828,0.2831111672391836,21.643468753192824,-1.9565312468071774,23.6
2025-12-21:aston villa:man utd,aston villa,MID,1,Aston Villa,2025-12-21,8,460.0,2.0,1.0,1.32,0.17,31.0,0.0,0.4835179630627075,0.2527113621486059,0.2637706747886866,2025-12-21,0.4835179630627075,0.2637706747886866,22.35618465574755,-1.5188153442524488,23.875
2025-12-27:chelsea:aston villa,aston villa,MID,0,Aston Villa,2025-12-27,8,498.0,0.0,1.0,0.3,0.65,16.0,0.0,0.5522786188831802,0.2327572578592025,0.2149641232576172,2025-12-27,0.2149641232576172,0.5522786188831802,17.54587581390274,-6.748241833156083,24.294117647058822
2025-12-30:arsenal:aston villa,aston villa,MID,0,Aston Villa,2025-12-30,9,417.0,0.0,1.0,1.93,0.13,15.0,0.0,0.7212978651192059,0.1747580231437045,0.1039441117370896,2025-12-30,0.1039441117370896,0.7212978651192059,15.55729675122205,-8.276036582111281,23.833333333333332
2026-01-03:aston villa:nottm forest,aston villa,MID,1,Aston Villa,2026-01-03,7,448.0,2.0,2.0,0.85,0.65,35.0,0.0,0.5125886361261743,0.2646859542713363,0.2227254096024892,2026-01-03,0.5125886361261743,0.2227254096024892,22.876895570836556,-0.49152548179502276,23.36842105263158
2026-01-07:crystal palace:aston villa,aston villa,MID,0,Aston Villa,2026-01-07,7,439.0,0.0,0.0,0.61,0.5700000000000001,17.0,1.0,0.3156745158214399,0.2806661928816611,0.4036592912968989,2026-01-07,0.4036592912968989,0.3156745158214399,20.92576431555858,-3.024235684441418,23.95
2026-01-18:aston villa:everton,aston villa,MID,1,Aston Villa,2026-01-18,6,376.0,0.0,0.0,1.2599999999999998,0.69,10.0,0.0,0.6145647327308479,0.2337462797128192,0.1516889875563327,2026-01-18,0.6145647327308479,0.1516889875563327,24.70348095688168,1.08443333783406,23.61904761904762
2026-01-25:newcastle:aston villa,aston villa,MID,0,Aston Villa,2026-01-25,6,414.0,1.0,1.0,0.28,0.4299999999999999,29.0,1.0,0.4497363701274384,0.2631113364111673,0.2871522934613943,2026-01-25,0.2871522934613943,0.4497363701274384,18.838902916623933,-4.161097083376067,23.0
2026-02-01:aston villa:brentford,aston villa,MID,1,Aston Villa,2026-02-01,6,404.0,0.0,0.0,0.8999999999999999,1.17,10.0,0.0,0.4184929090381898,0.2813807525622282,0.3001263383995818,2026-02-01,0.4184929090381898,0.3001263383995818,21.191462555543772,-2.0694070096736183,23.26086956521739
2026-02-07:bournemouth:aston villa,aston villa,MID,0,Aston Villa,2026-02-07,7,434.0,1.0,1.0,0.25,0.37,24.0,0.0,0.3330758975147925,0.2584037493313438,0.4085203531538636,2026-02-07,0.4085203531538636,0.3330758975147925,21.01283515710113,-1.6954981762322028,22.708333333333332
2026-02-11:aston villa:brighton,aston villa,MID,1,Aston Villa,2026-02-11,8,441.0,0.0,0.0,0.41,0.79,13.0,1.0,0.4704083999081675,0.2502474441732764,0.2793441559185561,2026-02-11,0.4704083999081675,0.2793441559185561,22.121367504740608,-0.6386324952593938,22.76
2026-02-21:aston villa:leeds,aston villa,MID,1,Aston Villa,2026-02-21,7,428.0,0.0,0.0,0.72,0.81,11.0,0.0,0.5350188508714231,0.2491449070944775,0.2158362420340994,2026-02-21,0.5350188508714231,0.2158362420340994,23.278663277423274,0.8940478928078903,22.384615384615383
2026-02-27:wolves:aston villa,aston villa,MID,0,Aston Villa,2026-02-27,8,431.0,0.0,0.0,0.62,0.3,9.0,0.0,0.1937921821335682,0.2449586813669348,0.5612491364994968,2026-02-27,0.5612491364994968,0.1937921821335682,23.748497464014733,1.785534501051771,21.962962962962962
2026-03-04:aston villa:chelsea,aston villa,MID,1,Aston Villa,2026-03-04,8,447.0,1.0,1.0,0.33,0.98,20.0,0.0,0.3595368621340784,0.2655827844684128,0.3748803533975088,2026-03-04,0.3595368621340784,0.3748803533975088,20.13544788858205,-1.3645521114179502,21.5
2026-03-15:man utd:aston villa,aston villa,MID,0,Aston Villa,2026-03-15,7,443.0,1.0,0.0,0.64,1.08,23.0,0.0,0.5784017529009264,0.2265097860379494,0.1950884610611241,2026-03-15,0.1950884610611241,0.5784017529009264,17.18986499063281,-4.258410871436155,21.448275862068964
2026-03-22:aston villa:west ham,aston villa,MID,1,Aston Villa,2026-03-22,9,446.0,1.0,2.0,0.7100000000000001,1.04,34.0,1.0,0.5641495785408511,0.240492942635241,0.1953574788239078,2026-03-22,0.5641495785408511,0.1953574788239078,23.800449884456427,2.3004498844564267,21.5
2026-04-12:nottm forest:aston villa,aston villa,MID,0,Aston Villa,2026-04-12,7,448.0,0.0,1.0,0.34,0.4,15.0,0.0,0.4072245032987665,0.2793049547261748,0.3134705419750586,2026-04-12,0.3134705419750586,0.4072245032987665,19.31031268540263,-2.5929131210489835,21.903225806451612
2026-04-19:aston villa:sunderland,aston villa,MID,1,Aston Villa,2026-04-19,7,448.0,1.0,1.0,1.05,1.6800000000000002,21.0,0.0,0.5646347080118905,0.2508880288125403,0.1844772631755691,2026-04-19,0.5646347080118905,0.1844772631755691,23.80913947379789,2.1216394737978916,21.6875
2026-04-25:fulham:aston villa,aston villa,MID,0,Aston Villa,2026-04-25,8,373.0,0.0,0.0,0.23,0.24,11.0,0.0,0.3920242130995175,0.2583664288134554,0.3496093580870271,2026-04-25,0.3496093580870271,0.3920242130995175,19.957627454029186,-1.7090392126374816,21.666666666666668
2026-05-03:aston villa:spurs,aston villa,MID,1,Aston Villa,2026-05-03,6,358.0,1.0,0.0,0.09,0.26,13.0,0.0,0.4280755991518464,0.2592472082791773,0.3126771925689763,2026-05-03,0.4280755991518464,0.3126771925689763,21.363106718277905,0.01016554180731788,21.352941176470587
2026-05-10:burnley:aston villa,aston villa,MID,0,Aston Villa,2026-05-10,7,374.0,1.0,1.0,1.25,0.8,23.0,0.0,0.1325608942882188,0.2023181873431495,0.6651209183686316,2026-05-10,0.6651209183686316,0.1325608942882188,25.609038170138735,4.494752455853021,21.114285714285714
2026-05-15:aston villa:liverpool,aston villa,MID,1,Aston Villa,2026-05-15,7,399.0,2.0,1.0,0.14,0.54,25.0,0.0,0.3518136947003485,0.268661547226224,0.3795247580734276,2026-05-15,0.3518136947003485,0.3795247580734276,19.997111305420617,-1.1695553612460508,21.166666666666668
2026-05-24:man city:aston villa,aston villa,MID,0,Aston Villa,2026-05-24,7,375.0,0.0,2.0,0.35,0.45,21.0,0.0,0.709670321443513,0.168061020462975,0.1222686580935119,2026-05-24,0.1222686580935119,0.709670321443513,15.885524146611624,-5.384746123658646,21.27027027027027
2025-08-15:liverpool:bournemouth,bournemouth,DEF,0,Bournemouth,2025-08-15,5,360.0,0.0,0.0,0.0,0.26,4.0,0.0,0.7680267439920989,0.1415912043513766,0.0903820516565244,2025-08-15,0.0903820516565244,0.7680267439920989,9.936058778469622,-5.903414905740904,15.839473684210526
2025-08-23:bournemouth:wolves,bournemouth,DEF,1,Bournemouth,2025-08-23,5,362.0,0.0,0.0,0.0,0.06,32.0,1.0,0.5427933333468303,0.246956978540398,0.2102496881127716,2025-08-23,0.5427933333468303,0.2102496881127716,18.41160537191157,14.41160537191157,4.0
2025-08-30:spurs:bournemouth,bournemouth,DEF,0,Bournemouth,2025-08-30,5,359.0,0.0,1.0,0.15,0.14,33.0,1.0,0.5151768508358865,0.245611052299158,0.2392120968649554,2025-08-30,0.2392120968649554,0.5151768508358865,13.778169220272975,-4.221830779727025,18.0
2025-09-13:bournemouth:brighton,bournemouth,DEF,1,Bournemouth,2025-09-13,6,360.0,0.0,0.0,0.12,0.3399999999999999,12.0,0.0,0.3972087303894446,0.2656928858229349,0.3370983837876205,2025-09-13,0.3972087303894446,0.3370983837876205,16.484111189106535,-6.515888810893465,23.0
2025-09-21:bournemouth:newcastle,bournemouth,DEF,1,Bournemouth,2025-09-21,5,360.0,0.0,0.0,0.05,0.08,24.0,1.0,0.4035579310798052,0.2842894975716296,0.3121525713485652,2025-09-21,0.4035579310798052,0.3121525713485652,16.863168365105217,-3.386831634894783,20.25
2025-09-27:leeds:bournemouth,bournemouth,DEF,0,Bournemouth,2025-09-27,4,342.0,0.0,1.0,0.0,0.28,13.0,0.0,0.3195001933253177,0.2905552554650151,0.3899445512096671,2025-09-27,0.3899445512096671,0.3195001933253177,16.751519612689638,-4.248480387310362,21.0
2025-10-03:bournemouth:fulham,bournemouth,DEF,1,Bournemouth,2025-10-03,6,351.0,0.0,1.0,0.03,0.94,17.0,1.0,0.4990967937751968,0.2720262682120664,0.2288769380127369,2025-10-03,0.4990967937751968,0.2288769380127369,18.128560160978765,-1.538106505687903,19.666666666666668
2025-10-18:crystal palace:bournemouth,bournemouth,DEF,0,Bournemouth,2025-10-18,5,359.0,0.0,0.0,0.02,0.07,8.0,0.0,0.4542175915374374,0.2750877371435407,0.270694671319022,2025-10-18,0.270694671319022,0.4542175915374374,14.704458742295717,-4.5812555434185676,19.285714285714285
2025-10-26:bournemouth:nottm forest,bournemouth,DEF,1,Bournemouth,2025-10-26,4,360.0,0.0,0.0,0.02,0.1,27.0,1.0,0.4992582500504438,0.2589499502007029,0.2417917997488532,2025-10-26,0.4992582500504438,0.2417917997488532,17.932315960471534,0.05731596047153431,17.875
2025-11-02:man city:bournemouth,bournemouth,DEF,0,Bournemouth,2025-11-02,4,331.0,0.0,0.0,0.05,0.21,7.0,0.0,0.701016689648254,0.1754047176812589,0.123578592670487,2025-11-02,0.123578592670487,0.701016689648254,10.954291478853781,-7.934597410035108,18.88888888888889
2025-11-09:aston villa:bournemouth,bournemouth,DEF,0,Bournemouth,2025-11-09,5,286.0,0.0,0.0,0.08,0.22,4.0,0.0,0.4189109534080577,0.2773033729361291,0.3037856736558131,2025-11-09,0.3037856736558131,0.4189109534080577,15.24095097224519,-2.4590490277548085,17.7
2025-11-22:bournemouth:west ham,bournemouth,DEF,1,Bournemouth,2025-11-22,5,274.0,0.0,1.0,0.02,0.8300000000000001,5.0,0.0,0.5875778439552475,0.2316613112578836,0.1807608447868689,2025-11-22,0.5875778439552475,0.1807608447868689,18.859694914069912,2.405149459524459,16.454545454545453
2025-11-29:sunderland:bournemouth,bournemouth,DEF,0,Bournemouth,2025-11-29,4,349.0,0.0,0.0,0.06,0.38,5.0,0.0,0.2987944725929862,0.282958428045034,0.4182470993619798,2025-11-29,0.4182470993619798,0.2987944725929862,17.066147650841927,1.566147650841927,15.5
2025-12-02:bournemouth:everton,bournemouth,DEF,1,Bournemouth,2025-12-02,5,380.0,0.0,0.0,0.24,0.13,17.0,0.0,0.445570128270829,0.2745086753133587,0.2799211964158122,2025-12-02,0.445570128270829,0.2799211964158122,17.35293128585244,2.660623593544747,14.692307692307692
2025-12-06:bournemouth:chelsea,bournemouth,DEF,1,Bournemouth,2025-12-06,6,432.0,0.0,0.0,0.1,0.08,33.0,1.0,0.2806531976262482,0.2462081537560799,0.4731386486176719,2025-12-06,0.2806531976262482,0.4731386486176719,14.41694906582133,-0.44019379132152814,14.857142857142858
2025-12-15:man utd:bournemouth,bournemouth,DEF,0,Bournemouth,2025-12-15,6,451.0,0.0,2.0,0.02,0.32,7.0,0.0,0.5565044294771874,0.2193643196196898,0.2241312509031228,2025-12-15,0.2241312509031228,0.5565044294771874,13.150187458247501,-2.9164792084191653,16.066666666666666
2025-12-20:bournemouth:burnley,bournemouth,DEF,1,Bournemouth,2025-12-20,4,360.0,0.0,0.0,0.34,0.7100000000000001,13.0,0.0,0.6714239683225385,0.1957449968245916,0.1328310348528699,2025-12-20,0.6714239683225385,0.1328310348528699,19.587999051051682,4.087999051051682,15.5
2025-12-27:brentford:bournemouth,bournemouth,DEF,0,Bournemouth,2025-12-27,6,359.0,0.0,1.0,0.08,0.07,7.0,0.0,0.4223298875986367,0.2679382621409762,0.309731850260387,2025-12-27,0.309731850260387,0.4223298875986367,15.188999505746658,-0.16394167072393095,15.352941176470589
2025-12-30:chelsea:bournemouth,bournemouth,DEF,0,Bournemouth,2025-12-30,5,361.0,0.0,0.0,0.26,0.05,13.0,0.0,0.6301849010737935,0.2023703575619535,0.1674447413642529,2025-12-30,0.1674447413642529,0.6301849010737935,12.030596282057356,-2.858292606831533,14.88888888888889
2026-01-03:bournemouth:arsenal,bournemouth,DEF,1,Bournemouth,2026-01-03,4,360.0,0.0,0.0,0.02,0.18,6.0,0.0,0.1446210681141809,0.203358386730274,0.652020545155545,2026-01-03,0.1446210681141809,0.652020545155545,11.698798806951572,-3.0906748772589534,14.789473684210526
2026-01-07:bournemouth:spurs,bournemouth,DEF,1,Bournemouth,2026-01-07,6,360.0,0.0,1.0,0.0,0.5700000000000001,12.0,0.0,0.4447185615236004,0.263987173858917,0.2912942646174825,2026-01-07,0.4447185615236004,0.2912942646174825,17.180114981492828,2.8301149814928284,14.35
2026-01-19:brighton:bournemouth,bournemouth,DEF,0,Bournemouth,2026-01-19,7,391.0,0.0,0.0,0.04,0.2299999999999999,13.0,0.0,0.4958775145269685,0.2429275172225967,0.2611949682504348,2026-01-19,0.2611949682504348,0.4958775145269685,14.071426933878406,-0.16666830421683088,14.238095238095237
2026-01-24:bournemouth:liverpool,bournemouth,DEF,1,Bournemouth,2026-01-24,5,444.0,1.0,1.0,0.81,0.36,20.0,0.0,0.2166727983364955,0.2307026619121212,0.5526245397513833,2026-01-24,0.2166727983364955,0.5526245397513833,13.209143246768827,-0.9726749350493549,14.181818181818182
2026-01-31:wolves:bournemouth,bournemouth,DEF,0,Bournemouth,2026-01-31,6,446.0,0.0,0.0,0.09,0.06,33.0,1.0,0.3213604902232742,0.2732914953572209,0.4053480144195048,2026-01-31,0.4053480144195048,0.3213604902232742,16.723251986995695,2.288469378300043,14.434782608695652
2026-02-07:bournemouth:aston villa,bournemouth,DEF,1,Bournemouth,2026-02-07,5,359.0,0.0,1.0,0.24,0.34,13.0,0.0,0.3330758975147925,0.2584037493313438,0.4085203531538636,2026-02-07,0.3330758975147925,0.4085203531538636,15.398838457325438,0.19050512399210362,15.208333333333334
2026-02-10:everton:bournemouth,bournemouth,DEF,0,Bournemouth,2026-02-10,5,361.0,0.0,2.0,0.02,0.77,20.0,0.0,0.4139834060809894,0.2724446009000629,0.3135719930189476,2026-02-10,0.3135719930189476,0.4139834060809894,15.315826151354374,0.19582615135437464,15.12
2026-02-21:west ham:bournemouth,bournemouth,DEF,0,Bournemouth,2026-02-21,5,359.0,0.0,0.0,0.1,0.09,24.0,1.0,0.3569818895479906,0.2546028425107758,0.3884152679412335,2026-02-21,0.3884152679412335,0.3569818895479906,16.181976890578763,0.8742845828864549,15.307692307692308
2026-02-28:bournemouth:sunderland,bournemouth,DEF,1,Bournemouth,2026-02-28,4,360.0,0.0,0.0,0.09,0.28,12.0,0.0,0.5410380933372749,0.2487216178006218,0.2102402888621032,2026-02-28,0.5410380933372749,0.2102402888621032,18.411748195618898,2.7821185659892684,15.62962962962963
2026-03-03:bournemouth:brentford,bournemouth,DEF,1,Bournemouth,2026-03-03,4,360.0,0.0,0.0,0.19,0.9,35.0,1.0,0.3818686714246673,0.2595424458562045,0.3585888827191281,2026-03-03,0.3818686714246673,0.3585888827191281,16.157558271430208,0.657558271430208,15.5
2026-03-14:burnley:bournemouth,bournemouth,DEF,0,Bournemouth,2026-03-14,5,359.0,0.0,0.0,0.41,0.49,38.0,1.0,0.232642374814094,0.2319774948078122,0.5353801303780936,2026-03-14,0.5353801303780936,0.232642374814094,18.071343510135623,1.8989297170321748,16.17241379310345
2026-03-20:bournemouth:man utd,bournemouth,DEF,1,Bournemouth,2026-03-20,5,359.0,0.0,1.0,0.09,0.16,4.0,0.0,0.3050021698486883,0.2465826202264859,0.4484152099248257,2026-03-20,0.3050021698486883,0.4484152099248257,14.792627223218785,-2.1073727767812134,16.9
2026-04-11:arsenal:bournemouth,bournemouth,DEF,0,Bournemouth,2026-04-11,5,360.0,0.0,1.0,0.0,0.05,14.0,0.0,0.669742096518823,0.1994627222684583,0.1307951812127187,2026-04-11,0.1307951812127187,0.669742096518823,11.429515887002939,-5.054355080738997,16.483870967741936
2026-04-18:newcastle:bournemouth,bournemouth,DEF,0,Bournemouth,2026-04-18,4,360.0,1.0,0.0,0.51,0.1699999999999999,18.0,0.0,0.441689235402301,0.250166806635883,0.308143957961816,2026-04-18,0.308143957961816,0.441689235402301,14.894829904112663,-1.5114200958873365,16.40625
2026-04-22:bournemouth:leeds,bournemouth,DEF,1,Bournemouth,2026-04-22,4,360.0,0.0,1.0,0.29,0.51,8.0,0.0,0.5321002945230061,0.242041299589228,0.2258584058877658,2026-04-22,0.5321002945230061,0.2258584058877658,18.174427428911937,1.7198819743664835,16.454545454545453
2026-05-03:bournemouth:crystal palace,bournemouth,DEF,1,Bournemouth,2026-05-03,4,360.0,0.0,1.0,0.02,0.37,37.0,1.0,0.6285595194840425,0.2111770646754749,0.1602634158404826,2026-05-03,0.6285595194840425,0.1602634158404826,19.171157912143553,2.965275559202375,16.205882352941178
2026-05-09:fulham:bournemouth,bournemouth,DEF,0,Bournemouth,2026-05-09,4,360.0,0.0,1.0,0.37,0.13,34.0,1.0,0.3600033672078148,0.2546145416091924,0.3853820911829928,2026-05-09,0.3853820911829928,0.3600033672078148,16.13606486458746,-0.6639351354125402,16.8
2026-05-19:bournemouth:man city,bournemouth,DEF,1,Bournemouth,2026-05-19,4,359.0,0.0,1.0,0.1,0.21,15.0,1.0,0.190182741818979,0.2100416732763612,0.5997755849046598,2026-05-19,0.190182741818979,0.5997755849046598,12.492672614078373,-4.785105163699406,17.27777777777778
2026-05-24:nottm forest:bournemouth,bournemouth,DEF,0,Bournemouth,2026-05-24,4,359.0,0.0,1.0,0.0,0.15,13.0,0.0,0.2593071524687292,0.2467650579678163,0.4939277895634544,2026-05-24,0.4939277895634544,0.2593071524687292,17.666166274834417,0.4499500586181995,17.216216216216218
2025-08-15:liverpool:bournemouth,bournemouth,FWD,0,Bournemouth,2025-08-15,3,92.0,0.0,0.0,0.29,0.0,3.0,0.0,0.7680267439920989,0.1415912043513766,0.0903820516565244,2025-08-15,0.0903820516565244,0.7680267439920989,5.659090909090909,0.0,5.659090909090909
2025-08-23:bournemouth:wolves,bournemouth,FWD,1,Bournemouth,2025-08-23,3,91.0,0.0,0.0,0.0,0.02,4.0,1.0,0.5427933333468303,0.246956978540398,0.2102496881127716,2025-08-23,0.5427933333468303,0.2102496881127716,3.0,0.0,3.0
2025-08-30:spurs:bournemouth,bournemouth,FWD,0,Bournemouth,2025-08-30,3,98.0,1.0,0.0,0.5,0.06,10.0,1.0,0.5151768508358865,0.245611052299158,0.2392120968649554,2025-08-30,0.2392120968649554,0.5151768508358865,3.5,0.0,3.5
2025-09-13:bournemouth:brighton,bournemouth,FWD,1,Bournemouth,2025-09-13,1,90.0,0.0,1.0,0.14,0.04,5.0,0.0,0.3972087303894446,0.2656928858229349,0.3370983837876205,2025-09-13,0.3972087303894446,0.3370983837876205,5.666666666666667,0.0,5.666666666666667
2025-09-21:bournemouth:newcastle,bournemouth,FWD,1,Bournemouth,2025-09-21,1,90.0,0.0,0.0,0.1,0.02,2.0,1.0,0.4035579310798052,0.2842894975716296,0.3121525713485652,2025-09-21,0.4035579310798052,0.3121525713485652,5.5,0.0,5.5
2025-09-27:leeds:bournemouth,bournemouth,FWD,0,Bournemouth,2025-09-27,3,108.0,2.0,0.0,0.48,0.12,14.0,0.0,0.3195001933253177,0.2905552554650151,0.3899445512096671,2025-09-27,0.3899445512096671,0.3195001933253177,4.8,0.0,4.8
2025-10-03:bournemouth:fulham,bournemouth,FWD,1,Bournemouth,2025-10-03,1,90.0,0.0,0.0,0.27,0.04,2.0,0.0,0.4990967937751968,0.2720262682120664,0.2288769380127369,2025-10-03,0.4990967937751968,0.2288769380127369,6.333333333333333,0.0,6.333333333333333
2025-10-18:crystal palace:bournemouth,bournemouth,FWD,0,Bournemouth,2025-10-18,2,148.0,4.0,0.0,2.36,0.02,24.0,0.0,0.4542175915374374,0.2750877371435407,0.270694671319022,2025-10-18,0.270694671319022,0.4542175915374374,5.714285714285714,0.0,5.714285714285714
2025-10-26:bournemouth:nottm forest,bournemouth,FWD,1,Bournemouth,2025-10-26,3,137.0,2.0,0.0,0.3,0.12,13.0,1.0,0.4992582500504438,0.2589499502007029,0.2417917997488532,2025-10-26,0.4992582500504438,0.2417917997488532,8.0,0.0,8.0
2025-11-02:man city:bournemouth,bournemouth,FWD,0,Bournemouth,2025-11-02,2,89.0,0.0,0.0,0.25,0.06,3.0,0.0,0.701016689648254,0.1754047176812589,0.123578592670487,2025-11-02,0.123578592670487,0.701016689648254,8.555555555555555,0.0,8.555555555555555
2025-11-09:aston villa:bournemouth,bournemouth,FWD,0,Bournemouth,2025-11-09,2,103.0,0.0,0.0,0.26,0.06,3.0,0.0,0.4189109534080577,0.2773033729361291,0.3037856736558131,2025-11-09,0.3037856736558131,0.4189109534080577,8.0,0.0,8.0
2025-11-22:bournemouth:west ham,bournemouth,FWD,1,Bournemouth,2025-11-22,3,185.0,1.0,1.0,1.79,0.0699999999999999,13.0,0.0,0.5875778439552475,0.2316613112578836,0.1807608447868689,2025-11-22,0.5875778439552475,0.1807608447868689,7.545454545454546,0.0,7.545454545454546
2025-11-29:sunderland:bournemouth,bournemouth,FWD,0,Bournemouth,2025-11-29,3,99.0,0.0,1.0,1.0,0.05,7.0,0.0,0.2987944725929862,0.282958428045034,0.4182470993619798,2025-11-29,0.4182470993619798,0.2987944725929862,8.0,0.0,8.0
2025-12-02:bournemouth:everton,bournemouth,FWD,1,Bournemouth,2025-12-02,3,99.0,0.0,0.0,0.0,0.14,3.0,1.0,0.445570128270829,0.2745086753133587,0.2799211964158122,2025-12-02,0.445570128270829,0.2799211964158122,7.923076923076923,0.0,7.923076923076923
2025-12-06:bournemouth:chelsea,bournemouth,FWD,1,Bournemouth,2025-12-06,2,89.0,0.0,0.0,0.85,0.0,3.0,1.0,0.2806531976262482,0.2462081537560799,0.4731386486176719,2025-12-06,0.2806531976262482,0.4731386486176719,7.571428571428571,0.0,7.571428571428571
2025-12-15:man utd:bournemouth,bournemouth,FWD,0,Bournemouth,2025-12-15,2,89.0,2.0,0.0,0.51,0.05,11.0,0.0,0.5565044294771874,0.2193643196196898,0.2241312509031228,2025-12-15,0.2241312509031228,0.5565044294771874,7.266666666666667,0.0,7.266666666666667
2025-12-20:bournemouth:burnley,bournemouth,FWD,1,Bournemouth,2025-12-20,3,115.0,0.0,0.0,0.05,0.06,4.0,1.0,0.6714239683225385,0.1957449968245916,0.1328310348528699,2025-12-20,0.6714239683225385,0.1328310348528699,7.5,0.0,7.5
2025-12-27:brentford:bournemouth,bournemouth,FWD,0,Bournemouth,2025-12-27,2,90.0,0.0,0.0,0.26,0.02,2.0,0.0,0.4223298875986367,0.2679382621409762,0.309731850260387,2025-12-27,0.309731850260387,0.4223298875986367,7.294117647058823,0.0,7.294117647058823
2025-12-30:chelsea:bournemouth,bournemouth,FWD,0,Bournemouth,2025-12-30,2,89.0,0.0,0.0,0.31,0.08,3.0,0.0,0.6301849010737935,0.2023703575619535,0.1674447413642529,2025-12-30,0.1674447413642529,0.6301849010737935,7.0,0.0,7.0
2026-01-03:bournemouth:arsenal,bournemouth,FWD,1,Bournemouth,2026-01-03,3,105.0,2.0,0.0,0.78,0.02,13.0,0.0,0.1446210681141809,0.203358386730274,0.652020545155545,2026-01-03,0.1446210681141809,0.652020545155545,6.7894736842105265,0.0,6.7894736842105265
2026-01-07:bournemouth:spurs,bournemouth,FWD,1,Bournemouth,2026-01-07,3,152.0,2.0,0.0,0.94,0.04,14.0,0.0,0.4447185615236004,0.263987173858917,0.2912942646174825,2026-01-07,0.4447185615236004,0.2912942646174825,7.1,0.0,7.1
2026-01-19:brighton:bournemouth,bournemouth,FWD,0,Bournemouth,2026-01-19,2,161.0,0.0,0.0,0.41,0.01,4.0,1.0,0.4958775145269685,0.2429275172225967,0.2611949682504348,2026-01-19,0.2611949682504348,0.4958775145269685,7.428571428571429,0.0,7.428571428571429
2026-01-24:bournemouth:liverpool,bournemouth,FWD,1,Bournemouth,2026-01-24,3,157.0,1.0,0.0,0.97,0.04,10.0,0.0,0.2166727983364955,0.2307026619121212,0.5526245397513833,2026-01-24,0.2166727983364955,0.5526245397513833,7.2727272727272725,0.0,7.2727272727272725
2026-01-31:wolves:bournemouth,bournemouth,FWD,0,Bournemouth,2026-01-31,3,156.0,1.0,0.0,0.09,0.19,10.0,1.0,0.3213604902232742,0.2732914953572209,0.4053480144195048,2026-01-31,0.4053480144195048,0.3213604902232742,7.391304347826087,0.0,7.391304347826087
2026-02-07:bournemouth:aston villa,bournemouth,FWD,1,Bournemouth,2026-02-07,3,154.0,0.0,0.0,1.21,0.13,5.0,0.0,0.3330758975147925,0.2584037493313438,0.4085203531538636,2026-02-07,0.3330758975147925,0.4085203531538636,7.5,0.0,7.5
2026-02-10:everton:bournemouth,bournemouth,FWD,0,Bournemouth,2026-02-10,3,121.0,0.0,0.0,0.21,0.17,3.0,0.0,0.4139834060809894,0.2724446009000629,0.3135719930189476,2026-02-10,0.3135719930189476,0.4139834060809894,7.4,0.0,7.4
2026-02-21:west ham:bournemouth,bournemouth,FWD,0,Bournemouth,2026-02-21,3,168.0,0.0,0.0,0.02,0.05,5.0,1.0,0.3569818895479906,0.2546028425107758,0.3884152679412335,2026-02-21,0.3884152679412335,0.3569818895479906,7.230769230769231,0.0,7.230769230769231
2026-02-28:bournemouth:sunderland,bournemouth,FWD,1,Bournemouth,2026-02-28,3,128.0,1.0,0.0,0.71,0.04,9.0,0.0,0.5410380933372749,0.2487216178006218,0.2102402888621032,2026-02-28,0.5410380933372749,0.2102402888621032,7.148148148148148,0.0,7.148148148148148
2026-03-03:bournemouth:brentford,bournemouth,FWD,1,Bournemouth,2026-03-03,3,105.0,0.0,0.0,0.13,0.25,4.0,1.0,0.3818686714246673,0.2595424458562045,0.3585888827191281,2026-03-03,0.3818686714246673,0.3585888827191281,7.214285714285714,0.0,7.214285714285714
2026-03-14:burnley:bournemouth,bournemouth,FWD,0,Bournemouth,2026-03-14,3,172.0,0.0,0.0,1.5,0.25,5.0,1.0,0.232642374814094,0.2319774948078122,0.5353801303780936,2026-03-14,0.5353801303780936,0.232642374814094,7.103448275862069,0.0,7.103448275862069
2026-03-20:bournemouth:man utd,bournemouth,FWD,1,Bournemouth,2026-03-20,2,107.0,1.0,1.0,0.8600000000000001,0.04,10.0,0.0,0.3050021698486883,0.2465826202264859,0.4484152099248257,2026-03-20,0.3050021698486883,0.4484152099248257,7.033333333333333,0.0,7.033333333333333
2026-04-11:arsenal:bournemouth,bournemouth,FWD,0,Bournemouth,2026-04-11,3,174.0,1.0,1.0,0.7000000000000001,0.03,12.0,0.0,0.669742096518823,0.1994627222684583,0.1307951812127187,2026-04-11,0.1307951812127187,0.669742096518823,7.129032258064516,0.0,7.129032258064516
2026-04-18:newcastle:bournemouth,bournemouth,FWD,0,Bournemouth,2026-04-18,3,154.0,0.0,1.0,1.2600000000000002,0.07,8.0,1.0,0.441689235402301,0.250166806635883,0.308143957961816,2026-04-18,0.308143957961816,0.441689235402301,7.28125,0.0,7.28125
2026-04-22:bournemouth:leeds,bournemouth,FWD,1,Bournemouth,2026-04-22,2,162.0,1.0,0.0,0.32,0.29,9.0,0.0,0.5321002945230061,0.242041299589228,0.2258584058877658,2026-04-22,0.5321002945230061,0.2258584058877658,7.303030303030303,0.0,7.303030303030303
2026-05-03:bournemouth:crystal palace,bournemouth,FWD,1,Bournemouth,2026-05-03,3,158.0,1.0,1.0,1.28,0.17,12.0,1.0,0.6285595194840425,0.2111770646754749,0.1602634158404826,2026-05-03,0.6285595194840425,0.1602634158404826,7.352941176470588,0.0,7.352941176470588
2026-05-09:fulham:bournemouth,bournemouth,FWD,0,Bournemouth,2026-05-09,3,131.0,0.0,0.0,0.16,0.02,4.0,1.0,0.3600033672078148,0.2546145416091924,0.3853820911829928,2026-05-09,0.3853820911829928,0.3600033672078148,7.485714285714286,0.0,7.485714285714286
2026-05-19:bournemouth:man city,bournemouth,FWD,1,Bournemouth,2026-05-19,3,164.0,1.0,0.0,0.8999999999999999,0.2,11.0,1.0,0.190182741818979,0.2100416732763612,0.5997755849046598,2026-05-19,0.190182741818979,0.5997755849046598,7.388888888888889,0.0,7.388888888888889
2026-05-24:nottm forest:bournemouth,bournemouth,FWD,0,Bournemouth,2026-05-24,3,161.0,0.0,0.0,0.3399999999999999,0.09,5.0,0.0,0.2593071524687292,0.2467650579678163,0.4939277895634544,2026-05-24,0.4939277895634544,0.2593071524687292,7.486486486486487,0.0,7.486486486486487
2025-08-15:liverpool:bournemouth,bournemouth,GKP,0,Bournemouth,2025-08-15,1,90.0,0.0,0.0,0.0,0.0,2.0,0.0,0.7680267439920989,0.1415912043513766,0.0903820516565244,2025-08-15,0.0903820516565244,0.7680267439920989,2.375685029414507,-0.9979991811118087,3.373684210526316
2025-08-23:bournemouth:wolves,bournemouth,GKP,1,Bournemouth,2025-08-23,1,90.0,0.0,0.0,0.0,0.0,6.0,1.0,0.5427933333468303,0.246956978540398,0.2102496881127716,2025-08-23,0.5427933333468303,0.2102496881127716,3.808514788932895,1.8085147889328952,2.0
2025-08-30:spurs:bournemouth,bournemouth,GKP,0,Bournemouth,2025-08-30,1,90.0,0.0,0.0,0.0,0.0,5.0,1.0,0.5151768508358865,0.245611052299158,0.2392120968649554,2025-08-30,0.2392120968649554,0.5151768508358865,3.0252113012223707,-0.9747886987776293,4.0
2025-09-13:bournemouth:brighton,bournemouth,GKP,1,Bournemouth,2025-09-13,1,90.0,0.0,0.0,0.0,0.0,2.0,0.0,0.3972087303894446,0.2656928858229349,0.3370983837876205,2025-09-13,0.3972087303894446,0.3370983837876205,3.482663117188376,-0.8506702161449571,4.333333333333333
2025-09-21:bournemouth:newcastle,bournemouth,GKP,1,Bournemouth,2025-09-21,1,90.0,0.0,0.0,0.0,0.0,6.0,1.0,0.4035579310798052,0.2842894975716296,0.3121525713485652,2025-09-21,0.4035579310798052,0.3121525713485652,3.5467444594761,-0.20325554052389982,3.75
2025-09-27:leeds:bournemouth,bournemouth,GKP,0,Bournemouth,2025-09-27,1,90.0,0.0,0.0,0.0,0.0,3.0,0.0,0.3195001933253177,0.2905552554650151,0.3899445512096671,2025-09-27,0.3899445512096671,0.3195001933253177,3.5278697292967003,-0.6721302707032999,4.2
2025-10-03:bournemouth:fulham,bournemouth,GKP,1,Bournemouth,2025-10-03,1,90.0,0.0,0.0,0.0,0.0,3.0,0.0,0.4990967937751968,0.2720262682120664,0.2288769380127369,2025-10-03,0.4990967937751968,0.2288769380127369,3.7606647066942482,-0.23933529330575176,4.0
2025-10-18:crystal palace:bournemouth,bournemouth,GKP,0,Bournemouth,2025-10-18,1,90.0,0.0,0.0,0.0,0.0,2.0,0.0,0.4542175915374374,0.2750877371435407,0.270694671319022,2025-10-18,0.270694671319022,0.4542175915374374,3.181804764363874,-0.6753380927789832,3.857142857142857
2025-10-26:bournemouth:nottm forest,bournemouth,GKP,1,Bournemouth,2025-10-26,1,90.0,0.0,0.0,0.0,0.0,8.0,1.0,0.4992582500504438,0.2589499502007029,0.2417917997488532,2025-10-26,0.4992582500504438,0.2417917997488532,3.7274887306649003,0.10248873066490027,3.625
2025-11-02:man city:bournemouth,bournemouth,GKP,0,Bournemouth,2025-11-02,1,90.0,0.0,0.0,0.0,0.0,2.0,0.0,0.701016689648254,0.1754047176812589,0.123578592670487,2025-11-02,0.123578592670487,0.701016689648254,2.5478219056785205,-1.5632892054325902,4.111111111111111
2025-11-09:aston villa:bournemouth,bournemouth,GKP,0,Bournemouth,2025-11-09,1,90.0,0.0,0.0,0.0,0.0,1.0,0.0,0.4189109534080577,0.2773033729361291,0.3037856736558131,2025-11-09,0.3037856736558131,0.4189109534080577,3.2725012196717573,-0.6274987803282426,3.9
2025-11-22:bournemouth:west ham,bournemouth,GKP,1,Bournemouth,2025-11-22,1,90.0,0.0,0.0,0.0,0.0,1.0,0.0,0.5875778439552475,0.2316613112578836,0.1807608447868689,2025-11-22,0.5875778439552475,0.1807608447868689,3.8842663671768554,0.24790273081321912,3.6363636363636362
2025-11-29:sunderland:bournemouth,bournemouth,GKP,0,Bournemouth,2025-11-29,1,90.0,0.0,0.0,0.0,0.0,2.0,0.0,0.2987944725929862,0.282958428045034,0.4182470993619798,2025-11-29,0.4182470993619798,0.2987944725929862,3.5810590323432208,0.16439236567655424,3.4166666666666665
2025-12-02:bournemouth:everton,bournemouth,GKP,1,Bournemouth,2025-12-02,1,90.0,0.0,0.0,0.0,0.0,2.0,0.0,0.445570128270829,0.2745086753133587,0.2799211964158122,2025-12-02,0.445570128270829,0.2799211964158122,3.6295411122015127,0.32184880450920517,3.3076923076923075
2025-12-06:bournemouth:chelsea,bournemouth,GKP,1,Bournemouth,2025-12-06,1,90.0,0.0,0.0,0.0,0.0,7.0,1.0,0.2806531976262482,0.2462081537560799,0.4731386486176719,2025-12-06,0.2806531976262482,0.4731386486176719,3.1331999438888434,-0.08108577039687104,3.2142857142857144
2025-12-15:man utd:bournemouth,bournemouth,GKP,0,Bournemouth,2025-12-15,1,90.0,0.0,0.0,0.0,0.0,1.0,0.0,0.5565044294771874,0.2193643196196898,0.2241312509031228,2025-12-15,0.2241312509031228,0.5565044294771874,2.919048123762982,-0.5476185429036846,3.466666666666667
2025-12-20:bournemouth:burnley,bournemouth,GKP,1,Bournemouth,2025-12-20,1,90.0,0.0,0.0,0.0,0.0,2.0,0.0,0.6714239683225385,0.1957449968245916,0.1328310348528699,2025-12-20,0.6714239683225385,0.1328310348528699,4.0073894991121195,0.6948894991121195,3.3125
2025-12-27:brentford:bournemouth,bournemouth,GKP,0,Bournemouth,2025-12-27,1,90.0,0.0,0.0,0.0,0.0,-1.0,0.0,0.4223298875986367,0.2679382621409762,0.309731850260387,2025-12-27,0.309731850260387,0.4223298875986367,3.2637185876103256,0.028424469963266752,3.235294117647059
2025-12-30:chelsea:bournemouth,bournemouth,GKP,0,Bournemouth,2025-12-30,1,90.0,0.0,0.0,0.0,0.0,1.0,0.0,0.6301849010737935,0.2023703575619535,0.1674447413642529,2025-12-30,0.1674447413642529,0.6301849010737935,2.7297761354547956,-0.2702238645452044,3.0
2026-01-03:bournemouth:arsenal,bournemouth,GKP,1,Bournemouth,2026-01-03,1,90.0,0.0,0.0,0.0,0.0,1.0,0.0,0.1446210681141809,0.203358386730274,0.652020545155545,2026-01-03,0.1446210681141809,0.652020545155545,2.673684260880891,-0.22105258122437244,2.8947368421052633
2026-01-07:bournemouth:spurs,bournemouth,GKP,1,Bournemouth,2026-01-07,1,90.0,0.0,0.0,0.0,0.0,1.0,0.0,0.4447185615236004,0.263987173858917,0.2912942646174825,2026-01-07,0.4447185615236004,0.2912942646174825,3.600325728734913,0.8003257287349133,2.8
2026-01-19:brighton:bournemouth,bournemouth,GKP,0,Bournemouth,2026-01-19,1,90.0,0.0,0.0,0.0,0.0,2.0,0.0,0.4958775145269685,0.2429275172225967,0.2611949682504348,2026-01-19,0.2611949682504348,0.4958775145269685,3.0747878535579227,0.3605021392722083,2.7142857142857144
2026-01-24:bournemouth:liverpool,bournemouth,GKP,1,Bournemouth,2026-01-24,1,90.0,0.0,0.0,0.0,0.0,1.0,0.0,0.2166727983364955,0.2307026619121212,0.5526245397513833,2026-01-24,0.2166727983364955,0.5526245397513833,2.9290148683685264,0.24719668655034477,2.6818181818181817
2026-01-31:wolves:bournemouth,bournemouth,GKP,0,Bournemouth,2026-01-31,1,90.0,0.0,0.0,0.0,0.0,10.0,1.0,0.3213604902232742,0.2732914953572209,0.4053480144195048,2026-01-31,0.4053480144195048,0.3213604902232742,3.5230909584081602,0.9143953062342471,2.608695652173913
2026-02-07:bournemouth:aston villa,bournemouth,GKP,1,Bournemouth,2026-02-07,1,90.0,0.0,0.0,0.0,0.0,3.0,0.0,0.3330758975147925,0.2584037493313438,0.4085203531538636,2026-02-07,0.3330758975147925,0.4085203531538636,3.2991928182352694,0.3825261515686029,2.9166666666666665
2026-02-10:everton:bournemouth,bournemouth,GKP,0,Bournemouth,2026-02-10,1,90.0,0.0,0.0,0.0,0.0,3.0,0.0,0.4139834060809894,0.2724446009000629,0.3135719930189476,2026-02-10,0.3135719930189476,0.4139834060809894,3.2851592097723508,0.36515920977235083,2.92
2026-02-21:west ham:bournemouth,bournemouth,GKP,0,Bournemouth,2026-02-21,1,90.0,0.0,0.0,0.0,0.0,9.0,1.0,0.3569818895479906,0.2546028425107758,0.3884152679412335,2026-02-21,0.3884152679412335,0.3569818895479906,3.431585937736991,0.5085090146600679,2.923076923076923
2026-02-28:bournemouth:sunderland,bournemouth,GKP,1,Bournemouth,2026-02-28,1,90.0,0.0,0.0,0.0,0.0,3.0,0.0,0.5410380933372749,0.2487216178006218,0.2102402888621032,2026-02-28,0.5410380933372749,0.2102402888621032,3.808538933931211,0.6603907857830627,3.1481481481481484
2026-03-03:bournemouth:brentford,bournemouth,GKP,1,Bournemouth,2026-03-03,1,90.0,0.0,0.0,0.0,0.0,6.0,1.0,0.3818686714246673,0.2595424458562045,0.3585888827191281,2026-03-03,0.3818686714246673,0.3585888827191281,3.4274578589379825,0.2846007160808397,3.142857142857143
2026-03-14:burnley:bournemouth,bournemouth,GKP,0,Bournemouth,2026-03-14,1,90.0,0.0,0.0,0.0,0.0,6.0,1.0,0.232642374814094,0.2319774948078122,0.5353801303780936,2026-03-14,0.5353801303780936,0.232642374814094,3.7509919712353383,0.5096126608905109,3.2413793103448274
2026-03-20:bournemouth:man utd,bournemouth,GKP,1,Bournemouth,2026-03-20,1,90.0,0.0,0.0,0.0,0.0,2.0,0.0,0.3050021698486883,0.2465826202264859,0.4484152099248257,2026-03-20,0.3050021698486883,0.4484152099248257,3.19671004768989,-0.13662328564344328,3.3333333333333335
2026-04-11:arsenal:bournemouth,bournemouth,GKP,0,Bournemouth,2026-04-11,1,90.0,0.0,0.0,0.0,0.0,2.0,0.0,0.669742096518823,0.1994627222684583,0.1307951812127187,2026-04-11,0.1307951812127187,0.669742096518823,2.6281607566232474,-0.662161824021914,3.2903225806451615
2026-04-18:newcastle:bournemouth,bournemouth,GKP,0,Bournemouth,2026-04-18,1,90.0,0.0,0.0,0.0,0.0,1.0,0.0,0.441689235402301,0.250166806635883,0.308143957961816,2026-04-18,0.308143957961816,0.441689235402301,3.2139878764497034,-0.03601212355029659,3.25
2026-04-22:bournemouth:leeds,bournemouth,GKP,1,Bournemouth,2026-04-22,1,90.0,0.0,0.0,0.0,0.0,1.0,0.0,0.5321002945230061,0.242041299589228,0.2258584058877658,2026-04-22,0.5321002945230061,0.2258584058877658,3.7684187772734017,0.58660059545522,3.1818181818181817
2026-05-03:bournemouth:crystal palace,bournemouth,GKP,1,Bournemouth,2026-05-03,1,90.0,0.0,0.0,0.0,0.0,6.0,1.0,0.6285595194840425,0.2111770646754749,0.1602634158404826,2026-05-03,0.6285595194840425,0.1602634158404826,3.9369206057806565,0.8192735469571271,3.1176470588235294
2026-05-09:fulham:bournemouth,bournemouth,GKP,0,Bournemouth,2026-05-09,1,90.0,0.0,0.0,0.0,0.0,6.0,1.0,0.3600033672078148,0.2546145416091924,0.3853820911829928,2026-05-09,0.3853820911829928,0.3600033672078148,3.423824300604228,0.22382430060422775,3.2
2026-05-19:bournemouth:man city,bournemouth,GKP,1,Bournemouth,2026-05-19,1,90.0,0.0,0.0,0.0,0.0,3.0,0.0,0.190182741818979,0.2100416732763612,0.5997755849046598,2026-05-19,0.190182741818979,0.5997755849046598,2.8078922442378094,-0.4698855335399683,3.2777777777777777
2026-05-24:nottm forest:bournemouth,bournemouth,GKP,0,Bournemouth,2026-05-24,1,90.0,0.0,0.0,0.0,0.0,3.0,0.0,0.2593071524687292,0.2467650579678163,0.4939277895634544,2026-05-24,0.4939277895634544,0.2593071524687292,3.68249491394016,0.41222464366989,3.27027027027027
2025-08-15:liverpool:bournemouth,bournemouth,MID,0,Bournemouth,2025-08-15,7,448.0,2.0,2.0,1.42,0.37,34.0,0.0,0.7680267439920989,0.1415912043513766,0.0903820516565244,2025-08-15,0.0903820516565244,0.7680267439920989,15.314374521673885,-5.179046530957693,20.49342105263158
2025-08-23:bournemouth:wolves,bournemouth,MID,1,Bournemouth,2025-08-23,8,445.0,1.0,1.0,1.29,1.04,27.0,1.0,0.5427933333468303,0.246956978540398,0.2102496881127716,2025-08-23,0.5427933333468303,0.2102496881127716,23.417919010349532,-10.582080989650468,34.0
2025-08-30:spurs:bournemouth,bournemouth,MID,0,Bournemouth,2025-08-30,8,447.0,0.0,0.0,0.94,0.5800000000000001,19.0,1.0,0.5151768508358865,0.245611052299158,0.2392120968649554,2025-08-30,0.2392120968649554,0.5151768508358865,17.9802030308394,-12.519796969160598,30.5
2025-09-13:bournemouth:brighton,bournemouth,MID,1,Bournemouth,2025-09-13,8,447.0,2.0,1.0,1.19,0.54,29.0,0.0,0.3972087303894446,0.2656928858229349,0.3370983837876205,2025-09-13,0.3972087303894446,0.3370983837876205,20.810222530006357,-5.856444136660311,26.666666666666668
2025-09-21:bournemouth:newcastle,bournemouth,MID,1,Bournemouth,2025-09-21,8,447.0,0.0,0.0,0.39,0.1699999999999999,20.0,1.0,0.4035579310798052,0.2842894975716296,0.3121525713485652,2025-09-21,0.4035579310798052,0.3121525713485652,20.923948761743187,-6.326051238256813,27.25
2025-09-27:leeds:bournemouth,bournemouth,MID,0,Bournemouth,2025-09-27,9,454.0,1.0,1.0,0.57,0.32,19.0,0.0,0.3195001933253177,0.2905552554650151,0.3899445512096671,2025-09-27,0.3899445512096671,0.3195001933253177,20.680107297386375,-5.119892702613626,25.8
2025-10-03:bournemouth:fulham,bournemouth,MID,1,Bournemouth,2025-10-03,8,454.0,3.0,2.0,0.8200000000000001,0.24,41.0,1.0,0.4990967937751968,0.2720262682120664,0.2288769380127369,2025-10-03,0.4990967937751968,0.2288769380127369,22.63523107406084,-2.0314355926058276,24.666666666666668
2025-10-18:crystal palace:bournemouth,bournemouth,MID,0,Bournemouth,2025-10-18,9,464.0,1.0,2.0,0.8200000000000001,0.92,24.0,0.0,0.4542175915374374,0.2750877371435407,0.270694671319022,2025-10-18,0.270694671319022,0.4542175915374374,18.544115676327344,-8.455884323672656,27.0
2025-10-26:bournemouth:nottm forest,bournemouth,MID,1,Bournemouth,2025-10-26,9,470.0,1.0,1.0,0.41,0.32,28.0,1.0,0.4992582500504438,0.2589499502007029,0.2417917997488532,2025-10-26,0.4992582500504438,0.2417917997488532,22.6381230623078,-3.9868769376922017,26.625
2025-11-02:man city:bournemouth,bournemouth,MID,0,Bournemouth,2025-11-02,9,475.0,1.0,1.0,0.42,0.24,22.0,0.0,0.701016689648254,0.1754047176812589,0.123578592670487,2025-11-02,0.123578592670487,0.701016689648254,15.90898756043745,-10.868790217340328,26.77777777777778
2025-11-09:aston villa:bournemouth,bournemouth,MID,0,Bournemouth,2025-11-09,9,506.0,0.0,0.0,1.28,0.23,12.0,0.0,0.4189109534080577,0.2773033729361291,0.3037856736558131,2025-11-09,0.3037856736558131,0.4189109534080577,19.13683831712705,-7.16316168287295,26.3
2025-11-22:bournemouth:west ham,bournemouth,MID,1,Bournemouth,2025-11-22,7,438.0,1.0,0.0,2.28,0.67,17.0,0.0,0.5875778439552475,0.2316613112578836,0.1807608447868689,2025-11-22,0.5875778439552475,0.1807608447868689,24.22009457229165,-0.7799054277083499,25.0
2025-11-29:sunderland:bournemouth,bournemouth,MID,0,Bournemouth,2025-11-29,8,448.0,2.0,0.0,0.79,0.8200000000000001,17.0,0.0,0.2987944725929862,0.282958428045034,0.4182470993619798,2025-11-29,0.4182470993619798,0.2987944725929862,21.18705963782812,-3.1462736955052115,24.333333333333332
2025-12-02:bournemouth:everton,bournemouth,MID,1,Bournemouth,2025-12-02,6,417.0,0.0,0.0,0.26,0.4599999999999999,13.0,1.0,0.445570128270829,0.2745086753133587,0.2799211964158122,2025-12-02,0.445570128270829,0.2799211964158122,21.676466930018055,-2.092763839212715,23.76923076923077
2025-12-06:bournemouth:chelsea,bournemouth,MID,1,Bournemouth,2025-12-06,6,375.0,0.0,0.0,0.47,0.2,18.0,1.0,0.2806531976262482,0.2462081537560799,0.4731386486176719,2025-12-06,0.2806531976262482,0.4731386486176719,18.722491778423528,-4.277508221576472,23.0
2025-12-15:man utd:bournemouth,bournemouth,MID,0,Bournemouth,2025-12-15,6,360.0,2.0,1.0,1.4,0.23,24.0,0.0,0.5565044294771874,0.2193643196196898,0.2241312509031228,2025-12-15,0.2241312509031228,0.5565044294771874,17.710076464317943,-4.956590202348725,22.666666666666668
2025-12-20:bournemouth:burnley,bournemouth,MID,1,Bournemouth,2025-12-20,8,424.0,1.0,0.0,1.02,0.7,24.0,1.0,0.6714239683225385,0.1957449968245916,0.1328310348528699,2025-12-20,0.6714239683225385,0.1328310348528699,25.72193775461637,2.97193775461637,22.75
2025-12-27:brentford:bournemouth,bournemouth,MID,0,Bournemouth,2025-12-27,7,449.0,1.0,0.0,2.37,0.8700000000000001,21.0,0.0,0.4223298875986367,0.2679382621409762,0.309731850260387,2025-12-27,0.309731850260387,0.4223298875986367,19.243345622764206,-3.5801837890005004,22.823529411764707
2025-12-30:chelsea:bournemouth,bournemouth,MID,0,Bournemouth,2025-12-30,6,449.0,2.0,1.0,2.57,0.68,30.0,0.0,0.6301849010737935,0.2023703575619535,0.1674447413642529,2025-12-30,0.1674447413642529,0.6301849010737935,16.694713517930545,-6.027508704291677,22.72222222222222
2026-01-03:bournemouth:arsenal,bournemouth,MID,1,Bournemouth,2026-01-03,7,431.0,0.0,1.0,0.63,0.25,13.0,0.0,0.1446210681141809,0.203358386730274,0.652020545155545,2026-01-03,0.1446210681141809,0.652020545155545,16.285898222949545,-6.819364934945192,23.105263157894736
2026-01-07:bournemouth:spurs,bournemouth,MID,1,Bournemouth,2026-01-07,6,385.0,1.0,2.0,0.34,0.39,23.0,0.0,0.4447185615236004,0.263987173858917,0.2912942646174825,2026-01-07,0.4447185615236004,0.2912942646174825,21.661213753758922,-0.9387862462410794,22.6
2026-01-19:brighton:bournemouth,bournemouth,MID,0,Bournemouth,2026-01-19,5,346.0,1.0,1.0,0.89,0.43,23.0,1.0,0.4958775145269685,0.2429275172225967,0.2611949682504348,2026-01-19,0.2611949682504348,0.4958775145269685,18.373957969035242,-4.245089650012378,22.61904761904762
2026-01-24:bournemouth:liverpool,bournemouth,MID,1,Bournemouth,2026-01-24,5,298.0,1.0,1.0,0.56,0.58,21.0,0.0,0.2166727983364955,0.2307026619121212,0.5526245397513833,2026-01-24,0.2166727983364955,0.5526245397513833,17.576481426712945,-5.0598822096506915,22.636363636363637
2026-01-31:wolves:bournemouth,bournemouth,MID,0,Bournemouth,2026-01-31,6,295.0,1.0,2.0,1.18,0.78,27.0,1.0,0.3213604902232742,0.2732914953572209,0.4053480144195048,2026-01-31,0.4053480144195048,0.3213604902232742,20.95601255097385,-1.6092048403304986,22.565217391304348
2026-02-07:bournemouth:aston villa,bournemouth,MID,1,Bournemouth,2026-02-07,6,384.0,1.0,0.0,0.63,1.1,19.0,0.0,0.3330758975147925,0.2584037493313438,0.4085203531538636,2026-02-07,0.3330758975147925,0.4085203531538636,19.661481803553162,-3.088518196446838,22.75
2026-02-10:everton:bournemouth,bournemouth,MID,0,Bournemouth,2026-02-10,7,415.0,2.0,0.0,1.12,0.29,24.0,0.0,0.4139834060809894,0.2724446009000629,0.3135719930189476,2026-02-10,0.3135719930189476,0.4139834060809894,19.312129866098267,-3.287870133901734,22.6
2026-02-21:west ham:bournemouth,bournemouth,MID,0,Bournemouth,2026-02-21,7,368.0,0.0,0.0,0.54,0.2,19.0,1.0,0.3569818895479906,0.2546028425107758,0.3884152679412335,2026-02-21,0.3884152679412335,0.3569818895479906,20.652714932290532,-2.001131221555621,22.653846153846153
2026-02-28:bournemouth:sunderland,bournemouth,MID,1,Bournemouth,2026-02-28,8,408.0,0.0,1.0,0.89,0.6699999999999999,15.0,0.0,0.5410380933372749,0.2487216178006218,0.2102402888621032,2026-02-28,0.5410380933372749,0.2102402888621032,23.386479331275673,0.8679608127571541,22.51851851851852
2026-03-03:bournemouth:brentford,bournemouth,MID,1,Bournemouth,2026-03-03,6,432.0,0.0,0.0,1.6,0.56,16.0,1.0,0.3818686714246673,0.2595424458562045,0.3585888827191281,2026-03-03,0.3818686714246673,0.3585888827191281,20.535452966755116,-1.7145470332448838,22.25
2026-03-14:burnley:bournemouth,bournemouth,MID,0,Bournemouth,2026-03-14,6,365.0,0.0,0.0,0.65,0.81,18.0,1.0,0.232642374814094,0.2319774948078122,0.5353801303780936,2026-03-14,0.5353801303780936,0.232642374814094,23.285134478902187,1.2506517202814962,22.03448275862069
2026-03-20:bournemouth:man utd,bournemouth,MID,1,Bournemouth,2026-03-20,7,430.0,1.0,0.0,0.88,0.37,19.0,0.0,0.3050021698486883,0.2465826202264859,0.4484152099248257,2026-03-20,0.3050021698486883,0.4484152099248257,19.158628072197782,-2.7413719278022164,21.9
2026-04-11:arsenal:bournemouth,bournemouth,MID,0,Bournemouth,2026-04-11,7,363.0,1.0,0.0,0.49,0.21,21.0,0.0,0.669742096518823,0.1994627222684583,0.1307951812127187,2026-04-11,0.1307951812127187,0.669742096518823,16.03825035443752,-5.768201258465705,21.806451612903224
2026-04-18:newcastle:bournemouth,bournemouth,MID,0,Bournemouth,2026-04-18,8,381.0,1.0,1.0,1.22,1.49,19.0,1.0,0.441689235402301,0.250166806635883,0.308143957961816,2026-04-18,0.308143957961816,0.441689235402301,19.21490345873014,-2.5663465412698585,21.78125
2026-04-22:bournemouth:leeds,bournemouth,MID,1,Bournemouth,2026-04-22,8,376.0,1.0,1.0,0.8200000000000001,0.6300000000000001,23.0,1.0,0.5321002945230061,0.242041299589228,0.2258584058877658,2026-04-22,0.5321002945230061,0.2258584058877658,23.226386395370863,1.5294166984011675,21.696969696969695
2026-05-03:bournemouth:crystal palace,bournemouth,MID,1,Bournemouth,2026-05-03,8,377.0,1.0,1.0,0.7799999999999999,0.8,24.0,1.0,0.6285595194840425,0.2111770646754749,0.1602634158404826,2026-05-03,0.6285595194840425,0.1602634158404826,24.95415414221943,3.218860024572372,21.735294117647058
2026-05-09:fulham:bournemouth,bournemouth,MID,0,Bournemouth,2026-05-09,8,357.0,1.0,0.0,0.28,0.13,17.0,1.0,0.3600033672078148,0.2546145416091924,0.3853820911829928,2026-05-09,0.3853820911829928,0.3600033672078148,20.59838498121021,-1.2016150187897914,21.8
2026-05-19:bournemouth:man city,bournemouth,MID,1,Bournemouth,2026-05-19,7,374.0,0.0,0.0,1.0,0.5800000000000001,14.0,1.0,0.190182741818979,0.2100416732763612,0.5997755849046598,2026-05-19,0.190182741818979,0.5997755849046598,17.101994250585953,-4.564672416080715,21.666666666666668
2026-05-24:nottm forest:bournemouth,bournemouth,MID,0,Bournemouth,2026-05-24,8,376.0,1.0,0.0,0.61,0.31,21.0,0.0,0.2593071524687292,0.2467650579678163,0.4939277895634544,2026-05-24,0.4939277895634544,0.2593071524687292,22.54264440063504,1.0831849411755812,21.45945945945946
2025-08-17:nottm forest:brentford,brentford,DEF,0,Brentford,2025-08-17,6,427.0,0.0,0.0,0.35,0.12,6.0,0.0,0.5098809890482152,0.2708035449847328,0.2193154659670521,2025-08-17,0.2193154659670521,0.5098809890482152,13.858641019642842,-1.980832664567684,15.839473684210526
2025-08-23:brentford:aston villa,brentford,DEF,1,Brentford,2025-08-23,7,376.0,0.0,0.0,0.0,0.02,36.0,1.0,0.2877241772382066,0.2694372229998474,0.4428385997619459,2025-08-23,0.2877241772382066,0.4428385997619459,14.877365056678855,8.877365056678855,6.0
2025-08-30:sunderland:brentford,brentford,DEF,0,Brentford,2025-08-30,5,359.0,0.0,0.0,0.03,0.06,12.0,1.0,0.3031875201755344,0.2879193847006765,0.4088930951237891,2025-08-30,0.4088930951237891,0.3031875201755344,16.999394314395705,-4.000605685604295,21.0
2025-09-13:brentford:chelsea,brentford,DEF,1,Brentford,2025-09-13,8,465.0,0.0,1.0,0.14,0.5399999999999999,14.0,0.0,0.2170838429517788,0.2490661996860697,0.5338499573621516,2025-09-13,0.2170838429517788,0.5338499573621516,13.494427207690256,-4.505572792309744,18.0
2025-09-20:fulham:brentford,brentford,DEF,0,Brentford,2025-09-20,7,448.0,0.0,0.0,0.14,0.09,4.0,0.0,0.456543908661033,0.2843403717577775,0.2591157195811895,2025-09-20,0.2591157195811895,0.456543908661033,14.669109835480121,-2.3308901645198787,17.0
2025-09-27:brentford:man utd,brentford,DEF,1,Brentford,2025-09-27,6,374.0,0.0,0.0,0.7200000000000001,0.35,9.0,0.0,0.283919674186764,0.2474238700389834,0.4686564557742526,2025-09-27,0.283919674186764,0.4686564557742526,14.485056984361119,0.08505698436111864,14.4
2025-10-05:brentford:man city,brentford,DEF,1,Brentford,2025-10-05,5,450.0,0.0,0.0,0.04,0.12,10.0,0.0,0.17637790831977,0.2176451235676607,0.6059769681125693,2025-10-05,0.17637790831977,0.6059769681125693,12.398441215048226,-1.1015587849517736,13.5
2025-10-20:west ham:brentford,brentford,DEF,0,Brentford,2025-10-20,5,374.0,0.0,1.0,0.35,0.91,34.0,1.0,0.3450312947637052,0.2837749859496023,0.3711937192866925,2025-10-20,0.3711937192866925,0.3450312947637052,16.363568839989224,3.363568839989224,13.0
2025-10-25:brentford:liverpool,brentford,DEF,1,Brentford,2025-10-25,6,372.0,0.0,1.0,0.21,0.45,12.0,0.0,0.2346019021405583,0.2287472939332268,0.5366508039262149,2025-10-25,0.2346019021405583,0.5366508039262149,13.451867720338491,-2.173132279661509,15.625
2025-11-01:crystal palace:brentford,brentford,DEF,0,Brentford,2025-11-01,5,359.0,0.0,0.0,0.12,0.14,6.0,0.0,0.470713178674951,0.2716935229064415,0.2575932984186074,2025-11-01,0.2575932984186074,0.470713178674951,14.453804621807073,-0.7684176004151482,15.222222222222221
2025-11-09:brentford:newcastle,brentford,DEF,1,Brentford,2025-11-09,5,359.0,0.0,1.0,0.95,0.49,11.0,0.0,0.3353640763393813,0.2764271055322367,0.3882088181283819,2025-11-09,0.3353640763393813,0.3882088181283819,15.707476755868221,1.4074767558682204,14.3
2025-11-22:brighton:brentford,brentford,DEF,0,Brentford,2025-11-22,6,384.0,0.0,0.0,0.12,0.09,10.0,0.0,0.461131385069479,0.2707216578503179,0.2681469570802032,2025-11-22,0.2681469570802032,0.461131385069479,14.59940210972076,0.59940210972076,14.0
2025-11-29:brentford:burnley,brentford,DEF,1,Brentford,2025-11-29,6,360.0,0.0,0.0,0.94,0.18,18.0,1.0,0.6657461804920327,0.2068453701101518,0.1274084493978155,2025-11-29,0.6657461804920327,0.1274084493978155,19.670396444771615,6.003729778104949,13.666666666666666
2025-12-03:arsenal:brentford,brentford,DEF,0,Brentford,2025-12-03,7,448.0,0.0,0.0,0.07,0.09,11.0,0.0,0.6903135007366815,0.1985793754900269,0.1111071237732914,2025-12-03,0.1111071237732914,0.6903135007366815,11.116928818203341,-2.8830711817966588,14.0
2025-12-06:spurs:brentford,brentford,DEF,0,Brentford,2025-12-06,7,361.0,0.0,0.0,0.01,0.08,6.0,0.0,0.3960122636786898,0.2782322138978332,0.3257555224234769,2025-12-06,0.3257555224234769,0.3960122636786898,15.588901662730414,1.803187377016128,13.785714285714286
2025-12-14:brentford:leeds,brentford,DEF,1,Brentford,2025-12-14,7,428.0,0.0,1.0,0.26,0.08,30.0,1.0,0.4517565952787436,0.2878522117656775,0.260391192955579,2025-12-14,0.4517565952787436,0.260391192955579,17.64969403819681,4.383027371530142,13.266666666666667
2025-12-20:wolves:brentford,brentford,DEF,0,Brentford,2025-12-20,5,450.0,2.0,0.0,0.48,0.52,46.0,1.0,0.2727787770162843,0.2772224625661694,0.4499987604175463,2025-12-20,0.4499987604175463,0.2727787770162843,17.461461939403918,3.148961939403918,14.3125
2025-12-27:brentford:bournemouth,brentford,DEF,1,Brentford,2025-12-27,6,447.0,0.0,0.0,0.2299999999999999,0.05,16.0,0.0,0.4223298875986367,0.2679382621409762,0.309731850260387,2025-12-27,0.4223298875986367,0.309731850260387,16.89995176118851,0.7234811729532176,16.176470588235293
2026-01-01:brentford:spurs,brentford,DEF,1,Brentford,2026-01-01,5,450.0,0.0,0.0,0.39,0.34,36.0,1.0,0.4002156365141107,0.2745100204793367,0.3252743430065526,2026-01-01,0.4002156365141107,0.3252743430065526,16.66378012225172,0.49711345558505116,16.166666666666668
2026-01-04:everton:brentford,brentford,DEF,0,Brentford,2026-01-04,6,385.0,1.0,1.0,0.28,0.1,16.0,0.0,0.3895504227900281,0.2971386909963784,0.3133108862135933,2026-01-04,0.3133108862135933,0.3895504227900281,15.687090774229311,-1.5234355415601613,17.210526315789473
2026-01-07:brentford:sunderland,brentford,DEF,1,Brentford,2026-01-07,6,419.0,0.0,1.0,0.07,0.22,38.0,1.0,0.4833720670335067,0.2915061735136992,0.2251217594527941,2026-01-07,0.4833720670335067,0.2251217594527941,18.185620935558877,1.0356209355588781,17.15
2026-01-17:chelsea:brentford,brentford,DEF,0,Brentford,2026-01-17,6,367.0,0.0,0.0,0.1,0.19,6.0,0.0,0.523829427186808,0.2432540515023289,0.232916521310863,2026-01-17,0.232916521310863,0.523829427186808,13.646691395499532,-4.49616574735761,18.142857142857142
2026-01-25:brentford:nottm forest,brentford,DEF,1,Brentford,2026-01-25,7,357.0,0.0,0.0,0.06,0.23,8.0,0.0,0.5296049526027676,0.2645843948047461,0.2058106525924863,2026-01-25,0.5296049526027676,0.2058106525924863,18.47905750531424,0.8881484144051512,17.59090909090909
2026-02-01:aston villa:brentford,brentford,DEF,0,Brentford,2026-02-01,7,403.0,0.0,0.0,0.11,0.09,29.0,1.0,0.4184929090381898,0.2813807525622282,0.3001263383995818,2026-02-01,0.3001263383995818,0.4184929090381898,15.247303249553111,-1.9266097939251505,17.17391304347826
2026-02-07:newcastle:brentford,brentford,DEF,0,Brentford,2026-02-07,5,439.0,0.0,0.0,0.1,0.07,7.0,0.0,0.5066368558033975,0.2492511405105034,0.2441120036860991,2026-02-07,0.2441120036860991,0.5066368558033975,13.907936346838474,-3.758730319828194,17.666666666666668
2026-02-12:brentford:arsenal,brentford,DEF,1,Brentford,2026-02-12,6,433.0,1.0,1.0,0.6900000000000001,0.4,23.0,0.0,0.1736154127395087,0.2435283872582372,0.582856200002254,2026-02-12,0.1736154127395087,0.582856200002254,12.749766435993742,-4.490233564006257,17.24
2026-02-21:brentford:brighton,brentford,DEF,1,Brentford,2026-02-21,6,394.0,0.0,0.0,0.55,0.27,7.0,0.0,0.427379147123009,0.2737338053848202,0.2988870474921709,2026-02-21,0.427379147123009,0.2988870474921709,17.064740954630324,-0.3967975069081362,17.46153846153846
2026-02-28:burnley:brentford,brentford,DEF,0,Brentford,2026-02-28,5,378.0,0.0,2.0,0.28,0.35,11.0,0.0,0.2072375805248607,0.2414729369053365,0.5512894825698027,2026-02-28,0.5512894825698027,0.2072375805248607,18.457375017573224,1.383300943499151,17.074074074074073
2026-03-03:bournemouth:brentford,brentford,DEF,0,Brentford,2026-03-03,6,362.0,0.0,0.0,0.1,0.17,26.0,1.0,0.3818686714246673,0.2595424458562045,0.3585888827191281,2026-03-03,0.3585888827191281,0.3818686714246673,15.803816697122842,-1.0533261600200152,16.857142857142858
2026-03-16:brentford:wolves,brentford,DEF,1,Brentford,2026-03-16,5,378.0,1.0,1.0,0.5599999999999999,0.63,13.0,0.0,0.6423880874914603,0.2094458408612735,0.1481660716472662,2026-03-16,0.6423880874914603,0.1481660716472662,19.354979751507077,2.1825659584036288,17.17241379310345
2026-03-21:leeds:brentford,brentford,DEF,0,Brentford,2026-03-21,5,450.0,0.0,0.0,0.15,0.14,34.0,1.0,0.4082813380838109,0.2723936943882457,0.3193249675279434,2026-03-21,0.3193249675279434,0.4082813380838109,15.40247034454886,-1.6308629887844752,17.033333333333335
2026-04-11:brentford:everton,brentford,DEF,1,Brentford,2026-04-11,4,360.0,0.0,1.0,0.35,0.63,11.0,0.0,0.4479607955648662,0.2773883479753046,0.2746508564598292,2026-04-11,0.4479607955648662,0.2746508564598292,17.433015275305525,-0.14762988598479865,17.580645161290324
2026-04-18:brentford:fulham,brentford,DEF,1,Brentford,2026-04-18,4,360.0,0.0,0.0,0.65,0.32,26.0,1.0,0.4944697301318163,0.2438264891352149,0.2617037807329687,2026-04-18,0.4944697301318163,0.2617037807329687,17.629748974576884,0.2547489745768843,17.375
2026-04-27:man utd:brentford,brentford,DEF,0,Brentford,2026-04-27,4,360.0,0.0,0.0,0.6300000000000001,0.14,4.0,0.0,0.494300493366166,0.2450557443665498,0.2606437622672841,2026-04-27,0.2606437622672841,0.494300493366166,14.095390121654486,-3.540973514709151,17.636363636363637
2026-05-02:brentford:west ham,brentford,DEF,1,Brentford,2026-05-02,6,371.0,0.0,1.0,0.54,0.23,30.0,1.0,0.5230023679248957,0.2364026005344833,0.240595031540621,2026-05-02,0.5230023679248957,0.240595031540621,17.95050111994252,0.7152070022954611,17.235294117647058
2026-05-09:man city:brentford,brentford,DEF,0,Brentford,2026-05-09,5,420.0,0.0,0.0,0.04,0.04,7.0,0.0,0.7373811728514559,0.1529975676172439,0.1096212595313003,2026-05-09,0.1096212595313003,0.7373811728514559,10.401725057401958,-7.198274942598044,17.6
2026-05-17:brentford:crystal palace,brentford,DEF,1,Brentford,2026-05-17,5,359.0,0.0,1.0,0.37,0.57,11.0,0.0,0.5669278279019505,0.2317315518662988,0.2013406202317507,2026-05-17,0.5669278279019505,0.2013406202317507,18.54698064261124,1.2414250870556813,17.305555555555557
2026-05-24:liverpool:brentford,brentford,DEF,0,Brentford,2026-05-24,5,388.0,0.0,1.0,0.03,0.55,15.0,0.0,0.5501754366976208,0.2217235790527349,0.2281009842496442,2026-05-24,0.2281009842496442,0.5501754366976208,13.246357913140466,-3.888777221994671,17.135135135135137
2025-08-17:nottm forest:brentford,brentford,FWD,0,Brentford,2025-08-17,1,90.0,1.0,0.0,0.91,0.01,6.0,0.0,0.5098809890482152,0.2708035449847328,0.2193154659670521,2025-08-17,0.2193154659670521,0.5098809890482152,5.659090909090909,0.0,5.659090909090909
2025-08-23:brentford:aston villa,brentford,FWD,1,Brentford,2025-08-23,1,90.0,0.0,0.0,0.22,0.01,2.0,1.0,0.2877241772382066,0.2694372229998474,0.4428385997619459,2025-08-23,0.2877241772382066,0.4428385997619459,6.0,0.0,6.0
2025-08-30:sunderland:brentford,brentford,FWD,0,Brentford,2025-08-30,1,90.0,1.0,0.0,0.12,0.1,6.0,0.0,0.3031875201755344,0.2879193847006765,0.4088930951237891,2025-08-30,0.4088930951237891,0.3031875201755344,4.0,0.0,4.0
2025-09-13:brentford:chelsea,brentford,FWD,1,Brentford,2025-09-13,1,71.0,0.0,0.0,0.0,0.03,1.0,0.0,0.2170838429517788,0.2490661996860697,0.5338499573621516,2025-09-13,0.2170838429517788,0.5338499573621516,4.666666666666667,0.0,4.666666666666667
2025-09-20:fulham:brentford,brentford,FWD,0,Brentford,2025-09-20,1,64.0,0.0,0.0,0.1,0.01,2.0,0.0,0.456543908661033,0.2843403717577775,0.2591157195811895,2025-09-20,0.2591157195811895,0.456543908661033,3.75,0.0,3.75
2025-09-27:brentford:man utd,brentford,FWD,1,Brentford,2025-09-27,1,89.0,2.0,0.0,0.7,0.0,13.0,0.0,0.283919674186764,0.2474238700389834,0.4686564557742526,2025-09-27,0.283919674186764,0.4686564557742526,3.4,0.0,3.4
2025-10-05:brentford:man city,brentford,FWD,1,Brentford,2025-10-05,1,67.0,0.0,0.0,0.67,0.0,2.0,0.0,0.17637790831977,0.2176451235676607,0.6059769681125693,2025-10-05,0.17637790831977,0.6059769681125693,5.0,0.0,5.0
2025-10-20:west ham:brentford,brentford,FWD,0,Brentford,2025-10-20,1,90.0,1.0,0.0,0.84,0.02,8.0,1.0,0.3450312947637052,0.2837749859496023,0.3711937192866925,2025-10-20,0.3711937192866925,0.3450312947637052,4.571428571428571,0.0,4.571428571428571
2025-10-25:brentford:liverpool,brentford,FWD,1,Brentford,2025-10-25,1,90.0,1.0,0.0,1.1,0.01,5.0,0.0,0.2346019021405583,0.2287472939332268,0.5366508039262149,2025-10-25,0.2346019021405583,0.5366508039262149,5.0,0.0,5.0
2025-11-01:crystal palace:brentford,brentford,FWD,0,Brentford,2025-11-01,1,90.0,0.0,0.0,0.0,0.01,2.0,0.0,0.470713178674951,0.2716935229064415,0.2575932984186074,2025-11-01,0.2575932984186074,0.470713178674951,5.0,0.0,5.0
2025-11-09:brentford:newcastle,brentford,FWD,1,Brentford,2025-11-09,1,90.0,2.0,0.0,1.19,0.03,13.0,0.0,0.3353640763393813,0.2764271055322367,0.3882088181283819,2025-11-09,0.3353640763393813,0.3882088181283819,4.7,0.0,4.7
2025-11-22:brighton:brentford,brentford,FWD,0,Brentford,2025-11-22,1,90.0,1.0,0.0,1.71,0.05,4.0,0.0,0.461131385069479,0.2707216578503179,0.2681469570802032,2025-11-22,0.2681469570802032,0.461131385069479,5.454545454545454,0.0,5.454545454545454
2025-11-29:brentford:burnley,brentford,FWD,1,Brentford,2025-11-29,1,90.0,2.0,0.0,1.17,0.01,13.0,0.0,0.6657461804920327,0.2068453701101518,0.1274084493978155,2025-11-29,0.6657461804920327,0.1274084493978155,5.333333333333333,0.0,5.333333333333333
2025-12-03:arsenal:brentford,brentford,FWD,0,Brentford,2025-12-03,1,30.0,0.0,0.0,0.0,0.0,1.0,0.0,0.6903135007366815,0.1985793754900269,0.1111071237732914,2025-12-03,0.1111071237732914,0.6903135007366815,5.923076923076923,0.0,5.923076923076923
2025-12-06:spurs:brentford,brentford,FWD,0,Brentford,2025-12-06,1,90.0,0.0,0.0,0.27,0.02,2.0,0.0,0.3960122636786898,0.2782322138978332,0.3257555224234769,2025-12-06,0.3257555224234769,0.3960122636786898,5.571428571428571,0.0,5.571428571428571
2025-12-14:brentford:leeds,brentford,FWD,1,Brentford,2025-12-14,1,90.0,0.0,0.0,0.0,0.01,2.0,0.0,0.4517565952787436,0.2878522117656775,0.260391192955579,2025-12-14,0.4517565952787436,0.260391192955579,5.333333333333333,0.0,5.333333333333333
2025-12-20:wolves:brentford,brentford,FWD,0,Brentford,2025-12-20,1,90.0,0.0,0.0,0.0,0.01,2.0,1.0,0.2727787770162843,0.2772224625661694,0.4499987604175463,2025-12-20,0.4499987604175463,0.2727787770162843,5.125,0.0,5.125
2025-12-27:brentford:bournemouth,brentford,FWD,1,Brentford,2025-12-27,1,90.0,0.0,1.0,0.19,0.24,5.0,0.0,0.4223298875986367,0.2679382621409762,0.309731850260387,2025-12-27,0.4223298875986367,0.309731850260387,4.9411764705882355,0.0,4.9411764705882355
2026-01-01:brentford:spurs,brentford,FWD,1,Brentford,2026-01-01,1,90.0,0.0,0.0,0.2,0.01,2.0,1.0,0.4002156365141107,0.2745100204793367,0.3252743430065526,2026-01-01,0.4002156365141107,0.3252743430065526,4.944444444444445,0.0,4.944444444444445
2026-01-04:everton:brentford,brentford,FWD,0,Brentford,2026-01-04,1,90.0,3.0,0.0,1.72,0.03,17.0,0.0,0.3895504227900281,0.2971386909963784,0.3133108862135933,2026-01-04,0.3133108862135933,0.3895504227900281,4.7894736842105265,0.0,4.7894736842105265
2026-01-07:brentford:sunderland,brentford,FWD,1,Brentford,2026-01-07,1,81.0,2.0,0.0,1.48,0.15,12.0,1.0,0.4833720670335067,0.2915061735136992,0.2251217594527941,2026-01-07,0.4833720670335067,0.2251217594527941,5.4,0.0,5.4
2026-01-17:chelsea:brentford,brentford,FWD,0,Brentford,2026-01-17,1,90.0,0.0,0.0,0.17,0.08,2.0,0.0,0.523829427186808,0.2432540515023289,0.232916521310863,2026-01-17,0.232916521310863,0.523829427186808,5.714285714285714,0.0,5.714285714285714
2026-01-25:brentford:nottm forest,brentford,FWD,1,Brentford,2026-01-25,1,90.0,0.0,0.0,0.43,0.02,2.0,0.0,0.5296049526027676,0.2645843948047461,0.2058106525924863,2026-01-25,0.5296049526027676,0.2058106525924863,5.545454545454546,0.0,5.545454545454546
2026-02-01:aston villa:brentford,brentford,FWD,0,Brentford,2026-02-01,1,90.0,0.0,0.0,0.0,0.0,2.0,1.0,0.4184929090381898,0.2813807525622282,0.3001263383995818,2026-02-01,0.3001263383995818,0.4184929090381898,5.391304347826087,0.0,5.391304347826087
2026-02-07:newcastle:brentford,brentford,FWD,0,Brentford,2026-02-07,1,90.0,1.0,0.0,0.79,0.04,5.0,0.0,0.5066368558033975,0.2492511405105034,0.2441120036860991,2026-02-07,0.2441120036860991,0.5066368558033975,5.25,0.0,5.25
2026-02-12:brentford:arsenal,brentford,FWD,1,Brentford,2026-02-12,1,90.0,0.0,0.0,0.77,0.22,2.0,0.0,0.1736154127395087,0.2435283872582372,0.582856200002254,2026-02-12,0.1736154127395087,0.582856200002254,5.24,0.0,5.24
2026-02-21:brentford:brighton,brentford,FWD,1,Brentford,2026-02-21,1,90.0,0.0,0.0,0.31,0.43,2.0,0.0,0.427379147123009,0.2737338053848202,0.2988870474921709,2026-02-21,0.427379147123009,0.2988870474921709,5.115384615384615,0.0,5.115384615384615
2026-02-28:burnley:brentford,brentford,FWD,0,Brentford,2026-02-28,1,90.0,1.0,0.0,0.58,0.03,6.0,0.0,0.2072375805248607,0.2414729369053365,0.5512894825698027,2026-02-28,0.5512894825698027,0.2072375805248607,5.0,0.0,5.0
2026-03-03:bournemouth:brentford,brentford,FWD,0,Brentford,2026-03-03,1,90.0,0.0,0.0,0.0,0.04,2.0,1.0,0.3818686714246673,0.2595424458562045,0.3585888827191281,2026-03-03,0.3585888827191281,0.3818686714246673,5.035714285714286,0.0,5.035714285714286
2026-03-16:brentford:wolves,brentford,FWD,1,Brentford,2026-03-16,1,90.0,1.0,0.0,1.85,0.01,6.0,0.0,0.6423880874914603,0.2094458408612735,0.1481660716472662,2026-03-16,0.6423880874914603,0.1481660716472662,4.931034482758621,0.0,4.931034482758621
2026-03-21:leeds:brentford,brentford,FWD,0,Brentford,2026-03-21,1,90.0,0.0,0.0,0.05,0.03,4.0,1.0,0.4082813380838109,0.2723936943882457,0.3193249675279434,2026-03-21,0.3193249675279434,0.4082813380838109,4.966666666666667,0.0,4.966666666666667
2026-04-11:brentford:everton,brentford,FWD,1,Brentford,2026-04-11,1,90.0,2.0,0.0,1.41,0.06,13.0,0.0,0.4479607955648662,0.2773883479753046,0.2746508564598292,2026-04-11,0.4479607955648662,0.2746508564598292,4.935483870967742,0.0,4.935483870967742
2026-04-18:brentford:fulham,brentford,FWD,1,Brentford,2026-04-18,1,90.0,0.0,0.0,0.18,0.01,2.0,1.0,0.4944697301318163,0.2438264891352149,0.2617037807329687,2026-04-18,0.4944697301318163,0.2617037807329687,5.1875,0.0,5.1875
2026-04-27:man utd:brentford,brentford,FWD,0,Brentford,2026-04-27,1,90.0,0.0,0.0,0.0,0.03,1.0,0.0,0.494300493366166,0.2450557443665498,0.2606437622672841,2026-04-27,0.2606437622672841,0.494300493366166,5.090909090909091,0.0,5.090909090909091
2026-05-02:brentford:west ham,brentford,FWD,1,Brentford,2026-05-02,2,91.0,1.0,0.0,1.12,0.01,7.0,1.0,0.5230023679248957,0.2364026005344833,0.240595031540621,2026-05-02,0.5230023679248957,0.240595031540621,4.970588235294118,0.0,4.970588235294118
2026-05-09:man city:brentford,brentford,FWD,0,Brentford,2026-05-09,1,90.0,0.0,0.0,0.19,0.01,2.0,0.0,0.7373811728514559,0.1529975676172439,0.1096212595313003,2026-05-09,0.1096212595313003,0.7373811728514559,5.0285714285714285,0.0,5.0285714285714285
2026-05-17:brentford:crystal palace,brentford,FWD,1,Brentford,2026-05-17,1,90.0,0.0,0.0,0.11,0.05,2.0,0.0,0.5669278279019505,0.2317315518662988,0.2013406202317507,2026-05-17,0.5669278279019505,0.2013406202317507,4.944444444444445,0.0,4.944444444444445
2026-05-24:liverpool:brentford,brentford,FWD,0,Brentford,2026-05-24,1,90.0,0.0,0.0,0.05,0.0,2.0,0.0,0.5501754366976208,0.2217235790527349,0.2281009842496442,2026-05-24,0.2281009842496442,0.5501754366976208,4.864864864864865,0.0,4.864864864864865
2025-08-17:nottm forest:brentford,brentford,GKP,0,Brentford,2025-08-17,1,90.0,0.0,0.0,0.0,0.0,1.0,0.0,0.5098809890482152,0.2708035449847328,0.2193154659670521,2025-08-17,0.2193154659670521,0.5098809890482152,3.038815425471815,-0.3348687850545007,3.373684210526316
2025-08-23:brentford:aston villa,brentford,GKP,1,Brentford,2025-08-23,1,90.0,0.0,0.0,0.0,0.01,5.0,1.0,0.2877241772382066,0.2694372229998474,0.4428385997619459,2025-08-23,0.2877241772382066,0.4428385997619459,3.2110353644349656,2.2110353644349656,1.0
2025-08-30:sunderland:brentford,brentford,GKP,0,Brentford,2025-08-30,1,90.0,0.0,0.0,0.0,0.0,1.0,0.0,0.3031875201755344,0.2879193847006765,0.4088930951237891,2025-08-30,0.4088930951237891,0.3031875201755344,3.5697740767415027,0.5697740767415027,3.0
2025-09-13:brentford:chelsea,brentford,GKP,1,Brentford,2025-09-13,1,90.0,0.0,0.0,0.0,0.0,2.0,0.0,0.2170838429517788,0.2490661996860697,0.5338499573621516,2025-09-13,0.2170838429517788,0.5338499573621516,2.9772434214907273,0.6439100881573938,2.3333333333333335
2025-09-20:fulham:brentford,brentford,GKP,0,Brentford,2025-09-20,1,90.0,0.0,0.0,0.0,0.0,1.0,0.0,0.456543908661033,0.2843403717577775,0.2591157195811895,2025-09-20,0.2591157195811895,0.456543908661033,3.1758288706449935,0.9258288706449935,2.25
2025-09-27:brentford:man utd,brentford,GKP,1,Brentford,2025-09-27,1,90.0,0.0,0.0,0.0,0.0,8.0,0.0,0.283919674186764,0.2474238700389834,0.4686564557742526,2025-09-27,0.283919674186764,0.4686564557742526,3.1447138977638858,1.1447138977638858,2.0
2025-10-05:brentford:man city,brentford,GKP,1,Brentford,2025-10-05,1,90.0,0.0,0.0,0.0,0.0,3.0,0.0,0.17637790831977,0.2176451235676607,0.6059769681125693,2025-10-05,0.17637790831977,0.6059769681125693,2.791961996987925,-0.2080380030120752,3.0
2025-10-20:west ham:brentford,brentford,GKP,0,Brentford,2025-10-20,1,90.0,0.0,0.0,0.0,0.0,6.0,1.0,0.3450312947637052,0.2837749859496023,0.3711937192866925,2025-10-20,0.3711937192866925,0.3450312947637052,3.462284883974345,0.4622848839743452,3.0
2025-10-25:brentford:liverpool,brentford,GKP,1,Brentford,2025-10-25,1,90.0,0.0,0.0,0.0,0.0,2.0,0.0,0.2346019021405583,0.2287472939332268,0.5366508039262149,2025-10-25,0.2346019021405583,0.5366508039262149,2.970048546286497,-0.40495145371350283,3.375
2025-11-01:crystal palace:brentford,brentford,GKP,0,Brentford,2025-11-01,1,90.0,0.0,0.0,0.0,0.0,1.0,0.0,0.470713178674951,0.2716935229064415,0.2575932984186074,2025-11-01,0.2575932984186074,0.470713178674951,3.1394305435130407,-0.08279167870918158,3.2222222222222223
2025-11-09:brentford:newcastle,brentford,GKP,1,Brentford,2025-11-09,1,90.0,0.0,0.0,0.0,0.0,2.0,0.0,0.3353640763393813,0.2764271055322367,0.3882088181283819,2025-11-09,0.3353640763393813,0.3882088181283819,3.351369528516279,0.3513695285162788,3.0
2025-11-22:brighton:brentford,brentford,GKP,0,Brentford,2025-11-22,1,90.0,0.0,0.0,0.0,0.0,2.0,0.0,0.461131385069479,0.2707216578503179,0.2681469570802032,2025-11-22,0.2681469570802032,0.461131385069479,3.1640444620720247,0.25495355298111555,2.909090909090909
2025-11-29:brentford:burnley,brentford,GKP,1,Brentford,2025-11-29,1,90.0,0.0,0.0,0.0,0.0,2.0,0.0,0.6657461804920327,0.2068453701101518,0.1274084493978155,2025-11-29,0.6657461804920327,0.1274084493978155,4.02131915385793,1.1879858205245966,2.8333333333333335
2025-12-03:arsenal:brentford,brentford,GKP,0,Brentford,2025-12-03,1,90.0,0.0,0.0,0.0,0.01,2.0,0.0,0.6903135007366815,0.1985793754900269,0.1111071237732914,2025-12-03,0.1111071237732914,0.6903135007366815,2.5753164887428444,-0.1939142804879248,2.769230769230769
2025-12-06:spurs:brentford,brentford,GKP,0,Brentford,2025-12-06,1,90.0,0.0,0.0,0.0,0.0,2.0,0.0,0.3960122636786898,0.2782322138978332,0.3257555224234769,2025-12-06,0.3257555224234769,0.3960122636786898,3.331323868886849,0.6170381546011345,2.7142857142857144
2025-12-14:brentford:leeds,brentford,GKP,1,Brentford,2025-12-14,1,90.0,0.0,0.0,0.0,0.0,3.0,0.0,0.4517565952787436,0.2878522117656775,0.260391192955579,2025-12-14,0.4517565952787436,0.260391192955579,3.6797102073020707,1.0130435406354041,2.6666666666666665
2025-12-20:wolves:brentford,brentford,GKP,0,Brentford,2025-12-20,1,90.0,0.0,0.0,0.0,0.0,13.0,1.0,0.2727787770162843,0.2772224625661694,0.4499987604175463,2025-12-20,0.4499987604175463,0.2727787770162843,3.647888713564339,0.9603887135643392,2.6875
2025-12-27:brentford:bournemouth,brentford,GKP,1,Brentford,2025-12-27,1,90.0,0.0,0.0,0.0,0.0,4.0,0.0,0.4223298875986367,0.2679382621409762,0.309731850260387,2025-12-27,0.4223298875986367,0.309731850260387,3.552962860140085,0.2588452130812615,3.2941176470588234
2026-01-01:brentford:spurs,brentford,GKP,1,Brentford,2026-01-01,1,90.0,0.0,0.0,0.0,0.02,6.0,1.0,0.4002156365141107,0.2745100204793367,0.3252743430065526,2026-01-01,0.4002156365141107,0.3252743430065526,3.513036968766341,0.1797036354330075,3.3333333333333335
2026-01-04:everton:brentford,brentford,GKP,0,Brentford,2026-01-04,1,90.0,0.0,0.0,0.0,0.0,2.0,0.0,0.3895504227900281,0.2971386909963784,0.3133108862135933,2026-01-04,0.3133108862135933,0.3895504227900281,3.347923185457788,-0.12576102506852793,3.473684210526316
2026-01-07:brentford:sunderland,brentford,GKP,1,Brentford,2026-01-07,1,90.0,0.0,0.0,0.0,0.0,13.0,1.0,0.4833720670335067,0.2915061735136992,0.2251217594527941,2026-01-07,0.4833720670335067,0.2251217594527941,3.7703110905608437,0.37031109056084377,3.4
2026-01-17:chelsea:brentford,brentford,GKP,0,Brentford,2026-01-17,1,90.0,0.0,0.0,0.0,0.0,1.0,0.0,0.523829427186808,0.2432540515023289,0.232916521310863,2026-01-17,0.232916521310863,0.523829427186808,3.0029843760352803,-0.8541584811075769,3.857142857142857
2026-01-25:brentford:nottm forest,brentford,GKP,1,Brentford,2026-01-25,1,90.0,0.0,0.0,0.0,0.0,1.0,0.0,0.5296049526027676,0.2645843948047461,0.2058106525924863,2026-01-25,0.5296049526027676,0.2058106525924863,3.8199178793432687,0.09264515207054158,3.727272727272727
2026-02-01:aston villa:brentford,brentford,GKP,0,Brentford,2026-02-01,1,90.0,0.0,0.0,0.0,0.0,10.0,1.0,0.4184929090381898,0.2813807525622282,0.3001263383995818,2026-02-01,0.3001263383995818,0.4184929090381898,3.27357510108662,-0.335120551087293,3.608695652173913
2026-02-07:newcastle:brentford,brentford,GKP,0,Brentford,2026-02-07,1,90.0,0.0,0.0,0.0,0.0,1.0,0.0,0.5066368558033975,0.2492511405105034,0.2441120036860991,2026-02-07,0.2441120036860991,0.5066368558033975,3.047149025084818,-0.8278509749151821,3.875
2026-02-12:brentford:arsenal,brentford,GKP,1,Brentford,2026-02-12,1,90.0,0.0,0.0,0.0,0.0,2.0,0.0,0.1736154127395087,0.2435283872582372,0.582856200002254,2026-02-12,0.1736154127395087,0.582856200002254,2.8513551259490244,-0.9086448740509754,3.76
2026-02-21:brentford:brighton,brentford,GKP,1,Brentford,2026-02-21,1,90.0,0.0,0.0,0.0,0.0,2.0,0.0,0.427379147123009,0.2737338053848202,0.2988870474921709,2026-02-21,0.427379147123009,0.2988870474921709,3.580821223940853,-0.11148646836683973,3.6923076923076925
2026-02-28:burnley:brentford,brentford,GKP,0,Brentford,2026-02-28,1,90.0,0.0,0.0,0.0,0.0,1.0,0.0,0.2072375805248607,0.2414729369053365,0.5512894825698027,2026-02-28,0.5512894825698027,0.2072375805248607,3.8162523560223587,0.18662272639272892,3.6296296296296298
2026-03-03:bournemouth:brentford,brentford,GKP,0,Brentford,2026-03-03,1,90.0,0.0,0.0,0.0,0.0,6.0,1.0,0.3818686714246673,0.2595424458562045,0.3585888827191281,2026-03-03,0.3585888827191281,0.3818686714246673,3.3676562344340644,-0.16805805128022122,3.5357142857142856
2026-03-16:brentford:wolves,brentford,GKP,1,Brentford,2026-03-16,1,90.0,0.0,0.0,0.0,0.18,1.0,0.0,0.6423880874914603,0.2094458408612735,0.1481660716472662,2026-03-16,0.6423880874914603,0.1481660716472662,3.967996525072194,0.3473068698997803,3.6206896551724137
2026-03-21:leeds:brentford,brentford,GKP,0,Brentford,2026-03-21,1,90.0,0.0,0.0,0.0,0.0,9.0,1.0,0.4082813380838109,0.2723936943882457,0.3193249675279434,2026-03-21,0.3193249675279434,0.4082813380838109,3.299806805314399,-0.23352652801893425,3.533333333333333
2026-04-11:brentford:everton,brentford,GKP,1,Brentford,2026-04-11,1,90.0,0.0,0.0,0.0,0.0,2.0,0.0,0.4479607955648662,0.2773883479753046,0.2746508564598292,2026-04-11,0.4479607955648662,0.2746508564598292,3.643079675417969,-0.06659774393686968,3.7096774193548385
2026-04-18:brentford:fulham,brentford,GKP,1,Brentford,2026-04-18,1,90.0,0.0,0.0,0.0,0.0,6.0,1.0,0.4944697301318163,0.2438264891352149,0.2617037807329687,2026-04-18,0.4944697301318163,0.2617037807329687,3.6763384034431628,0.02008840344316276,3.65625
2026-04-27:man utd:brentford,brentford,GKP,0,Brentford,2026-04-27,1,90.0,0.0,0.0,0.0,0.0,2.0,0.0,0.494300493366166,0.2450557443665498,0.2606437622672841,2026-04-27,0.2606437622672841,0.494300493366166,3.0788389396088283,-0.6484337876638988,3.727272727272727
2026-05-02:brentford:west ham,brentford,GKP,1,Brentford,2026-05-02,1,90.0,0.0,0.0,0.0,0.0,8.0,1.0,0.5230023679248957,0.2364026005344833,0.240595031540621,2026-05-02,0.5230023679248957,0.240595031540621,3.730563014710696,0.05409242647540191,3.676470588235294
2026-05-09:man city:brentford,brentford,GKP,0,Brentford,2026-05-09,1,90.0,0.0,0.0,0.0,0.0,3.0,0.0,0.7373811728514559,0.1529975676172439,0.1096212595313003,2026-05-09,0.1096212595313003,0.7373811728514559,2.454408035075842,-1.3455919649241577,3.8
2026-05-17:brentford:crystal palace,brentford,GKP,1,Brentford,2026-05-17,1,90.0,0.0,0.0,0.0,0.0,2.0,0.0,0.5669278279019505,0.2317315518662988,0.2013406202317507,2026-05-17,0.5669278279019505,0.2013406202317507,3.8314005951075,0.053622817329722405,3.7777777777777777
2026-05-24:liverpool:brentford,brentford,GKP,0,Brentford,2026-05-24,1,90.0,0.0,0.0,0.0,0.0,6.0,0.0,0.5501754366976208,0.2217235790527349,0.2281009842496442,2026-05-24,0.2281009842496442,0.5501754366976208,2.9353061772392834,-0.7944235524904464,3.72972972972973
2025-08-17:nottm forest:brentford,brentford,MID,0,Brentford,2025-08-17,7,380.0,0.0,1.0,0.24,0.12,13.0,0.0,0.5098809890482152,0.2708035449847328,0.2193154659670521,2025-08-17,0.2193154659670521,0.5098809890482152,17.62381661833988,-2.8696044342916984,20.49342105263158
2025-08-23:brentford:aston villa,brentford,MID,1,Brentford,2025-08-23,7,429.0,1.0,0.0,0.99,0.3,31.0,1.0,0.2877241772382066,0.2694372229998474,0.4428385997619459,2025-08-23,0.2877241772382066,0.4428385997619459,18.849146440194865,5.849146440194865,13.0
2025-08-30:sunderland:brentford,brentford,MID,0,Brentford,2025-08-30,7,449.0,0.0,1.0,1.04,0.65,14.0,1.0,0.3031875201755344,0.2879193847006765,0.4088930951237891,2025-08-30,0.4088930951237891,0.3031875201755344,21.019511673046537,-0.9804883269534628,22.0
2025-09-13:brentford:chelsea,brentford,MID,1,Brentford,2025-09-13,6,360.0,2.0,1.0,1.28,0.2299999999999999,26.0,0.0,0.2170838429517788,0.2490661996860697,0.5338499573621516,2025-09-13,0.2170838429517788,0.5338499573621516,17.583844015714558,-1.7494893176187745,19.333333333333332
2025-09-20:fulham:brentford,brentford,MID,0,Brentford,2025-09-20,7,383.0,1.0,0.0,0.37,0.26,17.0,0.0,0.456543908661033,0.2843403717577775,0.2591157195811895,2025-09-20,0.2591157195811895,0.456543908661033,18.336714680071942,-2.6632853199280575,21.0
2025-09-27:brentford:man utd,brentford,MID,1,Brentford,2025-09-27,8,433.0,1.0,3.0,0.61,0.9,29.0,0.0,0.283919674186764,0.2474238700389834,0.4686564557742526,2025-09-27,0.283919674186764,0.4686564557742526,18.781000571640305,-1.4189994283596938,20.2
2025-10-05:brentford:man city,brentford,MID,1,Brentford,2025-10-05,9,380.0,0.0,0.0,0.12,0.0699999999999999,10.0,0.0,0.17637790831977,0.2176451235676607,0.6059769681125693,2025-10-05,0.17637790831977,0.6059769681125693,16.854723488456333,-4.811943178210335,21.666666666666668
2025-10-20:west ham:brentford,brentford,MID,0,Brentford,2025-10-20,7,434.0,1.0,1.0,1.12,0.93,24.0,1.0,0.3450312947637052,0.2837749859496023,0.3711937192866925,2025-10-20,0.3711937192866925,0.3450312947637052,20.34424431863882,0.34424431863882177,20.0
2025-10-25:brentford:liverpool,brentford,MID,1,Brentford,2025-10-25,8,437.0,2.0,2.0,1.4300000000000002,0.63,34.0,0.0,0.2346019021405583,0.2287472939332268,0.5366508039262149,2025-10-25,0.2346019021405583,0.5366508039262149,17.897625695652206,-2.6023743043477943,20.5
2025-11-01:crystal palace:brentford,brentford,MID,0,Brentford,2025-11-01,9,446.0,0.0,0.0,0.42,0.32,12.0,0.0,0.470713178674951,0.2716935229064415,0.2575932984186074,2025-11-01,0.2575932984186074,0.470713178674951,18.30944522831249,-3.690554771687509,22.0
2025-11-09:brentford:newcastle,brentford,MID,1,Brentford,2025-11-09,8,449.0,1.0,1.0,0.5,0.47,23.0,0.0,0.3353640763393813,0.2764271055322367,0.3882088181283819,2025-11-09,0.3353640763393813,0.3882088181283819,19.702467428035874,-1.2975325719641262,21.0
2025-11-22:brighton:brentford,brentford,MID,0,Brentford,2025-11-22,7,422.0,0.0,1.0,0.08,0.4,14.0,1.0,0.461131385069479,0.2707216578503179,0.2681469570802032,2025-11-22,0.2681469570802032,0.461131385069479,18.49848128011697,-2.683336901701214,21.181818181818183
2025-11-29:brentford:burnley,brentford,MID,1,Brentford,2025-11-29,7,448.0,1.0,2.0,0.94,0.62,31.0,1.0,0.6657461804920327,0.2068453701101518,0.1274084493978155,2025-11-29,0.6657461804920327,0.1274084493978155,25.6202378011805,5.036904467847169,20.583333333333332
2025-12-03:arsenal:brentford,brentford,MID,0,Brentford,2025-12-03,7,417.0,0.0,0.0,0.28,0.21,10.0,0.0,0.6903135007366815,0.1985793754900269,0.1111071237732914,2025-12-03,0.1111071237732914,0.6903135007366815,15.685599888339695,-5.699015496275688,21.384615384615383
2025-12-06:spurs:brentford,brentford,MID,0,Brentford,2025-12-06,7,445.0,0.0,0.0,0.0,0.47,14.0,0.0,0.3960122636786898,0.2782322138978332,0.3257555224234769,2025-12-06,0.3257555224234769,0.3960122636786898,19.530359995527878,-1.0410685759006952,20.571428571428573
2025-12-14:brentford:leeds,brentford,MID,1,Brentford,2025-12-14,6,378.0,1.0,0.0,0.46,0.13,19.0,1.0,0.4517565952787436,0.2878522117656775,0.260391192955579,2025-12-14,0.4517565952787436,0.260391192955579,21.78727829272116,1.6539449593878288,20.133333333333333
2025-12-20:wolves:brentford,brentford,MID,0,Brentford,2025-12-20,5,359.0,0.0,2.0,0.8,1.17,24.0,1.0,0.2727787770162843,0.2772224625661694,0.4499987604175463,2025-12-20,0.4499987604175463,0.2727787770162843,21.755792134930758,1.6932921349307577,20.0625
2025-12-27:brentford:bournemouth,brentford,MID,1,Brentford,2025-12-27,7,359.0,3.0,2.0,3.24,1.16,36.0,0.0,0.4223298875986367,0.2679382621409762,0.309731850260387,2025-12-27,0.4223298875986367,0.309731850260387,21.26019012208567,0.9660724750268486,20.294117647058822
2026-01-01:brentford:spurs,brentford,MID,1,Brentford,2026-01-01,6,358.0,0.0,0.0,0.24,0.93,17.0,1.0,0.4002156365141107,0.2745100204793367,0.3252743430065526,2026-01-01,0.4002156365141107,0.3252743430065526,20.864081924191808,-0.3025847424748598,21.166666666666668
2026-01-04:everton:brentford,brentford,MID,0,Brentford,2026-01-04,7,423.0,0.0,3.0,0.4,1.03,29.0,1.0,0.3895504227900281,0.2971386909963784,0.3133108862135933,2026-01-04,0.3133108862135933,0.3895504227900281,19.30745294777391,-1.6399154732787196,20.94736842105263
2026-01-07:brentford:sunderland,brentford,MID,1,Brentford,2026-01-07,7,396.0,1.0,2.0,1.69,1.14,27.0,1.0,0.4833720670335067,0.2915061735136992,0.2251217594527941,2026-01-07,0.4833720670335067,0.2251217594527941,22.353571381032268,1.0035713810322662,21.35
2026-01-17:chelsea:brentford,brentford,MID,0,Brentford,2026-01-17,7,441.0,0.0,0.0,1.26,0.9,12.0,0.0,0.523829427186808,0.2432540515023289,0.232916521310863,2026-01-17,0.232916521310863,0.523829427186808,17.86743732704484,-3.7516102920027805,21.61904761904762
2026-01-25:brentford:nottm forest,brentford,MID,1,Brentford,2026-01-25,7,448.0,0.0,0.0,1.2999999999999998,1.51,12.0,0.0,0.5296049526027676,0.2645843948047461,0.2058106525924863,2026-01-25,0.5296049526027676,0.2058106525924863,23.18169008676079,1.999871904942605,21.181818181818183
2026-02-01:aston villa:brentford,brentford,MID,0,Brentford,2026-02-01,6,354.0,1.0,0.0,0.26,0.06,15.0,1.0,0.4184929090381898,0.2813807525622282,0.3001263383995818,2026-02-01,0.3001263383995818,0.4184929090381898,19.071292679235224,-1.7113160164169514,20.782608695652176
2026-02-07:newcastle:brentford,brentford,MID,0,Brentford,2026-02-07,7,368.0,2.0,3.0,0.9,0.6,33.0,0.0,0.5066368558033975,0.2492511405105034,0.2441120036860991,2026-02-07,0.2441120036860991,0.5066368558033975,18.06796965939727,-2.473697007269397,20.541666666666668
2026-02-12:brentford:arsenal,brentford,MID,1,Brentford,2026-02-12,6,376.0,0.0,0.0,0.04,0.4399999999999999,7.0,0.0,0.1736154127395087,0.2435283872582372,0.582856200002254,2026-02-12,0.1736154127395087,0.582856200002254,16.8052419508811,-4.2347580491188985,21.04
2026-02-21:brentford:brighton,brentford,MID,1,Brentford,2026-02-21,8,413.0,0.0,0.0,0.74,1.09,10.0,0.0,0.427379147123009,0.2737338053848202,0.2988870474921709,2026-02-21,0.427379147123009,0.2988870474921709,21.350631940949572,0.8506319409495724,20.5
2026-02-28:burnley:brentford,brentford,MID,0,Brentford,2026-02-28,7,429.0,3.0,2.0,1.48,0.52,35.0,0.0,0.2072375805248607,0.2414729369053365,0.5512894825698027,2026-02-28,0.5512894825698027,0.2072375805248607,23.57010116406053,3.458990052949421,20.11111111111111
2026-03-03:bournemouth:brentford,brentford,MID,0,Brentford,2026-03-03,6,445.0,0.0,0.0,0.29,0.38,17.0,1.0,0.3818686714246673,0.2595424458562045,0.3585888827191281,2026-03-03,0.3585888827191281,0.3818686714246673,20.118467778504563,-0.5243893643525794,20.642857142857142
2026-03-16:brentford:wolves,brentford,MID,1,Brentford,2026-03-16,7,429.0,0.0,1.0,0.15,1.44,18.0,0.0,0.6423880874914603,0.2094458408612735,0.1481660716472662,2026-03-16,0.6423880874914603,0.1481660716472662,25.201850034426414,4.684608655116069,20.517241379310345
2026-03-21:leeds:brentford,brentford,MID,0,Brentford,2026-03-21,5,359.0,0.0,0.0,0.26,0.07,17.0,1.0,0.4082813380838109,0.2723936943882457,0.3193249675279434,2026-03-21,0.3193249675279434,0.4082813380838109,19.415176555609822,-1.0181567777235117,20.433333333333334
2026-04-11:brentford:everton,brentford,MID,1,Brentford,2026-04-11,6,450.0,0.0,1.0,1.12,0.5700000000000001,15.0,0.0,0.4479607955648662,0.2773883479753046,0.2746508564598292,2026-04-11,0.4479607955648662,0.2746508564598292,21.719288317456652,1.39670767229536,20.322580645161292
2026-04-18:brentford:fulham,brentford,MID,1,Brentford,2026-04-18,5,450.0,0.0,0.0,0.6000000000000001,0.84,17.0,1.0,0.4944697301318163,0.2438264891352149,0.2617037807329687,2026-04-18,0.4944697301318163,0.2617037807329687,22.5523515845265,2.3961015845265017,20.15625
2026-04-27:man utd:brentford,brentford,MID,0,Brentford,2026-04-27,6,449.0,1.0,1.0,0.8,1.08,23.0,0.0,0.494300493366166,0.2450557443665498,0.2606437622672841,2026-04-27,0.2606437622672841,0.494300493366166,18.364084823984133,-1.6965212366219298,20.060606060606062
2026-05-02:brentford:west ham,brentford,MID,1,Brentford,2026-05-02,6,439.0,1.0,1.0,0.62,0.84,27.0,1.0,0.5230023679248957,0.2364026005344833,0.240595031540621,2026-05-02,0.5230023679248957,0.240595031540621,23.063425267020925,2.916366443491512,20.147058823529413
2026-05-09:man city:brentford,brentford,MID,0,Brentford,2026-05-09,7,388.0,0.0,0.0,0.01,0.25,14.0,0.0,0.7373811728514559,0.1529975676172439,0.1096212595313003,2026-05-09,0.1096212595313003,0.7373811728514559,15.658985240393427,-4.683871902463714,20.34285714285714
2026-05-17:brentford:crystal palace,brentford,MID,1,Brentford,2026-05-17,8,447.0,2.0,1.0,1.24,0.7,32.0,0.0,0.5669278279019505,0.2317315518662988,0.2013406202317507,2026-05-17,0.5669278279019505,0.2013406202317507,23.85021360213868,3.6835469354720125,20.166666666666668
2026-05-24:liverpool:brentford,brentford,MID,0,Brentford,2026-05-24,7,419.0,1.0,0.0,1.4700000000000002,0.72,14.0,0.0,0.5501754366976208,0.2217235790527349,0.2281009842496442,2026-05-24,0.2281009842496442,0.5501754366976208,17.781181920975712,-2.705304565510776,20.486486486486488
2025-08-16:brighton:fulham,brighton,DEF,1,Brighton,2025-08-16,4,291.0,0.0,0.0,0.09,0.22,6.0,0.0,0.5330647868807598,0.2539247710276091,0.2130104420916312,2025-08-16,0.5330647868807598,0.2130104420916312,18.369655100321484,2.530181416110958,15.839473684210526
2025-08-24:everton:brighton,brighton,DEF,0,Brighton,2025-08-24,4,269.0,0.0,0.0,0.01,0.03,2.0,0.0,0.3260358051255541,0.2794439794060955,0.3945202154683502,2025-08-24,0.3945202154683502,0.3260358051255541,16.652209535758942,10.652209535758942,6.0
2025-08-31:brighton:man city,brighton,DEF,1,Brighton,2025-08-31,5,361.0,0.0,1.0,0.38,0.37,10.0,0.0,0.2679593046984602,0.2541725404433013,0.4778681548582384,2025-08-31,0.2679593046984602,0.4778681548582384,14.345083165129696,10.345083165129696,4.0
2025-09-13:bournemouth:brighton,brighton,DEF,0,Brighton,2025-09-13,5,359.0,0.0,0.0,0.0,0.08,13.0,0.0,0.3972087303894446,0.2656928858229349,0.3370983837876205,2025-09-13,0.3370983837876205,0.3972087303894446,15.57072108458075,9.57072108458075,6.0
2025-09-20:brighton:spurs,brighton,DEF,1,Brighton,2025-09-20,5,369.0,0.0,0.0,0.1,0.01,9.0,0.0,0.4454390656542685,0.255257804191518,0.2993031301542134,2025-09-20,0.4454390656542685,0.2993031301542134,17.058418485909726,9.308418485909726,7.75
2025-09-27:chelsea:brighton,brighton,DEF,0,Brighton,2025-09-27,5,329.0,1.0,0.0,0.73,0.17,14.0,0.0,0.4916434655739344,0.2473029771218837,0.2610535573041818,2025-09-27,0.2610535573041818,0.4916434655739344,14.135764250736628,6.135764250736628,8.0
2025-10-05:wolves:brighton,brighton,DEF,0,Brighton,2025-10-05,4,290.0,1.0,0.0,0.3399999999999999,0.16,15.0,0.0,0.2697346091012072,0.2638681849406781,0.4663972059581145,2025-10-05,0.4663972059581145,0.2697346091012072,17.507718748877412,8.507718748877412,9.0
2025-10-18:brighton:newcastle,brighton,DEF,1,Brighton,2025-10-18,5,325.0,0.0,0.0,0.04,0.37,10.0,0.0,0.3317299990701763,0.2713214827918442,0.3969485181379794,2025-10-18,0.3317299990701763,0.3969485181379794,15.57467506769682,5.717532210553962,9.857142857142858
2025-10-25:man utd:brighton,brighton,DEF,0,Brighton,2025-10-25,4,328.0,0.0,0.0,0.38,0.29,1.0,0.0,0.488039148786358,0.2388185778777992,0.2731422733358427,2025-10-25,0.2731422733358427,0.488039148786358,14.190532647085362,4.315532647085362,9.875
2025-11-01:brighton:leeds,brighton,DEF,1,Brighton,2025-11-01,3,270.0,0.0,0.0,0.17,0.04,19.0,1.0,0.5047837284543718,0.2574665505246021,0.2377497210210261,2025-11-01,0.5047837284543718,0.2377497210210261,17.9937362470017,9.10484735811281,8.88888888888889
2025-11-09:crystal palace:brighton,brighton,DEF,0,Brighton,2025-11-09,5,290.0,0.0,0.0,0.06,0.06,18.0,1.0,0.4046089865508196,0.2763396010397786,0.3190514124094016,2025-11-09,0.3190514124094016,0.4046089865508196,15.458272544007023,5.558272544007023,9.9
2025-11-22:brighton:brentford,brighton,DEF,1,Brighton,2025-11-22,6,316.0,0.0,0.0,0.06,0.2799999999999999,7.0,0.0,0.461131385069479,0.2707216578503179,0.2681469570802032,2025-11-22,0.461131385069479,0.2681469570802032,17.531843474941983,6.895479838578346,10.636363636363637
2025-11-30:nottm forest:brighton,brighton,DEF,0,Brighton,2025-11-30,5,359.0,1.0,0.0,0.5700000000000001,0.32,35.0,1.0,0.3331130521278679,0.2850267765323044,0.3818601713398276,2025-11-30,0.3818601713398276,0.3331130521278679,16.544669191298475,6.211335857965141,10.333333333333334
2025-12-03:brighton:aston villa,brighton,DEF,1,Brighton,2025-12-03,5,348.0,2.0,0.0,1.09,0.13,14.0,0.0,0.4293643092809339,0.2735136240781763,0.2971220666408897,2025-12-03,0.4293643092809339,0.2971220666408897,17.09156023176603,4.860791000996802,12.23076923076923
2025-12-07:brighton:west ham,brighton,DEF,1,Brighton,2025-12-07,5,340.0,0.0,1.0,0.08,0.8,16.0,1.0,0.6140475919353147,0.2144275861817264,0.1715248218829589,2025-12-07,0.6140475919353147,0.1715248218829589,19.00003833916254,6.642895482019682,12.357142857142858
2025-12-13:liverpool:brighton,brighton,DEF,0,Brighton,2025-12-13,3,270.0,0.0,0.0,0.08,0.18,2.0,0.0,0.5623743780062638,0.230272849099195,0.2073527728945411,2025-12-13,0.2073527728945411,0.5623743780062638,13.060992282980097,0.4609922829800972,12.6
2025-12-20:brighton:sunderland,brighton,DEF,1,Brighton,2025-12-20,5,378.0,0.0,0.0,0.1,0.52,28.0,1.0,0.5333923133213674,0.2536482357799124,0.2129594508987202,2025-12-20,0.5333923133213674,0.2129594508987202,18.37042992285464,6.43292992285464,11.9375
2025-12-27:arsenal:brighton,brighton,DEF,0,Brighton,2025-12-27,5,401.0,0.0,0.0,0.0,0.29,5.0,0.0,0.7502956726091863,0.1605338313556118,0.0891704960352018,2025-12-27,0.0891704960352018,0.7502956726091863,10.205486357236923,-2.676866583939548,12.882352941176471
2025-12-30:west ham:brighton,brighton,DEF,0,Brighton,2025-12-30,5,417.0,1.0,1.0,0.8099999999999999,0.17,16.0,0.0,0.2811669754950288,0.2579520024466649,0.4608810220583063,2025-12-30,0.4608810220583063,0.2811669754950288,17.334001395281035,4.889556950836591,12.444444444444445
2026-01-03:brighton:burnley,brighton,DEF,1,Brighton,2026-01-03,5,380.0,0.0,0.0,0.46,0.58,28.0,1.0,0.6804914413165293,0.1998258738577727,0.119682684825698,2026-01-03,0.6804914413165293,0.119682684825698,19.787791158144536,7.156212210776115,12.631578947368421
2026-01-07:man city:brighton,brighton,DEF,0,Brighton,2026-01-07,4,360.0,0.0,0.0,0.22,0.03,9.0,0.0,0.6566096779730018,0.1939660059301562,0.1494243160968419,2026-01-07,0.1494243160968419,0.6566096779730018,11.629065911688372,-1.7709340883116287,13.4
2026-01-19:brighton:bournemouth,brighton,DEF,1,Brighton,2026-01-19,5,359.0,0.0,1.0,0.35,0.19,13.0,0.0,0.4958775145269685,0.2429275172225967,0.2611949682504348,2026-01-19,0.4958775145269685,0.2611949682504348,17.63748049357284,4.4470043030966515,13.19047619047619
2026-01-24:fulham:brighton,brighton,DEF,0,Brighton,2026-01-24,5,359.0,0.0,1.0,0.5700000000000001,0.2,11.0,0.0,0.3713216196246421,0.2848674965629663,0.3438108838123916,2026-01-24,0.3438108838123916,0.3713216196246421,15.964081498287232,2.7822633164690505,13.181818181818182
2026-01-31:brighton:everton,brighton,DEF,1,Brighton,2026-01-31,5,359.0,0.0,0.0,0.0,0.46,15.0,1.0,0.5093051449404958,0.2674111919205704,0.2232836631389337,2026-01-31,0.5093051449404958,0.2232836631389337,18.213551218432915,5.126594696693784,13.08695652173913
2026-02-08:brighton:crystal palace,brighton,DEF,1,Brighton,2026-02-08,4,340.0,0.0,0.0,0.5,0.1,12.0,0.0,0.4403473885300152,0.2853780520251562,0.2742745594448287,2026-02-08,0.4403473885300152,0.2742745594448287,17.43873319225817,4.272066525591503,13.166666666666666
2026-02-11:aston villa:brighton,brighton,DEF,0,Brighton,2026-02-11,5,359.0,0.0,0.0,0.03,0.05,11.0,1.0,0.4704083999081675,0.2502474441732764,0.2793441559185561,2026-02-11,0.2793441559185561,0.4704083999081675,14.458435803049358,1.338435803049359,13.12
2026-02-21:brentford:brighton,brighton,DEF,0,Brighton,2026-02-21,5,309.0,0.0,1.0,0.07,0.04,25.0,1.0,0.427379147123009,0.2737338053848202,0.2988870474921709,2026-02-21,0.2988870474921709,0.427379147123009,15.112274882691427,2.0738133442298885,13.038461538461538
2026-03-01:brighton:nottm forest,brighton,DEF,1,Brighton,2026-03-01,5,290.0,0.0,0.0,0.03,0.13,9.0,0.0,0.4618367101726698,0.2729977727738915,0.2651655170534386,2026-03-01,0.4618367101726698,0.2651655170534386,17.577147120181674,4.0956656387001935,13.481481481481481
2026-03-04:brighton:arsenal,brighton,DEF,1,Brighton,2026-03-04,4,283.0,0.0,0.0,0.0,0.27,5.0,0.0,0.1753273698910725,0.2383037418732946,0.5863688882356328,2026-03-04,0.1753273698910725,0.5863688882356328,12.696390355933756,-0.6250382154948149,13.321428571428571
2026-03-14:sunderland:brighton,brighton,DEF,0,Brighton,2026-03-14,5,285.0,0.0,0.0,0.26,0.05,30.0,1.0,0.2520052760778218,0.2666747791773395,0.4813199447448386,2026-03-14,0.4813199447448386,0.2520052760778218,17.777119912884526,4.742637154263836,13.03448275862069
2026-03-21:brighton:liverpool,brighton,DEF,1,Brighton,2026-03-21,4,271.0,0.0,0.0,0.07,0.07,8.0,0.0,0.3068299189160284,0.2538098235777477,0.4393602575062239,2026-03-21,0.3068299189160284,0.4393602575062239,14.930219241958731,1.3302192419587318,13.6
2026-04-11:burnley:brighton,brighton,DEF,0,Brighton,2026-04-11,4,272.0,0.0,0.0,0.02,0.16,22.0,1.0,0.1644249426173784,0.2186549636308397,0.6169200937517817,2026-04-11,0.6169200937517817,0.1644249426173784,19.107922585904053,5.688567747194375,13.419354838709678
2026-04-18:spurs:brighton,brighton,DEF,0,Brighton,2026-04-18,4,285.0,0.0,1.0,0.2,0.12,9.0,0.0,0.3209769797903036,0.2436295385201989,0.4353934816894975,2026-04-18,0.4353934816894975,0.3209769797903036,16.729079513440986,3.041579513440986,13.6875
2026-04-21:brighton:chelsea,brighton,DEF,1,Brighton,2026-04-21,5,328.0,1.0,1.0,0.39,0.23,32.0,1.0,0.4203115443490167,0.2689343189858536,0.3107541366651297,2026-04-21,0.4203115443490167,0.3107541366651297,16.88441789158253,3.3389633461279846,13.545454545454545
2026-05-02:newcastle:brighton,brighton,DEF,0,Brighton,2026-05-02,6,343.0,0.0,0.0,0.0,0.25,7.0,0.0,0.3564706101575721,0.2556037374774693,0.3879256523649586,2026-05-02,0.3879256523649586,0.3564706101575721,16.189745894789464,2.1015106006718174,14.088235294117647
2026-05-09:brighton:wolves,brighton,DEF,1,Brighton,2026-05-09,5,389.0,1.0,2.0,0.3,1.21,42.0,1.0,0.7805911051576281,0.143472616998918,0.075936277843454,2026-05-09,0.7805911051576281,0.075936277843454,20.452527555537507,6.566813269823221,13.885714285714286
2026-05-17:leeds:brighton,brighton,DEF,0,Brighton,2026-05-17,5,424.0,0.0,0.0,1.43,1.3,14.0,1.0,0.2663696188241213,0.2620572446494774,0.4715731365264013,2026-05-17,0.4715731365264013,0.2663696188241213,17.558850525595908,2.8921838589292417,14.666666666666666
2026-05-24:brighton:man utd,brighton,DEF,1,Brighton,2026-05-24,4,315.0,0.0,0.0,0.07,0.2699999999999999,3.0,0.0,0.5183360509366167,0.2195517369872899,0.2621122120760933,2026-05-24,0.5183360509366167,0.2621122120760933,17.62354276935136,2.974894120702711,14.64864864864865
2025-08-16:brighton:fulham,brighton,FWD,1,Brighton,2025-08-16,1,21.0,0.0,0.0,0.0,0.0,1.0,0.0,0.5330647868807598,0.2539247710276091,0.2130104420916312,2025-08-16,0.5330647868807598,0.2130104420916312,5.659090909090909,0.0,5.659090909090909
2025-08-24:everton:brighton,brighton,FWD,0,Brighton,2025-08-24,1,90.0,0.0,0.0,1.56,0.1,0.0,0.0,0.3260358051255541,0.2794439794060955,0.3945202154683502,2025-08-24,0.3945202154683502,0.3260358051255541,1.0,0.0,1.0
2025-08-31:brighton:man city,brighton,FWD,1,Brighton,2025-08-31,1,60.0,0.0,0.0,0.0,0.17,2.0,0.0,0.2679593046984602,0.2541725404433013,0.4778681548582384,2025-08-31,0.2679593046984602,0.4778681548582384,0.5,0.0,0.5
2025-09-13:bournemouth:brighton,brighton,FWD,0,Brighton,2025-09-13,2,89.0,0.0,0.0,0.09,0.02,3.0,0.0,0.3972087303894446,0.2656928858229349,0.3370983837876205,2025-09-13,0.3370983837876205,0.3972087303894446,1.0,0.0,1.0
2025-09-20:brighton:spurs,brighton,FWD,1,Brighton,2025-09-20,1,15.0,0.0,0.0,0.04,0.06,1.0,0.0,0.4454390656542685,0.255257804191518,0.2993031301542134,2025-09-20,0.4454390656542685,0.2993031301542134,1.5,0.0,1.5
2025-09-27:chelsea:brighton,brighton,FWD,0,Brighton,2025-09-27,2,28.0,2.0,0.0,1.03,0.0,12.0,0.0,0.4916434655739344,0.2473029771218837,0.2610535573041818,2025-09-27,0.2610535573041818,0.4916434655739344,1.4,0.0,1.4
2025-10-05:wolves:brighton,brighton,FWD,0,Brighton,2025-10-05,2,110.0,0.0,1.0,0.05,0.02,5.0,0.0,0.2697346091012072,0.2638681849406781,0.4663972059581145,2025-10-05,0.4663972059581145,0.2697346091012072,3.1666666666666665,0.0,3.1666666666666665
2025-10-18:brighton:newcastle,brighton,FWD,1,Brighton,2025-10-18,3,109.0,2.0,0.0,0.58,0.07,15.0,0.0,0.3317299990701763,0.2713214827918442,0.3969485181379794,2025-10-18,0.3317299990701763,0.3969485181379794,3.4285714285714284,0.0,3.4285714285714284
2025-10-25:man utd:brighton,brighton,FWD,0,Brighton,2025-10-25,3,104.0,2.0,0.0,0.5,0.09,12.0,0.0,0.488039148786358,0.2388185778777992,0.2731422733358427,2025-10-25,0.2731422733358427,0.488039148786358,4.875,0.0,4.875
2025-11-01:brighton:leeds,brighton,FWD,1,Brighton,2025-11-01,3,92.0,1.0,0.0,0.92,0.08,8.0,1.0,0.5047837284543718,0.2574665505246021,0.2377497210210261,2025-11-01,0.5047837284543718,0.2377497210210261,5.666666666666667,0.0,5.666666666666667
2025-11-09:crystal palace:brighton,brighton,FWD,0,Brighton,2025-11-09,3,104.0,0.0,0.0,0.0,0.04,4.0,1.0,0.4046089865508196,0.2763396010397786,0.3190514124094016,2025-11-09,0.3190514124094016,0.4046089865508196,5.9,0.0,5.9
2025-11-22:brighton:brentford,brighton,FWD,1,Brighton,2025-11-22,1,90.0,1.0,0.0,0.74,0.02,8.0,0.0,0.461131385069479,0.2707216578503179,0.2681469570802032,2025-11-22,0.461131385069479,0.2681469570802032,5.7272727272727275,0.0,5.7272727272727275
2025-11-30:nottm forest:brighton,brighton,FWD,0,Brighton,2025-11-30,2,89.0,1.0,0.0,0.16,0.01,7.0,1.0,0.3331130521278679,0.2850267765323044,0.3818601713398276,2025-11-30,0.3818601713398276,0.3331130521278679,5.916666666666667,0.0,5.916666666666667
2025-12-03:brighton:aston villa,brighton,FWD,1,Brighton,2025-12-03,3,59.0,0.0,0.0,0.5800000000000001,0.02,3.0,0.0,0.4293643092809339,0.2735136240781763,0.2971220666408897,2025-12-03,0.4293643092809339,0.2971220666408897,6.0,0.0,6.0
2025-12-07:brighton:west ham,brighton,FWD,1,Brighton,2025-12-07,2,108.0,0.0,0.0,0.32,0.02,3.0,0.0,0.6140475919353147,0.2144275861817264,0.1715248218829589,2025-12-07,0.6140475919353147,0.1715248218829589,5.785714285714286,0.0,5.785714285714286
2025-12-13:liverpool:brighton,brighton,FWD,0,Brighton,2025-12-13,2,16.0,0.0,0.0,0.05,0.01,2.0,0.0,0.5623743780062638,0.230272849099195,0.2073527728945411,2025-12-13,0.2073527728945411,0.5623743780062638,5.6,0.0,5.6
2025-12-20:brighton:sunderland,brighton,FWD,1,Brighton,2025-12-20,1,19.0,0.0,0.0,0.05,0.14,1.0,0.0,0.5333923133213674,0.2536482357799124,0.2129594508987202,2025-12-20,0.5333923133213674,0.2129594508987202,5.375,0.0,5.375
2025-12-27:arsenal:brighton,brighton,FWD,0,Brighton,2025-12-27,2,18.0,0.0,0.0,0.0,0.0,2.0,0.0,0.7502956726091863,0.1605338313556118,0.0891704960352018,2025-12-27,0.0891704960352018,0.7502956726091863,5.117647058823529,0.0,5.117647058823529
2025-12-30:west ham:brighton,brighton,FWD,0,Brighton,2025-12-30,2,89.0,1.0,0.0,1.6,0.04,3.0,0.0,0.2811669754950288,0.2579520024466649,0.4608810220583063,2025-12-30,0.4608810220583063,0.2811669754950288,4.944444444444445,0.0,4.944444444444445
2026-01-03:brighton:burnley,brighton,FWD,1,Brighton,2026-01-03,2,89.0,0.0,1.0,0.61,0.03,6.0,1.0,0.6804914413165293,0.1998258738577727,0.119682684825698,2026-01-03,0.6804914413165293,0.119682684825698,4.842105263157895,0.0,4.842105263157895
2026-01-07:man city:brighton,brighton,FWD,0,Brighton,2026-01-07,1,13.0,0.0,0.0,0.0,0.01,1.0,0.0,0.6566096779730018,0.1939660059301562,0.1494243160968419,2026-01-07,0.1494243160968419,0.6566096779730018,4.9,0.0,4.9
2026-01-19:brighton:bournemouth,brighton,FWD,1,Brighton,2026-01-19,2,89.0,1.0,0.0,0.08,0.06,9.0,0.0,0.4958775145269685,0.2429275172225967,0.2611949682504348,2026-01-19,0.4958775145269685,0.2611949682504348,4.714285714285714,0.0,4.714285714285714
2026-01-24:fulham:brighton,brighton,FWD,0,Brighton,2026-01-24,2,89.0,0.0,0.0,0.61,0.01,2.0,0.0,0.3713216196246421,0.2848674965629663,0.3438108838123916,2026-01-24,0.3438108838123916,0.3713216196246421,4.909090909090909,0.0,4.909090909090909
2026-01-31:brighton:everton,brighton,FWD,1,Brighton,2026-01-31,2,89.0,0.0,0.0,0.55,0.04,3.0,1.0,0.5093051449404958,0.2674111919205704,0.2232836631389337,2026-01-31,0.5093051449404958,0.2232836631389337,4.782608695652174,0.0,4.782608695652174
2026-02-08:brighton:crystal palace,brighton,FWD,1,Brighton,2026-02-08,2,100.0,0.0,0.0,0.33,0.01,3.0,0.0,0.4403473885300152,0.2853780520251562,0.2742745594448287,2026-02-08,0.4403473885300152,0.2742745594448287,4.708333333333333,0.0,4.708333333333333
2026-02-11:aston villa:brighton,brighton,FWD,0,Brighton,2026-02-11,2,89.0,0.0,0.0,0.05,0.02,3.0,1.0,0.4704083999081675,0.2502474441732764,0.2793441559185561,2026-02-11,0.2793441559185561,0.4704083999081675,4.64,0.0,4.64
2026-02-21:brentford:brighton,brighton,FWD,0,Brighton,2026-02-21,1,90.0,1.0,0.0,0.36,0.02,9.0,1.0,0.427379147123009,0.2737338053848202,0.2988870474921709,2026-02-21,0.2988870474921709,0.427379147123009,4.576923076923077,0.0,4.576923076923077
2026-03-01:brighton:nottm forest,brighton,FWD,1,Brighton,2026-03-01,1,90.0,1.0,0.0,0.38,0.28,9.0,0.0,0.4618367101726698,0.2729977727738915,0.2651655170534386,2026-03-01,0.4618367101726698,0.2651655170534386,4.7407407407407405,0.0,4.7407407407407405
2026-03-04:brighton:arsenal,brighton,FWD,1,Brighton,2026-03-04,1,21.0,0.0,0.0,0.0,0.0,1.0,0.0,0.1753273698910725,0.2383037418732946,0.5863688882356328,2026-03-04,0.1753273698910725,0.5863688882356328,4.892857142857143,0.0,4.892857142857143
2026-03-14:sunderland:brighton,brighton,FWD,0,Brighton,2026-03-14,1,90.0,0.0,0.0,0.11,0.1,2.0,1.0,0.2520052760778218,0.2666747791773395,0.4813199447448386,2026-03-14,0.4813199447448386,0.2520052760778218,4.758620689655173,0.0,4.758620689655173
2026-03-21:brighton:liverpool,brighton,FWD,1,Brighton,2026-03-21,1,82.0,2.0,0.0,1.07,0.13,12.0,0.0,0.3068299189160284,0.2538098235777477,0.4393602575062239,2026-03-21,0.3068299189160284,0.4393602575062239,4.666666666666667,0.0,4.666666666666667
2026-04-11:burnley:brighton,brighton,FWD,0,Brighton,2026-04-11,1,74.0,0.0,0.0,1.06,0.03,2.0,1.0,0.1644249426173784,0.2186549636308397,0.6169200937517817,2026-04-11,0.6169200937517817,0.1644249426173784,4.903225806451613,0.0,4.903225806451613
2026-04-18:spurs:brighton,brighton,FWD,0,Brighton,2026-04-18,2,82.0,0.0,0.0,0.31,0.06,3.0,0.0,0.3209769797903036,0.2436295385201989,0.4353934816894975,2026-04-18,0.4353934816894975,0.3209769797903036,4.8125,0.0,4.8125
2026-04-21:brighton:chelsea,brighton,FWD,1,Brighton,2026-04-21,1,7.0,1.0,0.0,0.24,0.0,6.0,0.0,0.4203115443490167,0.2689343189858536,0.3107541366651297,2026-04-21,0.4203115443490167,0.3107541366651297,4.757575757575758,0.0,4.757575757575758
2026-05-02:newcastle:brighton,brighton,FWD,0,Brighton,2026-05-02,2,90.0,0.0,1.0,0.2,0.05,6.0,0.0,0.3564706101575721,0.2556037374774693,0.3879256523649586,2026-05-02,0.3879256523649586,0.3564706101575721,4.794117647058823,0.0,4.794117647058823
2026-05-09:brighton:wolves,brighton,FWD,1,Brighton,2026-05-09,2,77.0,0.0,0.0,0.26,0.01,3.0,1.0,0.7805911051576281,0.143472616998918,0.075936277843454,2026-05-09,0.7805911051576281,0.075936277843454,4.828571428571428,0.0,4.828571428571428
2026-05-17:leeds:brighton,brighton,FWD,0,Brighton,2026-05-17,2,72.0,0.0,0.0,0.24,0.19,3.0,1.0,0.2663696188241213,0.2620572446494774,0.4715731365264013,2026-05-17,0.4715731365264013,0.2663696188241213,4.777777777777778,0.0,4.777777777777778
2026-05-24:brighton:man utd,brighton,FWD,1,Brighton,2026-05-24,2,89.0,0.0,0.0,0.19,0.09,2.0,0.0,0.5183360509366167,0.2195517369872899,0.2621122120760933,2026-05-24,0.5183360509366167,0.2621122120760933,4.72972972972973,0.0,4.72972972972973
2025-08-16:brighton:fulham,brighton,GKP,1,Brighton,2025-08-16,1,90.0,0.0,0.0,0.0,0.0,2.0,0.0,0.5330647868807598,0.2539247710276091,0.2130104420916312,2025-08-16,0.5330647868807598,0.2130104420916312,3.801422904428283,0.42773869390196717,3.373684210526316
2025-08-24:everton:brighton,brighton,GKP,0,Brighton,2025-08-24,1,90.0,0.0,0.0,0.0,0.0,1.0,0.0,0.3260358051255541,0.2794439794060955,0.3945202154683502,2025-08-24,0.3945202154683502,0.3260358051255541,3.5110809084132826,1.5110809084132826,2.0
2025-08-31:brighton:man city,brighton,GKP,1,Brighton,2025-08-31,1,90.0,0.0,0.0,0.0,0.0,2.0,0.0,0.2679593046984602,0.2541725404433013,0.4778681548582384,2025-08-31,0.2679593046984602,0.4778681548582384,3.1210506860126324,1.6210506860126324,1.5
2025-09-13:bournemouth:brighton,brighton,GKP,0,Brighton,2025-09-13,1,90.0,0.0,0.0,0.0,0.01,2.0,0.0,0.3972087303894446,0.2656928858229349,0.3370983837876205,2025-09-13,0.3370983837876205,0.3972087303894446,3.328250359334292,1.661583692667625,1.6666666666666667
2025-09-20:brighton:spurs,brighton,GKP,1,Brighton,2025-09-20,1,90.0,0.0,0.0,0.0,0.0,1.0,0.0,0.4454390656542685,0.255257804191518,0.2993031301542134,2025-09-20,0.4454390656542685,0.2993031301542134,3.579752381803461,1.829752381803461,1.75
2025-09-27:chelsea:brighton,brighton,GKP,0,Brighton,2025-09-27,1,90.0,0.0,0.0,0.0,0.0,2.0,0.0,0.4916434655739344,0.2473029771218837,0.2610535573041818,2025-09-27,0.2610535573041818,0.4916434655739344,3.085664370042813,1.4856643700428127,1.6
2025-10-05:wolves:brighton,brighton,GKP,0,Brighton,2025-10-05,1,90.0,0.0,0.0,0.0,0.0,1.0,0.0,0.2697346091012072,0.2638681849406781,0.4663972059581145,2025-10-05,0.4663972059581145,0.2697346091012072,3.655708637915328,1.9890419712486611,1.6666666666666667
2025-10-18:brighton:newcastle,brighton,GKP,1,Brighton,2025-10-18,1,90.0,0.0,0.0,0.0,0.0,2.0,0.0,0.3317299990701763,0.2713214827918442,0.3969485181379794,2025-10-18,0.3317299990701763,0.3969485181379794,3.328918798191288,1.7574902267627166,1.5714285714285714
2025-10-25:man utd:brighton,brighton,GKP,0,Brighton,2025-10-25,1,90.0,0.0,0.0,0.0,0.0,1.0,0.0,0.488039148786358,0.2388185778777992,0.2731422733358427,2025-10-25,0.2731422733358427,0.488039148786358,3.0949232169271284,1.4699232169271284,1.625
2025-11-01:brighton:leeds,brighton,GKP,1,Brighton,2025-11-01,1,90.0,0.0,0.0,0.0,0.0,6.0,1.0,0.5047837284543718,0.2574665505246021,0.2377497210210261,2025-11-01,0.5047837284543718,0.2377497210210261,3.7378721098851453,2.1823165543295895,1.5555555555555556
2025-11-09:crystal palace:brighton,brighton,GKP,0,Brighton,2025-11-09,1,90.0,0.0,0.0,0.0,0.0,6.0,1.0,0.4046089865508196,0.2763396010397786,0.3190514124094016,2025-11-09,0.3190514124094016,0.4046089865508196,3.3092404213235547,1.3092404213235547,2.0
2025-11-22:brighton:brentford,brighton,GKP,1,Brighton,2025-11-22,1,90.0,0.0,0.0,0.0,0.0,7.0,0.0,0.461131385069479,0.2707216578503179,0.2681469570802032,2025-11-22,0.461131385069479,0.2681469570802032,3.659787032749744,1.2961506691133802,2.3636363636363638
2025-11-30:nottm forest:brighton,brighton,GKP,0,Brighton,2025-11-30,1,90.0,0.0,0.0,0.0,0.0,7.0,1.0,0.3331130521278679,0.2850267765323044,0.3818601713398276,2025-11-30,0.3818601713398276,0.3331130521278679,3.4929007233133573,0.7429007233133573,2.75
2025-12-03:brighton:aston villa,brighton,GKP,1,Brighton,2025-12-03,1,90.0,0.0,0.0,0.0,0.0,1.0,0.0,0.4293643092809339,0.2735136240781763,0.2971220666408897,2025-12-03,0.4293643092809339,0.2971220666408897,3.585355144908091,0.5084320679850141,3.076923076923077
2025-12-07:brighton:west ham,brighton,GKP,1,Brighton,2025-12-07,1,90.0,0.0,0.0,0.0,0.0,3.0,0.0,0.6140475919353147,0.2144275861817264,0.1715248218829589,2025-12-07,0.6140475919353147,0.1715248218829589,3.9079920624825775,0.9794206339111491,2.9285714285714284
2025-12-13:liverpool:brighton,brighton,GKP,0,Brighton,2025-12-13,1,90.0,0.0,0.0,0.0,0.0,1.0,0.0,0.5623743780062638,0.230272849099195,0.2073527728945411,2025-12-13,0.2073527728945411,0.5623743780062638,2.9039692730812474,-0.02936406025208571,2.933333333333333
2025-12-20:brighton:sunderland,brighton,GKP,1,Brighton,2025-12-20,1,90.0,0.0,0.0,0.0,0.0,11.0,1.0,0.5333923133213674,0.2536482357799124,0.2129594508987202,2025-12-20,0.5333923133213674,0.2129594508987202,3.8015538917069924,0.9890538917069924,2.8125
2025-12-27:arsenal:brighton,brighton,GKP,0,Brighton,2025-12-27,1,90.0,0.0,0.0,0.0,0.0,1.0,0.0,0.7502956726091863,0.1605338313556118,0.0891704960352018,2025-12-27,0.0891704960352018,0.7502956726091863,2.4212329889043973,-0.8728846581544261,3.2941176470588234
2025-12-30:west ham:brighton,brighton,GKP,0,Brighton,2025-12-30,1,90.0,0.0,0.0,0.0,0.0,1.0,0.0,0.2811669754950288,0.2579520024466649,0.4608810220583063,2025-12-30,0.4608810220583063,0.2811669754950288,3.6263409279707846,0.45967426130411804,3.1666666666666665
2026-01-03:brighton:burnley,brighton,GKP,1,Brighton,2026-01-03,1,90.0,0.0,0.0,0.0,0.0,7.0,1.0,0.6804914413165293,0.1998258738577727,0.119682684825698,2026-01-03,0.6804914413165293,0.119682684825698,4.041165264911228,0.9885336859638598,3.0526315789473686
2026-01-07:man city:brighton,brighton,GKP,0,Brighton,2026-01-07,1,90.0,0.0,0.0,0.0,0.0,3.0,0.0,0.6566096779730018,0.1939660059301562,0.1494243160968419,2026-01-07,0.1494243160968419,0.6566096779730018,2.6618955972886456,-0.5881044027113544,3.25
2026-01-19:brighton:bournemouth,brighton,GKP,1,Brighton,2026-01-19,1,90.0,0.0,0.0,0.0,0.0,2.0,0.0,0.4958775145269685,0.2429275172225967,0.2611949682504348,2026-01-19,0.4958775145269685,0.2611949682504348,3.6776454519481243,0.4395502138528862,3.238095238095238
2026-01-24:fulham:brighton,brighton,GKP,0,Brighton,2026-01-24,1,90.0,0.0,0.0,0.0,0.0,1.0,0.0,0.3713216196246421,0.2848674965629663,0.3438108838123916,2026-01-24,0.3438108838123916,0.3713216196246421,3.3947497291107753,0.21293154729259367,3.1818181818181817
2026-01-31:brighton:everton,brighton,GKP,1,Brighton,2026-01-31,1,90.0,0.0,0.0,0.0,0.03,3.0,0.0,0.5093051449404958,0.2674111919205704,0.2232836631389337,2026-01-31,0.5093051449404958,0.2232836631389337,3.7750328321090114,0.688076310369881,3.0869565217391304
2026-02-08:brighton:crystal palace,brighton,GKP,1,Brighton,2026-02-08,1,90.0,0.0,0.0,0.0,0.0,3.0,0.0,0.4403473885300152,0.2853780520251562,0.2742745594448287,2026-02-08,0.4403473885300152,0.2742745594448287,3.644046315325128,0.5607129819917946,3.0833333333333335
2026-02-11:aston villa:brighton,brighton,GKP,0,Brighton,2026-02-11,1,90.0,0.0,0.0,0.0,0.0,2.0,0.0,0.4704083999081675,0.2502474441732764,0.2793441559185561,2026-02-11,0.2793441559185561,0.4704083999081675,3.1402134657980536,0.060213465798053534,3.08
2026-02-21:brentford:brighton,brighton,GKP,0,Brighton,2026-02-21,1,90.0,0.0,0.0,0.0,0.01,7.0,1.0,0.427379147123009,0.2737338053848202,0.2988870474921709,2026-02-21,0.2988870474921709,0.427379147123009,3.250747940586047,0.21228640212450856,3.0384615384615383
2026-03-01:brighton:nottm forest,brighton,GKP,1,Brighton,2026-03-01,1,90.0,0.0,0.0,0.0,0.0,3.0,0.0,0.4618367101726698,0.2729977727738915,0.2651655170534386,2026-03-01,0.4618367101726698,0.2651655170534386,3.6674458203451445,0.4822606351599594,3.185185185185185
2026-03-04:brighton:arsenal,brighton,GKP,1,Brighton,2026-03-04,1,90.0,0.0,0.0,0.0,0.0,2.0,0.0,0.1753273698910725,0.2383037418732946,0.5863688882356328,2026-03-04,0.1753273698910725,0.5863688882356328,2.842331656475615,-0.33623977209581346,3.1785714285714284
2026-03-14:sunderland:brighton,brighton,GKP,0,Brighton,2026-03-14,1,90.0,0.0,0.0,0.0,0.0,7.0,1.0,0.2520052760778218,0.2666747791773395,0.4813199447448386,2026-03-14,0.4813199447448386,0.2520052760778218,3.7012521318696843,0.5633210973869258,3.1379310344827585
2026-03-21:brighton:liverpool,brighton,GKP,1,Brighton,2026-03-21,1,90.0,0.0,0.0,0.0,0.0,3.0,0.0,0.3068299189160284,0.2538098235777477,0.4393602575062239,2026-03-21,0.3068299189160284,0.4393602575062239,3.2199706052184567,-0.046696061448209925,3.2666666666666666
2026-04-11:burnley:brighton,brighton,GKP,0,Brighton,2026-04-11,1,90.0,0.0,0.0,0.0,0.0,9.0,1.0,0.1644249426173784,0.2186549636308397,0.6169200937517817,2026-04-11,0.6169200937517817,0.1644249426173784,3.9262303858296606,0.6681658697006281,3.2580645161290325
2026-04-18:spurs:brighton,brighton,GKP,0,Brighton,2026-04-18,1,90.0,0.0,0.0,0.0,0.0,2.0,0.0,0.3209769797903036,0.2436295385201989,0.4353934816894975,2026-04-18,0.4353934816894975,0.3209769797903036,3.5240761282993454,0.08657612829934536,3.4375
2026-04-21:brighton:chelsea,brighton,GKP,1,Brighton,2026-04-21,1,90.0,0.0,0.0,0.0,0.01,6.0,1.0,0.4203115443490167,0.2689343189858536,0.3107541366651297,2026-04-21,0.4203115443490167,0.3107541366651297,3.550336788723151,0.15639739478375692,3.393939393939394
2026-05-02:newcastle:brighton,brighton,GKP,0,Brighton,2026-05-02,1,90.0,0.0,0.0,0.0,0.0,2.0,0.0,0.3564706101575721,0.2556037374774693,0.3879256523649586,2026-05-02,0.3879256523649586,0.3564706101575721,3.4328993232882574,-0.03768891200586033,3.4705882352941178
2026-05-09:brighton:wolves,brighton,GKP,1,Brighton,2026-05-09,1,90.0,0.0,0.0,0.0,0.0,6.0,1.0,0.7805911051576281,0.143472616998918,0.075936277843454,2026-05-09,0.7805911051576281,0.075936277843454,4.153541980904586,0.7249705523331573,3.4285714285714284
2026-05-17:leeds:brighton,brighton,GKP,0,Brighton,2026-05-17,1,90.0,0.0,0.0,0.0,0.0,2.0,0.0,0.2663696188241213,0.2620572446494774,0.4715731365264013,2026-05-17,0.4715731365264013,0.2663696188241213,3.6643526976855845,0.16435269768558447,3.5
2026-05-24:brighton:man utd,brighton,GKP,1,Brighton,2026-05-24,1,90.0,0.0,0.0,0.0,0.0,2.0,0.0,0.5183360509366167,0.2195517369872899,0.2621122120760933,2026-05-24,0.5183360509366167,0.2621122120760933,3.6752892161792183,0.21582975671975868,3.4594594594594597
2025-08-16:brighton:fulham,brighton,MID,1,Brighton,2025-08-16,10,583.0,1.0,1.0,1.4,0.38,33.0,1.0,0.5330647868807598,0.2539247710276091,0.2130104420916312,2025-08-16,0.5330647868807598,0.2130104420916312,23.24366228358665,2.750241230955073,20.49342105263158
2025-08-24:everton:brighton,brighton,MID,0,Brighton,2025-08-24,9,538.0,0.0,0.0,0.86,0.73,15.0,0.0,0.3260358051255541,0.2794439794060955,0.3945202154683502,2025-08-24,0.3945202154683502,0.3260358051255541,20.762066126412357,-12.237933873587643,33.0
2025-08-31:brighton:man city,brighton,MID,1,Brighton,2025-08-31,9,476.0,2.0,1.0,1.92,0.15,30.0,0.0,0.2679593046984602,0.2541725404433013,0.4778681548582384,2025-08-31,0.2679593046984602,0.4778681548582384,18.495120069896526,-5.504879930103474,24.0
2025-09-13:bournemouth:brighton,brighton,MID,0,Brighton,2025-09-13,8,447.0,1.0,1.0,0.53,0.29,19.0,0.0,0.3972087303894446,0.2656928858229349,0.3370983837876205,2025-09-13,0.3370983837876205,0.3972087303894446,19.7335321652178,-6.266467834782201,26.0
2025-09-20:brighton:spurs,brighton,MID,1,Brighton,2025-09-20,9,513.0,2.0,1.0,1.18,0.22,29.0,0.0,0.4454390656542685,0.255257804191518,0.2993031301542134,2025-09-20,0.4454390656542685,0.2993031301542134,21.67411934986901,-2.5758806501309905,24.25
2025-09-27:chelsea:brighton,brighton,MID,0,Brighton,2025-09-27,8,538.0,0.0,3.0,0.52,1.48,22.0,0.0,0.4916434655739344,0.2473029771218837,0.2610535573041818,2025-09-27,0.2610535573041818,0.4916434655739344,18.371425030665833,-6.828574969334166,25.2
2025-10-05:wolves:brighton,brighton,MID,0,Brighton,2025-10-05,8,497.0,0.0,0.0,0.79,0.52,11.0,0.0,0.2697346091012072,0.2638681849406781,0.4663972059581145,2025-10-05,0.4663972059581145,0.2697346091012072,22.049519410003633,-2.617147256663035,24.666666666666668
2025-10-18:brighton:newcastle,brighton,MID,1,Brighton,2025-10-18,7,463.0,0.0,2.0,0.3,0.7100000000000001,23.0,1.0,0.3317299990701763,0.2713214827918442,0.3969485181379794,2025-10-18,0.3317299990701763,0.3969485181379794,19.63737420861778,-3.076911505667937,22.714285714285715
2025-10-25:man utd:brighton,brighton,MID,0,Brighton,2025-10-25,8,463.0,0.0,2.0,0.24,0.41,18.0,0.0,0.488039148786358,0.2388185778777992,0.2731422733358427,2025-10-25,0.2731422733358427,0.488039148786358,18.587956872682515,-4.162043127317485,22.75
2025-11-01:brighton:leeds,brighton,MID,1,Brighton,2025-11-01,9,538.0,2.0,3.0,1.98,1.0,47.0,1.0,0.5047837284543718,0.2574665505246021,0.2377497210210261,2025-11-01,0.5047837284543718,0.2377497210210261,22.737094864912176,0.514872642689955,22.22222222222222
2025-11-09:crystal palace:brighton,brighton,MID,0,Brighton,2025-11-09,6,502.0,0.0,0.0,0.32,0.49,16.0,1.0,0.4046089865508196,0.2763396010397786,0.3190514124094016,2025-11-09,0.3190514124094016,0.4046089865508196,19.41027666437606,-5.28972333562394,24.7
2025-11-22:brighton:brentford,brighton,MID,1,Brighton,2025-11-22,8,491.0,1.0,2.0,0.42,0.36,30.0,0.0,0.461131385069479,0.2707216578503179,0.2681469570802032,2025-11-22,0.461131385069479,0.2681469570802032,21.955198566188635,-1.9538923429022752,23.90909090909091
2025-11-30:nottm forest:brighton,brighton,MID,0,Brighton,2025-11-30,8,447.0,0.0,1.0,0.7999999999999999,0.48,20.0,1.0,0.3331130521278679,0.2850267765323044,0.3818601713398276,2025-11-30,0.3818601713398276,0.3331130521278679,20.535300714107038,-3.88136595255963,24.416666666666668
2025-12-03:brighton:aston villa,brighton,MID,1,Brighton,2025-12-03,6,489.0,0.0,3.0,0.54,0.45,25.0,0.0,0.4293643092809339,0.2735136240781763,0.2971220666408897,2025-12-03,0.4293643092809339,0.2971220666408897,21.386189961969464,-2.6907331149536127,24.076923076923077
2025-12-07:brighton:west ham,brighton,MID,1,Brighton,2025-12-07,7,448.0,1.0,0.0,1.47,0.5,18.0,1.0,0.6140475919353147,0.2144275861817264,0.1715248218829589,2025-12-07,0.6140475919353147,0.1715248218829589,24.69421798397823,0.5513608411210882,24.142857142857142
2025-12-13:liverpool:brighton,brighton,MID,0,Brighton,2025-12-13,10,609.0,0.0,0.0,1.78,0.94,16.0,0.0,0.5623743780062638,0.230272849099195,0.2073527728945411,2025-12-13,0.2073527728945411,0.5623743780062638,17.409542086645455,-6.323791246687879,23.733333333333334
2025-12-20:brighton:sunderland,brighton,MID,1,Brighton,2025-12-20,9,499.0,0.0,0.0,0.98,0.4,18.0,1.0,0.5333923133213674,0.2536482357799124,0.2129594508987202,2025-12-20,0.5333923133213674,0.2129594508987202,23.249528903607192,-0.00047109639280762394,23.25
2025-12-27:arsenal:brighton,brighton,MID,0,Brighton,2025-12-27,8,478.0,1.0,1.0,0.8500000000000001,0.25,20.0,0.0,0.7502956726091863,0.1605338313556118,0.0891704960352018,2025-12-27,0.0891704960352018,0.7502956726091863,15.29267326161421,-7.6485032089740255,22.941176470588236
2025-12-30:west ham:brighton,brighton,MID,0,Brighton,2025-12-30,8,389.0,0.0,1.0,0.53,0.18,15.0,0.0,0.2811669754950288,0.2579520024466649,0.4608810220583063,2025-12-30,0.4608810220583063,0.2811669754950288,21.950714089604013,-0.8270636881737659,22.77777777777778
2026-01-03:brighton:burnley,brighton,MID,1,Brighton,2026-01-03,8,426.0,2.0,0.0,0.38,0.36,32.0,1.0,0.6804914413165293,0.1998258738577727,0.119682684825698,2026-01-03,0.6804914413165293,0.119682684825698,25.88435340113194,3.5159323485003604,22.36842105263158
2026-01-07:man city:brighton,brighton,MID,0,Brighton,2026-01-07,9,523.0,1.0,1.0,0.94,1.18,25.0,0.0,0.6566096779730018,0.1939660059301562,0.1494243160968419,2026-01-07,0.1494243160968419,0.6566096779730018,16.371933508303634,-6.478066491696367,22.85
2026-01-19:brighton:bournemouth,brighton,MID,1,Brighton,2026-01-19,8,447.0,0.0,0.0,0.63,0.5499999999999999,14.0,0.0,0.4958775145269685,0.2429275172225967,0.2611949682504348,2026-01-19,0.4958775145269685,0.2611949682504348,22.577567674262276,-0.37481327811867615,22.952380952380953
2026-01-24:fulham:brighton,brighton,MID,0,Brighton,2026-01-24,8,447.0,1.0,0.0,0.5,0.8099999999999999,24.0,0.0,0.3713216196246421,0.2848674965629663,0.3438108838123916,2026-01-24,0.3438108838123916,0.3713216196246421,19.853765777380914,-2.6916887680736323,22.545454545454547
2026-01-31:brighton:everton,brighton,MID,1,Brighton,2026-01-31,7,450.0,1.0,1.0,0.9,0.43,27.0,1.0,0.5093051449404958,0.2674111919205704,0.2232836631389337,2026-01-31,0.5093051449404958,0.2232836631389337,22.818082013398495,0.2093863612245812,22.608695652173914
2026-02-08:brighton:crystal palace,brighton,MID,1,Brighton,2026-02-08,9,455.0,0.0,0.0,0.03,0.5,13.0,0.0,0.4403473885300152,0.2853780520251562,0.2742745594448287,2026-02-08,0.4403473885300152,0.2742745594448287,21.58291775130542,-1.208748915361248,22.791666666666668
2026-02-11:aston villa:brighton,brighton,MID,0,Brighton,2026-02-11,8,447.0,0.0,0.0,0.43,0.54,12.0,1.0,0.4704083999081675,0.2502474441732764,0.2793441559185561,2026-02-11,0.2793441559185561,0.4704083999081675,18.699044357580746,-3.7009556424192525,22.4
2026-02-21:brentford:brighton,brighton,MID,0,Brighton,2026-02-21,7,499.0,1.0,1.0,0.6599999999999999,0.2,28.0,1.0,0.427379147123009,0.2737338053848202,0.2988870474921709,2026-02-21,0.2988870474921709,0.427379147123009,19.04909462757503,-2.9509053724249696,22.0
2026-03-01:brighton:nottm forest,brighton,MID,1,Brighton,2026-03-01,8,518.0,1.0,2.0,0.9,0.9,25.0,0.0,0.4618367101726698,0.2729977727738915,0.2651655170534386,2026-03-01,0.4618367101726698,0.2651655170534386,21.967832277114965,-0.2543899451072562,22.22222222222222
2026-03-04:brighton:arsenal,brighton,MID,1,Brighton,2026-03-04,10,592.0,0.0,0.0,0.81,0.3,18.0,0.0,0.1753273698910725,0.2383037418732946,0.5863688882356328,2026-03-04,0.1753273698910725,0.5863688882356328,16.835906351840713,-5.48552221958786,22.321428571428573
2026-03-14:sunderland:brighton,brighton,MID,0,Brighton,2026-03-14,8,525.0,1.0,1.0,1.32,1.25,34.0,1.0,0.2520052760778218,0.2666747791773395,0.4813199447448386,2026-03-14,0.4813199447448386,0.2520052760778218,22.316813977016405,0.14440018391295695,22.17241379310345
2026-03-21:brighton:liverpool,brighton,MID,1,Brighton,2026-03-21,10,544.0,0.0,2.0,1.03,2.05,21.0,0.0,0.3068299189160284,0.2538098235777477,0.4393602575062239,2026-03-21,0.3068299189160284,0.4393602575062239,19.191366526079808,-3.375300140586859,22.566666666666666
2026-04-11:burnley:brighton,brighton,MID,0,Brighton,2026-04-11,9,550.0,2.0,2.0,0.85,0.91,46.0,1.0,0.1644249426173784,0.2186549636308397,0.6169200937517817,2026-04-11,0.6169200937517817,0.1644249426173784,24.74566994197665,2.2295409097185868,22.516129032258064
2026-04-18:spurs:brighton,brighton,MID,0,Brighton,2026-04-18,9,528.0,2.0,1.0,0.3,0.8300000000000001,29.0,0.0,0.3209769797903036,0.2436295385201989,0.4353934816894975,2026-04-18,0.4353934816894975,0.3209769797903036,21.49418387993753,-1.7558161200624696,23.25
2026-04-21:brighton:chelsea,brighton,MID,1,Brighton,2026-04-21,9,563.0,1.0,2.0,1.51,0.81,33.0,1.0,0.4203115443490167,0.2689343189858536,0.3107541366651297,2026-04-21,0.4203115443490167,0.3107541366651297,21.224037764753632,-2.2002046594887936,23.424242424242426
2026-05-02:newcastle:brighton,brighton,MID,0,Brighton,2026-05-02,7,463.0,1.0,0.0,1.32,0.49,16.0,0.0,0.3564706101575721,0.2556037374774693,0.3879256523649586,2026-05-02,0.3879256523649586,0.3564706101575721,20.64394498829208,-3.061937364649097,23.705882352941178
2026-05-09:brighton:wolves,brighton,MID,1,Brighton,2026-05-09,8,429.0,2.0,1.0,1.06,0.35,31.0,1.0,0.7805911051576281,0.143472616998918,0.075936277843454,2026-05-09,0.7805911051576281,0.075936277843454,27.677328315919972,4.191614030205688,23.485714285714284
2026-05-17:leeds:brighton,brighton,MID,0,Brighton,2026-05-17,8,401.0,0.0,0.0,1.4,1.46,16.0,1.0,0.2663696188241213,0.2620572446494774,0.4715731365264013,2026-05-17,0.4715731365264013,0.2663696188241213,22.142230147617646,-1.5522142968267971,23.694444444444443
2026-05-24:brighton:man utd,brighton,MID,1,Brighton,2026-05-24,9,492.0,0.0,0.0,0.52,0.38,12.0,0.0,0.5183360509366167,0.2195517369872899,0.2621122120760933,2026-05-24,0.5183360509366167,0.2621122120760933,22.979842675597695,-0.506643810888793,23.486486486486488
2025-08-16:spurs:burnley,burnley,DEF,0,Burnley,2025-08-16,5,433.0,0.0,0.0,0.09,0.14,5.0,0.0,0.6342647111408798,0.2272341100432418,0.1385011788158784,2025-08-16,0.1385011788158784,0.6342647111408798,11.968602659423542,-3.870871024786984,15.839473684210526
2025-08-23:burnley:sunderland,burnley,DEF,1,Burnley,2025-08-23,6,380.0,0.0,0.0,0.0,0.08,29.0,1.0,0.4044828037974167,0.3033830669190509,0.2921341292835323,2025-08-23,0.4044828037974167,0.2921341292835323,17.16735305083566,12.167353050835661,5.0
2025-08-30:man utd:burnley,burnley,DEF,0,Burnley,2025-08-30,6,367.0,0.0,0.0,0.09,0.1,7.0,0.0,0.7164866471470829,0.1752145452237987,0.1082988076291184,2025-08-30,0.1082988076291184,0.7164866471470829,10.719222029155484,-6.280777970844516,17.0
2025-09-14:burnley:liverpool,burnley,DEF,1,Burnley,2025-09-14,5,364.0,0.0,0.0,0.01,0.01,15.0,0.0,0.0922555961230062,0.1574625462587119,0.7502818576182818,2025-09-14,0.0922555961230062,0.7502818576182818,10.205696279100623,-3.460970387566043,13.666666666666666
2025-09-20:burnley:nottm forest,burnley,DEF,1,Burnley,2025-09-20,4,360.0,0.0,0.0,0.28,0.33,10.0,0.0,0.2737237770897652,0.2827990428603215,0.4434771800499132,2025-09-20,0.2737237770897652,0.4434771800499132,14.867661686977158,0.8676616869771578,14.0
2025-09-27:man city:burnley,burnley,DEF,0,Burnley,2025-09-27,5,359.0,0.0,1.0,0.07,0.29,0.0,0.0,0.8352546713971105,0.1177463202483362,0.0469990083545533,2025-09-27,0.0469990083545533,0.8352546713971105,8.914515448395857,-4.285484551604142,13.2
2025-10-05:aston villa:burnley,burnley,DEF,0,Burnley,2025-10-05,5,361.0,0.0,1.0,0.08,0.2,8.0,0.0,0.6346100766712518,0.2253874170858623,0.1400025062428859,2025-10-05,0.1400025062428859,0.6346100766712518,11.963354753268955,0.9633547532689555,11.0
2025-10-18:burnley:leeds,burnley,DEF,1,Burnley,2025-10-18,4,360.0,0.0,1.0,0.0,0.17,36.0,1.0,0.2675168625737077,0.2912890285619195,0.4411941088643727,2025-10-18,0.2675168625737077,0.4411941088643727,14.902353462132176,4.330924890703605,10.571428571428571
2025-10-26:wolves:burnley,burnley,DEF,0,Burnley,2025-10-26,5,361.0,0.0,2.0,0.01,0.59,13.0,0.0,0.5071690339164177,0.2835667585745762,0.209264207509006,2025-10-26,0.209264207509006,0.5071690339164177,13.89984978188323,0.14984978188322984,13.75
2025-11-01:burnley:arsenal,burnley,DEF,1,Burnley,2025-11-01,4,360.0,0.0,0.0,0.0,0.33,6.0,0.0,0.050094562363983,0.1494054050486882,0.8005000325873287,2025-11-01,0.050094562363983,0.8005000325873287,9.442619925741514,-4.224046740925152,13.666666666666666
2025-11-08:west ham:burnley,burnley,DEF,0,Burnley,2025-11-08,5,359.0,0.0,0.0,0.0,0.25,8.0,0.0,0.5242576529950546,0.2606323261220115,0.2151100208829339,2025-11-08,0.2151100208829339,0.5242576529950546,13.640184408967816,0.7401844089678153,12.9
2025-11-22:burnley:chelsea,burnley,DEF,1,Burnley,2025-11-22,4,360.0,0.0,0.0,0.03,0.07,5.0,0.0,0.1594312534198252,0.2190269765175099,0.6215417700626648,2025-11-22,0.1594312534198252,0.6215417700626648,12.161930582788962,-0.29261487175649314,12.454545454545455
2025-11-29:brentford:burnley,burnley,DEF,0,Burnley,2025-11-29,4,360.0,0.0,0.0,0.02,0.03,9.0,0.0,0.6657461804920327,0.2068453701101518,0.1274084493978155,2025-11-29,0.1274084493978155,0.6657461804920327,11.490234721009386,-0.34309861232394745,11.833333333333334
2025-12-03:burnley:crystal palace,burnley,DEF,1,Burnley,2025-12-03,4,360.0,0.0,0.0,0.0,0.13,12.0,0.0,0.1783523049728147,0.2558525012931171,0.5657951937340681,2025-12-03,0.1783523049728147,0.5657951937340681,13.009012226104367,1.3936276107197525,11.615384615384615
2025-12-06:newcastle:burnley,burnley,DEF,0,Burnley,2025-12-06,5,357.0,0.0,0.0,0.03,0.08,2.0,0.0,0.7620288501177962,0.1570067381726381,0.0809644117095655,2025-12-06,0.0809644117095655,0.7620288501177962,10.027198111754013,-1.6156590311031298,11.642857142857142
2025-12-13:burnley:fulham,burnley,DEF,1,Burnley,2025-12-13,5,359.0,1.0,1.0,0.61,0.14,14.0,0.0,0.2375307381604177,0.2738840386209881,0.488585223218594,2025-12-13,0.2375307381604177,0.488585223218594,14.182234924464616,3.182234924464616,11.0
2025-12-20:bournemouth:burnley,burnley,DEF,0,Burnley,2025-12-20,5,359.0,0.0,0.0,0.04,0.05,11.0,0.0,0.6714239683225385,0.1957449968245916,0.1328310348528699,2025-12-20,0.1328310348528699,0.6714239683225385,11.403959470355225,0.2164594703552254,11.1875
2025-12-27:burnley:everton,burnley,DEF,1,Burnley,2025-12-27,4,360.0,0.0,0.0,0.18,0.2,29.0,1.0,0.253045170264718,0.3036103298462493,0.4433444998890325,2025-12-27,0.253045170264718,0.4433444998890325,14.869677791572563,3.69320720333727,11.176470588235293
2025-12-30:burnley:newcastle,burnley,DEF,1,Burnley,2025-12-30,5,359.0,0.0,0.0,0.12,0.48,6.0,0.0,0.1507112733110231,0.2196723695212754,0.6296163571677014,2025-12-30,0.1507112733110231,0.6296163571677014,12.039235433337799,-0.12743123332886697,12.166666666666666
2026-01-03:brighton:burnley,burnley,DEF,0,Burnley,2026-01-03,5,395.0,0.0,0.0,0.18,0.03,5.0,0.0,0.6804914413165293,0.1998258738577727,0.119682684825698,2026-01-03,0.119682684825698,0.6804914413165293,11.266177198683634,-0.5759280644742617,11.842105263157896
2026-01-07:burnley:man utd,burnley,DEF,1,Burnley,2026-01-07,5,361.0,0.0,1.0,0.03,0.03,12.0,0.0,0.1860405326690034,0.244940480913326,0.5690189864176706,2026-01-07,0.1860405326690034,0.5690189864176706,12.960025978266698,1.4600259782666978,11.5
2026-01-17:liverpool:burnley,burnley,DEF,0,Burnley,2026-01-17,6,449.0,0.0,0.0,0.04,0.07,17.0,0.0,0.8071846417100198,0.1326385793128825,0.0601767789770976,2026-01-17,0.0601767789770976,0.8071846417100198,9.341045801311102,-2.1827637224984215,11.523809523809524
2026-01-24:burnley:spurs,burnley,DEF,1,Burnley,2026-01-24,5,450.0,1.0,1.0,0.64,0.33,16.0,0.0,0.2380435500716076,0.279617509382321,0.4823389405460714,2026-01-24,0.2380435500716076,0.4823389405460714,14.277148580859667,2.504421308132393,11.772727272727273
2026-02-02:sunderland:burnley,burnley,DEF,0,Burnley,2026-02-02,5,405.0,0.0,0.0,0.02,0.11,5.0,0.0,0.5091474912053919,0.2891525500447728,0.2016999587498353,2026-02-02,0.2016999587498353,0.5091474912053919,13.869786682730826,1.9132649436003906,11.956521739130435
2026-02-07:burnley:west ham,burnley,DEF,1,Burnley,2026-02-07,4,360.0,0.0,0.0,0.02,0.6,3.0,0.0,0.301489701572919,0.2581899360496202,0.4403203623774607,2026-02-07,0.301489701572919,0.4403203623774607,14.91563023460358,3.2489635679369133,11.666666666666666
2026-02-11:crystal palace:burnley,burnley,DEF,0,Burnley,2026-02-11,4,360.0,0.0,1.0,0.04,0.03,11.0,0.0,0.6755787583678707,0.202765023015425,0.1216562186167041,2026-02-11,0.1216562186167041,0.6755787583678707,11.340826510252255,0.020826510252254238,11.32
2026-02-21:chelsea:burnley,burnley,DEF,0,Burnley,2026-02-21,5,352.0,0.0,0.0,0.16,0.03,10.0,0.0,0.8066934531689952,0.1325643924654432,0.0607421543655615,2026-02-21,0.0607421543655615,0.8066934531689952,9.348509520590582,-1.9591827871017262,11.307692307692308
2026-02-28:burnley:brentford,burnley,DEF,1,Burnley,2026-02-28,4,360.0,0.0,0.0,0.1699999999999999,0.38,3.0,0.0,0.2072375805248607,0.2414729369053365,0.5512894825698027,2026-02-28,0.2072375805248607,0.5512894825698027,13.22942973798987,1.9701704787306102,11.25925925925926
2026-03-03:everton:burnley,burnley,DEF,0,Burnley,2026-03-03,5,416.0,0.0,0.0,0.02,0.03,8.0,0.0,0.6088261608738703,0.2415705527728486,0.149603286353281,2026-03-03,0.149603286353281,0.6088261608738703,12.35514709646166,1.390861382175947,10.964285714285714
2026-03-14:burnley:bournemouth,burnley,DEF,1,Burnley,2026-03-14,6,358.0,0.0,0.0,0.1,0.05,26.0,1.0,0.232642374814094,0.2319774948078122,0.5353801303780936,2026-03-14,0.232642374814094,0.5353801303780936,13.471175887909453,2.609106922392211,10.862068965517242
2026-03-21:fulham:burnley,burnley,DEF,0,Burnley,2026-03-21,4,356.0,0.0,0.0,0.02,0.24,6.0,0.0,0.646769319116474,0.2093323548643283,0.1438983260191977,2026-03-21,0.1438983260191977,0.646769319116474,11.778592356180084,0.4119256895134171,11.366666666666667
2026-04-11:burnley:brighton,burnley,DEF,1,Burnley,2026-04-11,6,358.0,0.0,0.0,0.05,0.06,9.0,0.0,0.1644249426173784,0.2186549636308397,0.6169200937517817,2026-04-11,0.1644249426173784,0.6169200937517817,12.232157983682933,1.0386095965861593,11.193548387096774
2026-04-19:nottm forest:burnley,burnley,DEF,0,Burnley,2026-04-19,4,360.0,0.0,1.0,0.06,0.24,4.0,0.0,0.6747686594304744,0.2041070753925782,0.1211242651769474,2026-04-19,0.1211242651769474,0.6747686594304744,11.353136144033042,0.2281361440330425,11.125
2026-04-22:burnley:man city,burnley,DEF,1,Burnley,2026-04-22,5,441.0,0.0,0.0,0.15,0.1,16.0,0.0,0.0385764664488293,0.0964474758912689,0.8649760576599018,2026-04-22,0.0385764664488293,0.8649760576599018,8.462892364519004,-2.4461985445719048,10.909090909090908
2026-05-01:leeds:burnley,burnley,DEF,0,Burnley,2026-05-01,6,434.0,0.0,0.0,0.08,0.19,9.0,0.0,0.7271736742287254,0.1797702325126561,0.0930560932586184,2026-05-01,0.0930560932586184,0.7271736742287254,10.556830272411311,-0.5019932570004535,11.058823529411764
2026-05-10:burnley:aston villa,burnley,DEF,1,Burnley,2026-05-10,4,360.0,0.0,0.0,0.0,0.08,8.0,0.0,0.1325608942882188,0.2023181873431495,0.6651209183686316,2026-05-10,0.1325608942882188,0.6651209183686316,11.499735718234247,0.49973571823424656,11.0
2026-05-18:arsenal:burnley,burnley,DEF,0,Burnley,2026-05-18,5,359.0,0.0,0.0,0.0,0.15,8.0,0.0,0.9138043685799168,0.0671140866282933,0.0190815447917898,2026-05-18,0.0190815447917898,0.9138043685799168,7.720935304938571,-3.195731361728095,10.916666666666666
2026-05-24:burnley:wolves,burnley,DEF,1,Burnley,2026-05-24,4,360.0,0.0,0.0,0.27,0.12,8.0,0.0,0.3985530631395923,0.2686972301047273,0.3327497067556804,2026-05-24,0.3985530631395923,0.3327497067556804,16.55019030515396,5.712352467316123,10.837837837837839
2025-08-16:spurs:burnley,burnley,FWD,0,Burnley,2025-08-16,2,89.0,0.0,0.0,0.22,0.04,3.0,0.0,0.6342647111408798,0.2272341100432418,0.1385011788158784,2025-08-16,0.1385011788158784,0.6342647111408798,5.659090909090909,0.0,5.659090909090909
2025-08-23:burnley:sunderland,burnley,FWD,1,Burnley,2025-08-23,2,89.0,0.0,0.0,0.0,0.01,3.0,1.0,0.4044828037974167,0.3033830669190509,0.2921341292835323,2025-08-23,0.4044828037974167,0.2921341292835323,3.0,0.0,3.0
2025-08-30:man utd:burnley,burnley,FWD,0,Burnley,2025-08-30,1,90.0,1.0,0.0,0.51,0.0,6.0,0.0,0.7164866471470829,0.1752145452237987,0.1082988076291184,2025-08-30,0.1082988076291184,0.7164866471470829,3.0,0.0,3.0
2025-09-14:burnley:liverpool,burnley,FWD,1,Burnley,2025-09-14,2,86.0,0.0,0.0,0.0,0.0,3.0,1.0,0.0922555961230062,0.1574625462587119,0.7502818576182818,2025-09-14,0.0922555961230062,0.7502818576182818,4.0,0.0,4.0
2025-09-20:burnley:nottm forest,burnley,FWD,1,Burnley,2025-09-20,2,89.0,0.0,1.0,0.13,0.03,7.0,0.0,0.2737237770897652,0.2827990428603215,0.4434771800499132,2025-09-20,0.2737237770897652,0.4434771800499132,3.75,0.0,3.75
2025-09-27:man city:burnley,burnley,FWD,0,Burnley,2025-09-27,2,89.0,0.0,0.0,0.18,0.03,3.0,0.0,0.8352546713971105,0.1177463202483362,0.0469990083545533,2025-09-27,0.0469990083545533,0.8352546713971105,4.4,0.0,4.4
2025-10-05:aston villa:burnley,burnley,FWD,0,Burnley,2025-10-05,3,107.0,0.0,0.0,0.01,0.02,3.0,0.0,0.6346100766712518,0.2253874170858623,0.1400025062428859,2025-10-05,0.1400025062428859,0.6346100766712518,4.166666666666667,0.0,4.166666666666667
2025-10-18:burnley:leeds,burnley,FWD,1,Burnley,2025-10-18,2,83.0,0.0,0.0,0.0,0.0,3.0,1.0,0.2675168625737077,0.2912890285619195,0.4411941088643727,2025-10-18,0.2675168625737077,0.4411941088643727,4.0,0.0,4.0
2025-10-26:wolves:burnley,burnley,FWD,0,Burnley,2025-10-26,2,103.0,3.0,0.0,1.08,0.02,20.0,0.0,0.5071690339164177,0.2835667585745762,0.209264207509006,2025-10-26,0.209264207509006,0.5071690339164177,3.875,0.0,3.875
2025-11-01:burnley:arsenal,burnley,FWD,1,Burnley,2025-11-01,2,89.0,0.0,0.0,0.02,0.02,2.0,0.0,0.050094562363983,0.1494054050486882,0.8005000325873287,2025-11-01,0.050094562363983,0.8005000325873287,5.666666666666667,0.0,5.666666666666667
2025-11-08:west ham:burnley,burnley,FWD,0,Burnley,2025-11-08,2,89.0,1.0,0.0,0.19,0.02,6.0,0.0,0.5242576529950546,0.2606323261220115,0.2151100208829339,2025-11-08,0.2151100208829339,0.5242576529950546,5.3,0.0,5.3
2025-11-22:burnley:chelsea,burnley,FWD,1,Burnley,2025-11-22,3,107.0,0.0,0.0,0.18,0.06,4.0,0.0,0.1594312534198252,0.2190269765175099,0.6215417700626648,2025-11-22,0.1594312534198252,0.6215417700626648,5.363636363636363,0.0,5.363636363636363
2025-11-29:brentford:burnley,burnley,FWD,0,Burnley,2025-11-29,3,173.0,1.0,0.0,0.85,0.03,9.0,1.0,0.6657461804920327,0.2068453701101518,0.1274084493978155,2025-11-29,0.1274084493978155,0.6657461804920327,5.25,0.0,5.25
2025-12-03:burnley:crystal palace,burnley,FWD,1,Burnley,2025-12-03,3,157.0,0.0,0.0,0.47,0.06,4.0,0.0,0.1783523049728147,0.2558525012931171,0.5657951937340681,2025-12-03,0.1783523049728147,0.5657951937340681,5.538461538461538,0.0,5.538461538461538
2025-12-06:newcastle:burnley,burnley,FWD,0,Burnley,2025-12-06,3,134.0,1.0,0.0,1.48,0.04,8.0,0.0,0.7620288501177962,0.1570067381726381,0.0809644117095655,2025-12-06,0.0809644117095655,0.7620288501177962,5.428571428571429,0.0,5.428571428571429
2025-12-13:burnley:fulham,burnley,FWD,1,Burnley,2025-12-13,3,179.0,0.0,0.0,0.57,0.03,5.0,0.0,0.2375307381604177,0.2738840386209881,0.488585223218594,2025-12-13,0.2375307381604177,0.488585223218594,5.6,0.0,5.6
2025-12-20:bournemouth:burnley,burnley,FWD,0,Burnley,2025-12-20,2,89.0,1.0,0.0,0.3,0.05,8.0,1.0,0.6714239683225385,0.1957449968245916,0.1328310348528699,2025-12-20,0.1328310348528699,0.6714239683225385,5.5625,0.0,5.5625
2025-12-27:burnley:everton,burnley,FWD,1,Burnley,2025-12-27,2,89.0,0.0,0.0,0.43,0.01,3.0,1.0,0.253045170264718,0.3036103298462493,0.4433444998890325,2025-12-27,0.253045170264718,0.4433444998890325,5.705882352941177,0.0,5.705882352941177
2025-12-30:burnley:newcastle,burnley,FWD,1,Burnley,2025-12-30,2,92.0,0.0,1.0,0.16,0.04,8.0,0.0,0.1507112733110231,0.2196723695212754,0.6296163571677014,2025-12-30,0.1507112733110231,0.6296163571677014,5.555555555555555,0.0,5.555555555555555
2026-01-03:brighton:burnley,burnley,FWD,0,Burnley,2026-01-03,1,63.0,0.0,0.0,0.0,0.0,2.0,0.0,0.6804914413165293,0.1998258738577727,0.119682684825698,2026-01-03,0.119682684825698,0.6804914413165293,5.684210526315789,0.0,5.684210526315789
2026-01-07:burnley:man utd,burnley,FWD,1,Burnley,2026-01-07,2,89.0,0.0,0.0,0.02,0.01,2.0,0.0,0.1860405326690034,0.244940480913326,0.5690189864176706,2026-01-07,0.1860405326690034,0.5690189864176706,5.5,0.0,5.5
2026-01-17:liverpool:burnley,burnley,FWD,0,Burnley,2026-01-17,2,89.0,0.0,0.0,0.0,0.0,3.0,0.0,0.8071846417100198,0.1326385793128825,0.0601767789770976,2026-01-17,0.0601767789770976,0.8071846417100198,5.333333333333333,0.0,5.333333333333333
2026-01-24:burnley:spurs,burnley,FWD,1,Burnley,2026-01-24,2,89.0,1.0,0.0,0.74,0.01,7.0,0.0,0.2380435500716076,0.279617509382321,0.4823389405460714,2026-01-24,0.2380435500716076,0.4823389405460714,5.2272727272727275,0.0,5.2272727272727275
2026-02-02:sunderland:burnley,burnley,FWD,0,Burnley,2026-02-02,3,116.0,0.0,0.0,0.02,0.01,4.0,0.0,0.5091474912053919,0.2891525500447728,0.2016999587498353,2026-02-02,0.2016999587498353,0.5091474912053919,5.304347826086956,0.0,5.304347826086956
2026-02-07:burnley:west ham,burnley,FWD,1,Burnley,2026-02-07,3,100.0,0.0,0.0,0.73,0.03,4.0,0.0,0.301489701572919,0.2581899360496202,0.4403203623774607,2026-02-07,0.301489701572919,0.4403203623774607,5.25,0.0,5.25
2026-02-11:crystal palace:burnley,burnley,FWD,0,Burnley,2026-02-11,2,89.0,0.0,0.0,0.17,0.0,3.0,0.0,0.6755787583678707,0.202765023015425,0.1216562186167041,2026-02-11,0.1216562186167041,0.6755787583678707,5.2,0.0,5.2
2026-02-21:chelsea:burnley,burnley,FWD,0,Burnley,2026-02-21,2,96.0,1.0,0.0,0.11,0.0,10.0,0.0,0.8066934531689952,0.1325643924654432,0.0607421543655615,2026-02-21,0.0607421543655615,0.8066934531689952,5.115384615384615,0.0,5.115384615384615
2026-02-28:burnley:brentford,burnley,FWD,1,Burnley,2026-02-28,3,136.0,1.0,0.0,0.32,0.03,7.0,0.0,0.2072375805248607,0.2414729369053365,0.5512894825698027,2026-02-28,0.2072375805248607,0.5512894825698027,5.296296296296297,0.0,5.296296296296297
2026-03-03:everton:burnley,burnley,FWD,0,Burnley,2026-03-03,2,97.0,0.0,0.0,0.71,0.01,3.0,0.0,0.6088261608738703,0.2415705527728486,0.149603286353281,2026-03-03,0.149603286353281,0.6088261608738703,5.357142857142857,0.0,5.357142857142857
2026-03-14:burnley:bournemouth,burnley,FWD,1,Burnley,2026-03-14,3,154.0,0.0,0.0,0.95,0.09,5.0,1.0,0.232642374814094,0.2319774948078122,0.5353801303780936,2026-03-14,0.232642374814094,0.5353801303780936,5.275862068965517,0.0,5.275862068965517
2026-03-21:fulham:burnley,burnley,FWD,0,Burnley,2026-03-21,3,179.0,1.0,1.0,0.77,0.08,13.0,0.0,0.646769319116474,0.2093323548643283,0.1438983260191977,2026-03-21,0.1438983260191977,0.646769319116474,5.266666666666667,0.0,5.266666666666667
2026-04-11:burnley:brighton,burnley,FWD,1,Burnley,2026-04-11,2,98.0,0.0,0.0,0.39,0.0,3.0,0.0,0.1644249426173784,0.2186549636308397,0.6169200937517817,2026-04-11,0.1644249426173784,0.6169200937517817,5.516129032258065,0.0,5.516129032258065
2026-04-19:nottm forest:burnley,burnley,FWD,0,Burnley,2026-04-19,3,115.0,1.0,0.0,0.26,0.02,9.0,0.0,0.6747686594304744,0.2041070753925782,0.1211242651769474,2026-04-19,0.1211242651769474,0.6747686594304744,5.4375,0.0,5.4375
2026-04-22:burnley:man city,burnley,FWD,1,Burnley,2026-04-22,3,107.0,0.0,0.0,0.35,0.03,4.0,0.0,0.0385764664488293,0.0964474758912689,0.8649760576599018,2026-04-22,0.0385764664488293,0.8649760576599018,5.545454545454546,0.0,5.545454545454546
2026-05-01:leeds:burnley,burnley,FWD,0,Burnley,2026-05-01,3,103.0,0.0,0.0,0.07,0.13,4.0,0.0,0.7271736742287254,0.1797702325126561,0.0930560932586184,2026-05-01,0.0930560932586184,0.7271736742287254,5.5,0.0,5.5
2026-05-10:burnley:aston villa,burnley,FWD,1,Burnley,2026-05-10,3,111.0,1.0,0.0,1.14,0.0,7.0,0.0,0.1325608942882188,0.2023181873431495,0.6651209183686316,2026-05-10,0.1325608942882188,0.6651209183686316,5.457142857142857,0.0,5.457142857142857
2026-05-18:arsenal:burnley,burnley,FWD,0,Burnley,2026-05-18,2,110.0,0.0,0.0,0.0,0.03,2.0,0.0,0.9138043685799168,0.0671140866282933,0.0190815447917898,2026-05-18,0.0190815447917898,0.9138043685799168,5.5,0.0,5.5
2026-05-24:burnley:wolves,burnley,FWD,1,Burnley,2026-05-24,3,113.0,1.0,0.0,0.26,0.07,10.0,0.0,0.3985530631395923,0.2686972301047273,0.3327497067556804,2026-05-24,0.3985530631395923,0.3327497067556804,5.405405405405405,0.0,5.405405405405405
2025-08-16:spurs:burnley,burnley,GKP,0,Burnley,2025-08-16,1,90.0,0.0,0.0,0.0,0.0,2.0,0.0,0.6342647111408798,0.2272341100432418,0.1385011788158784,2025-08-16,0.1385011788158784,0.6342647111408798,2.719295831154562,-0.654388379371754,3.373684210526316
2025-08-23:burnley:sunderland,burnley,GKP,1,Burnley,2025-08-23,1,90.0,0.0,0.0,0.0,0.0,6.0,1.0,0.4044828037974167,0.3033830669190509,0.2921341292835323,2025-08-23,0.4044828037974167,0.2921341292835323,3.5981682662240413,1.5981682662240413,2.0
2025-08-30:man utd:burnley,burnley,GKP,0,Burnley,2025-08-30,1,90.0,0.0,0.0,0.0,0.0,2.0,0.0,0.7164866471470829,0.1752145452237987,0.1082988076291184,2025-08-30,0.1082988076291184,0.7164866471470829,2.5080823444162474,-1.4919176555837526,4.0
2025-09-14:burnley:liverpool,burnley,GKP,1,Burnley,2025-09-14,1,90.0,0.0,0.0,0.0,0.0,3.0,0.0,0.0922555961230062,0.1574625462587119,0.7502818576182818,2025-09-14,0.0922555961230062,0.7502818576182818,2.421268477151694,-0.9120648561816393,3.3333333333333335
2025-09-20:burnley:nottm forest,burnley,GKP,1,Burnley,2025-09-20,1,90.0,0.0,0.0,0.0,0.0,4.0,0.0,0.2737237770897652,0.2827990428603215,0.4434771800499132,2025-09-20,0.2737237770897652,0.4434771800499132,3.2093949655860046,-0.04060503441399543,3.25
2025-09-27:man city:burnley,burnley,GKP,0,Burnley,2025-09-27,1,90.0,0.0,0.0,0.0,0.0,1.0,0.0,0.8352546713971105,0.1177463202483362,0.0469990083545533,2025-09-27,0.0469990083545533,0.8352546713971105,2.2029884761208516,-1.1970115238791483,3.4
2025-10-05:aston villa:burnley,burnley,GKP,0,Burnley,2025-10-05,1,90.0,0.0,0.0,0.0,0.0,2.0,0.0,0.6346100766712518,0.2253874170858623,0.1400025062428859,2025-10-05,0.1400025062428859,0.6346100766712518,2.7184086487138126,-0.2815913512861874,3.0
2025-10-18:burnley:leeds,burnley,GKP,1,Burnley,2025-10-18,1,90.0,0.0,0.0,0.0,0.0,9.0,1.0,0.2675168625737077,0.2912890285619195,0.4411941088643727,2025-10-18,0.2675168625737077,0.4411941088643727,3.215259768204291,0.35811691106143373,2.857142857142857
2025-10-26:wolves:burnley,burnley,GKP,0,Burnley,2025-10-26,1,90.0,0.0,0.0,0.0,0.0,2.0,0.0,0.5071690339164177,0.2835667585745762,0.209264207509006,2025-10-26,0.209264207509006,0.5071690339164177,3.04578195444313,-0.5792180455568698,3.625
2025-11-01:burnley:arsenal,burnley,GKP,1,Burnley,2025-11-01,1,90.0,0.0,0.0,0.0,0.0,2.0,0.0,0.050094562363983,0.1494054050486882,0.8005000325873287,2025-11-01,0.050094562363983,0.8005000325873287,2.2922669436430825,-1.1521775008013622,3.4444444444444446
2025-11-08:west ham:burnley,burnley,GKP,0,Burnley,2025-11-08,1,90.0,0.0,0.0,0.0,0.0,2.0,0.0,0.5242576529950546,0.2606323261220115,0.2151100208829339,2025-11-08,0.2151100208829339,0.5242576529950546,3.0018843403214017,-0.2981156596785981,3.3
2025-11-22:burnley:chelsea,burnley,GKP,1,Burnley,2025-11-22,1,90.0,0.0,0.0,0.0,0.01,2.0,0.0,0.1594312534198252,0.2190269765175099,0.6215417700626648,2025-11-22,0.1594312534198252,0.6215417700626648,2.751978797248831,-0.42983938456935045,3.1818181818181817
2025-11-29:brentford:burnley,burnley,GKP,0,Burnley,2025-11-29,1,90.0,0.0,0.0,0.0,0.01,1.0,0.0,0.6657461804920327,0.2068453701101518,0.1274084493978155,2025-11-29,0.1274084493978155,0.6657461804920327,2.638425552099095,-0.44490778123423835,3.0833333333333335
2025-12-03:burnley:crystal palace,burnley,GKP,1,Burnley,2025-12-03,1,90.0,0.0,0.0,0.0,0.01,2.0,0.0,0.1783523049728147,0.2558525012931171,0.5657951937340681,2025-12-03,0.1783523049728147,0.5657951937340681,2.8951818076863156,-0.027895115390607295,2.923076923076923
2025-12-06:newcastle:burnley,burnley,GKP,0,Burnley,2025-12-06,1,90.0,0.0,0.0,0.0,0.0,3.0,0.0,0.7620288501177962,0.1570067381726381,0.0809644117095655,2025-12-06,0.0809644117095655,0.7620288501177962,2.391092548865062,-0.46605030827779537,2.857142857142857
2025-12-13:burnley:fulham,burnley,GKP,1,Burnley,2025-12-13,1,90.0,0.0,0.0,0.0,0.0,1.0,0.0,0.2375307381604177,0.2738840386209881,0.488585223218594,2025-12-13,0.2375307381604177,0.488585223218594,3.09352044912022,0.22685378245355325,2.8666666666666667
2025-12-20:bournemouth:burnley,burnley,GKP,0,Burnley,2025-12-20,1,90.0,0.0,0.0,0.0,0.0,2.0,0.0,0.6714239683225385,0.1957449968245916,0.1328310348528699,2025-12-20,0.1328310348528699,0.6714239683225385,2.6238403279741,-0.12615967202590017,2.75
2025-12-27:burnley:everton,burnley,GKP,1,Burnley,2025-12-27,1,90.0,0.0,0.0,0.0,0.0,11.0,1.0,0.253045170264718,0.3036103298462493,0.4433444998890325,2025-12-27,0.253045170264718,0.4433444998890325,3.209735797251638,0.5038534443104612,2.7058823529411766
2025-12-30:burnley:newcastle,burnley,GKP,1,Burnley,2025-12-30,1,90.0,0.0,0.0,0.0,0.0,2.0,0.0,0.1507112733110231,0.2196723695212754,0.6296163571677014,2025-12-30,0.1507112733110231,0.6296163571677014,2.731236623331905,-0.4354300433347613,3.1666666666666665
2026-01-03:brighton:burnley,burnley,GKP,0,Burnley,2026-01-03,1,90.0,0.0,0.0,0.0,0.0,1.0,0.0,0.6804914413165293,0.1998258738577727,0.119682684825698,2026-01-03,0.119682684825698,0.6804914413165293,2.600547607320796,-0.5047155505739407,3.1052631578947367
2026-01-07:burnley:man utd,burnley,GKP,1,Burnley,2026-01-07,1,90.0,0.0,0.0,0.0,0.0,3.0,0.0,0.1860405326690034,0.244940480913326,0.5690189864176706,2026-01-07,0.1860405326690034,0.5690189864176706,2.8869004593466974,-0.11309954065330263,3.0
2026-01-17:liverpool:burnley,burnley,GKP,0,Burnley,2026-01-17,1,90.0,0.0,0.0,0.0,0.0,5.0,0.0,0.8071846417100198,0.1326385793128825,0.0601767789770976,2026-01-17,0.0601767789770976,0.8071846417100198,2.275095375216625,-0.7249046247833748,3.0
2026-01-24:burnley:spurs,burnley,GKP,1,Burnley,2026-01-24,1,90.0,0.0,0.0,0.0,0.0,5.0,0.0,0.2380435500716076,0.279617509382321,0.4823389405460714,2026-01-24,0.2380435500716076,0.4823389405460714,3.109566035085467,0.0186569441763762,3.090909090909091
2026-02-02:sunderland:burnley,burnley,GKP,0,Burnley,2026-02-02,1,90.0,0.0,0.0,0.0,0.0,1.0,0.0,0.5091474912053919,0.2891525500447728,0.2016999587498353,2026-02-02,0.2016999587498353,0.5091474912053919,3.040699650587678,-0.13321339289058276,3.1739130434782608
2026-02-07:burnley:west ham,burnley,GKP,1,Burnley,2026-02-07,1,90.0,0.0,0.0,0.0,0.0,1.0,0.0,0.301489701572919,0.2581899360496202,0.4403203623774607,2026-02-07,0.301489701572919,0.4403203623774607,3.2175042670690726,0.13417093373573907,3.0833333333333335
2026-02-11:crystal palace:burnley,burnley,GKP,0,Burnley,2026-02-11,1,90.0,0.0,0.0,0.0,0.0,1.0,0.0,0.6755787583678707,0.202765023015425,0.1216562186167041,2026-02-11,0.1216562186167041,0.6755787583678707,2.613167413484783,-0.3868325865152169,3.0
2026-02-21:chelsea:burnley,burnley,GKP,0,Burnley,2026-02-21,1,90.0,0.0,0.0,0.0,0.0,2.0,0.0,0.8066934531689952,0.1325643924654432,0.0607421543655615,2026-02-21,0.0607421543655615,0.8066934531689952,2.2763571509596323,-0.6467197721172906,2.923076923076923
2026-02-28:burnley:brentford,burnley,GKP,1,Burnley,2026-02-28,1,90.0,0.0,0.0,0.0,0.01,0.0,0.0,0.2072375805248607,0.2414729369053365,0.5512894825698027,2026-02-28,0.2072375805248607,0.5512894825698027,2.9324443921186774,0.04355550322978852,2.888888888888889
2026-03-03:everton:burnley,burnley,GKP,0,Burnley,2026-03-03,1,90.0,0.0,0.0,0.0,0.0,2.0,0.0,0.6088261608738703,0.2415705527728486,0.149603286353281,2026-03-03,0.149603286353281,0.6088261608738703,2.7846429290270516,-0.0010713566872340152,2.7857142857142856
2026-03-14:burnley:bournemouth,burnley,GKP,1,Burnley,2026-03-14,1,90.0,0.0,0.0,0.0,0.0,6.0,1.0,0.232642374814094,0.2319774948078122,0.5353801303780936,2026-03-14,0.232642374814094,0.5353801303780936,2.973312679967132,0.2146919903119593,2.7586206896551726
2026-03-21:fulham:burnley,burnley,GKP,0,Burnley,2026-03-21,1,90.0,0.0,0.0,0.0,0.0,2.0,0.0,0.646769319116474,0.2093323548643283,0.1438983260191977,2026-03-21,0.1438983260191977,0.646769319116474,2.687173723854367,-0.17949294281229955,2.8666666666666667
2026-04-11:burnley:brighton,burnley,GKP,1,Burnley,2026-04-11,1,90.0,0.0,0.0,0.0,0.0,2.0,0.0,0.1644249426173784,0.2186549636308397,0.6169200937517817,2026-04-11,0.1644249426173784,0.6169200937517817,2.763851059270536,-0.07485861814881911,2.838709677419355
2026-04-19:nottm forest:burnley,burnley,GKP,0,Burnley,2026-04-19,1,90.0,0.0,0.0,0.0,0.0,0.0,0.0,0.6747686594304744,0.2041070753925782,0.1211242651769474,2026-04-19,0.1211242651769474,0.6747686594304744,2.6152484131483957,-0.19725158685160427,2.8125
2026-04-22:burnley:man city,burnley,GKP,1,Burnley,2026-04-22,1,90.0,0.0,0.0,0.0,0.0,4.0,0.0,0.0385764664488293,0.0964474758912689,0.8649760576599018,2026-04-22,0.0385764664488293,0.8649760576599018,2.1266395365533524,-0.6006331907193747,2.727272727272727
2026-05-01:leeds:burnley,burnley,GKP,0,Burnley,2026-05-01,1,90.0,0.0,0.0,0.0,0.0,2.0,0.0,0.7271736742287254,0.1797702325126561,0.0930560932586184,2026-05-01,0.0930560932586184,0.7271736742287254,2.4806292782100443,-0.2840766041428968,2.764705882352941
2026-05-10:burnley:aston villa,burnley,GKP,1,Burnley,2026-05-10,1,90.0,0.0,0.0,0.0,0.0,2.0,0.0,0.1325608942882188,0.2023181873431495,0.6651209183686316,2026-05-10,0.1325608942882188,0.6651209183686316,2.6400317389589976,-0.10282540389814532,2.742857142857143
2026-05-18:arsenal:burnley,burnley,GKP,0,Burnley,2026-05-18,1,90.0,0.0,0.0,0.0,0.0,2.0,0.0,0.9138043685799168,0.0671140866282933,0.0190815447917898,2026-05-18,0.0190815447917898,0.9138043685799168,2.00120831586085,-0.7210139063613723,2.7222222222222223
2026-05-24:burnley:wolves,burnley,GKP,1,Burnley,2026-05-24,1,90.0,0.0,0.0,0.0,0.0,3.0,0.0,0.3985530631395923,0.2686972301047273,0.3327497067556804,2026-05-24,0.3985530631395923,0.3327497067556804,3.4938340927604616,0.791131390057759,2.7027027027027026
2025-08-16:spurs:burnley,burnley,MID,0,Burnley,2025-08-16,8,373.0,0.0,0.0,0.63,0.8,14.0,0.0,0.6342647111408798,0.2272341100432418,0.1385011788158784,2025-08-16,0.1385011788158784,0.6342647111408798,16.176279393354324,-4.3171416592772545,20.49342105263158
2025-08-23:burnley:sunderland,burnley,MID,1,Burnley,2025-08-23,7,426.0,2.0,2.0,0.99,0.39,40.0,1.0,0.4044828037974167,0.3033830669190509,0.2921341292835323,2025-08-23,0.4044828037974167,0.2921341292835323,20.940514987027235,6.940514987027235,14.0
2025-08-30:man utd:burnley,burnley,MID,0,Burnley,2025-08-30,7,439.0,1.0,2.0,0.65,0.38,20.0,0.0,0.7164866471470829,0.1752145452237987,0.1082988076291184,2025-08-30,0.1082988076291184,0.7164866471470829,15.635297617521989,-11.364702382478011,27.0
2025-09-14:burnley:liverpool,burnley,MID,1,Burnley,2025-09-14,7,439.0,0.0,0.0,0.12,0.01,12.0,1.0,0.0922555961230062,0.1574625462587119,0.7502818576182818,2025-09-14,0.0922555961230062,0.7502818576182818,15.347933258049608,-9.31873340861706,24.666666666666668
2025-09-20:burnley:nottm forest,burnley,MID,1,Burnley,2025-09-20,6,449.0,1.0,0.0,0.44,0.38,22.0,0.0,0.2737237770897652,0.2827990428603215,0.4434771800499132,2025-09-20,0.2737237770897652,0.4434771800499132,18.598372708297042,-2.901627291702958,21.5
2025-09-27:man city:burnley,burnley,MID,0,Burnley,2025-09-27,8,447.0,1.0,0.0,0.17,0.1,21.0,0.0,0.8352546713971105,0.1177463202483362,0.0469990083545533,2025-09-27,0.0469990083545533,0.8352546713971105,14.537301898422374,-7.062698101577627,21.6
2025-10-05:aston villa:burnley,burnley,MID,0,Burnley,2025-10-05,7,429.0,1.0,0.0,0.33,0.06,22.0,0.0,0.6346100766712518,0.2253874170858623,0.1400025062428859,2025-10-05,0.1400025062428859,0.6346100766712518,16.203171016285054,-5.296828983714946,21.5
2025-10-18:burnley:leeds,burnley,MID,1,Burnley,2025-10-18,8,453.0,2.0,1.0,0.4599999999999999,0.05,31.0,1.0,0.2675168625737077,0.2912890285619195,0.4411941088643727,2025-10-18,0.2675168625737077,0.4411941088643727,18.48719509192471,-3.0842334795038617,21.571428571428573
2025-10-26:wolves:burnley,burnley,MID,0,Burnley,2025-10-26,7,436.0,0.0,1.0,0.34,0.53,15.0,0.0,0.5071690339164177,0.2835667585745762,0.209264207509006,2025-10-26,0.209264207509006,0.5071690339164177,17.443779507466704,-5.306220492533296,22.75
2025-11-01:burnley:arsenal,burnley,MID,1,Burnley,2025-11-01,9,446.0,0.0,0.0,0.39,0.08,13.0,0.0,0.050094562363983,0.1494054050486882,0.8005000325873287,2025-11-01,0.050094562363983,0.8005000325873287,14.592749144430009,-7.2961397444588805,21.88888888888889
2025-11-08:west ham:burnley,burnley,MID,0,Burnley,2025-11-08,8,447.0,1.0,2.0,0.87,0.8,29.0,0.0,0.5242576529950546,0.2606323261220115,0.2151100208829339,2025-11-08,0.2151100208829339,0.5242576529950546,17.548489117207488,-3.451510882792512,21.0
2025-11-22:burnley:chelsea,burnley,MID,1,Burnley,2025-11-22,8,428.0,0.0,0.0,0.23,0.12,12.0,0.0,0.1594312534198252,0.2190269765175099,0.6215417700626648,2025-11-22,0.1594312534198252,0.6215417700626648,16.55117674355013,-5.176095983722597,21.727272727272727
2025-11-29:brentford:burnley,burnley,MID,0,Burnley,2025-11-29,8,362.0,0.0,1.0,0.09,0.13,17.0,1.0,0.6657461804920327,0.2068453701101518,0.1274084493978155,2025-11-29,0.1274084493978155,0.6657461804920327,15.977587561434785,-4.939079105231883,20.916666666666668
2025-12-03:burnley:crystal palace,burnley,MID,1,Burnley,2025-12-03,8,379.0,0.0,0.0,0.49,0.45,12.0,0.0,0.1783523049728147,0.2558525012931171,0.5657951937340681,2025-12-03,0.1783523049728147,0.5657951937340681,16.890088678856674,-3.7252959365279423,20.615384615384617
2025-12-06:newcastle:burnley,burnley,MID,0,Burnley,2025-12-06,7,359.0,0.0,0.0,0.11,0.59,10.0,0.0,0.7620288501177962,0.1570067381726381,0.0809644117095655,2025-12-06,0.0809644117095655,0.7620288501177962,15.14568672060187,-4.854313279398131,20.0
2025-12-13:burnley:fulham,burnley,MID,1,Burnley,2025-12-13,7,357.0,1.0,1.0,1.29,0.6200000000000001,20.0,0.0,0.2375307381604177,0.2738840386209881,0.488585223218594,2025-12-13,0.2375307381604177,0.488585223218594,17.950086706125443,-1.383246627207889,19.333333333333332
2025-12-20:bournemouth:burnley,burnley,MID,0,Burnley,2025-12-20,8,447.0,0.0,1.0,0.04,0.3,19.0,1.0,0.6714239683225385,0.1957449968245916,0.1328310348528699,2025-12-20,0.1328310348528699,0.6714239683225385,16.07471635608929,-3.30028364391071,19.375
2025-12-27:burnley:everton,burnley,MID,1,Burnley,2025-12-27,8,447.0,0.0,0.0,0.7999999999999999,0.52,18.0,1.0,0.253045170264718,0.3036103298462493,0.4433444998890325,2025-12-27,0.253045170264718,0.4433444998890325,18.227979623172097,-1.1249615532984905,19.352941176470587
2025-12-30:burnley:newcastle,burnley,MID,1,Burnley,2025-12-30,7,445.0,1.0,0.0,0.8200000000000001,0.26,23.0,0.0,0.1507112733110231,0.2196723695212754,0.6296163571677014,2025-12-30,0.1507112733110231,0.6296163571677014,16.39498535396313,-2.8827924238146494,19.27777777777778
2026-01-03:brighton:burnley,burnley,MID,0,Burnley,2026-01-03,8,438.0,0.0,0.0,0.13,0.22,11.0,0.0,0.6804914413165293,0.1998258738577727,0.119682684825698,2026-01-03,0.119682684825698,0.6804914413165293,15.839204458596857,-3.634479751929458,19.473684210526315
2026-01-07:burnley:man utd,burnley,MID,1,Burnley,2026-01-07,6,449.0,1.0,1.0,0.19,0.09,21.0,0.0,0.1860405326690034,0.244940480913326,0.5690189864176706,2026-01-07,0.1860405326690034,0.5690189864176706,17.02779942502189,-2.022200574978111,19.05
2026-01-17:liverpool:burnley,burnley,MID,0,Burnley,2026-01-17,7,359.0,1.0,1.0,0.36,0.15,25.0,0.0,0.8071846417100198,0.1326385793128825,0.0601767789770976,2026-01-17,0.0601767789770976,0.8071846417100198,14.773340774602413,-4.369516368254729,19.142857142857142
2026-01-24:burnley:spurs,burnley,MID,1,Burnley,2026-01-24,6,358.0,0.0,0.0,0.06,0.3399999999999999,11.0,0.0,0.2380435500716076,0.279617509382321,0.4823389405460714,2026-01-24,0.2380435500716076,0.4823389405460714,17.95927214049641,-1.4498187685945005,19.40909090909091
2026-02-02:sunderland:burnley,burnley,MID,0,Burnley,2026-02-02,7,375.0,0.0,0.0,0.02,0.13,9.0,0.0,0.5091474912053919,0.2891525500447728,0.2016999587498353,2026-02-02,0.2016999587498353,0.5091474912053919,17.30828945930891,-1.735188801560657,19.043478260869566
2026-02-07:burnley:west ham,burnley,MID,1,Burnley,2026-02-07,8,436.0,0.0,0.0,0.61,0.3899999999999999,10.0,0.0,0.301489701572919,0.2581899360496202,0.4403203623774607,2026-02-07,0.301489701572919,0.4403203623774607,19.095713100600673,0.4707131006006726,18.625
2026-02-11:crystal palace:burnley,burnley,MID,0,Burnley,2026-02-11,8,447.0,2.0,2.0,0.33,0.29,35.0,0.0,0.6755787583678707,0.202765023015425,0.1216562186167041,2026-02-11,0.1216562186167041,0.6755787583678707,15.874554193500838,-2.405445806499163,18.28
2026-02-21:chelsea:burnley,burnley,MID,0,Burnley,2026-02-21,8,448.0,0.0,1.0,0.58,0.48,13.0,0.0,0.8066934531689952,0.1325643924654432,0.0607421543655615,2026-02-21,0.0607421543655615,0.8066934531689952,14.7834677205886,-4.139609202488323,18.923076923076923
2026-02-28:burnley:brentford,burnley,MID,1,Burnley,2026-02-28,8,403.0,1.0,3.0,0.48,0.36,27.0,0.0,0.2072375805248607,0.2414729369053365,0.5512894825698027,2026-02-28,0.2072375805248607,0.5512894825698027,17.40747877273124,-1.296224930972464,18.703703703703702
2026-03-03:everton:burnley,burnley,MID,0,Burnley,2026-03-03,7,383.0,0.0,0.0,0.06,0.09,12.0,0.0,0.6088261608738703,0.2415705527728486,0.149603286353281,2026-03-03,0.149603286353281,0.6088261608738703,16.37513920518587,-2.624860794814129,19.0
2026-03-14:burnley:bournemouth,burnley,MID,1,Burnley,2026-03-14,6,383.0,0.0,0.0,0.36,0.45,15.0,1.0,0.232642374814094,0.2319774948078122,0.5353801303780936,2026-03-14,0.232642374814094,0.5353801303780936,17.862526843104913,-0.8960938465502579,18.75862068965517
2026-03-21:fulham:burnley,burnley,MID,0,Burnley,2026-03-21,7,361.0,0.0,0.0,0.45,0.51,7.0,0.0,0.646769319116474,0.2093323548643283,0.1438983260191977,2026-03-21,0.1438983260191977,0.646769319116474,16.272952540652113,-2.3603807926812195,18.633333333333333
2026-04-11:burnley:brighton,burnley,MID,1,Burnley,2026-04-11,7,439.0,0.0,0.0,0.44,0.5,13.0,0.0,0.1644249426173784,0.2186549636308397,0.6169200937517817,2026-04-11,0.1644249426173784,0.6169200937517817,16.64062319241807,-1.6174413237109633,18.258064516129032
2026-04-19:nottm forest:burnley,burnley,MID,0,Burnley,2026-04-19,8,420.0,0.0,0.0,0.04,0.13,14.0,0.0,0.6747686594304744,0.2041070753925782,0.1211242651769474,2026-04-19,0.1211242651769474,0.6747686594304744,15.865025898032902,-2.2287241019670976,18.09375
2026-04-22:burnley:man city,burnley,MID,1,Burnley,2026-04-22,7,347.0,0.0,0.0,0.11,0.12,13.0,0.0,0.0385764664488293,0.0964474758912689,0.8649760576599018,2026-04-22,0.0385764664488293,0.8649760576599018,14.386438191430445,-3.583258778266524,17.96969696969697
2026-05-01:leeds:burnley,burnley,MID,0,Burnley,2026-05-01,6,358.0,1.0,1.0,0.42,0.2,15.0,0.0,0.7271736742287254,0.1797702325126561,0.0930560932586184,2026-05-01,0.0930560932586184,0.7271736742287254,15.362271680662003,-2.4612577311027035,17.823529411764707
2026-05-10:burnley:aston villa,burnley,MID,1,Burnley,2026-05-10,8,426.0,1.0,2.0,0.6699999999999999,0.69,28.0,0.0,0.1325608942882188,0.2023181873431495,0.6651209183686316,2026-05-10,0.1325608942882188,0.6651209183686316,16.0698776259947,-1.6729795168624442,17.742857142857144
2026-05-18:arsenal:burnley,burnley,MID,0,Burnley,2026-05-18,8,426.0,0.0,0.0,0.19,0.05,14.0,0.0,0.9138043685799168,0.0671140866282933,0.0190815447917898,2026-05-18,0.0190815447917898,0.9138043685799168,14.03724715366316,-3.9905306241146192,18.02777777777778
2026-05-24:burnley:wolves,burnley,MID,1,Burnley,2026-05-24,8,422.0,0.0,1.0,0.45,0.8099999999999999,17.0,0.0,0.3985530631395923,0.2686972301047273,0.3327497067556804,2026-05-24,0.3985530631395923,0.3327497067556804,20.83430208038296,2.9153831614640424,17.91891891891892
2025-08-17:chelsea:crystal palace,chelsea,DEF,1,Chelsea,2025-08-17,5,359.0,0.0,0.0,0.31,0.33,29.0,1.0,0.5368763362818426,0.2489779337476775,0.2141457299704799,2025-08-17,0.5368763362818426,0.2141457299704799,18.35240414814852,2.512930463937993,15.839473684210526
2025-08-22:west ham:chelsea,chelsea,DEF,0,Chelsea,2025-08-22,7,357.0,1.0,1.0,0.31,0.5,19.0,0.0,0.1890775876684122,0.2414353988597687,0.5694870134718191,2025-08-22,0.5694870134718191,0.1890775876684122,18.733320153661253,-10.266679846338747,29.0
2025-08-30:chelsea:fulham,chelsea,DEF,1,Chelsea,2025-08-30,5,369.0,0.0,1.0,0.16,0.3,34.0,1.0,0.5877216011237383,0.2345315798836316,0.17774681899263,2025-08-30,0.5877216011237383,0.17774681899263,18.90549370730395,-5.09450629269605,24.0
2025-09-13:brentford:chelsea,chelsea,DEF,0,Chelsea,2025-09-13,6,360.0,0.0,0.0,0.13,0.37,7.0,0.0,0.2170838429517788,0.2490661996860697,0.5338499573621516,2025-09-13,0.5338499573621516,0.2170838429517788,18.307758867014577,-9.025574466318755,27.333333333333332
2025-09-20:man utd:chelsea,chelsea,DEF,0,Chelsea,2025-09-20,6,415.0,1.0,1.0,0.3,0.19,14.0,0.0,0.3616521218588358,0.2565680717418751,0.3817798063992891,2025-09-20,0.3817798063992891,0.3616521218588358,16.111011670450864,-6.138988329549136,22.25
2025-09-27:chelsea:brighton,chelsea,DEF,1,Chelsea,2025-09-27,7,384.0,0.0,1.0,0.07,0.32,1.0,0.0,0.4916434655739344,0.2473029771218837,0.2610535573041818,2025-09-27,0.4916434655739344,0.2610535573041818,17.63962926439652,-2.960370735603483,20.6
2025-10-04:chelsea:liverpool,chelsea,DEF,1,Chelsea,2025-10-04,6,413.0,0.0,2.0,0.02,0.74,20.0,0.0,0.3296063239371367,0.2540224292509332,0.41637124681193,2025-10-04,0.3296063239371367,0.41637124681193,15.279542379622495,-2.0537909537108376,17.333333333333332
2025-10-18:nottm forest:chelsea,chelsea,DEF,0,Chelsea,2025-10-18,6,445.0,2.0,1.0,0.75,0.19,50.0,1.0,0.3056967159054999,0.2706161725084183,0.4236871115860816,2025-10-18,0.4236871115860816,0.3056967159054999,16.961266526425185,-0.7530191878605308,17.714285714285715
2025-10-25:chelsea:sunderland,chelsea,DEF,1,Chelsea,2025-10-25,5,359.0,0.0,0.0,0.14,0.39,6.0,0.0,0.6853445211946624,0.1991494312078585,0.115506047597479,2025-10-25,0.6853445211946624,0.115506047597479,19.851256091057326,-1.8987439089426736,21.75
2025-11-01:spurs:chelsea,chelsea,DEF,0,Chelsea,2025-11-01,6,434.0,0.0,0.0,0.17,0.58,34.0,1.0,0.3123248459684,0.2708881545065957,0.4167869995250043,2025-11-01,0.4167869995250043,0.3123248459684,16.86055061388744,-3.1394493861125596,20.0
2025-11-08:chelsea:wolves,chelsea,DEF,1,Chelsea,2025-11-08,5,359.0,1.0,0.0,0.8,0.15,34.0,1.0,0.727307436162894,0.173236899658658,0.099455664178448,2025-11-08,0.727307436162894,0.099455664178448,20.095145241886858,-1.304854758113141,21.4
2025-11-22:burnley:chelsea,chelsea,DEF,0,Chelsea,2025-11-22,6,383.0,0.0,0.0,0.25,0.21,24.0,1.0,0.1594312534198252,0.2190269765175099,0.6215417700626648,2025-11-22,0.6215417700626648,0.1594312534198252,19.18380280546652,-3.3616517399880266,22.545454545454547
2025-11-30:chelsea:arsenal,chelsea,DEF,1,Chelsea,2025-11-30,5,450.0,1.0,1.0,0.21,0.37,24.0,0.0,0.3126033850890056,0.2984863498162829,0.3889102650947114,2025-11-30,0.3126033850890056,0.3889102650947114,15.696818112987003,-6.969848553679665,22.666666666666668
2025-12-03:leeds:chelsea,chelsea,DEF,0,Chelsea,2025-12-03,5,360.0,0.0,0.0,0.06,0.41,6.0,0.0,0.2323557474992855,0.2692790562327294,0.4983651962679851,2025-12-03,0.4983651962679851,0.2323557474992855,18.075698876022415,-4.693531893208355,22.76923076923077
2025-12-06:bournemouth:chelsea,chelsea,DEF,0,Chelsea,2025-12-06,5,450.0,0.0,0.0,0.05,0.1,39.0,1.0,0.2806531976262482,0.2462081537560799,0.4731386486176719,2025-12-06,0.4731386486176719,0.2806531976262482,17.341808364426917,-4.2296202070016555,21.571428571428573
2025-12-13:chelsea:everton,chelsea,DEF,1,Chelsea,2025-12-13,5,450.0,1.0,1.0,0.47,0.21,48.0,1.0,0.572708589927065,0.2395855504004135,0.1877058596725215,2025-12-13,0.572708589927065,0.1877058596725215,18.754163866073146,-3.9791694672601885,22.733333333333334
2025-12-20:newcastle:chelsea,chelsea,DEF,0,Chelsea,2025-12-20,5,413.0,1.0,0.0,0.15,0.11,11.0,0.0,0.339674715052421,0.2625872067073865,0.3977380782401924,2025-12-20,0.3977380782401924,0.339674715052421,16.444963261731623,-7.867536738268377,24.3125
2025-12-27:chelsea:aston villa,chelsea,DEF,1,Chelsea,2025-12-27,5,359.0,0.0,1.0,0.12,0.38,10.0,0.0,0.5522786188831802,0.2327572578592025,0.2149641232576172,2025-12-27,0.5522786188831802,0.2149641232576172,18.33996847987608,-5.189443284829803,23.529411764705884
2025-12-30:chelsea:bournemouth,chelsea,DEF,1,Chelsea,2025-12-30,5,360.0,0.0,0.0,0.3,0.11,6.0,0.0,0.6301849010737935,0.2023703575619535,0.1674447413642529,2025-12-30,0.6301849010737935,0.1674447413642529,19.06203607136895,-3.715741706408828,22.77777777777778
2026-01-04:man city:chelsea,chelsea,DEF,0,Chelsea,2026-01-04,6,449.0,0.0,0.0,0.0,0.08,12.0,0.0,0.6708574748125724,0.1818721588906997,0.1472703662967278,2026-01-04,0.1472703662967278,0.6708574748125724,11.412567465409863,-10.482169376695401,21.894736842105264
2026-01-07:fulham:chelsea,chelsea,DEF,0,Chelsea,2026-01-07,7,377.0,0.0,0.0,0.22,0.29,5.0,0.0,0.2565422189320619,0.2605269850098737,0.4829307960580643,2026-01-07,0.4829307960580643,0.2565422189320619,17.70818005573627,-3.6918199442637274,21.4
2026-01-17:chelsea:brentford,chelsea,DEF,1,Chelsea,2026-01-17,7,363.0,0.0,0.0,0.0,0.02,25.0,1.0,0.523829427186808,0.2432540515023289,0.232916521310863,2026-01-17,0.523829427186808,0.232916521310863,18.067177793058697,-2.5518698259889234,20.61904761904762
2026-01-25:crystal palace:chelsea,chelsea,DEF,0,Chelsea,2026-01-25,7,392.0,0.0,0.0,0.14,0.37,21.0,1.0,0.2746747488179846,0.266855335309708,0.4584699158723074,2026-01-25,0.4584699158723074,0.2746747488179846,17.432652225601995,-3.3855295925798217,20.818181818181817
2026-01-31:chelsea:west ham,chelsea,DEF,1,Chelsea,2026-01-31,7,359.0,1.0,1.0,0.81,0.62,16.0,0.0,0.6180040892387358,0.2087090184896463,0.1732868922716177,2026-01-31,0.6180040892387358,0.1732868922716177,18.973263287154605,-1.8528236693671332,20.82608695652174
2026-02-07:wolves:chelsea,chelsea,DEF,0,Chelsea,2026-02-07,6,365.0,0.0,1.0,0.29,0.6100000000000001,14.0,0.0,0.1637670836021671,0.2151706969330385,0.6210622194647943,2026-02-07,0.6210622194647943,0.1637670836021671,19.11791890016002,-1.5070810998399793,20.625
2026-02-10:chelsea:leeds,chelsea,DEF,1,Chelsea,2026-02-10,6,359.0,0.0,0.0,0.05,0.39,5.0,0.0,0.652153115732062,0.2052063961872892,0.1426404880806487,2026-02-10,0.652153115732062,0.1426404880806487,19.438942224472182,-0.9210577755278173,20.36
2026-02-21:chelsea:burnley,chelsea,DEF,1,Chelsea,2026-02-21,8,356.0,0.0,0.0,0.04,0.29,16.0,1.0,0.8066934531689952,0.1325643924654432,0.0607421543655615,2026-02-21,0.8066934531689952,0.0607421543655615,20.68340564585331,0.914174876622539,19.76923076923077
2026-03-01:arsenal:chelsea,chelsea,DEF,0,Chelsea,2026-03-01,6,359.0,0.0,1.0,0.35,0.6799999999999999,10.0,0.0,0.6555253215053819,0.2048844960336512,0.1395901824609669,2026-03-01,0.1395901824609669,0.6555253215053819,11.64554294972416,-7.98408667990547,19.62962962962963
2026-03-04:aston villa:chelsea,chelsea,DEF,0,Chelsea,2026-03-04,7,444.0,0.0,1.0,0.33,0.6399999999999999,15.0,0.0,0.3595368621340784,0.2655827844684128,0.3748803533975088,2026-03-04,0.3748803533975088,0.3595368621340784,16.143153513083938,-3.142560772630347,19.285714285714285
2026-03-14:chelsea:newcastle,chelsea,DEF,1,Chelsea,2026-03-14,6,404.0,0.0,0.0,0.3299999999999999,0.6000000000000001,11.0,0.0,0.5786127446294461,0.2123772879990038,0.2090099673715499,2026-03-14,0.5786127446294461,0.2090099673715499,18.430443204687812,-0.7074878297949461,19.137931034482758
2026-03-21:everton:chelsea,chelsea,DEF,0,Chelsea,2026-03-21,5,327.0,0.0,0.0,0.13,0.12,6.0,0.0,0.2966047899593727,0.2699995280101321,0.4333956820304952,2026-03-21,0.4333956820304952,0.2966047899593727,17.099420366150703,-1.7672463005159642,18.866666666666667
2026-04-12:chelsea:man city,chelsea,DEF,1,Chelsea,2026-04-12,5,359.0,0.0,0.0,0.54,0.06,6.0,0.0,0.2654434043482985,0.2343849810615432,0.5001716145901582,2026-04-12,0.2654434043482985,0.5001716145901582,14.006177127026652,-4.445435776199156,18.451612903225808
2026-04-18:chelsea:man utd,chelsea,DEF,1,Chelsea,2026-04-18,6,358.0,0.0,0.0,0.12,0.26,9.0,0.0,0.4600857341433466,0.2491711695125119,0.2907430963441416,2026-04-18,0.4600857341433466,0.2907430963441416,17.188490106163677,-0.8740098938363232,18.0625
2026-04-21:brighton:chelsea,chelsea,DEF,0,Chelsea,2026-04-21,6,406.0,0.0,0.0,0.04,0.25,5.0,0.0,0.4203115443490167,0.2689343189858536,0.3107541366651297,2026-04-21,0.3107541366651297,0.4203115443490167,15.219668680954566,-2.568210106924223,17.78787878787879
2026-05-04:chelsea:nottm forest,chelsea,DEF,1,Chelsea,2026-05-04,5,360.0,0.0,1.0,0.25,0.25,6.0,0.0,0.6997496426629848,0.1849174796789225,0.1153328776580926,2026-05-04,0.6997496426629848,0.1153328776580926,19.853887446855097,2.4421227409727457,17.41176470588235
2026-05-09:liverpool:chelsea,chelsea,DEF,0,Chelsea,2026-05-09,6,477.0,0.0,1.0,0.03,0.08,16.0,0.0,0.4865744150858054,0.2483221560457068,0.2651034288684876,2026-05-09,0.2651034288684876,0.4865744150858054,14.21278960189403,-2.872924683820255,17.085714285714285
2026-05-19:chelsea:spurs,chelsea,DEF,1,Chelsea,2026-05-19,6,358.0,0.0,0.0,0.0,0.02,8.0,0.0,0.4368492650175419,0.2801255151523035,0.2830252198301545,2026-05-19,0.4368492650175419,0.2830252198301545,17.30576495873646,0.2502094031809037,17.055555555555557
2026-05-24:sunderland:chelsea,chelsea,DEF,0,Chelsea,2026-05-24,8,444.0,0.0,0.0,0.04,0.7600000000000001,4.0,0.0,0.2726942717731145,0.2511220017227591,0.4761837265041262,2026-05-24,0.4761837265041262,0.2726942717731145,17.46274601539508,0.6519352045842695,16.81081081081081
2025-08-17:chelsea:crystal palace,chelsea,FWD,1,Chelsea,2025-08-17,2,89.0,0.0,0.0,0.33,0.03,3.0,1.0,0.5368763362818426,0.2489779337476775,0.2141457299704799,2025-08-17,0.5368763362818426,0.2141457299704799,5.659090909090909,0.0,5.659090909090909
2025-08-22:west ham:chelsea,chelsea,FWD,0,Chelsea,2025-08-22,2,151.0,1.0,2.0,0.5,0.13,17.0,0.0,0.1890775876684122,0.2414353988597687,0.5694870134718191,2025-08-22,0.5694870134718191,0.1890775876684122,3.0,0.0,3.0
2025-08-30:chelsea:fulham,chelsea,FWD,1,Chelsea,2025-08-30,2,103.0,1.0,0.0,0.75,0.02,10.0,1.0,0.5877216011237383,0.2345315798836316,0.17774681899263,2025-08-30,0.5877216011237383,0.17774681899263,10.0,0.0,10.0
2025-09-13:brentford:chelsea,chelsea,FWD,0,Chelsea,2025-09-13,1,78.0,0.0,1.0,0.15,0.02,7.0,0.0,0.2170838429517788,0.2490661996860697,0.5338499573621516,2025-09-13,0.5338499573621516,0.2170838429517788,10.0,0.0,10.0
2025-09-20:man utd:chelsea,chelsea,FWD,0,Chelsea,2025-09-20,1,90.0,0.0,0.0,0.0,0.03,2.0,0.0,0.3616521218588358,0.2565680717418751,0.3817798063992891,2025-09-20,0.3817798063992891,0.3616521218588358,9.25,0.0,9.25
2025-09-27:chelsea:brighton,chelsea,FWD,1,Chelsea,2025-09-27,1,90.0,0.0,0.0,0.0,0.03,2.0,0.0,0.4916434655739344,0.2473029771218837,0.2610535573041818,2025-09-27,0.4916434655739344,0.2610535573041818,7.8,0.0,7.8
2025-10-04:chelsea:liverpool,chelsea,FWD,1,Chelsea,2025-10-04,2,89.0,0.0,0.0,0.06,0.0,3.0,0.0,0.3296063239371367,0.2540224292509332,0.41637124681193,2025-10-04,0.3296063239371367,0.41637124681193,6.833333333333333,0.0,6.833333333333333
2025-10-18:nottm forest:chelsea,chelsea,FWD,0,Chelsea,2025-10-18,2,135.0,0.0,0.0,0.38,0.21,3.0,1.0,0.3056967159054999,0.2706161725084183,0.4236871115860816,2025-10-18,0.4236871115860816,0.3056967159054999,6.285714285714286,0.0,6.285714285714286
2025-10-25:chelsea:sunderland,chelsea,FWD,1,Chelsea,2025-10-25,2,159.0,0.0,0.0,0.22,0.02,4.0,0.0,0.6853445211946624,0.1991494312078585,0.115506047597479,2025-10-25,0.6853445211946624,0.115506047597479,5.875,0.0,5.875
2025-11-01:spurs:chelsea,chelsea,FWD,0,Chelsea,2025-11-01,1,90.0,1.0,0.0,1.86,0.13,9.0,1.0,0.3123248459684,0.2708881545065957,0.4167869995250043,2025-11-01,0.4167869995250043,0.3123248459684,5.666666666666667,0.0,5.666666666666667
2025-11-08:chelsea:wolves,chelsea,FWD,1,Chelsea,2025-11-08,3,158.0,1.0,0.0,1.1,0.11,10.0,1.0,0.727307436162894,0.173236899658658,0.099455664178448,2025-11-08,0.727307436162894,0.099455664178448,6.0,0.0,6.0
2025-11-22:burnley:chelsea,chelsea,FWD,0,Chelsea,2025-11-22,3,155.0,0.0,1.0,0.25,0.41,7.0,1.0,0.1594312534198252,0.2190269765175099,0.6215417700626648,2025-11-22,0.6215417700626648,0.1594312534198252,6.363636363636363,0.0,6.363636363636363
2025-11-30:chelsea:arsenal,chelsea,FWD,1,Chelsea,2025-11-30,2,89.0,0.0,0.0,0.18,0.03,2.0,0.0,0.3126033850890056,0.2984863498162829,0.3889102650947114,2025-11-30,0.3126033850890056,0.3889102650947114,6.416666666666667,0.0,6.416666666666667
2025-12-03:leeds:chelsea,chelsea,FWD,0,Chelsea,2025-12-03,3,163.0,0.0,0.0,0.39,0.35,5.0,0.0,0.2323557474992855,0.2692790562327294,0.4983651962679851,2025-12-03,0.4983651962679851,0.2323557474992855,6.076923076923077,0.0,6.076923076923077
2025-12-06:bournemouth:chelsea,chelsea,FWD,0,Chelsea,2025-12-06,3,121.0,0.0,0.0,0.35,0.04,2.0,0.0,0.2806531976262482,0.2462081537560799,0.4731386486176719,2025-12-06,0.4731386486176719,0.2806531976262482,6.0,0.0,6.0
2025-12-13:chelsea:everton,chelsea,FWD,1,Chelsea,2025-12-13,1,80.0,0.0,0.0,0.06,0.02,2.0,1.0,0.572708589927065,0.2395855504004135,0.1877058596725215,2025-12-13,0.572708589927065,0.1877058596725215,5.733333333333333,0.0,5.733333333333333
2025-12-20:newcastle:chelsea,chelsea,FWD,0,Chelsea,2025-12-20,1,90.0,1.0,0.0,0.54,0.04,6.0,0.0,0.339674715052421,0.2625872067073865,0.3977380782401924,2025-12-20,0.3977380782401924,0.339674715052421,5.5,0.0,5.5
2025-12-27:chelsea:aston villa,chelsea,FWD,1,Chelsea,2025-12-27,2,89.0,1.0,0.0,1.44,0.02,8.0,0.0,0.5522786188831802,0.2327572578592025,0.2149641232576172,2025-12-27,0.5522786188831802,0.2149641232576172,5.529411764705882,0.0,5.529411764705882
2025-12-30:chelsea:bournemouth,chelsea,FWD,1,Chelsea,2025-12-30,2,113.0,0.0,0.0,0.52,0.05,3.0,0.0,0.6301849010737935,0.2023703575619535,0.1674447413642529,2025-12-30,0.6301849010737935,0.1674447413642529,5.666666666666667,0.0,5.666666666666667
2026-01-04:man city:chelsea,chelsea,FWD,0,Chelsea,2026-01-04,2,89.0,0.0,0.0,0.23,0.08,2.0,0.0,0.6708574748125724,0.1818721588906997,0.1472703662967278,2026-01-04,0.1472703662967278,0.6708574748125724,5.526315789473684,0.0,5.526315789473684
2026-01-07:fulham:chelsea,chelsea,FWD,0,Chelsea,2026-01-07,2,105.0,1.0,0.0,0.99,0.04,8.0,0.0,0.2565422189320619,0.2605269850098737,0.4829307960580643,2026-01-07,0.4829307960580643,0.2565422189320619,5.35,0.0,5.35
2026-01-17:chelsea:brentford,chelsea,FWD,1,Chelsea,2026-01-17,2,89.0,1.0,1.0,0.15,0.01,12.0,1.0,0.523829427186808,0.2432540515023289,0.232916521310863,2026-01-17,0.523829427186808,0.232916521310863,5.476190476190476,0.0,5.476190476190476
2026-01-25:crystal palace:chelsea,chelsea,FWD,0,Chelsea,2026-01-25,2,89.0,1.0,1.0,0.65,0.01,13.0,1.0,0.2746747488179846,0.266855335309708,0.4584699158723074,2026-01-25,0.4584699158723074,0.2746747488179846,5.7727272727272725,0.0,5.7727272727272725
2026-01-31:chelsea:west ham,chelsea,FWD,1,Chelsea,2026-01-31,2,135.0,1.0,2.0,1.39,0.13,15.0,0.0,0.6180040892387358,0.2087090184896463,0.1732868922716177,2026-01-31,0.6180040892387358,0.1732868922716177,6.086956521739131,0.0,6.086956521739131
2026-02-07:wolves:chelsea,chelsea,FWD,0,Chelsea,2026-02-07,2,89.0,0.0,2.0,0.14,0.0,9.0,0.0,0.1637670836021671,0.2151706969330385,0.6210622194647943,2026-02-07,0.6210622194647943,0.1637670836021671,6.458333333333333,0.0,6.458333333333333
2026-02-10:chelsea:leeds,chelsea,FWD,1,Chelsea,2026-02-10,2,101.0,1.0,1.0,1.2,0.15,11.0,0.0,0.652153115732062,0.2052063961872892,0.1426404880806487,2026-02-10,0.652153115732062,0.1426404880806487,6.56,0.0,6.56
2026-02-21:chelsea:burnley,chelsea,FWD,1,Chelsea,2026-02-21,2,89.0,1.0,0.0,1.29,0.06,8.0,1.0,0.8066934531689952,0.1325643924654432,0.0607421543655615,2026-02-21,0.8066934531689952,0.0607421543655615,6.730769230769231,0.0,6.730769230769231
2026-03-01:arsenal:chelsea,chelsea,FWD,0,Chelsea,2026-03-01,2,94.0,0.0,0.0,0.57,0.01,3.0,0.0,0.6555253215053819,0.2048844960336512,0.1395901824609669,2026-03-01,0.1395901824609669,0.6555253215053819,6.777777777777778,0.0,6.777777777777778
2026-03-04:aston villa:chelsea,chelsea,FWD,0,Chelsea,2026-03-04,2,89.0,3.0,1.0,2.61,0.0,20.0,0.0,0.3595368621340784,0.2655827844684128,0.3748803533975088,2026-03-04,0.3748803533975088,0.3595368621340784,6.642857142857143,0.0,6.642857142857143
2026-03-14:chelsea:newcastle,chelsea,FWD,1,Chelsea,2026-03-14,2,135.0,0.0,0.0,0.52,0.02,3.0,0.0,0.5786127446294461,0.2123772879990038,0.2090099673715499,2026-03-14,0.5786127446294461,0.2090099673715499,7.103448275862069,0.0,7.103448275862069
2026-03-21:everton:chelsea,chelsea,FWD,0,Chelsea,2026-03-21,2,89.0,0.0,0.0,0.1,0.16,3.0,0.0,0.2966047899593727,0.2699995280101321,0.4333956820304952,2026-03-21,0.4333956820304952,0.2966047899593727,6.966666666666667,0.0,6.966666666666667
2026-04-12:chelsea:man city,chelsea,FWD,1,Chelsea,2026-04-12,2,90.0,0.0,0.0,0.18,0.01,3.0,0.0,0.2654434043482985,0.2343849810615432,0.5001716145901582,2026-04-12,0.2654434043482985,0.5001716145901582,6.838709677419355,0.0,6.838709677419355
2026-04-18:chelsea:man utd,chelsea,FWD,1,Chelsea,2026-04-18,1,90.0,0.0,0.0,0.29,0.01,2.0,0.0,0.4600857341433466,0.2491711695125119,0.2907430963441416,2026-04-18,0.4600857341433466,0.2907430963441416,6.71875,0.0,6.71875
2026-04-21:brighton:chelsea,chelsea,FWD,0,Chelsea,2026-04-21,2,89.0,0.0,0.0,0.08,0.0,3.0,0.0,0.4203115443490167,0.2689343189858536,0.3107541366651297,2026-04-21,0.3107541366651297,0.4203115443490167,6.575757575757576,0.0,6.575757575757576
2026-05-04:chelsea:nottm forest,chelsea,FWD,1,Chelsea,2026-05-04,2,135.0,1.0,0.0,0.68,0.06,8.0,0.0,0.6997496426629848,0.1849174796789225,0.1153328776580926,2026-05-04,0.6997496426629848,0.1153328776580926,6.470588235294118,0.0,6.470588235294118
2026-05-09:liverpool:chelsea,chelsea,FWD,0,Chelsea,2026-05-09,1,90.0,0.0,0.0,0.17,0.02,2.0,0.0,0.4865744150858054,0.2483221560457068,0.2651034288684876,2026-05-09,0.2651034288684876,0.4865744150858054,6.514285714285714,0.0,6.514285714285714
2026-05-19:chelsea:spurs,chelsea,FWD,1,Chelsea,2026-05-19,2,89.0,0.0,0.0,0.06,0.01,2.0,0.0,0.4368492650175419,0.2801255151523035,0.2830252198301545,2026-05-19,0.4368492650175419,0.2830252198301545,6.388888888888889,0.0,6.388888888888889
2026-05-24:sunderland:chelsea,chelsea,FWD,0,Chelsea,2026-05-24,2,95.0,0.0,0.0,0.59,0.0,2.0,0.0,0.2726942717731145,0.2511220017227591,0.4761837265041262,2026-05-24,0.4761837265041262,0.2726942717731145,6.27027027027027,0.0,6.27027027027027
2025-08-17:chelsea:crystal palace,chelsea,GKP,1,Chelsea,2025-08-17,1,90.0,0.0,0.0,0.0,0.0,8.0,1.0,0.5368763362818426,0.2489779337476775,0.2141457299704799,2025-08-17,0.5368763362818426,0.2141457299704799,3.798506552381728,0.42482234185541223,3.373684210526316
2025-08-22:west ham:chelsea,chelsea,GKP,0,Chelsea,2025-08-22,1,90.0,0.0,0.0,0.0,0.0,3.0,0.0,0.1890775876684122,0.2414353988597687,0.5694870134718191,2025-08-22,0.5694870134718191,0.1890775876684122,3.862902138266163,-4.137097861733837,8.0
2025-08-30:chelsea:fulham,chelsea,GKP,1,Chelsea,2025-08-30,1,90.0,0.0,0.0,0.0,0.0,6.0,1.0,0.5877216011237383,0.2345315798836316,0.17774681899263,2025-08-30,0.5877216011237383,0.17774681899263,3.8920088617962034,-1.6079911382037966,5.5
2025-09-13:brentford:chelsea,chelsea,GKP,0,Chelsea,2025-09-13,1,90.0,0.0,0.0,0.0,0.0,2.0,0.0,0.2170838429517788,0.2490661996860697,0.5338499573621516,2025-09-13,0.5338499573621516,0.2170838429517788,3.7909590642373914,-1.8757076024292756,5.666666666666667
2025-09-20:man utd:chelsea,chelsea,GKP,0,Chelsea,2025-09-20,2,88.0,0.0,0.0,0.0,0.0,-2.0,0.0,0.3616521218588358,0.2565680717418751,0.3817798063992891,2025-09-20,0.3817798063992891,0.3616521218588358,3.4195889440128693,-1.3304110559871307,4.75
2025-09-27:chelsea:brighton,chelsea,GKP,1,Chelsea,2025-09-27,1,90.0,0.0,0.0,0.0,0.0,1.0,0.0,0.4916434655739344,0.2473029771218837,0.2610535573041818,2025-09-27,0.4916434655739344,0.2610535573041818,3.67800871144397,0.2780087114439702,3.4
2025-10-04:chelsea:liverpool,chelsea,GKP,1,Chelsea,2025-10-04,1,90.0,0.0,0.0,0.0,0.0,2.0,0.0,0.3296063239371367,0.2540224292509332,0.41637124681193,2025-10-04,0.3296063239371367,0.41637124681193,3.279025272880866,0.2790252728808662,3.0
2025-10-18:nottm forest:chelsea,chelsea,GKP,0,Chelsea,2025-10-18,1,90.0,0.0,0.0,0.0,0.01,5.0,1.0,0.3056967159054999,0.2706161725084183,0.4236871115860816,2025-10-18,0.4236871115860816,0.3056967159054999,3.563328400504994,0.7061855433621367,2.857142857142857
2025-10-25:chelsea:sunderland,chelsea,GKP,1,Chelsea,2025-10-25,1,90.0,0.0,0.0,0.0,0.0,1.0,0.0,0.6853445211946624,0.1991494312078585,0.115506047597479,2025-10-25,0.6853445211946624,0.115506047597479,4.05189430091625,0.92689430091625,3.125
2025-11-01:spurs:chelsea,chelsea,GKP,0,Chelsea,2025-11-01,1,90.0,0.0,0.0,0.0,0.0,6.0,1.0,0.3123248459684,0.2708881545065957,0.4167869995250043,2025-11-01,0.4167869995250043,0.3123248459684,3.5463019167083276,0.6574130278194388,2.888888888888889
2025-11-08:chelsea:wolves,chelsea,GKP,1,Chelsea,2025-11-08,1,90.0,0.0,0.0,0.0,0.0,6.0,1.0,0.727307436162894,0.173236899658658,0.099455664178448,2025-11-08,0.727307436162894,0.099455664178448,4.0931248728303515,0.8931248728303514,3.2
2025-11-22:burnley:chelsea,chelsea,GKP,0,Chelsea,2025-11-22,1,90.0,0.0,0.0,0.0,0.0,6.0,1.0,0.1594312534198252,0.2190269765175099,0.6215417700626648,2025-11-22,0.6215417700626648,0.1594312534198252,3.9390582825970526,0.484512828051598,3.4545454545454546
2025-11-30:chelsea:arsenal,chelsea,GKP,1,Chelsea,2025-11-30,1,90.0,0.0,0.0,0.0,0.01,3.0,0.0,0.3126033850890056,0.2984863498162829,0.3889102650947114,2025-11-30,0.3126033850890056,0.3889102650947114,3.3495676363848497,-0.31709903028181685,3.6666666666666665
2025-12-03:leeds:chelsea,chelsea,GKP,0,Chelsea,2025-12-03,1,90.0,0.0,0.0,0.0,0.0,1.0,0.0,0.2323557474992855,0.2692790562327294,0.4983651962679851,2025-12-03,0.4983651962679851,0.2323557474992855,3.7517282656781084,0.13634365029349294,3.6153846153846154
2025-12-06:bournemouth:chelsea,chelsea,GKP,0,Chelsea,2025-12-06,1,90.0,0.0,0.0,0.0,0.0,10.0,1.0,0.2806531976262482,0.2462081537560799,0.4731386486176719,2025-12-06,0.4731386486176719,0.2806531976262482,3.6276607316672815,0.19908930309585315,3.4285714285714284
2025-12-13:chelsea:everton,chelsea,GKP,1,Chelsea,2025-12-13,1,90.0,0.0,0.0,0.0,0.0,6.0,1.0,0.572708589927065,0.2395855504004135,0.1877058596725215,2025-12-13,0.572708589927065,0.1877058596725215,3.8664258627968864,-0.00024080386978031498,3.8666666666666667
2025-12-20:newcastle:chelsea,chelsea,GKP,0,Chelsea,2025-12-20,1,90.0,0.0,1.0,0.0,0.0,4.0,0.0,0.339674715052421,0.2625872067073865,0.3977380782401924,2025-12-20,0.3977380782401924,0.339674715052421,3.476044981738605,-0.523955018261395,4.0
2025-12-27:chelsea:aston villa,chelsea,GKP,1,Chelsea,2025-12-27,1,90.0,0.0,0.0,0.0,0.0,3.0,0.0,0.5522786188831802,0.2327572578592025,0.2149641232576172,2025-12-27,0.5522786188831802,0.2149641232576172,3.7964042460131884,-0.20359575398681162,4.0
2025-12-30:chelsea:bournemouth,chelsea,GKP,1,Chelsea,2025-12-30,1,90.0,0.0,0.0,0.0,0.0,2.0,0.0,0.6301849010737935,0.2023703575619535,0.1674447413642529,2025-12-30,0.6301849010737935,0.1674447413642529,3.9184730615247787,-0.025971382919665942,3.9444444444444446
2026-01-04:man city:chelsea,chelsea,GKP,0,Chelsea,2026-01-04,1,90.0,0.0,0.0,0.0,0.0,2.0,0.0,0.6708574748125724,0.1818721588906997,0.1472703662967278,2026-01-04,0.1472703662967278,0.6708574748125724,2.625295548749314,-1.2168097144085808,3.8421052631578947
2026-01-07:fulham:chelsea,chelsea,GKP,0,Chelsea,2026-01-07,1,90.0,0.0,0.0,0.0,0.0,2.0,0.0,0.2565422189320619,0.2605269850098737,0.4829307960580643,2026-01-07,0.4829307960580643,0.2565422189320619,3.689597534983225,-0.06040246501677515,3.75
2026-01-17:chelsea:brentford,chelsea,GKP,1,Chelsea,2026-01-17,1,90.0,0.0,0.0,0.0,0.0,11.0,1.0,0.523829427186808,0.2432540515023289,0.232916521310863,2026-01-17,0.523829427186808,0.232916521310863,3.7502877377877666,0.08362107112110007,3.6666666666666665
2026-01-25:crystal palace:chelsea,chelsea,GKP,0,Chelsea,2026-01-25,1,90.0,0.0,0.0,0.0,0.0,3.0,0.0,0.2746747488179846,0.266855335309708,0.4584699158723074,2026-01-25,0.4584699158723074,0.2746747488179846,3.6430183002118195,-0.3569816997881805,4.0
2026-01-31:chelsea:west ham,chelsea,GKP,1,Chelsea,2026-01-31,1,90.0,0.0,0.0,0.0,0.01,2.0,0.0,0.6180040892387358,0.2087090184896463,0.1732868922716177,2026-01-31,0.6180040892387358,0.1732868922716177,3.9034656179746436,-0.05305612115579095,3.9565217391304346
2026-02-07:wolves:chelsea,chelsea,GKP,0,Chelsea,2026-02-07,1,90.0,0.0,0.0,0.0,0.0,2.0,0.0,0.1637670836021671,0.2151706969330385,0.6210622194647943,2026-02-07,0.6210622194647943,0.1637670836021671,3.927920308289946,0.05292030828994587,3.875
2026-02-10:chelsea:leeds,chelsea,GKP,1,Chelsea,2026-02-10,1,90.0,0.0,0.0,0.0,0.01,1.0,0.0,0.652153115732062,0.2052063961872892,0.1426404880806487,2026-02-10,0.652153115732062,0.1426404880806487,3.9821907635936657,0.18219076359366593,3.8
2026-02-21:chelsea:burnley,chelsea,GKP,1,Chelsea,2026-02-21,1,90.0,0.0,0.0,0.0,0.0,2.0,0.0,0.8066934531689952,0.1325643924654432,0.0607421543655615,2026-02-21,0.8066934531689952,0.0607421543655615,4.192572973770723,0.5002652814630304,3.6923076923076925
2026-03-01:arsenal:chelsea,chelsea,GKP,0,Chelsea,2026-03-01,1,90.0,0.0,0.0,0.0,0.0,2.0,0.0,0.6555253215053819,0.2048844960336512,0.1395901824609669,2026-03-01,0.1395901824609669,0.6555253215053819,2.664681115624968,-0.9649485140046616,3.6296296296296298
2026-03-04:aston villa:chelsea,chelsea,GKP,0,Chelsea,2026-03-04,1,90.0,0.0,0.0,0.0,0.0,3.0,0.0,0.3595368621340784,0.2655827844684128,0.3748803533975088,2026-03-04,0.3748803533975088,0.3595368621340784,3.4250226689228427,-0.14640590250572894,3.5714285714285716
2026-03-14:chelsea:newcastle,chelsea,GKP,1,Chelsea,2026-03-14,1,90.0,0.0,0.0,0.0,0.0,3.0,0.0,0.5786127446294461,0.2123772879990038,0.2090099673715499,2026-03-14,0.5786127446294461,0.2090099673715499,3.811699410374009,0.25997527244297425,3.5517241379310347
2026-03-21:everton:chelsea,chelsea,GKP,0,Chelsea,2026-03-21,1,90.0,0.0,0.0,0.0,0.0,2.0,0.0,0.2966047899593727,0.2699995280101321,0.4333956820304952,2026-03-21,0.4333956820304952,0.2966047899593727,3.5866839364303846,0.05335060309705142,3.533333333333333
2026-04-12:chelsea:man city,chelsea,GKP,1,Chelsea,2026-04-12,1,90.0,0.0,0.0,0.0,0.0,2.0,0.0,0.2654434043482985,0.2343849810615432,0.5001716145901582,2026-04-12,0.2654434043482985,0.5001716145901582,3.063757076483042,-0.42011389125889353,3.4838709677419355
2026-04-18:chelsea:man utd,chelsea,GKP,1,Chelsea,2026-04-18,1,90.0,0.0,0.0,0.0,0.0,2.0,0.0,0.4600857341433466,0.2491711695125119,0.2907430963441416,2026-04-18,0.4600857341433466,0.2907430963441416,3.6017415817109737,0.1642415817109737,3.4375
2026-04-21:brighton:chelsea,chelsea,GKP,0,Chelsea,2026-04-21,1,90.0,0.0,0.0,0.0,0.0,2.0,0.0,0.4203115443490167,0.2689343189858536,0.3107541366651297,2026-04-21,0.3107541366651297,0.4203115443490167,3.268903351383765,-0.12503604255562895,3.393939393939394
2026-05-04:chelsea:nottm forest,chelsea,GKP,1,Chelsea,2026-05-04,2,90.0,0.0,0.0,0.0,0.0,2.0,0.0,0.6997496426629848,0.1849174796789225,0.1153328776580926,2026-05-04,0.6997496426629848,0.1153328776580926,4.052339143600243,0.6993979671296544,3.3529411764705883
2026-05-09:liverpool:chelsea,chelsea,GKP,0,Chelsea,2026-05-09,1,90.0,0.0,0.0,0.0,0.0,2.0,0.0,0.4865744150858054,0.2483221560457068,0.2651034288684876,2026-05-09,0.2651034288684876,0.4865744150858054,3.098685856522643,-0.21559985776307133,3.3142857142857145
2026-05-19:chelsea:spurs,chelsea,GKP,1,Chelsea,2026-05-19,1,90.0,0.0,0.0,0.0,0.0,2.0,0.0,0.4368492650175419,0.2801255151523035,0.2830252198301545,2026-05-19,0.4368492650175419,0.2830252198301545,3.6215674297500176,0.3437896519722399,3.2777777777777777
2026-05-24:sunderland:chelsea,chelsea,GKP,0,Chelsea,2026-05-24,1,90.0,0.0,0.0,0.0,0.0,2.0,0.0,0.2726942717731145,0.2511220017227591,0.4761837265041262,2026-05-24,0.4761837265041262,0.2726942717731145,3.6481057924598814,0.404862549216638,3.2432432432432434
2025-08-17:chelsea:crystal palace,chelsea,MID,1,Chelsea,2025-08-17,7,448.0,0.0,0.0,0.96,0.97,16.0,1.0,0.5368763362818426,0.2489779337476775,0.2141457299704799,2025-08-17,0.5368763362818426,0.2141457299704799,23.311934365633455,2.8185133130018762,20.49342105263158
2025-08-22:west ham:chelsea,chelsea,MID,0,Chelsea,2025-08-22,6,387.0,3.0,2.0,1.94,0.84,32.0,0.0,0.1890775876684122,0.2414353988597687,0.5694870134718191,2025-08-22,0.5694870134718191,0.1890775876684122,23.896053471654586,7.896053471654586,16.0
2025-08-30:chelsea:fulham,chelsea,MID,1,Chelsea,2025-08-30,7,424.0,1.0,1.0,1.45,0.52,26.0,1.0,0.5877216011237383,0.2345315798836316,0.17774681899263,2025-08-30,0.5877216011237383,0.17774681899263,24.22266953595321,0.2226695359532087,24.0
2025-09-13:brentford:chelsea,chelsea,MID,0,Chelsea,2025-09-13,8,460.0,2.0,0.0,0.98,0.66,28.0,0.0,0.2170838429517788,0.2490661996860697,0.5338499573621516,2025-09-13,0.5338499573621516,0.2170838429517788,23.257726176740206,-1.4089404899264615,24.666666666666668
2025-09-20:man utd:chelsea,chelsea,MID,0,Chelsea,2025-09-20,7,306.0,0.0,0.0,0.13,0.11,10.0,0.0,0.3616521218588358,0.2565680717418751,0.3817798063992891,2025-09-20,0.3817798063992891,0.3616521218588358,20.533861225532505,-4.966138774467495,25.5
2025-09-27:chelsea:brighton,chelsea,MID,1,Chelsea,2025-09-27,6,385.0,1.0,0.0,1.75,0.1,18.0,1.0,0.4916434655739344,0.2473029771218837,0.2610535573041818,2025-09-27,0.4916434655739344,0.2610535573041818,22.50172782356282,0.10172782356282184,22.4
2025-10-04:chelsea:liverpool,chelsea,MID,1,Chelsea,2025-10-04,7,393.0,2.0,0.0,0.92,0.35,26.0,0.0,0.3296063239371367,0.2540224292509332,0.41637124681193,2025-10-04,0.3296063239371367,0.41637124681193,19.59933515739036,-2.0673315092763076,21.666666666666668
2025-10-18:nottm forest:chelsea,chelsea,MID,0,Chelsea,2025-10-18,7,314.0,1.0,2.0,0.54,0.77,20.0,1.0,0.3056967159054999,0.2706161725084183,0.4236871115860816,2025-10-18,0.4236871115860816,0.3056967159054999,21.28450057898291,-1.0012137067313738,22.285714285714285
2025-10-25:chelsea:sunderland,chelsea,MID,1,Chelsea,2025-10-25,8,377.0,1.0,1.0,0.54,0.77,21.0,0.0,0.6853445211946624,0.1991494312078585,0.115506047597479,2025-10-25,0.6853445211946624,0.115506047597479,25.971281270288106,3.971281270288106,22.0
2025-11-01:spurs:chelsea,chelsea,MID,0,Chelsea,2025-11-01,7,372.0,0.0,1.0,1.66,1.06,21.0,1.0,0.3123248459684,0.2708881545065957,0.4167869995250043,2025-11-01,0.4167869995250043,0.3123248459684,21.160906479262685,-0.727982409626204,21.88888888888889
2025-11-08:chelsea:wolves,chelsea,MID,1,Chelsea,2025-11-08,7,378.0,1.0,3.0,1.4300000000000002,2.5,31.0,1.0,0.727307436162894,0.173236899658658,0.099455664178448,2025-11-08,0.727307436162894,0.099455664178448,26.72291670044158,4.922916700441579,21.8
2025-11-22:burnley:chelsea,chelsea,MID,0,Chelsea,2025-11-22,4,360.0,2.0,1.0,1.21,0.48,30.0,1.0,0.1594312534198252,0.2190269765175099,0.6215417700626648,2025-11-22,0.6215417700626648,0.1594312534198252,24.8284529341637,2.192089297800063,22.636363636363637
2025-11-30:chelsea:arsenal,chelsea,MID,1,Chelsea,2025-11-30,5,307.0,0.0,0.0,0.42,0.16,4.0,0.0,0.3126033850890056,0.2984863498162829,0.3889102650947114,2025-11-30,0.3126033850890056,0.3889102650947114,19.29478026017544,-3.9552197398245603,23.25
2025-12-03:leeds:chelsea,chelsea,MID,0,Chelsea,2025-12-03,7,374.0,1.0,1.0,0.51,1.06,17.0,0.0,0.2323557474992855,0.2692790562327294,0.4983651962679851,2025-12-03,0.4983651962679851,0.2323557474992855,22.622126774527583,0.8528960052968131,21.76923076923077
2025-12-06:bournemouth:chelsea,chelsea,MID,0,Chelsea,2025-12-06,5,326.0,0.0,0.0,0.52,0.6199999999999999,10.0,1.0,0.2806531976262482,0.2462081537560799,0.4731386486176719,2025-12-06,0.4731386486176719,0.2806531976262482,22.170271439673343,0.7417000111019156,21.428571428571427
2025-12-13:chelsea:everton,chelsea,MID,1,Chelsea,2025-12-13,7,367.0,1.0,1.0,1.66,0.8900000000000001,21.0,1.0,0.572708589927065,0.2395855504004135,0.1877058596725215,2025-12-13,0.572708589927065,0.1877058596725215,23.9537580187897,3.2870913521230314,20.666666666666668
2025-12-20:newcastle:chelsea,chelsea,MID,0,Chelsea,2025-12-20,6,396.0,0.0,1.0,0.53,0.31,12.0,0.0,0.339674715052421,0.2625872067073865,0.3977380782401924,2025-12-20,0.3977380782401924,0.339674715052421,20.819704154431136,0.1322041544311361,20.6875
2025-12-27:chelsea:aston villa,chelsea,MID,1,Chelsea,2025-12-27,7,448.0,0.0,0.0,0.5800000000000001,0.73,12.0,0.0,0.5522786188831802,0.2327572578592025,0.2149641232576172,2025-12-27,0.5522786188831802,0.2149641232576172,23.587818472282535,3.4113478840472418,20.176470588235293
2025-12-30:chelsea:bournemouth,chelsea,MID,1,Chelsea,2025-12-30,8,426.0,2.0,2.0,1.48,1.61,29.0,0.0,0.6301849010737935,0.2023703575619535,0.1674447413642529,2025-12-30,0.6301849010737935,0.1674447413642529,24.983267810593063,5.261045588370841,19.72222222222222
2026-01-04:man city:chelsea,chelsea,MID,0,Chelsea,2026-01-04,5,360.0,1.0,0.0,1.51,0.42,17.0,0.0,0.6708574748125724,0.1818721588906997,0.1472703662967278,2026-01-04,0.1472703662967278,0.6708574748125724,16.33335218034385,-3.877174135445621,20.210526315789473
2026-01-07:fulham:chelsea,chelsea,MID,0,Chelsea,2026-01-07,5,345.0,0.0,1.0,1.31,0.52,12.0,0.0,0.2565422189320619,0.2605269850098737,0.4829307960580643,2026-01-07,0.4829307960580643,0.2565422189320619,22.34566738056681,2.295667380566808,20.05
2026-01-17:chelsea:brentford,chelsea,MID,1,Chelsea,2026-01-17,6,443.0,1.0,1.0,1.44,0.3,25.0,1.0,0.523829427186808,0.2432540515023289,0.232916521310863,2026-01-17,0.523829427186808,0.232916521310863,23.078239467716003,3.411572801049335,19.666666666666668
2026-01-25:crystal palace:chelsea,chelsea,MID,0,Chelsea,2026-01-25,6,414.0,2.0,1.0,1.41,0.12,30.0,1.0,0.2746747488179846,0.266855335309708,0.4584699158723074,2026-01-25,0.4584699158723074,0.2746747488179846,21.907526602828348,1.998435693737438,19.90909090909091
2026-01-31:chelsea:west ham,chelsea,MID,1,Chelsea,2026-01-31,6,404.0,1.0,0.0,1.05,0.76,17.0,0.0,0.6180040892387358,0.2087090184896463,0.1732868922716177,2026-01-31,0.6180040892387358,0.1732868922716177,24.765086357989176,4.417260271032653,20.347826086956523
2026-02-07:wolves:chelsea,chelsea,MID,0,Chelsea,2026-02-07,6,442.0,3.0,0.0,3.0,0.69,32.0,0.0,0.1637670836021671,0.2151706969330385,0.6210622194647943,2026-02-07,0.6210622194647943,0.1637670836021671,24.819863273026392,4.61152993969306,20.208333333333332
2026-02-10:chelsea:leeds,chelsea,MID,1,Chelsea,2026-02-10,6,437.0,1.0,1.0,1.88,2.1,21.0,1.0,0.652153115732062,0.2052063961872892,0.1426404880806487,2026-02-10,0.652153115732062,0.1426404880806487,25.376760218993958,4.696760218993958,20.68
2026-02-21:chelsea:burnley,chelsea,MID,1,Chelsea,2026-02-21,5,431.0,0.0,1.0,0.67,1.0,17.0,1.0,0.8066934531689952,0.1325643924654432,0.0607421543655615,2026-02-21,0.8066934531689952,0.0607421543655615,28.14487089703934,7.452563204731646,20.692307692307693
2026-03-01:arsenal:chelsea,chelsea,MID,0,Chelsea,2026-03-01,7,422.0,0.0,0.0,0.13,0.1,9.0,0.0,0.6555253215053819,0.2048844960336512,0.1395901824609669,2026-03-01,0.1395901824609669,0.6555253215053819,16.195785514981825,-4.359770040573732,20.555555555555557
2026-03-04:aston villa:chelsea,chelsea,MID,0,Chelsea,2026-03-04,6,362.0,1.0,2.0,0.65,1.63,23.0,0.0,0.3595368621340784,0.2655827844684128,0.3748803533975088,2026-03-04,0.3748803533975088,0.3595368621340784,20.41027893081483,0.26742178795768723,20.142857142857142
2026-03-14:chelsea:newcastle,chelsea,MID,1,Chelsea,2026-03-14,5,359.0,0.0,0.0,0.54,0.72,8.0,0.0,0.5786127446294461,0.2123772879990038,0.2090099673715499,2026-03-14,0.5786127446294461,0.2090099673715499,24.059512632423584,3.8181333220787543,20.24137931034483
2026-03-21:everton:chelsea,chelsea,MID,0,Chelsea,2026-03-21,8,480.0,0.0,0.0,0.7,0.45,11.0,0.0,0.2966047899593727,0.2699995280101321,0.4333956820304952,2026-03-21,0.4333956820304952,0.2966047899593727,21.458399497294156,1.625066163960824,19.833333333333332
2026-04-12:chelsea:man city,chelsea,MID,1,Chelsea,2026-04-12,8,447.0,0.0,0.0,0.41,0.78,13.0,0.0,0.2654434043482985,0.2343849810615432,0.5001716145901582,2026-04-12,0.2654434043482985,0.5001716145901582,18.45005552079767,-1.0983315759765233,19.548387096774192
2026-04-18:chelsea:man utd,chelsea,MID,1,Chelsea,2026-04-18,7,448.0,0.0,0.0,1.15,1.18,12.0,0.0,0.4600857341433466,0.2491711695125119,0.2907430963441416,2026-04-18,0.4600857341433466,0.2907430963441416,21.93646897401781,2.59271897401781,19.34375
2026-04-21:brighton:chelsea,chelsea,MID,0,Chelsea,2026-04-21,6,404.0,0.0,0.0,0.25,0.29,10.0,0.0,0.4203115443490167,0.2689343189858536,0.3107541366651297,2026-04-21,0.3107541366651297,0.4203115443490167,19.261656712023626,0.14044459081150507,19.12121212121212
2026-05-04:chelsea:nottm forest,chelsea,MID,1,Chelsea,2026-05-04,6,404.0,0.0,0.0,1.23,0.6399999999999999,8.0,0.0,0.6997496426629848,0.1849174796789225,0.1153328776580926,2026-05-04,0.6997496426629848,0.1153328776580926,26.22930432896867,7.376363152498083,18.852941176470587
2026-05-09:liverpool:chelsea,chelsea,MID,0,Chelsea,2026-05-09,4,332.0,1.0,0.0,0.29,0.31,13.0,0.0,0.4865744150858054,0.2483221560457068,0.2651034288684876,2026-05-09,0.2651034288684876,0.4865744150858054,18.443965914863412,-0.0988912279937324,18.542857142857144
2026-05-19:chelsea:spurs,chelsea,MID,1,Chelsea,2026-05-19,7,448.0,2.0,2.0,0.56,0.62,33.0,0.0,0.4368492650175419,0.2801255151523035,0.2830252198301545,2026-05-19,0.4368492650175419,0.2830252198301545,21.520259721637597,3.1313708327487078,18.38888888888889
2026-05-24:sunderland:chelsea,chelsea,MID,0,Chelsea,2026-05-24,4,328.0,1.0,1.0,0.25,0.22,17.0,0.0,0.2726942717731145,0.2511220017227591,0.4761837265041262,2026-05-24,0.4761837265041262,0.2726942717731145,22.22481456254192,3.4410307787581367,18.783783783783782
2025-08-17:chelsea:crystal palace,crystal palace,DEF,0,Crystal Palace,2025-08-17,5,450.0,0.0,0.0,0.13,0.01,34.0,1.0,0.5368763362818426,0.2489779337476775,0.2141457299704799,2025-08-17,0.2141457299704799,0.5368763362818426,13.448440705963657,-2.3910329782468693,15.839473684210526
2025-08-24:crystal palace:nottm forest,crystal palace,DEF,1,Crystal Palace,2025-08-24,5,450.0,0.0,1.0,0.21,0.4599999999999999,13.0,0.0,0.4021888679417777,0.2896029687875263,0.3082081632706959,2025-08-24,0.4021888679417777,0.3082081632706959,16.92310452435585,-17.07689547564415,34.0
2025-08-31:aston villa:crystal palace,crystal palace,DEF,0,Crystal Palace,2025-08-31,6,454.0,1.0,1.0,0.05,0.63,50.0,1.0,0.463755931073794,0.2651537107220227,0.2710903582041832,2025-08-31,0.2710903582041832,0.463755931073794,14.559521548640427,-8.940478451359573,23.5
2025-09-13:crystal palace:sunderland,crystal palace,DEF,1,Crystal Palace,2025-09-13,5,450.0,0.0,0.0,0.3399999999999999,0.41,29.0,1.0,0.5835937273539467,0.2537046133017643,0.1627016593442889,2025-09-13,0.5835937273539467,0.1627016593442889,19.13410825905216,-13.199225074281177,32.333333333333336
2025-09-20:west ham:crystal palace,crystal palace,DEF,0,Crystal Palace,2025-09-20,5,450.0,1.0,1.0,0.8700000000000001,0.2299999999999999,23.0,0.0,0.3102603774628032,0.2728060938578318,0.4169335286793648,2025-09-20,0.4169335286793648,0.3102603774628032,16.891920672633034,-14.608079327366966,31.5
2025-09-27:crystal palace:liverpool,crystal palace,DEF,1,Crystal Palace,2025-09-27,5,450.0,0.0,1.0,0.37,0.19,21.0,0.0,0.2288705963162855,0.2494955463390165,0.5216338573446981,2025-09-27,0.2288705963162855,0.5216338573446981,13.680053568252626,-16.119946431747373,29.8
2025-10-05:everton:crystal palace,crystal palace,DEF,0,Crystal Palace,2025-10-05,5,450.0,1.0,0.0,0.45,1.08,18.0,0.0,0.3598436103223405,0.3036545543239985,0.3365018353536609,2025-10-05,0.3365018353536609,0.3598436103223405,16.138492406043653,-12.194840927289679,28.333333333333332
2025-10-18:crystal palace:bournemouth,crystal palace,DEF,1,Crystal Palace,2025-10-18,5,450.0,0.0,3.0,0.37,1.17,19.0,0.0,0.4542175915374374,0.2750877371435407,0.270694671319022,2025-10-18,0.4542175915374374,0.270694671319022,17.49313038965051,-9.364012467492348,26.857142857142858
2025-10-26:arsenal:crystal palace,crystal palace,DEF,0,Crystal Palace,2025-10-26,6,451.0,0.0,0.0,0.0999999999999999,0.07,15.0,0.0,0.7167624217453205,0.1820788945833489,0.1011586836713305,2025-10-26,0.1011586836713305,0.7167624217453205,10.715031572714127,-15.159968427285873,25.875
2025-11-01:crystal palace:brentford,crystal palace,DEF,1,Crystal Palace,2025-11-01,6,451.0,0.0,0.0,0.02,0.08,37.0,1.0,0.470713178674951,0.2716935229064415,0.2575932984186074,2025-11-01,0.470713178674951,0.2575932984186074,17.692208668839434,-6.974457997827233,24.666666666666668
2025-11-09:crystal palace:brighton,crystal palace,DEF,1,Crystal Palace,2025-11-09,5,450.0,0.0,0.0,0.2,0.51,41.0,1.0,0.4046089865508196,0.2763396010397786,0.3190514124094016,2025-11-09,0.4046089865508196,0.3190514124094016,16.758338938660472,-9.141661061339526,25.9
2025-11-22:wolves:crystal palace,crystal palace,DEF,0,Crystal Palace,2025-11-22,6,449.0,1.0,1.0,0.49,0.08,43.0,1.0,0.2052592601779916,0.2545511853031266,0.5401895545188818,2025-11-22,0.5401895545188818,0.2052592601779916,18.48743603585984,-8.785291236867433,27.272727272727273
2025-11-30:crystal palace:man utd,crystal palace,DEF,1,Crystal Palace,2025-11-30,5,444.0,0.0,0.0,0.12,0.09,6.0,0.0,0.4682412762350407,0.2575108783712589,0.2742478453937003,2025-11-30,0.4682412762350407,0.2742478453937003,17.439139118214882,-11.14419421511845,28.583333333333332
2025-12-03:burnley:crystal palace,crystal palace,DEF,0,Crystal Palace,2025-12-03,6,452.0,1.0,1.0,0.39,0.52,52.0,1.0,0.1783523049728147,0.2558525012931171,0.5657951937340681,2025-12-03,0.5657951937340681,0.1783523049728147,18.896293212979852,-7.949860633173994,26.846153846153847
2025-12-07:fulham:crystal palace,crystal palace,DEF,0,Crystal Palace,2025-12-07,6,449.0,1.0,0.0,0.42,0.14,19.0,0.0,0.3849968813754542,0.2820472501592839,0.3329558684652619,2025-12-07,0.3329558684652619,0.3849968813754542,15.756282850198707,-12.886574292658436,28.642857142857142
2025-12-14:crystal palace:man city,crystal palace,DEF,1,Crystal Palace,2025-12-14,5,436.0,0.0,0.0,0.32,0.12,5.0,0.0,0.2271813659410452,0.246354100378557,0.5264645336803977,2025-12-14,0.2271813659410452,0.5264645336803977,13.606650365432614,-14.393349634567386,28.0
2025-12-20:leeds:crystal palace,crystal palace,DEF,0,Crystal Palace,2025-12-20,6,449.0,0.0,0.0,0.0,0.14,6.0,0.0,0.3346897924358366,0.3074334630057203,0.3578767445584431,2025-12-20,0.3578767445584431,0.3346897924358366,16.520710271143756,-10.041789728856244,26.5625
2025-12-28:crystal palace:spurs,crystal palace,DEF,1,Crystal Palace,2025-12-28,4,327.0,0.0,0.0,0.46,0.6300000000000001,8.0,0.0,0.4326949001864595,0.2761197924038664,0.2911853074096741,2025-12-28,0.4326949001864595,0.2911853074096741,17.18177061053267,-8.171170565937917,25.352941176470587
2026-01-01:crystal palace:fulham,crystal palace,DEF,1,Crystal Palace,2026-01-01,6,394.0,0.0,1.0,0.6699999999999999,0.55,17.0,0.0,0.4345271396750945,0.2860214630476514,0.279451397277254,2026-01-01,0.4345271396750945,0.279451397277254,17.360069988397548,-7.028818900491341,24.38888888888889
2026-01-04:newcastle:crystal palace,crystal palace,DEF,0,Crystal Palace,2026-01-04,5,373.0,0.0,0.0,0.19,0.04,10.0,0.0,0.5836798692971529,0.2338776546157756,0.1824424760870715,2026-01-04,0.1824424760870715,0.5836798692971529,12.737250597608282,-11.262749402391718,24.0
2026-01-07:crystal palace:aston villa,crystal palace,DEF,1,Crystal Palace,2026-01-07,5,361.0,0.0,0.0,0.26,0.13,30.0,1.0,0.3156745158214399,0.2806661928816611,0.4036592912968989,2026-01-07,0.3156745158214399,0.4036592912968989,15.472703374908605,-7.827296625091396,23.3
2026-01-17:sunderland:crystal palace,crystal palace,DEF,0,Crystal Palace,2026-01-17,3,270.0,0.0,0.0,0.2299999999999999,0.02,3.0,0.0,0.402976626889355,0.299552444896086,0.297470928214559,2026-01-17,0.297470928214559,0.402976626889355,15.48307661262578,-8.13597100642184,23.61904761904762
2026-01-25:crystal palace:chelsea,crystal palace,DEF,1,Crystal Palace,2026-01-25,7,422.0,1.0,1.0,0.63,0.08,15.0,0.0,0.2746747488179846,0.266855335309708,0.4584699158723074,2026-01-25,0.2746747488179846,0.4584699158723074,14.639843726940164,-8.04197445487802,22.681818181818183
2026-02-01:nottm forest:crystal palace,crystal palace,DEF,0,Crystal Palace,2026-02-01,5,420.0,0.0,0.0,0.1,0.39,8.0,0.0,0.4628832602915292,0.2903246301799415,0.2467921095285292,2026-02-01,0.2467921095285292,0.4628832602915292,14.572781975540131,-7.775044111416392,22.347826086956523
2026-02-08:brighton:crystal palace,crystal palace,DEF,0,Crystal Palace,2026-02-08,4,360.0,0.0,0.0,0.27,0.21,30.0,1.0,0.4403473885300152,0.2853780520251562,0.2742745594448287,2026-02-08,0.2742745594448287,0.4403473885300152,14.915219566196187,-6.834780433803813,21.75
2026-02-11:crystal palace:burnley,crystal palace,DEF,1,Crystal Palace,2026-02-11,5,386.0,0.0,0.0,0.62,0.99,6.0,0.0,0.6755787583678707,0.202765023015425,0.1216562186167041,2026-02-11,0.6755787583678707,0.1216562186167041,19.75780287264033,-2.3221971273596687,22.08
2026-02-22:crystal palace:wolves,crystal palace,DEF,1,Crystal Palace,2026-02-22,5,431.0,0.0,1.0,0.74,0.17,36.0,1.0,0.5511638015950926,0.2471080820617529,0.2017281163431545,2026-02-22,0.5511638015950926,0.2017281163431545,18.541092552894458,-2.9204459086440018,21.46153846153846
2026-03-01:man utd:crystal palace,crystal palace,DEF,0,Crystal Palace,2026-03-01,6,447.0,1.0,0.0,0.03,0.14,10.0,0.0,0.6511993160520385,0.205905608275753,0.1428950756722084,2026-03-01,0.1428950756722084,0.6511993160520385,11.711277566085338,-10.288722433914662,22.0
2026-03-05:spurs:crystal palace,crystal palace,DEF,0,Crystal Palace,2026-03-05,6,449.0,0.0,0.0,0.2299999999999999,0.14,12.0,0.0,0.3914621693335194,0.2751816367252757,0.3333561939412048,2026-03-05,0.3333561939412048,0.3914621693335194,15.658041359712486,-5.913387211716087,21.571428571428573
2026-03-15:crystal palace:leeds,crystal palace,DEF,1,Crystal Palace,2026-03-15,4,349.0,0.0,0.0,0.32,0.16,36.0,1.0,0.3574756948982744,0.2893563823926,0.3531679227091256,2026-03-15,0.3574756948982744,0.3531679227091256,16.239930966150556,-5.001448344194273,21.24137931034483
2026-04-12:crystal palace:newcastle,crystal palace,DEF,1,Crystal Palace,2026-04-12,6,451.0,0.0,1.0,0.64,0.67,20.0,0.0,0.3233820220060561,0.2816574067320091,0.3949605712619347,2026-04-12,0.3233820220060561,0.3949605712619347,15.6048823632383,-6.1284509700950345,21.733333333333334
2026-04-20:crystal palace:west ham,crystal palace,DEF,1,Crystal Palace,2026-04-20,5,450.0,0.0,0.0,0.0699999999999999,0.15,41.0,1.0,0.3771290036842804,0.2795964582449706,0.343274538070749,2026-04-20,0.3771290036842804,0.343274538070749,16.39026314920748,-5.287156205631227,21.677419354838708
2026-04-25:liverpool:crystal palace,crystal palace,DEF,0,Crystal Palace,2026-04-25,6,450.0,1.0,0.0,0.96,0.02,13.0,0.0,0.6290277183249533,0.2043238691499102,0.1666484125251364,2026-04-25,0.1666484125251364,0.6290277183249533,12.04817993165632,-10.23307006834368,22.28125
2026-05-03:bournemouth:crystal palace,crystal palace,DEF,0,Crystal Palace,2026-05-03,6,359.0,0.0,0.0,0.0,0.12,5.0,0.0,0.6285595194840425,0.2111770646754749,0.1602634158404826,2026-05-03,0.1602634158404826,0.6285595194840425,12.055294317322252,-9.944705682677748,22.0
2026-05-10:crystal palace:everton,crystal palace,DEF,1,Crystal Palace,2026-05-10,5,450.0,0.0,1.0,0.95,0.7000000000000001,11.0,0.0,0.3395010365800045,0.2860155669838932,0.3744833964361023,2026-05-10,0.3395010365800045,0.3744833964361023,15.916037595439079,-5.583962404560921,21.5
2026-05-13:man city:crystal palace,crystal palace,DEF,0,Crystal Palace,2026-05-13,6,449.0,0.0,0.0,0.31,0.01,11.0,0.0,0.7611032402495629,0.1487222193530597,0.0901745403973774,2026-05-13,0.0901745403973774,0.7611032402495629,10.041262959855722,-11.158737040144278,21.2
2026-05-17:brentford:crystal palace,crystal palace,DEF,0,Crystal Palace,2026-05-17,6,432.0,0.0,1.0,0.37,0.21,14.0,0.0,0.5669278279019505,0.2317315518662988,0.2013406202317507,2026-05-17,0.2013406202317507,0.5669278279019505,12.991801597660574,-7.924865069006094,20.916666666666668
2026-05-24:crystal palace:arsenal,crystal palace,DEF,1,Crystal Palace,2026-05-24,4,270.0,0.0,0.0,0.2299999999999999,0.04,6.0,0.0,0.227928795665564,0.2498159196253463,0.5222552847090897,2026-05-24,0.227928795665564,0.5222552847090897,13.670610841045,-7.059118888684729,20.72972972972973
2025-08-17:chelsea:crystal palace,crystal palace,FWD,0,Crystal Palace,2025-08-17,1,90.0,0.0,0.0,0.29,0.0,1.0,1.0,0.5368763362818426,0.2489779337476775,0.2141457299704799,2025-08-17,0.2141457299704799,0.5368763362818426,5.659090909090909,0.0,5.659090909090909
2025-08-24:crystal palace:nottm forest,crystal palace,FWD,1,Crystal Palace,2025-08-24,2,89.0,0.0,0.0,0.16,0.0,3.0,0.0,0.4021888679417777,0.2896029687875263,0.3082081632706959,2025-08-24,0.4021888679417777,0.3082081632706959,1.0,0.0,1.0
2025-08-31:aston villa:crystal palace,crystal palace,FWD,0,Crystal Palace,2025-08-31,1,84.0,1.0,0.0,0.79,0.33,5.0,1.0,0.463755931073794,0.2651537107220227,0.2710903582041832,2025-08-31,0.2710903582041832,0.463755931073794,2.0,0.0,2.0
2025-09-13:crystal palace:sunderland,crystal palace,FWD,1,Crystal Palace,2025-09-13,2,96.0,0.0,0.0,0.6,0.01,3.0,1.0,0.5835937273539467,0.2537046133017643,0.1627016593442889,2025-09-13,0.5835937273539467,0.1627016593442889,3.0,0.0,3.0
2025-09-20:west ham:crystal palace,crystal palace,FWD,0,Crystal Palace,2025-09-20,2,105.0,1.0,0.0,0.88,0.0,7.0,0.0,0.3102603774628032,0.2728060938578318,0.4169335286793648,2025-09-20,0.4169335286793648,0.3102603774628032,3.0,0.0,3.0
2025-09-27:crystal palace:liverpool,crystal palace,FWD,1,Crystal Palace,2025-09-27,2,105.0,1.0,0.0,1.49,0.1,6.0,0.0,0.2288705963162855,0.2494955463390165,0.5216338573446981,2025-09-27,0.2288705963162855,0.5216338573446981,3.8,0.0,3.8
2025-10-05:everton:crystal palace,crystal palace,FWD,0,Crystal Palace,2025-10-05,3,90.0,0.0,0.0,0.59,0.0,4.0,1.0,0.3598436103223405,0.3036545543239985,0.3365018353536609,2025-10-05,0.3365018353536609,0.3598436103223405,4.166666666666667,0.0,4.166666666666667
2025-10-18:crystal palace:bournemouth,crystal palace,FWD,1,Crystal Palace,2025-10-18,2,116.0,3.0,0.0,3.71,0.38,18.0,0.0,0.4542175915374374,0.2750877371435407,0.270694671319022,2025-10-18,0.4542175915374374,0.270694671319022,4.142857142857143,0.0,4.142857142857143
2025-10-26:arsenal:crystal palace,crystal palace,FWD,0,Crystal Palace,2025-10-26,3,122.0,0.0,0.0,0.33,0.09,4.0,0.0,0.7167624217453205,0.1820788945833489,0.1011586836713305,2025-10-26,0.1011586836713305,0.7167624217453205,5.875,0.0,5.875
2025-11-01:crystal palace:brentford,crystal palace,FWD,1,Crystal Palace,2025-11-01,1,89.0,1.0,0.0,0.11,0.01,9.0,1.0,0.470713178674951,0.2716935229064415,0.2575932984186074,2025-11-01,0.470713178674951,0.2575932984186074,5.666666666666667,0.0,5.666666666666667
2025-11-09:crystal palace:brighton,crystal palace,FWD,1,Crystal Palace,2025-11-09,1,90.0,0.0,0.0,0.08,0.13,2.0,1.0,0.4046089865508196,0.2763396010397786,0.3190514124094016,2025-11-09,0.4046089865508196,0.3190514124094016,6.0,0.0,6.0
2025-11-22:wolves:crystal palace,crystal palace,FWD,0,Crystal Palace,2025-11-22,2,89.0,0.0,0.0,0.43,0.01,2.0,0.0,0.2052592601779916,0.2545511853031266,0.5401895545188818,2025-11-22,0.5401895545188818,0.2052592601779916,5.636363636363637,0.0,5.636363636363637
2025-11-30:crystal palace:man utd,crystal palace,FWD,1,Crystal Palace,2025-11-30,3,154.0,1.0,0.0,1.22,0.01,7.0,0.0,0.4682412762350407,0.2575108783712589,0.2742478453937003,2025-11-30,0.4682412762350407,0.2742478453937003,5.333333333333333,0.0,5.333333333333333
2025-12-03:burnley:crystal palace,crystal palace,FWD,0,Crystal Palace,2025-12-03,2,89.0,0.0,0.0,0.2,0.07,3.0,1.0,0.1783523049728147,0.2558525012931171,0.5657951937340681,2025-12-03,0.5657951937340681,0.1783523049728147,5.461538461538462,0.0,5.461538461538462
2025-12-07:fulham:crystal palace,crystal palace,FWD,0,Crystal Palace,2025-12-07,3,153.0,1.0,0.0,0.92,0.03,12.0,0.0,0.3849968813754542,0.2820472501592839,0.3329558684652619,2025-12-07,0.3329558684652619,0.3849968813754542,5.285714285714286,0.0,5.285714285714286
2025-12-14:crystal palace:man city,crystal palace,FWD,1,Crystal Palace,2025-12-14,3,102.0,0.0,0.0,0.23,0.11,4.0,0.0,0.2271813659410452,0.246354100378557,0.5264645336803977,2025-12-14,0.2271813659410452,0.5264645336803977,5.733333333333333,0.0,5.733333333333333
2025-12-20:leeds:crystal palace,crystal palace,FWD,0,Crystal Palace,2025-12-20,3,165.0,0.0,1.0,0.22,0.04,8.0,0.0,0.3346897924358366,0.3074334630057203,0.3578767445584431,2025-12-20,0.3578767445584431,0.3346897924358366,5.625,0.0,5.625
2025-12-28:crystal palace:spurs,crystal palace,FWD,1,Crystal Palace,2025-12-28,3,135.0,0.0,0.0,0.32,0.19,4.0,0.0,0.4326949001864595,0.2761197924038664,0.2911853074096741,2025-12-28,0.4326949001864595,0.2911853074096741,5.764705882352941,0.0,5.764705882352941
2026-01-01:crystal palace:fulham,crystal palace,FWD,1,Crystal Palace,2026-01-01,2,98.0,1.0,0.0,0.51,0.0,10.0,0.0,0.4345271396750945,0.2860214630476514,0.279451397277254,2026-01-01,0.4345271396750945,0.279451397277254,5.666666666666667,0.0,5.666666666666667
2026-01-04:newcastle:crystal palace,crystal palace,FWD,0,Crystal Palace,2026-01-04,2,104.0,0.0,0.0,0.17,0.02,3.0,0.0,0.5836798692971529,0.2338776546157756,0.1824424760870715,2026-01-04,0.1824424760870715,0.5836798692971529,5.894736842105263,0.0,5.894736842105263
2026-01-07:crystal palace:aston villa,crystal palace,FWD,1,Crystal Palace,2026-01-07,1,90.0,0.0,0.0,0.0,0.0,2.0,1.0,0.3156745158214399,0.2806661928816611,0.4036592912968989,2026-01-07,0.3156745158214399,0.4036592912968989,5.75,0.0,5.75
2026-01-17:sunderland:crystal palace,crystal palace,FWD,0,Crystal Palace,2026-01-17,1,90.0,0.0,0.0,0.3,0.2,2.0,0.0,0.402976626889355,0.299552444896086,0.297470928214559,2026-01-17,0.297470928214559,0.402976626889355,5.571428571428571,0.0,5.571428571428571
2026-01-25:crystal palace:chelsea,crystal palace,FWD,1,Crystal Palace,2026-01-25,2,89.0,0.0,0.0,0.46,0.0,3.0,0.0,0.2746747488179846,0.266855335309708,0.4584699158723074,2026-01-25,0.2746747488179846,0.4584699158723074,5.409090909090909,0.0,5.409090909090909
2026-02-01:nottm forest:crystal palace,crystal palace,FWD,0,Crystal Palace,2026-02-01,1,29.0,0.0,0.0,0.03,0.0,1.0,0.0,0.4628832602915292,0.2903246301799415,0.2467921095285292,2026-02-01,0.2467921095285292,0.4628832602915292,5.304347826086956,0.0,5.304347826086956
2026-02-08:brighton:crystal palace,crystal palace,FWD,0,Crystal Palace,2026-02-08,1,90.0,0.0,0.0,0.37,0.05,1.0,1.0,0.4403473885300152,0.2853780520251562,0.2742745594448287,2026-02-08,0.2742745594448287,0.4403473885300152,5.125,0.0,5.125
2026-02-11:crystal palace:burnley,crystal palace,FWD,1,Crystal Palace,2026-02-11,2,97.0,2.0,0.0,0.34,0.03,14.0,0.0,0.6755787583678707,0.202765023015425,0.1216562186167041,2026-02-11,0.6755787583678707,0.1216562186167041,4.96,0.0,4.96
2026-02-22:crystal palace:wolves,crystal palace,FWD,1,Crystal Palace,2026-02-22,1,90.0,0.0,0.0,0.04,0.02,2.0,1.0,0.5511638015950926,0.2471080820617529,0.2017281163431545,2026-02-22,0.5511638015950926,0.2017281163431545,5.3076923076923075,0.0,5.3076923076923075
2026-03-01:man utd:crystal palace,crystal palace,FWD,0,Crystal Palace,2026-03-01,1,57.0,0.0,0.0,0.19,0.01,1.0,0.0,0.6511993160520385,0.205905608275753,0.1428950756722084,2026-03-01,0.1428950756722084,0.6511993160520385,5.185185185185185,0.0,5.185185185185185
2026-03-05:spurs:crystal palace,crystal palace,FWD,0,Crystal Palace,2026-03-05,2,89.0,1.0,0.0,0.27,0.12,6.0,0.0,0.3914621693335194,0.2751816367252757,0.3333561939412048,2026-03-05,0.3333561939412048,0.3914621693335194,5.035714285714286,0.0,5.035714285714286
2026-03-15:crystal palace:leeds,crystal palace,FWD,1,Crystal Palace,2026-03-15,2,89.0,0.0,0.0,0.11,0.02,2.0,0.0,0.3574756948982744,0.2893563823926,0.3531679227091256,2026-03-15,0.3574756948982744,0.3531679227091256,5.068965517241379,0.0,5.068965517241379
2026-04-12:crystal palace:newcastle,crystal palace,FWD,1,Crystal Palace,2026-04-12,2,89.0,2.0,0.0,1.1,0.02,14.0,0.0,0.3233820220060561,0.2816574067320091,0.3949605712619347,2026-04-12,0.3233820220060561,0.3949605712619347,4.966666666666667,0.0,4.966666666666667
2026-04-20:crystal palace:west ham,crystal palace,FWD,1,Crystal Palace,2026-04-20,2,89.0,0.0,0.0,0.15,0.02,2.0,0.0,0.3771290036842804,0.2795964582449706,0.343274538070749,2026-04-20,0.3771290036842804,0.343274538070749,5.258064516129032,0.0,5.258064516129032
2026-04-25:liverpool:crystal palace,crystal palace,FWD,0,Crystal Palace,2026-04-25,2,89.0,0.0,0.0,0.6,0.01,3.0,0.0,0.6290277183249533,0.2043238691499102,0.1666484125251364,2026-04-25,0.1666484125251364,0.6290277183249533,5.15625,0.0,5.15625
2026-05-03:bournemouth:crystal palace,crystal palace,FWD,0,Crystal Palace,2026-05-03,2,89.0,0.0,0.0,0.27,0.11,3.0,0.0,0.6285595194840425,0.2111770646754749,0.1602634158404826,2026-05-03,0.1602634158404826,0.6285595194840425,5.090909090909091,0.0,5.090909090909091
2026-05-10:crystal palace:everton,crystal palace,FWD,1,Crystal Palace,2026-05-10,2,89.0,1.0,0.0,0.6799999999999999,0.11,7.0,0.0,0.3395010365800045,0.2860155669838932,0.3744833964361023,2026-05-10,0.3395010365800045,0.3744833964361023,5.029411764705882,0.0,5.029411764705882
2026-05-13:man city:crystal palace,crystal palace,FWD,0,Crystal Palace,2026-05-13,2,89.0,0.0,0.0,0.12,0.04,2.0,0.0,0.7611032402495629,0.1487222193530597,0.0901745403973774,2026-05-13,0.0901745403973774,0.7611032402495629,5.085714285714285,0.0,5.085714285714285
2026-05-17:brentford:crystal palace,crystal palace,FWD,0,Crystal Palace,2026-05-17,2,89.0,0.0,0.0,0.2,0.17,3.0,0.0,0.5669278279019505,0.2317315518662988,0.2013406202317507,2026-05-17,0.2013406202317507,0.5669278279019505,5.0,0.0,5.0
2026-05-24:crystal palace:arsenal,crystal palace,FWD,1,Crystal Palace,2026-05-24,2,89.0,1.0,0.0,0.45,0.01,8.0,0.0,0.227928795665564,0.2498159196253463,0.5222552847090897,2026-05-24,0.227928795665564,0.5222552847090897,4.945945945945946,0.0,4.945945945945946
2025-08-17:chelsea:crystal palace,crystal palace,GKP,0,Crystal Palace,2025-08-17,1,90.0,0.0,0.0,0.0,0.0,6.0,1.0,0.5368763362818426,0.2489779337476775,0.2141457299704799,2025-08-17,0.2141457299704799,0.5368763362818426,2.96946919389566,-0.40421501663065573,3.373684210526316
2025-08-24:crystal palace:nottm forest,crystal palace,GKP,1,Crystal Palace,2025-08-24,1,90.0,0.0,0.0,0.0,0.0,2.0,0.0,0.4021888679417777,0.2896029687875263,0.3082081632706959,2025-08-24,0.4021888679417777,0.3082081632706959,3.556876940219228,-2.443123059780772,6.0
2025-08-31:aston villa:crystal palace,crystal palace,GKP,0,Crystal Palace,2025-08-31,1,90.0,0.0,0.0,0.0,0.0,7.0,1.0,0.463755931073794,0.2651537107220227,0.2710903582041832,2025-08-31,0.2710903582041832,0.463755931073794,3.157302471557052,-0.8426975284429479,4.0
2025-09-13:crystal palace:sunderland,crystal palace,GKP,1,Crystal Palace,2025-09-13,1,90.0,0.0,0.0,0.0,0.0,6.0,1.0,0.5835937273539467,0.2537046133017643,0.1627016593442889,2025-09-13,0.5835937273539467,0.1627016593442889,3.9306571931565957,-1.0693428068434043,5.0
2025-09-20:west ham:crystal palace,crystal palace,GKP,0,Crystal Palace,2025-09-20,1,90.0,0.0,0.0,0.0,0.03,1.0,0.0,0.3102603774628032,0.2728060938578318,0.4169335286793648,2025-09-20,0.4169335286793648,0.3102603774628032,3.5516051680364846,-1.6983948319635154,5.25
2025-09-27:crystal palace:liverpool,crystal palace,GKP,1,Crystal Palace,2025-09-27,1,90.0,0.0,0.0,0.0,0.0,3.0,0.0,0.2288705963162855,0.2494955463390165,0.5216338573446981,2025-09-27,0.2288705963162855,0.5216338573446981,3.008624403310903,-1.3913755966890973,4.4
2025-10-05:everton:crystal palace,crystal palace,GKP,0,Crystal Palace,2025-10-05,1,90.0,0.0,0.0,0.0,0.0,2.0,0.0,0.3598436103223405,0.3036545543239985,0.3365018353536609,2025-10-05,0.3365018353536609,0.3598436103223405,3.4242346875453595,-0.7424319791213074,4.166666666666667
2025-10-18:crystal palace:bournemouth,crystal palace,GKP,1,Crystal Palace,2025-10-18,1,90.0,0.0,0.0,0.0,0.02,1.0,0.0,0.4542175915374374,0.2750877371435407,0.270694671319022,2025-10-18,0.4542175915374374,0.270694671319022,3.653242409334976,-0.2039004478078814,3.857142857142857
2025-10-26:arsenal:crystal palace,crystal palace,GKP,0,Crystal Palace,2025-10-26,1,90.0,0.0,0.0,0.0,0.01,2.0,0.0,0.7167624217453205,0.1820788945833489,0.1011586836713305,2025-10-26,0.1011586836713305,0.7167624217453205,2.507373928666426,-0.9926260713335742,3.5
2025-11-01:crystal palace:brentford,crystal palace,GKP,1,Crystal Palace,2025-11-01,1,90.0,0.0,0.0,0.0,0.0,6.0,1.0,0.470713178674951,0.2716935229064415,0.2575932984186074,2025-11-01,0.470713178674951,0.2575932984186074,3.6868974992752888,0.3535641659419553,3.3333333333333335
2025-11-09:crystal palace:brighton,crystal palace,GKP,1,Crystal Palace,2025-11-09,1,90.0,0.0,0.0,0.0,0.0,9.0,1.0,0.4046089865508196,0.2763396010397786,0.3190514124094016,2025-11-09,0.4046089865508196,0.3190514124094016,3.529022567415534,-0.0709774325844661,3.6
2025-11-22:wolves:crystal palace,crystal palace,GKP,0,Crystal Palace,2025-11-22,1,90.0,0.0,0.0,0.0,0.0,6.0,1.0,0.2052592601779916,0.2545511853031266,0.5401895545188818,2025-11-22,0.5401895545188818,0.2052592601779916,3.821334308097971,-0.2695747828111199,4.090909090909091
2025-11-30:crystal palace:man utd,crystal palace,GKP,1,Crystal Palace,2025-11-30,1,90.0,0.0,0.0,0.0,0.0,2.0,0.0,0.4682412762350407,0.2575108783712589,0.2742478453937003,2025-11-30,0.4682412762350407,0.2742478453937003,3.6441149389571876,-0.6058850610428124,4.25
2025-12-03:burnley:crystal palace,crystal palace,GKP,0,Crystal Palace,2025-12-03,1,90.0,0.0,0.0,0.0,0.0,7.0,1.0,0.1783523049728147,0.2558525012931171,0.5657951937340681,2025-12-03,0.5657951937340681,0.1783523049728147,3.890453476320528,-0.1864696006025488,4.076923076923077
2025-12-07:fulham:crystal palace,crystal palace,GKP,0,Crystal Palace,2025-12-07,1,90.0,0.0,0.0,0.0,0.01,3.0,0.0,0.3849968813754542,0.2820472501592839,0.3329558684652619,2025-12-07,0.3329558684652619,0.3849968813754542,3.3596204210848706,-0.926093864629415,4.285714285714286
2025-12-14:crystal palace:man city,crystal palace,GKP,1,Crystal Palace,2025-12-14,1,90.0,0.0,0.0,0.0,0.0,1.0,0.0,0.2271813659410452,0.246354100378557,0.5264645336803977,2025-12-14,0.2271813659410452,0.5264645336803977,2.996215257507156,-1.2037847424928443,4.2
2025-12-20:leeds:crystal palace,crystal palace,GKP,0,Crystal Palace,2025-12-20,1,90.0,0.0,0.0,0.0,0.01,0.0,0.0,0.3346897924358366,0.3074334630057203,0.3578767445584431,2025-12-20,0.3578767445584431,0.3346897924358366,3.4888503587232824,-0.5111496412767176,4.0
2025-12-28:crystal palace:spurs,crystal palace,GKP,1,Crystal Palace,2025-12-28,1,90.0,0.0,0.0,0.0,0.0,3.0,0.0,0.4326949001864595,0.2761197924038664,0.2911853074096741,2025-12-28,0.4326949001864595,0.2911853074096741,3.6006056203658368,-0.16410026198710437,3.764705882352941
2026-01-01:crystal palace:fulham,crystal palace,GKP,1,Crystal Palace,2026-01-01,1,90.0,0.0,0.0,0.0,0.0,3.0,0.0,0.4345271396750945,0.2860214630476514,0.279451397277254,2026-01-01,0.4345271396750945,0.279451397277254,3.6307479423850544,-0.09147427983716794,3.7222222222222223
2026-01-04:newcastle:crystal palace,crystal palace,GKP,0,Crystal Palace,2026-01-04,1,90.0,0.0,0.0,0.0,0.0,2.0,0.0,0.5836798692971529,0.2338776546157756,0.1824424760870715,2026-01-04,0.1824424760870715,0.5836798692971529,2.849239266457687,-0.8349712598581025,3.6842105263157894
2026-01-07:crystal palace:aston villa,crystal palace,GKP,1,Crystal Palace,2026-01-07,1,90.0,0.0,0.0,0.0,0.0,7.0,1.0,0.3156745158214399,0.2806661928816611,0.4036592912968989,2026-01-07,0.3156745158214399,0.4036592912968989,3.311680019022936,-0.288319980977064,3.6
2026-01-17:sunderland:crystal palace,crystal palace,GKP,0,Crystal Palace,2026-01-17,1,90.0,0.0,0.0,0.0,0.0,2.0,0.0,0.402976626889355,0.299552444896086,0.297470928214559,2026-01-17,0.297470928214559,0.402976626889355,3.3134336621113034,-0.44847109979345845,3.761904761904762
2026-01-25:crystal palace:chelsea,crystal palace,GKP,1,Crystal Palace,2026-01-25,1,90.0,0.0,0.0,0.0,0.0,1.0,0.0,0.2746747488179846,0.266855335309708,0.4584699158723074,2026-01-25,0.2746747488179846,0.4584699158723074,3.1708813016830355,-0.5109368801351462,3.6818181818181817
2026-02-01:nottm forest:crystal palace,crystal palace,GKP,0,Crystal Palace,2026-02-01,1,90.0,0.0,0.0,0.0,0.0,2.0,0.0,0.4628832602915292,0.2903246301799415,0.2467921095285292,2026-02-01,0.2467921095285292,0.4628832602915292,3.15954420712848,-0.4056731841758676,3.5652173913043477
2026-02-08:brighton:crystal palace,crystal palace,GKP,0,Crystal Palace,2026-02-08,1,90.0,0.0,0.0,0.0,0.01,8.0,1.0,0.4403473885300152,0.2853780520251562,0.2742745594448287,2026-02-08,0.2742745594448287,0.4403473885300152,3.217434841704122,-0.28256515829587814,3.5
2026-02-11:crystal palace:burnley,crystal palace,GKP,1,Crystal Palace,2026-02-11,1,90.0,0.0,0.0,0.0,0.01,1.0,0.0,0.6755787583678707,0.202765023015425,0.1216562186167041,2026-02-11,0.6755787583678707,0.1216562186167041,4.036095608643795,0.3560956086437952,3.68
2026-02-22:crystal palace:wolves,crystal palace,GKP,1,Crystal Palace,2026-02-22,1,90.0,0.0,0.0,0.0,0.0,16.0,1.0,0.5511638015950926,0.2471080820617529,0.2017281163431545,2026-02-22,0.5511638015950926,0.2017281163431545,3.8304051867193913,0.25348210979631425,3.576923076923077
2026-03-01:man utd:crystal palace,crystal palace,GKP,0,Crystal Palace,2026-03-01,1,90.0,0.0,0.0,0.0,0.0,3.0,0.0,0.6511993160520385,0.205905608275753,0.1428950756722084,2026-03-01,0.1428950756722084,0.6511993160520385,2.6757938519558264,-1.3612431850812108,4.037037037037037
2026-03-05:spurs:crystal palace,crystal palace,GKP,0,Crystal Palace,2026-03-05,1,90.0,0.0,0.0,0.0,0.0,3.0,0.0,0.3914621693335194,0.2751816367252757,0.3333561939412048,2026-03-05,0.3333561939412048,0.3914621693335194,3.3430122496075274,-0.6569877503924726,4.0
2026-03-15:crystal palace:leeds,crystal palace,GKP,1,Crystal Palace,2026-03-15,1,90.0,0.0,0.0,0.0,0.0,7.0,1.0,0.3574756948982744,0.2893563823926,0.3531679227091256,2026-03-15,0.3574756948982744,0.3531679227091256,3.4413833382054038,-0.5241339031739067,3.9655172413793105
2026-04-12:crystal palace:newcastle,crystal palace,GKP,1,Crystal Palace,2026-04-12,1,90.0,0.0,0.0,0.0,0.0,2.0,0.0,0.3233820220060561,0.2816574067320091,0.3949605712619347,2026-04-12,0.3233820220060561,0.3949605712619347,3.3340254791031585,-0.7326411875635079,4.066666666666666
2026-04-20:crystal palace:west ham,crystal palace,GKP,1,Crystal Palace,2026-04-20,1,90.0,0.0,0.0,0.0,0.0,7.0,1.0,0.3771290036842804,0.2795964582449706,0.343274538070749,2026-04-20,0.3771290036842804,0.343274538070749,3.4667976785458836,-0.5332023214541164,4.0
2026-04-25:liverpool:crystal palace,crystal palace,GKP,0,Crystal Palace,2026-04-25,1,90.0,0.0,0.0,0.0,0.0,0.0,0.0,0.6290277183249533,0.2043238691499102,0.1666484125251364,2026-04-25,0.1666484125251364,0.6290277183249533,2.732748731516722,-1.3610012684832782,4.09375
2026-05-03:bournemouth:crystal palace,crystal palace,GKP,0,Crystal Palace,2026-05-03,1,90.0,0.0,0.0,0.0,0.01,2.0,0.0,0.6285595194840425,0.2111770646754749,0.1602634158404826,2026-05-03,0.1602634158404826,0.6285595194840425,2.7339514508210705,-1.2357455188758992,3.9696969696969697
2026-05-10:crystal palace:everton,crystal palace,GKP,1,Crystal Palace,2026-05-10,1,90.0,0.0,0.0,0.0,0.0,2.0,0.0,0.3395010365800045,0.2860155669838932,0.3744833964361023,2026-05-10,0.3395010365800045,0.3744833964361023,3.3866276884842144,-0.5251370173981385,3.911764705882353
2026-05-13:man city:crystal palace,crystal palace,GKP,0,Crystal Palace,2026-05-13,1,90.0,0.0,0.0,0.0,0.0,1.0,0.0,0.7611032402495629,0.1487222193530597,0.0901745403973774,2026-05-13,0.0901745403973774,0.7611032402495629,2.3934702755049964,-1.4636725816378608,3.857142857142857
2026-05-17:brentford:crystal palace,crystal palace,GKP,0,Crystal Palace,2026-05-17,1,90.0,0.0,0.0,0.0,0.0,0.0,0.0,0.5669278279019505,0.2317315518662988,0.2013406202317507,2026-05-17,0.2013406202317507,0.5669278279019505,2.8922722725498606,-0.885505505227917,3.7777777777777777
2026-05-24:crystal palace:arsenal,crystal palace,GKP,1,Crystal Palace,2026-05-24,1,90.0,0.0,0.0,0.0,0.0,2.0,0.0,0.227928795665564,0.2498159196253463,0.5222552847090897,2026-05-24,0.227928795665564,0.5222552847090897,3.0070280672628464,-0.6686476084128294,3.675675675675676
2025-08-17:chelsea:crystal palace,crystal palace,MID,0,Crystal Palace,2025-08-17,6,358.0,0.0,0.0,0.24,0.06,13.0,1.0,0.5368763362818426,0.2489779337476775,0.2141457299704799,2025-08-17,0.2141457299704799,0.5368763362818426,17.531216837259247,-2.9622042153723314,20.49342105263158
2025-08-24:crystal palace:nottm forest,crystal palace,MID,1,Crystal Palace,2025-08-24,6,358.0,1.0,0.0,0.7200000000000001,0.43,15.0,0.0,0.4021888679417777,0.2896029687875263,0.3082081632706959,2025-08-24,0.4021888679417777,0.3082081632706959,20.89942624319466,7.899426243194661,13.0
2025-08-31:aston villa:crystal palace,crystal palace,MID,0,Crystal Palace,2025-08-31,7,358.0,1.0,1.0,1.83,0.22,19.0,1.0,0.463755931073794,0.2651537107220227,0.2710903582041832,2025-08-31,0.2710903582041832,0.463755931073794,18.55120317924175,4.5512031792417496,14.0
2025-09-13:crystal palace:sunderland,crystal palace,MID,1,Crystal Palace,2025-09-13,5,352.0,0.0,0.0,0.86,0.59,13.0,1.0,0.5835937273539467,0.2537046133017643,0.1627016593442889,2025-09-13,0.5835937273539467,0.1627016593442889,24.14873148424909,8.482064817582424,15.666666666666666
2025-09-20:west ham:crystal palace,crystal palace,MID,0,Crystal Palace,2025-09-20,6,343.0,0.0,1.0,0.55,1.05,13.0,0.0,0.3102603774628032,0.2728060938578318,0.4169335286793648,2025-09-20,0.4169335286793648,0.3102603774628032,21.16353109445091,6.16353109445091,15.0
2025-09-27:crystal palace:liverpool,crystal palace,MID,1,Crystal Palace,2025-09-27,7,343.0,1.0,1.0,1.08,0.8300000000000001,25.0,1.0,0.2288705963162855,0.2494955463390165,0.5216338573446981,2025-09-27,0.2288705963162855,0.5216338573446981,17.794967133399567,3.194967133399567,14.6
2025-10-05:everton:crystal palace,crystal palace,MID,0,Crystal Palace,2025-10-05,6,356.0,0.0,1.0,0.6699999999999999,0.55,17.0,0.0,0.3598436103223405,0.3036545543239985,0.3365018353536609,2025-10-05,0.3365018353536609,0.3598436103223405,19.722846850837087,3.3895135175037545,16.333333333333332
2025-10-18:crystal palace:bournemouth,crystal palace,MID,1,Crystal Palace,2025-10-18,4,333.0,0.0,0.0,0.3999999999999999,0.8200000000000001,7.0,0.0,0.4542175915374374,0.2750877371435407,0.270694671319022,2025-10-18,0.4542175915374374,0.270694671319022,21.83135940536335,5.402787976791924,16.428571428571427
2025-10-26:arsenal:crystal palace,crystal palace,MID,0,Crystal Palace,2025-10-26,6,328.0,0.0,0.0,0.04,0.1399999999999999,9.0,0.0,0.7167624217453205,0.1820788945833489,0.1011586836713305,2025-10-26,0.1011586836713305,0.7167624217453205,15.507404449318015,0.257404449318015,15.25
2025-11-01:crystal palace:brentford,crystal palace,MID,1,Crystal Palace,2025-11-01,6,358.0,0.0,2.0,0.5700000000000001,0.11,23.0,1.0,0.470713178674951,0.2716935229064415,0.2575932984186074,2025-11-01,0.470713178674951,0.2575932984186074,22.12682667076009,7.571271115204533,14.555555555555555
2025-11-09:crystal palace:brighton,crystal palace,MID,1,Crystal Palace,2025-11-09,6,358.0,0.0,0.0,0.47,0.4,13.0,1.0,0.4046089865508196,0.2763396010397786,0.3190514124094016,2025-11-09,0.4046089865508196,0.3190514124094016,20.94277515956777,5.5427751595677694,15.4
2025-11-22:wolves:crystal palace,crystal palace,MID,0,Crystal Palace,2025-11-22,7,359.0,1.0,1.0,0.35,0.71,23.0,1.0,0.2052592601779916,0.2545511853031266,0.5401895545188818,2025-11-22,0.5401895545188818,0.2052592601779916,23.371280390967364,8.189462209149182,15.181818181818182
2025-11-30:crystal palace:man utd,crystal palace,MID,1,Crystal Palace,2025-11-30,7,297.0,0.0,0.0,0.5,0.38,13.0,0.0,0.4682412762350407,0.2575108783712589,0.2742478453937003,2025-11-30,0.4682412762350407,0.2742478453937003,22.082550207718235,6.249216874384901,15.833333333333334
2025-12-03:burnley:crystal palace,crystal palace,MID,0,Crystal Palace,2025-12-03,6,356.0,0.0,0.0,0.0,0.78,16.0,1.0,0.1783523049728147,0.2558525012931171,0.5657951937340681,2025-12-03,0.5657951937340681,0.1783523049728147,23.829925975060647,8.214541359676032,15.615384615384615
2025-12-07:fulham:crystal palace,crystal palace,MID,0,Crystal Palace,2025-12-07,5,296.0,0.0,2.0,0.31,0.67,18.0,0.0,0.3849968813754542,0.2820472501592839,0.3329558684652619,2025-12-07,0.3329558684652619,0.3849968813754542,19.659331855525405,4.016474712668263,15.642857142857142
2025-12-14:crystal palace:man city,crystal palace,MID,1,Crystal Palace,2025-12-14,5,359.0,0.0,0.0,1.34,0.6900000000000001,10.0,0.0,0.2271813659410452,0.246354100378557,0.5264645336803977,2025-12-14,0.2271813659410452,0.5264645336803977,17.764709812127123,1.964709812127122,15.8
2025-12-20:leeds:crystal palace,crystal palace,MID,0,Crystal Palace,2025-12-20,6,282.0,1.0,0.0,1.35,0.6599999999999999,14.0,0.0,0.3346897924358366,0.3074334630057203,0.3578767445584431,2025-12-20,0.3578767445584431,0.3346897924358366,20.105712032790986,4.668212032790986,15.4375
2025-12-28:crystal palace:spurs,crystal palace,MID,1,Crystal Palace,2025-12-28,6,435.0,0.0,0.0,0.54,0.92,11.0,0.0,0.4326949001864595,0.2761197924038664,0.2911853074096741,2025-12-28,0.4326949001864595,0.2911853074096741,21.445847164759957,6.092905988289369,15.352941176470589
2026-01-01:crystal palace:fulham,crystal palace,MID,1,Crystal Palace,2026-01-01,6,406.0,0.0,0.0,0.44,0.29,10.0,0.0,0.4345271396750945,0.2860214630476514,0.279451397277254,2026-01-01,0.4345271396750945,0.279451397277254,21.47866605060778,6.367554939496671,15.11111111111111
2026-01-04:newcastle:crystal palace,crystal palace,MID,0,Crystal Palace,2026-01-04,9,417.0,0.0,0.0,0.34,1.07,14.0,0.0,0.5836798692971529,0.2338776546157756,0.1824424760870715,2026-01-04,0.1824424760870715,0.5836798692971529,16.963351404460774,2.121246141302878,14.842105263157896
2026-01-07:crystal palace:aston villa,crystal palace,MID,1,Crystal Palace,2026-01-07,5,449.0,0.0,0.0,1.25,0.8,14.0,1.0,0.3156745158214399,0.2806661928816611,0.4036592912968989,2026-01-07,0.3156745158214399,0.4036592912968989,19.349790038949827,4.549790038949826,14.8
2026-01-17:sunderland:crystal palace,crystal palace,MID,0,Crystal Palace,2026-01-17,6,540.0,1.0,1.0,0.09,0.7799999999999999,21.0,0.0,0.402976626889355,0.299552444896086,0.297470928214559,2026-01-17,0.297470928214559,0.402976626889355,19.023729244279274,4.261824482374511,14.761904761904763
2026-01-25:crystal palace:chelsea,crystal palace,MID,1,Crystal Palace,2026-01-25,6,366.0,0.0,0.0,0.7000000000000001,0.75,6.0,0.0,0.2746747488179846,0.266855335309708,0.4584699158723074,2026-01-25,0.2746747488179846,0.4584699158723074,18.61540641638298,3.5699518709284366,15.045454545454545
2026-02-01:nottm forest:crystal palace,crystal palace,MID,0,Crystal Palace,2026-02-01,5,450.0,1.0,1.0,1.77,0.59,21.0,0.0,0.4628832602915292,0.2903246301799415,0.2467921095285292,2026-02-01,0.2467921095285292,0.4628832602915292,18.11597544043648,3.4638015273930005,14.652173913043478
2026-02-08:brighton:crystal palace,crystal palace,MID,0,Crystal Palace,2026-02-08,8,447.0,1.0,1.0,0.53,0.5,25.0,1.0,0.4403473885300152,0.2853780520251562,0.2742745594448287,2026-02-08,0.2742745594448287,0.4403473885300152,18.608238265365287,3.691571598698621,14.916666666666666
2026-02-11:crystal palace:burnley,crystal palace,MID,1,Crystal Palace,2026-02-11,8,413.0,0.0,2.0,0.8200000000000001,1.03,16.0,0.0,0.6755787583678707,0.202765023015425,0.1216562186167041,2026-02-11,0.6755787583678707,0.1216562186167041,25.796357927888053,10.476357927888053,15.32
2026-02-22:crystal palace:wolves,crystal palace,MID,1,Crystal Palace,2026-02-22,7,377.0,1.0,0.0,1.21,0.63,15.0,1.0,0.5511638015950926,0.2471080820617529,0.2017281163431545,2026-02-22,0.5511638015950926,0.2017281163431545,23.567849979328493,8.221696133174646,15.346153846153847
2026-03-01:man utd:crystal palace,crystal palace,MID,0,Crystal Palace,2026-03-01,7,357.0,0.0,1.0,0.16,0.1399999999999999,12.0,0.0,0.6511993160520385,0.205905608275753,0.1428950756722084,2026-03-01,0.1428950756722084,0.6511993160520385,16.25498242330727,0.9216490899739345,15.333333333333334
2026-03-05:spurs:crystal palace,crystal palace,MID,0,Crystal Palace,2026-03-05,6,358.0,2.0,2.0,1.2799999999999998,0.67,31.0,0.0,0.3914621693335194,0.2751816367252757,0.3333561939412048,2026-03-05,0.3333561939412048,0.3914621693335194,19.666502444402262,4.4522167301165485,15.214285714285714
2026-03-15:crystal palace:leeds,crystal palace,MID,1,Crystal Palace,2026-03-15,8,458.0,0.0,0.0,0.25,0.3,14.0,1.0,0.3574756948982744,0.2893563823926,0.3531679227091256,2026-03-15,0.3574756948982744,0.3531679227091256,20.09852847240053,4.3399077827453585,15.758620689655173
2026-04-12:crystal palace:newcastle,crystal palace,MID,1,Crystal Palace,2026-04-12,7,357.0,0.0,1.0,0.8400000000000001,0.81,14.0,0.0,0.3233820220060561,0.2816574067320091,0.3949605712619347,2026-04-12,0.3233820220060561,0.3949605712619347,19.487846099422992,3.7878460994229926,15.7
2026-04-20:crystal palace:west ham,crystal palace,MID,1,Crystal Palace,2026-04-20,7,357.0,0.0,0.0,0.51,0.43,10.0,1.0,0.3771290036842804,0.2795964582449706,0.343274538070749,2026-04-20,0.3771290036842804,0.343274538070749,20.4505565241813,4.805395233858722,15.64516129032258
2026-04-25:liverpool:crystal palace,crystal palace,MID,0,Crystal Palace,2026-04-25,5,359.0,0.0,1.0,0.71,0.96,13.0,0.0,0.6290277183249533,0.2043238691499102,0.1666484125251364,2026-04-25,0.1666484125251364,0.6290277183249533,16.680449757417573,1.2116997574175734,15.46875
2026-05-03:bournemouth:crystal palace,crystal palace,MID,0,Crystal Palace,2026-05-03,7,450.0,0.0,0.0,0.62,0.67,10.0,0.0,0.6285595194840425,0.2111770646754749,0.1602634158404826,2026-05-03,0.1602634158404826,0.6285595194840425,16.566082351501386,1.1721429575619915,15.393939393939394
2026-05-10:crystal palace:everton,crystal palace,MID,1,Crystal Palace,2026-05-10,5,359.0,1.0,0.0,0.94,1.39,16.0,0.0,0.3395010365800045,0.2860155669838932,0.3744833964361023,2026-05-10,0.3395010365800045,0.3744833964361023,19.776568235673825,4.541274118026767,15.235294117647058
2026-05-13:man city:crystal palace,crystal palace,MID,0,Crystal Palace,2026-05-13,7,357.0,0.0,0.0,0.25,0.28,8.0,0.0,0.7611032402495629,0.1487222193530597,0.0901745403973774,2026-05-13,0.0901745403973774,0.7611032402495629,15.310657601277658,0.05351474413479984,15.257142857142858
2026-05-17:brentford:crystal palace,crystal palace,MID,0,Crystal Palace,2026-05-17,7,377.0,2.0,0.0,1.18,0.58,25.0,0.0,0.5669278279019505,0.2317315518662988,0.2013406202317507,2026-05-17,0.2013406202317507,0.5669278279019505,17.301853024618524,2.2462974690629682,15.055555555555555
2026-05-24:crystal palace:arsenal,crystal palace,MID,1,Crystal Palace,2026-05-24,9,539.0,0.0,1.0,0.3,0.79,18.0,0.0,0.227928795665564,0.2498159196253463,0.5222552847090897,2026-05-24,0.227928795665564,0.5222552847090897,17.77809769671339,2.453773372389067,15.324324324324325
2025-08-18:leeds:everton,everton,DEF,0,Everton,2025-08-18,3,270.0,0.0,0.0,0.37,0.02,8.0,0.0,0.4109063733439383,0.29201987769514,0.2970737489609217,2025-08-18,0.2970737489609217,0.4109063733439383,15.36258234911749,-0.47689133509303616,15.839473684210526
2025-08-24:everton:brighton,everton,DEF,1,Everton,2025-08-24,3,270.0,0.0,0.0,0.0,0.02,22.0,1.0,0.3260358051255541,0.2794439794060955,0.3945202154683502,2025-08-24,0.3260358051255541,0.3945202154683502,15.611573667598847,7.611573667598847,8.0
2025-08-30:wolves:everton,everton,DEF,0,Everton,2025-08-30,5,361.0,0.0,0.0,0.07,0.08,9.0,0.0,0.281402328600158,0.3031596718836625,0.4154379995161794,2025-08-30,0.4154379995161794,0.281402328600158,17.330425152430227,2.3304251524302266,15.0
2025-09-13:everton:aston villa,everton,DEF,1,Everton,2025-09-13,3,270.0,0.0,0.0,0.6000000000000001,0.14,20.0,1.0,0.3653336831244889,0.2944745261205574,0.3401917907549536,2025-09-13,0.3653336831244889,0.3401917907549536,16.43710618126738,3.4371061812673815,13.0
2025-09-20:liverpool:everton,everton,DEF,0,Everton,2025-09-20,4,355.0,0.0,0.0,0.0,0.22,6.0,0.0,0.6530701248761553,0.2097876602376787,0.1371422148861659,2025-09-20,0.1371422148861659,0.6530701248761553,11.68285020933215,-3.06714979066785,14.75
2025-09-29:everton:west ham,everton,DEF,1,Everton,2025-09-29,4,360.0,1.0,0.0,0.09,0.1699999999999999,15.0,0.0,0.5947618709872167,0.2378345655420752,0.1674035634707081,2025-09-29,0.5947618709872167,0.1674035634707081,19.0626617786326,6.062661778632599,13.0
2025-10-05:everton:crystal palace,everton,DEF,1,Everton,2025-10-05,5,335.0,0.0,0.0,0.33,0.36,19.0,0.0,0.3598436103223405,0.3036545543239985,0.3365018353536609,2025-10-05,0.3598436103223405,0.3365018353536609,16.49317587542516,3.159842542091825,13.333333333333334
2025-10-18:man city:everton,everton,DEF,0,Everton,2025-10-18,4,360.0,0.0,0.0,0.0,0.09,6.0,0.0,0.6851102124324815,0.2016511213188757,0.1132386662486427,2025-10-18,0.1132386662486427,0.6851102124324815,11.19599394287369,-2.9468631999834525,14.142857142857142
2025-10-26:everton:spurs,everton,DEF,1,Everton,2025-10-26,4,335.0,0.0,0.0,0.01,0.11,4.0,0.0,0.4388834440792065,0.2796340749305097,0.2814824809902838,2025-10-26,0.4388834440792065,0.2814824809902838,17.329207219010545,4.204207219010545,13.125
2025-11-03:sunderland:everton,everton,DEF,0,Everton,2025-11-03,4,352.0,0.0,0.0,0.02,0.05,10.0,0.0,0.289471877097654,0.304827312544626,0.4057008103577199,2025-11-03,0.4057008103577199,0.289471877097654,17.207806565742853,5.0966954546317425,12.11111111111111
2025-11-08:everton:fulham,everton,DEF,1,Everton,2025-11-08,4,271.0,1.0,0.0,0.32,0.29,27.0,1.0,0.4170036501581894,0.2924864448877449,0.2905099049540656,2025-11-08,0.4170036501581894,0.2905099049540656,17.19203350127279,5.292033501272789,11.9
2025-11-24:man utd:everton,everton,DEF,0,Everton,2025-11-24,5,359.0,0.0,0.0,0.08,0.1,33.0,1.0,0.5247217916768522,0.2511896980482865,0.2240885102748612,2025-11-24,0.2240885102748612,0.5247217916768522,13.633131718323892,0.3604044455966182,13.272727272727273
2025-11-29:everton:newcastle,everton,DEF,1,Everton,2025-11-29,4,360.0,0.0,1.0,0.04,0.32,7.0,0.0,0.3558427129822207,0.2839815354974394,0.3601757515203399,2025-11-29,0.3558427129822207,0.3601757515203399,16.13344544656482,1.2167787798981546,14.916666666666666
2025-12-02:bournemouth:everton,everton,DEF,0,Everton,2025-12-02,3,270.0,0.0,0.0,0.17,0.21,21.0,1.0,0.445570128270829,0.2745086753133587,0.2799211964158122,2025-12-02,0.2799211964158122,0.445570128270829,14.835858872614224,0.528166564921916,14.307692307692308
2025-12-06:everton:nottm forest,everton,DEF,1,Everton,2025-12-06,4,360.0,0.0,1.0,0.06,0.18,31.0,1.0,0.4660015324570216,0.2854646243921445,0.2485338431508338,2025-12-06,0.4660015324570216,0.2485338431508338,17.82986910937543,3.0441548236611435,14.785714285714286
2025-12-13:chelsea:everton,everton,DEF,0,Everton,2025-12-13,4,360.0,0.0,0.0,0.09,0.18,4.0,0.0,0.572708589927065,0.2395855504004135,0.1877058596725215,2025-12-13,0.1877058596725215,0.572708589927065,12.90396163118469,-2.962705035481978,15.866666666666667
2025-12-20:everton:arsenal,everton,DEF,1,Everton,2025-12-20,4,360.0,0.0,0.0,0.0,0.07,10.0,0.0,0.1354462625873357,0.2261838405765086,0.6383698968361555,2025-12-20,0.1354462625873357,0.6383698968361555,11.906223448467673,-3.2187765515323274,15.125
2025-12-27:burnley:everton,everton,DEF,0,Everton,2025-12-27,5,362.0,0.0,0.0,0.05,0.14,31.0,1.0,0.253045170264718,0.3036103298462493,0.4433444998890325,2025-12-27,0.4433444998890325,0.253045170264718,17.761318489107076,2.9377890773423694,14.823529411764707
2025-12-30:nottm forest:everton,everton,DEF,0,Everton,2025-12-30,4,341.0,0.0,0.0,0.36,0.0,33.0,1.0,0.5123111012207142,0.2764198405169359,0.2112690582623499,2025-12-30,0.2112690582623499,0.5123111012207142,13.821714923941693,-1.9005072982805284,15.722222222222221
2026-01-04:everton:brentford,everton,DEF,1,Everton,2026-01-04,4,360.0,0.0,0.0,0.37,0.19,2.0,0.0,0.3895504227900281,0.2971386909963784,0.3133108862135933,2026-01-04,0.3895504227900281,0.3133108862135933,16.845567512748637,0.21398856538021604,16.63157894736842
2026-01-07:everton:wolves,everton,DEF,1,Everton,2026-01-07,5,355.0,1.0,0.0,0.56,0.12,14.0,0.0,0.5304313206543895,0.2691921903896451,0.2003764889559655,2026-01-07,0.5304313206543895,0.2003764889559655,18.561630832080272,2.661630832080272,15.9
2026-01-18:aston villa:everton,everton,DEF,0,Everton,2026-01-18,4,360.0,0.0,0.0,0.13,0.02,31.0,1.0,0.6145647327308479,0.2337462797128192,0.1516889875563327,2026-01-18,0.1516889875563327,0.6145647327308479,12.267948218987305,-3.541575590536505,15.80952380952381
2026-01-26:everton:leeds,everton,DEF,1,Everton,2026-01-26,5,385.0,0.0,0.0,0.01,0.12,13.0,0.0,0.3838238410634934,0.3058810738073702,0.3102950851291364,2026-01-26,0.3838238410634934,0.3102950851291364,16.891393281912933,0.3913932819129329,16.5
2026-01-31:brighton:everton,everton,DEF,0,Everton,2026-01-31,5,359.0,0.0,1.0,0.26,0.2799999999999999,11.0,0.0,0.5093051449404958,0.2674111919205704,0.2232836631389337,2026-01-31,0.2232836631389337,0.5093051449404958,13.867391099112929,-2.4804349878435943,16.347826086956523
2026-02-07:fulham:everton,everton,DEF,0,Everton,2026-02-07,5,359.0,0.0,1.0,0.5,0.25,12.0,0.0,0.4537305241316528,0.2726925801582141,0.273576895710133,2026-02-07,0.273576895710133,0.4537305241316528,14.711859840007358,-1.4131401599926416,16.125
2026-02-10:everton:bournemouth,everton,DEF,1,Everton,2026-02-10,5,339.0,0.0,1.0,0.4,0.65,5.0,0.0,0.4139834060809894,0.2724446009000629,0.3135719930189476,2026-02-10,0.4139834060809894,0.3135719930189476,16.841599936686983,0.8815999366869818,15.96
2026-02-23:everton:man utd,everton,DEF,1,Everton,2026-02-23,3,270.0,0.0,0.0,0.25,0.06,5.0,0.0,0.2610134143788711,0.2529546456180434,0.4860319400030854,2026-02-23,0.2610134143788711,0.4860319400030854,14.221032631597227,-1.3174289068643112,15.538461538461538
2026-02-28:newcastle:everton,everton,DEF,0,Everton,2026-02-28,5,361.0,1.0,0.0,0.04,0.17,17.0,0.0,0.5477586817288053,0.2454193445449611,0.2068219737262336,2026-02-28,0.2068219737262336,0.5477586817288053,13.283081043156699,-1.86506710499145,15.148148148148149
2026-03-03:everton:burnley,everton,DEF,1,Everton,2026-03-03,5,359.0,1.0,0.0,0.19,0.07,34.0,1.0,0.6088261608738703,0.2415705527728486,0.149603286353281,2026-03-03,0.6088261608738703,0.149603286353281,19.333140953949503,4.118855239663789,15.214285714285714
2026-03-14:arsenal:everton,everton,DEF,0,Everton,2026-03-14,3,270.0,0.0,0.0,0.06,0.02,7.0,0.0,0.7205903481179663,0.1895160770926484,0.0898935747893853,2026-03-14,0.0898935747893853,0.7205903481179663,10.656865378917436,-5.205203586599806,15.862068965517242
2026-03-21:everton:chelsea,everton,DEF,1,Everton,2026-03-21,5,372.0,0.0,0.0,0.04,0.09,28.0,1.0,0.2966047899593727,0.2699995280101321,0.4333956820304952,2026-03-21,0.2966047899593727,0.4333956820304952,15.02085229475604,-0.5458143719106268,15.566666666666666
2026-04-11:brentford:everton,everton,DEF,0,Everton,2026-04-11,4,360.0,0.0,1.0,0.1699999999999999,0.02,13.0,0.0,0.4479607955648662,0.2773883479753046,0.2746508564598292,2026-04-11,0.2746508564598292,0.4479607955648662,14.799532150626554,-1.168209784857316,15.96774193548387
2026-04-19:everton:liverpool,everton,DEF,1,Everton,2026-04-19,5,359.0,0.0,0.0,0.13,0.1,10.0,0.0,0.2915983038695443,0.2790739470220939,0.4293277491083617,2026-04-19,0.2915983038695443,0.4293277491083617,15.082665441526995,-0.792334558473005,15.875
2026-04-25:west ham:everton,everton,DEF,0,Everton,2026-04-25,4,334.0,0.0,1.0,0.0,0.28,6.0,0.0,0.3937540155027055,0.2728963362139262,0.3333496482833682,2026-04-25,0.3333496482833682,0.3937540155027055,15.62321624672659,-0.07375345024310676,15.696969696969697
2026-05-04:everton:man city,everton,DEF,1,Everton,2026-05-04,5,361.0,1.0,0.0,0.21,0.03,10.0,0.0,0.1236057336093848,0.1921707125366613,0.6842235538539538,2026-05-04,0.1236057336093848,0.6842235538539538,11.209466917453001,-4.202297788429352,15.411764705882353
2026-05-10:crystal palace:everton,everton,DEF,0,Everton,2026-05-10,4,360.0,1.0,1.0,0.39,0.63,17.0,0.0,0.3395010365800045,0.2860155669838932,0.3744833964361023,2026-05-10,0.3744833964361023,0.3395010365800045,16.44760234480205,1.1904594876591919,15.257142857142858
2026-05-17:everton:sunderland,everton,DEF,1,Everton,2026-05-17,5,359.0,0.0,1.0,0.6300000000000001,0.08,9.0,0.0,0.5277126253290055,0.255234239867435,0.2170531348035595,2026-05-17,0.5277126253290055,0.2170531348035595,18.308225484166154,3.002669928610599,15.305555555555555
2026-05-24:spurs:everton,everton,DEF,0,Everton,2026-05-24,5,337.0,0.0,0.0,0.15,0.44,11.0,0.0,0.5184327208340264,0.2630979889399157,0.2184692902260577,2026-05-24,0.2184692902260577,0.5184327208340264,13.728695550496578,-1.406439584638557,15.135135135135135
2025-08-18:leeds:everton,everton,FWD,0,Everton,2025-08-18,2,94.0,0.0,0.0,0.06,0.01,3.0,0.0,0.4109063733439383,0.29201987769514,0.2970737489609217,2025-08-18,0.2970737489609217,0.4109063733439383,5.659090909090909,0.0,5.659090909090909
2025-08-24:everton:brighton,everton,FWD,1,Everton,2025-08-24,2,89.0,0.0,0.0,0.49,0.01,2.0,1.0,0.3260358051255541,0.2794439794060955,0.3945202154683502,2025-08-24,0.3260358051255541,0.3945202154683502,3.0,0.0,3.0
2025-08-30:wolves:everton,everton,FWD,0,Everton,2025-08-30,2,89.0,1.0,0.0,0.63,0.08,8.0,0.0,0.281402328600158,0.3031596718836625,0.4154379995161794,2025-08-30,0.4154379995161794,0.281402328600158,2.5,0.0,2.5
2025-09-13:everton:aston villa,everton,FWD,1,Everton,2025-09-13,2,89.0,0.0,0.0,1.08,0.01,3.0,1.0,0.3653336831244889,0.2944745261205574,0.3401917907549536,2025-09-13,0.3653336831244889,0.3401917907549536,4.333333333333333,0.0,4.333333333333333
2025-09-20:liverpool:everton,everton,FWD,0,Everton,2025-09-20,2,90.0,0.0,0.0,0.2,0.0,2.0,0.0,0.6530701248761553,0.2097876602376787,0.1371422148861659,2025-09-20,0.1371422148861659,0.6530701248761553,4.0,0.0,4.0
2025-09-29:everton:west ham,everton,FWD,1,Everton,2025-09-29,2,89.0,0.0,0.0,0.18,0.0,3.0,0.0,0.5947618709872167,0.2378345655420752,0.1674035634707081,2025-09-29,0.5947618709872167,0.1674035634707081,3.6,0.0,3.6
2025-10-05:everton:crystal palace,everton,FWD,1,Everton,2025-10-05,2,90.0,0.0,0.0,0.34,0.01,2.0,0.0,0.3598436103223405,0.3036545543239985,0.3365018353536609,2025-10-05,0.3598436103223405,0.3365018353536609,3.5,0.0,3.5
2025-10-18:man city:everton,everton,FWD,0,Everton,2025-10-18,2,89.0,0.0,0.0,0.6,0.01,3.0,0.0,0.6851102124324815,0.2016511213188757,0.1132386662486427,2025-10-18,0.1132386662486427,0.6851102124324815,3.2857142857142856,0.0,3.2857142857142856
2025-10-26:everton:spurs,everton,FWD,1,Everton,2025-10-26,2,89.0,0.0,0.0,0.5900000000000001,0.01,3.0,0.0,0.4388834440792065,0.2796340749305097,0.2814824809902838,2025-10-26,0.4388834440792065,0.2814824809902838,3.25,0.0,3.25
2025-11-03:sunderland:everton,everton,FWD,0,Everton,2025-11-03,2,89.0,0.0,0.0,0.51,0.0,1.0,0.0,0.289471877097654,0.304827312544626,0.4057008103577199,2025-11-03,0.4057008103577199,0.289471877097654,3.2222222222222223,0.0,3.2222222222222223
2025-11-08:everton:fulham,everton,FWD,1,Everton,2025-11-08,2,89.0,0.0,0.0,0.51,0.01,3.0,1.0,0.4170036501581894,0.2924864448877449,0.2905099049540656,2025-11-08,0.4170036501581894,0.2905099049540656,3.0,0.0,3.0
2025-11-24:man utd:everton,everton,FWD,0,Everton,2025-11-24,2,89.0,0.0,0.0,0.0,0.01,3.0,1.0,0.5247217916768522,0.2511896980482865,0.2240885102748612,2025-11-24,0.2240885102748612,0.5247217916768522,3.0,0.0,3.0
2025-11-29:everton:newcastle,everton,FWD,1,Everton,2025-11-29,2,89.0,0.0,0.0,0.29,0.03,3.0,0.0,0.3558427129822207,0.2839815354974394,0.3601757515203399,2025-11-29,0.3558427129822207,0.3601757515203399,3.0,0.0,3.0
2025-12-02:bournemouth:everton,everton,FWD,0,Everton,2025-12-02,2,89.0,0.0,0.0,0.75,0.05,3.0,1.0,0.445570128270829,0.2745086753133587,0.2799211964158122,2025-12-02,0.2799211964158122,0.445570128270829,3.0,0.0,3.0
2025-12-06:everton:nottm forest,everton,FWD,1,Everton,2025-12-06,2,89.0,1.0,0.0,0.55,0.02,6.0,1.0,0.4660015324570216,0.2854646243921445,0.2485338431508338,2025-12-06,0.4660015324570216,0.2485338431508338,3.0,0.0,3.0
2025-12-13:chelsea:everton,everton,FWD,0,Everton,2025-12-13,2,89.0,0.0,0.0,0.0,0.0,3.0,0.0,0.572708589927065,0.2395855504004135,0.1877058596725215,2025-12-13,0.1877058596725215,0.572708589927065,3.2,0.0,3.2
2025-12-20:everton:arsenal,everton,FWD,1,Everton,2025-12-20,2,89.0,0.0,0.0,0.01,0.0,3.0,0.0,0.1354462625873357,0.2261838405765086,0.6383698968361555,2025-12-20,0.1354462625873357,0.6383698968361555,3.1875,0.0,3.1875
2025-12-27:burnley:everton,everton,FWD,0,Everton,2025-12-27,2,89.0,0.0,0.0,0.34,0.01,3.0,1.0,0.253045170264718,0.3036103298462493,0.4433444998890325,2025-12-27,0.4433444998890325,0.253045170264718,3.176470588235294,0.0,3.176470588235294
2025-12-30:nottm forest:everton,everton,FWD,0,Everton,2025-12-30,2,89.0,1.0,0.0,0.52,0.02,7.0,1.0,0.5123111012207142,0.2764198405169359,0.2112690582623499,2025-12-30,0.2112690582623499,0.5123111012207142,3.1666666666666665,0.0,3.1666666666666665
2026-01-04:everton:brentford,everton,FWD,1,Everton,2026-01-04,2,135.0,2.0,0.0,0.25,0.0,11.0,0.0,0.3895504227900281,0.2971386909963784,0.3133108862135933,2026-01-04,0.3895504227900281,0.3133108862135933,3.3684210526315788,0.0,3.3684210526315788
2026-01-07:everton:wolves,everton,FWD,1,Everton,2026-01-07,2,89.0,0.0,0.0,0.04,0.0,3.0,0.0,0.5304313206543895,0.2691921903896451,0.2003764889559655,2026-01-07,0.5304313206543895,0.2003764889559655,3.75,0.0,3.75
2026-01-18:aston villa:everton,everton,FWD,0,Everton,2026-01-18,2,89.0,1.0,0.0,0.11,0.0,9.0,1.0,0.6145647327308479,0.2337462797128192,0.1516889875563327,2026-01-18,0.1516889875563327,0.6145647327308479,3.7142857142857144,0.0,3.7142857142857144
2026-01-26:everton:leeds,everton,FWD,1,Everton,2026-01-26,2,89.0,1.0,0.0,0.21,0.04,10.0,0.0,0.3838238410634934,0.3058810738073702,0.3102950851291364,2026-01-26,0.3838238410634934,0.3102950851291364,3.9545454545454546,0.0,3.9545454545454546
2026-01-31:brighton:everton,everton,FWD,0,Everton,2026-01-31,2,89.0,1.0,0.0,0.59,0.16,9.0,0.0,0.5093051449404958,0.2674111919205704,0.2232836631389337,2026-01-31,0.2232836631389337,0.5093051449404958,4.217391304347826,0.0,4.217391304347826
2026-02-07:fulham:everton,everton,FWD,0,Everton,2026-02-07,2,89.0,0.0,0.0,0.56,0.0,3.0,0.0,0.4537305241316528,0.2726925801582141,0.273576895710133,2026-02-07,0.273576895710133,0.4537305241316528,4.416666666666667,0.0,4.416666666666667
2026-02-10:everton:bournemouth,everton,FWD,1,Everton,2026-02-10,2,89.0,0.0,0.0,0.96,0.01,2.0,0.0,0.4139834060809894,0.2724446009000629,0.3135719930189476,2026-02-10,0.4139834060809894,0.3135719930189476,4.36,0.0,4.36
2026-02-23:everton:man utd,everton,FWD,1,Everton,2026-02-23,2,101.0,0.0,0.0,0.0,0.02,3.0,0.0,0.2610134143788711,0.2529546456180434,0.4860319400030854,2026-02-23,0.2610134143788711,0.4860319400030854,4.269230769230769,0.0,4.269230769230769
2026-02-28:newcastle:everton,everton,FWD,0,Everton,2026-02-28,2,89.0,2.0,0.0,1.93,0.01,15.0,0.0,0.5477586817288053,0.2454193445449611,0.2068219737262336,2026-02-28,0.2068219737262336,0.5477586817288053,4.222222222222222,0.0,4.222222222222222
2026-03-03:everton:burnley,everton,FWD,1,Everton,2026-03-03,2,89.0,0.0,0.0,0.28,0.0,3.0,1.0,0.6088261608738703,0.2415705527728486,0.149603286353281,2026-03-03,0.6088261608738703,0.149603286353281,4.607142857142857,0.0,4.607142857142857
2026-03-14:arsenal:everton,everton,FWD,0,Everton,2026-03-14,2,89.0,0.0,0.0,0.11,0.0,3.0,1.0,0.7205903481179663,0.1895160770926484,0.0898935747893853,2026-03-14,0.0898935747893853,0.7205903481179663,4.551724137931035,0.0,4.551724137931035
2026-03-21:everton:chelsea,everton,FWD,1,Everton,2026-03-21,2,90.0,2.0,1.0,0.6,0.05,17.0,1.0,0.2966047899593727,0.2699995280101321,0.4333956820304952,2026-03-21,0.2966047899593727,0.4333956820304952,4.5,0.0,4.5
2026-04-11:brentford:everton,everton,FWD,0,Everton,2026-04-11,2,89.0,1.0,0.0,0.57,0.02,8.0,0.0,0.4479607955648662,0.2773883479753046,0.2746508564598292,2026-04-11,0.2746508564598292,0.4479607955648662,4.903225806451613,0.0,4.903225806451613
2026-04-19:everton:liverpool,everton,FWD,1,Everton,2026-04-19,2,89.0,1.0,0.0,0.47,0.01,10.0,0.0,0.2915983038695443,0.2790739470220939,0.4293277491083617,2026-04-19,0.2915983038695443,0.4293277491083617,5.0,0.0,5.0
2026-04-25:west ham:everton,everton,FWD,0,Everton,2026-04-25,1,90.0,0.0,0.0,0.68,0.01,2.0,0.0,0.3937540155027055,0.2728963362139262,0.3333496482833682,2026-04-25,0.3333496482833682,0.3937540155027055,5.151515151515151,0.0,5.151515151515151
2026-05-04:everton:man city,everton,FWD,1,Everton,2026-05-04,2,89.0,2.0,0.0,1.53,0.0,12.0,0.0,0.1236057336093848,0.1921707125366613,0.6842235538539538,2026-05-04,0.1236057336093848,0.6842235538539538,5.0588235294117645,0.0,5.0588235294117645
2026-05-10:crystal palace:everton,everton,FWD,0,Everton,2026-05-10,2,89.0,1.0,0.0,0.29,0.05,9.0,0.0,0.3395010365800045,0.2860155669838932,0.3744833964361023,2026-05-10,0.3744833964361023,0.3395010365800045,5.257142857142857,0.0,5.257142857142857
2026-05-17:everton:sunderland,everton,FWD,1,Everton,2026-05-17,2,89.0,0.0,0.0,0.21,0.0,3.0,0.0,0.5277126253290055,0.255234239867435,0.2170531348035595,2026-05-17,0.5277126253290055,0.2170531348035595,5.361111111111111,0.0,5.361111111111111
2026-05-24:spurs:everton,everton,FWD,0,Everton,2026-05-24,2,89.0,0.0,0.0,0.03,0.0,3.0,0.0,0.5184327208340264,0.2630979889399157,0.2184692902260577,2026-05-24,0.2184692902260577,0.5184327208340264,5.297297297297297,0.0,5.297297297297297
2025-08-18:leeds:everton,everton,GKP,0,Everton,2025-08-18,1,90.0,0.0,0.0,0.0,0.0,2.0,0.0,0.4109063733439383,0.29201987769514,0.2970737489609217,2025-08-18,0.2970737489609217,0.4109063733439383,3.2930635579885186,-0.08062065253779727,3.373684210526316
2025-08-24:everton:brighton,everton,GKP,1,Everton,2025-08-24,1,90.0,0.0,0.0,0.0,0.0,15.0,1.0,0.3260358051255541,0.2794439794060955,0.3945202154683502,2025-08-24,0.3260358051255541,0.3945202154683502,3.3351566745856074,1.3351566745856074,2.0
2025-08-30:wolves:everton,everton,GKP,0,Everton,2025-08-30,1,90.0,0.0,0.0,0.0,0.01,1.0,0.0,0.281402328600158,0.3031596718836625,0.4154379995161794,2025-08-30,0.4154379995161794,0.281402328600158,3.625736347826317,-4.874263652173683,8.5
2025-09-13:everton:aston villa,everton,GKP,1,Everton,2025-09-13,1,90.0,0.0,0.0,0.0,0.0,6.0,1.0,0.3653336831244889,0.2944745261205574,0.3401917907549536,2025-09-13,0.3653336831244889,0.3401917907549536,3.474716706495471,-2.525283293504529,6.0
2025-09-20:liverpool:everton,everton,GKP,0,Everton,2025-09-20,1,90.0,0.0,0.0,0.0,0.03,1.0,0.0,0.6530701248761553,0.2097876602376787,0.1371422148861659,2025-09-20,0.1371422148861659,0.6530701248761553,2.670988077804112,-3.329011922195888,6.0
2025-09-29:everton:west ham,everton,GKP,1,Everton,2025-09-29,1,90.0,0.0,0.0,0.0,0.0,2.0,0.0,0.5947618709872167,0.2378345655420752,0.1674035634707081,2025-09-29,0.5947618709872167,0.1674035634707081,3.9185788401879265,-1.0814211598120735,5.0
2025-10-05:everton:crystal palace,everton,GKP,1,Everton,2025-10-05,1,90.0,0.0,0.0,0.0,0.0,3.0,0.0,0.3598436103223405,0.3036545543239985,0.3365018353536609,2025-10-05,0.3598436103223405,0.3365018353536609,3.484195543702091,-1.015804456297909,4.5
2025-10-18:man city:everton,everton,GKP,0,Everton,2025-10-18,1,90.0,0.0,0.0,0.0,0.02,2.0,0.0,0.6851102124324815,0.2016511213188757,0.1132386662486427,2025-10-18,0.1132386662486427,0.6851102124324815,2.588682808226636,-1.6970314774876494,4.285714285714286
2025-10-26:everton:spurs,everton,GKP,1,Everton,2025-10-26,1,90.0,0.0,0.0,0.0,0.0,1.0,0.0,0.4388834440792065,0.2796340749305097,0.2814824809902838,2025-10-26,0.4388834440792065,0.2814824809902838,3.625530450633777,-0.3744695493662231,4.0
2025-11-03:sunderland:everton,everton,GKP,0,Everton,2025-11-03,1,90.0,0.0,0.0,0.0,0.01,2.0,0.0,0.289471877097654,0.304827312544626,0.4057008103577199,2025-11-03,0.4057008103577199,0.289471877097654,3.6050071171933693,-0.061659549473297215,3.6666666666666665
2025-11-08:everton:fulham,everton,GKP,1,Everton,2025-11-08,1,90.0,0.0,0.0,0.0,0.0,7.0,1.0,0.4170036501581894,0.2924864448877449,0.2905099049540656,2025-11-08,0.4170036501581894,0.2905099049540656,3.602340608795079,0.10234060879507911,3.5
2025-11-24:man utd:everton,everton,GKP,0,Everton,2025-11-24,1,90.0,0.0,0.0,0.0,0.01,10.0,1.0,0.5247217916768522,0.2511896980482865,0.2240885102748612,2025-11-24,0.2240885102748612,0.5247217916768522,3.0006920508415575,-0.8174897673402608,3.8181818181818183
2025-11-29:everton:newcastle,everton,GKP,1,Everton,2025-11-29,1,90.0,0.0,0.0,0.0,0.0,1.0,0.0,0.3558427129822207,0.2839815354974394,0.3601757515203399,2025-11-29,0.3558427129822207,0.3601757515203399,3.423381476055501,-0.9099518572778322,4.333333333333333
2025-12-02:bournemouth:everton,everton,GKP,0,Everton,2025-12-02,1,90.0,0.0,0.0,0.0,0.0,7.0,1.0,0.445570128270829,0.2745086753133587,0.2799211964158122,2025-12-02,0.2799211964158122,0.445570128270829,3.2040185549494433,-0.8729045219736333,4.076923076923077
2025-12-06:everton:nottm forest,everton,GKP,1,Everton,2025-12-06,1,90.0,0.0,0.0,0.0,0.0,6.0,1.0,0.4660015324570216,0.2854646243921445,0.2485338431508338,2025-12-06,0.4660015324570216,0.2485338431508338,3.7101696238201534,-0.5755446618941322,4.285714285714286
2025-12-13:chelsea:everton,everton,GKP,0,Everton,2025-12-13,1,90.0,0.0,0.0,0.0,0.0,2.0,0.0,0.572708589927065,0.2395855504004135,0.1877058596725215,2025-12-13,0.1877058596725215,0.572708589927065,2.8774225260875936,-1.5225774739124067,4.4
2025-12-20:everton:arsenal,everton,GKP,1,Everton,2025-12-20,1,90.0,0.0,0.0,0.0,0.0,2.0,0.0,0.1354462625873357,0.2261838405765086,0.6383698968361555,2025-12-20,0.1354462625873357,0.6383698968361555,2.708750341392048,-1.5412496586079518,4.25
2025-12-27:burnley:everton,everton,GKP,0,Everton,2025-12-27,1,90.0,0.0,0.0,0.0,0.01,6.0,1.0,0.253045170264718,0.3036103298462493,0.4433444998890325,2025-12-27,0.4433444998890325,0.253045170264718,3.6985808292012976,-0.4190662296222314,4.117647058823529
2025-12-30:nottm forest:everton,everton,GKP,0,Everton,2025-12-30,1,90.0,0.0,0.0,0.0,0.01,10.0,1.0,0.5123111012207142,0.2764198405169359,0.2112690582623499,2025-12-30,0.2112690582623499,0.5123111012207142,3.0325729007874047,-1.1896493214348176,4.222222222222222
2026-01-04:everton:brentford,everton,GKP,1,Everton,2026-01-04,1,90.0,0.0,0.0,0.0,0.01,1.0,0.0,0.3895504227900281,0.2971386909963784,0.3133108862135933,2026-01-04,0.3895504227900281,0.3133108862135933,3.543768955209636,-0.9825468342640482,4.526315789473684
2026-01-07:everton:wolves,everton,GKP,1,Everton,2026-01-07,1,90.0,0.0,0.0,0.0,0.01,3.0,0.0,0.5304313206543895,0.2691921903896451,0.2003764889559655,2026-01-07,0.5304313206543895,0.2003764889559655,3.833877276371934,-0.5161227236280657,4.35
2026-01-18:aston villa:everton,everton,GKP,0,Everton,2026-01-18,1,90.0,0.0,0.0,0.0,0.01,10.0,1.0,0.6145647327308479,0.2337462797128192,0.1516889875563327,2026-01-18,0.1516889875563327,0.6145647327308479,2.769901561580788,-1.5158127241334975,4.285714285714286
2026-01-26:everton:leeds,everton,GKP,1,Everton,2026-01-26,1,90.0,0.0,0.0,0.0,0.0,3.0,0.0,0.3838238410634934,0.3058810738073702,0.3102950851291364,2026-01-26,0.3838238410634934,0.3102950851291364,3.5515160102328753,-0.9939385352216705,4.545454545454546
2026-01-31:brighton:everton,everton,GKP,0,Everton,2026-01-31,1,90.0,0.0,0.0,0.0,0.0,2.0,0.0,0.5093051449404958,0.2674111919205704,0.2232836631389337,2026-01-31,0.2232836631389337,0.5093051449404958,3.040294666264685,-1.4379662033005327,4.478260869565218
2026-02-07:fulham:everton,everton,GKP,0,Everton,2026-02-07,1,90.0,0.0,0.0,0.0,0.0,2.0,0.0,0.4537305241316528,0.2726925801582141,0.273576895710133,2026-02-07,0.273576895710133,0.4537305241316528,3.1830559536455834,-1.1919440463544166,4.375
2026-02-10:everton:bournemouth,everton,GKP,1,Everton,2026-02-10,1,90.0,0.0,0.0,0.0,0.01,1.0,0.0,0.4139834060809894,0.2724446009000629,0.3135719930189476,2026-02-10,0.4139834060809894,0.3135719930189476,3.5430982184032707,-0.7369017815967296,4.28
2026-02-23:everton:man utd,everton,GKP,1,Everton,2026-02-23,1,90.0,0.0,0.0,0.0,0.0,1.0,0.0,0.2610134143788711,0.2529546456180434,0.4860319400030854,2026-02-23,0.2610134143788711,0.4860319400030854,3.100079378242702,-1.053766775603452,4.153846153846154
2026-02-28:newcastle:everton,everton,GKP,0,Everton,2026-02-28,1,90.0,0.0,0.0,0.0,0.01,2.0,0.0,0.5477586817288053,0.2454193445449611,0.2068219737262336,2026-02-28,0.2068219737262336,0.5477586817288053,2.941514389650107,-1.0955226473869302,4.037037037037037
2026-03-03:everton:burnley,everton,GKP,1,Everton,2026-03-03,1,90.0,0.0,0.0,0.0,0.0,6.0,1.0,0.6088261608738703,0.2415705527728486,0.149603286353281,2026-03-03,0.6088261608738703,0.149603286353281,3.964304576864771,1.8862579056477813e-05,3.9642857142857144
2026-03-14:arsenal:everton,everton,GKP,0,Everton,2026-03-14,1,90.0,0.0,0.0,0.0,0.0,2.0,0.0,0.7205903481179663,0.1895160770926484,0.0898935747893853,2026-03-14,0.0898935747893853,0.7205903481179663,2.497540668645851,-1.5369420899748385,4.0344827586206895
2026-03-21:everton:chelsea,everton,GKP,1,Everton,2026-03-21,1,90.0,0.0,0.0,0.0,0.0,7.0,1.0,0.2966047899593727,0.2699995280101321,0.4333956820304952,2026-03-21,0.2966047899593727,0.4333956820304952,3.235292535646457,-0.73137413102021,3.966666666666667
2026-04-11:brentford:everton,everton,GKP,0,Everton,2026-04-11,1,90.0,0.0,0.0,0.0,0.0,0.0,0.0,0.4479607955648662,0.2773883479753046,0.2746508564598292,2026-04-11,0.2746508564598292,0.4479607955648662,3.1978773571215697,-0.8666387719106883,4.064516129032258
2026-04-19:everton:liverpool,everton,GKP,1,Everton,2026-04-19,1,90.0,0.0,0.0,0.0,0.0,1.0,0.0,0.2915983038695443,0.2790739470220939,0.4293277491083617,2026-04-19,0.2915983038695443,0.4293277491083617,3.2457423296799686,-0.6917576703200314,3.9375
2026-04-25:west ham:everton,everton,GKP,0,Everton,2026-04-25,1,90.0,0.0,0.0,0.0,0.01,1.0,0.0,0.3937540155027055,0.2728963362139262,0.3333496482833682,2026-04-25,0.3333496482833682,0.3937540155027055,3.3371249056215486,-0.5113599428633,3.8484848484848486
2026-05-04:everton:man city,everton,GKP,1,Everton,2026-05-04,1,90.0,0.0,0.0,0.0,0.0,1.0,0.0,0.1236057336093848,0.1921707125366613,0.6842235538539538,2026-05-04,0.1236057336093848,0.6842235538539538,2.5909604759515013,-1.1737454064014399,3.764705882352941
2026-05-10:crystal palace:everton,everton,GKP,0,Everton,2026-05-10,1,90.0,0.0,0.0,0.0,0.01,3.0,0.0,0.3395010365800045,0.2860155669838932,0.3744833964361023,2026-05-10,0.3744833964361023,0.3395010365800045,3.4764911307532387,-0.20922315496104682,3.6857142857142855
2026-05-17:everton:sunderland,everton,GKP,1,Everton,2026-05-17,1,90.0,0.0,0.0,0.0,0.0,1.0,0.0,0.5277126253290055,0.255234239867435,0.2170531348035595,2026-05-17,0.5277126253290055,0.2170531348035595,3.791037947992405,0.12437128132573827,3.6666666666666665
2026-05-24:spurs:everton,everton,GKP,0,Everton,2026-05-24,1,90.0,0.0,0.0,0.0,0.03,2.0,0.0,0.5184327208340264,0.2630979889399157,0.2184692902260577,2026-05-24,0.2184692902260577,0.5184327208340264,3.0168475519837017,-0.577747042610893,3.5945945945945947
2025-08-18:leeds:everton,everton,MID,0,Everton,2025-08-18,7,534.0,0.0,0.0,0.1399999999999999,0.3999999999999999,12.0,1.0,0.4109063733439383,0.29201987769514,0.2970737489609217,2025-08-18,0.2970737489609217,0.4109063733439383,19.016615010213748,-1.4768060424178309,20.49342105263158
2025-08-24:everton:brighton,everton,MID,1,Everton,2025-08-24,9,539.0,2.0,2.0,1.1,0.95,39.0,1.0,0.3260358051255541,0.2794439794060955,0.3945202154683502,2025-08-24,0.3260358051255541,0.3945202154683502,19.535380390548095,7.535380390548095,12.0
2025-08-30:wolves:everton,everton,MID,0,Everton,2025-08-30,7,448.0,2.0,3.0,1.23,1.28,37.0,0.0,0.281402328600158,0.3031596718836625,0.4154379995161794,2025-08-30,0.4154379995161794,0.281402328600158,21.136743329427222,-4.3632566705727776,25.5
2025-09-13:everton:aston villa,everton,MID,1,Everton,2025-09-13,7,539.0,0.0,0.0,0.42,1.09,20.0,1.0,0.3653336831244889,0.2944745261205574,0.3401917907549536,2025-09-13,0.3653336831244889,0.3401917907549536,20.239279951772808,-9.094053381560524,29.333333333333332
2025-09-20:liverpool:everton,everton,MID,0,Everton,2025-09-20,7,453.0,1.0,1.0,0.5,0.37,24.0,0.0,0.6530701248761553,0.2097876602376787,0.1371422148861659,2025-09-20,0.1371422148861659,0.6530701248761553,16.151937770789594,-10.848062229210406,27.0
2025-09-29:everton:west ham,everton,MID,1,Everton,2025-09-29,6,449.0,0.0,1.0,0.47,0.49,15.0,0.0,0.5947618709872167,0.2378345655420752,0.1674035634707081,2025-09-29,0.5947618709872167,0.1674035634707081,24.34877412785866,-2.0512258721413374,26.4
2025-10-05:everton:crystal palace,everton,MID,1,Everton,2025-10-05,7,475.0,2.0,1.0,1.4700000000000002,1.21,26.0,0.0,0.3598436103223405,0.3036545543239985,0.3365018353536609,2025-10-05,0.3598436103223405,0.3365018353536609,20.140942330677117,-4.359057669322883,24.5
2025-10-18:man city:everton,everton,MID,0,Everton,2025-10-18,9,446.0,0.0,0.0,0.2,0.66,16.0,0.0,0.6851102124324815,0.2016511213188757,0.1132386662486427,2025-10-18,0.1132386662486427,0.6851102124324815,15.723779858595908,-8.990505855689808,24.714285714285715
2025-10-26:everton:spurs,everton,MID,1,Everton,2025-10-26,7,473.0,0.0,0.0,0.92,1.35,10.0,0.0,0.4388834440792065,0.2796340749305097,0.2814824809902838,2025-10-26,0.4388834440792065,0.2814824809902838,21.55669572841122,-2.0683042715887794,23.625
2025-11-03:sunderland:everton,everton,MID,0,Everton,2025-11-03,8,455.0,1.0,0.0,0.3299999999999999,0.49,21.0,0.0,0.289471877097654,0.304827312544626,0.4057008103577199,2025-11-03,0.4057008103577199,0.289471877097654,20.96233179564447,-1.1487793154666406,22.11111111111111
2025-11-08:everton:fulham,everton,MID,1,Everton,2025-11-08,7,537.0,1.0,2.0,0.61,0.91,34.0,1.0,0.4170036501581894,0.2924864448877449,0.2905099049540656,2025-11-08,0.4170036501581894,0.2905099049540656,21.16478710318956,-0.8352128968104395,22.0
2025-11-24:man utd:everton,everton,MID,0,Everton,2025-11-24,8,370.0,1.0,1.0,0.15,0.08,26.0,1.0,0.5247217916768522,0.2511896980482865,0.2240885102748612,2025-11-24,0.2240885102748612,0.5247217916768522,17.709310898567022,-5.381598192342068,23.09090909090909
2025-11-29:everton:newcastle,everton,MID,1,Everton,2025-11-29,8,448.0,1.0,0.0,0.64,0.86,17.0,0.0,0.3558427129822207,0.2839815354974394,0.3601757515203399,2025-11-29,0.3558427129822207,0.3601757515203399,20.06927866776148,-3.2640546655718516,23.333333333333332
2025-12-02:bournemouth:everton,everton,MID,0,Everton,2025-12-02,7,539.0,1.0,1.0,0.5,0.31,30.0,1.0,0.445570128270829,0.2745086753133587,0.2799211964158122,2025-12-02,0.2799211964158122,0.445570128270829,18.709380247799512,-4.136773598354335,22.846153846153847
2025-12-06:everton:nottm forest,everton,MID,1,Everton,2025-12-06,7,448.0,1.0,2.0,0.51,0.62,35.0,1.0,0.4660015324570216,0.2854646243921445,0.2485338431508338,2025-12-06,0.4660015324570216,0.2485338431508338,22.042432146823288,-1.31471071031957,23.357142857142858
2025-12-13:chelsea:everton,everton,MID,0,Everton,2025-12-13,8,447.0,0.0,0.0,0.95,0.3399999999999999,17.0,0.0,0.572708589927065,0.2395855504004135,0.1877058596725215,2025-12-13,0.1877058596725215,0.572708589927065,17.05762859155103,-7.075704741782303,24.133333333333333
2025-12-20:everton:arsenal,everton,MID,1,Everton,2025-12-20,7,448.0,0.0,0.0,0.1999999999999999,0.07,16.0,0.0,0.1354462625873357,0.2261838405765086,0.6383698968361555,2025-12-20,0.1354462625873357,0.6383698968361555,16.121560047111053,-7.565939952888947,23.6875
2025-12-27:burnley:everton,everton,MID,0,Everton,2025-12-27,6,446.0,0.0,0.0,0.45,0.66,20.0,1.0,0.253045170264718,0.3036103298462493,0.4433444998890325,2025-12-27,0.4433444998890325,0.253045170264718,21.636601702652897,-1.5986924149941615,23.235294117647058
2025-12-30:nottm forest:everton,everton,MID,0,Everton,2025-12-30,6,468.0,1.0,2.0,0.38,0.9,38.0,1.0,0.5123111012207142,0.2764198405169359,0.2112690582623499,2025-12-30,0.2112690582623499,0.5123111012207142,17.47969018858893,-5.575865366966628,23.055555555555557
2026-01-04:everton:brentford,everton,MID,1,Everton,2026-01-04,7,404.0,0.0,2.0,0.23,0.6900000000000001,22.0,0.0,0.3895504227900281,0.2971386909963784,0.3133108862135933,2026-01-04,0.3895504227900281,0.3133108862135933,20.673047709546605,-3.169057553611289,23.842105263157894
2026-01-07:everton:wolves,everton,MID,1,Everton,2026-01-07,6,446.0,0.0,1.0,0.29,0.57,19.0,0.0,0.5304313206543895,0.2691921903896451,0.2003764889559655,2026-01-07,0.5304313206543895,0.2003764889559655,23.196491906568017,-0.5535080934319829,23.75
2026-01-18:aston villa:everton,everton,MID,0,Everton,2026-01-18,5,450.0,0.0,1.0,0.28,0.18,18.0,1.0,0.6145647327308479,0.2337462797128192,0.1516889875563327,2026-01-18,0.1516889875563327,0.6145647327308479,16.412498071273088,-7.111311452536437,23.523809523809526
2026-01-26:everton:leeds,everton,MID,1,Everton,2026-01-26,7,424.0,0.0,1.0,0.38,0.77,14.0,0.0,0.3838238410634934,0.3058810738073702,0.3102950851291364,2026-01-26,0.3838238410634934,0.3102950851291364,20.570473764848256,-2.7022535078790177,23.272727272727273
2026-01-31:brighton:everton,everton,MID,0,Everton,2026-01-31,8,447.0,0.0,0.0,0.4,0.13,14.0,0.0,0.5093051449404958,0.2674111919205704,0.2232836631389337,2026-01-31,0.2232836631389337,0.5093051449404958,17.694894559195017,-5.174670658196288,22.869565217391305
2026-02-07:fulham:everton,everton,MID,0,Everton,2026-02-07,7,450.0,1.0,1.0,0.8200000000000001,1.02,24.0,0.0,0.4537305241316528,0.2726925801582141,0.273576895710133,2026-02-07,0.273576895710133,0.4537305241316528,18.595741784085867,-3.9042582159141332,22.5
2026-02-10:everton:bournemouth,everton,MID,1,Everton,2026-02-10,6,449.0,1.0,0.0,1.6,1.21,18.0,0.0,0.4139834060809894,0.2724446009000629,0.3135719930189476,2026-02-10,0.4139834060809894,0.3135719930189476,21.110688800965956,-1.4493111990340424,22.56
2026-02-23:everton:man utd,everton,MID,1,Everton,2026-02-23,7,527.0,0.0,0.0,0.38,0.47,15.0,0.0,0.2610134143788711,0.2529546456180434,0.4860319400030854,2026-02-23,0.2610134143788711,0.4860319400030854,18.37070599470381,-4.013909389911575,22.384615384615383
2026-02-28:newcastle:everton,everton,MID,0,Everton,2026-02-28,6,447.0,0.0,3.0,0.18,0.72,25.0,0.0,0.5477586817288053,0.2454193445449611,0.2068219737262336,2026-02-28,0.2068219737262336,0.5477586817288053,17.400034466369362,-4.711076644741748,22.11111111111111
2026-03-03:everton:burnley,everton,MID,1,Everton,2026-03-03,8,449.0,1.0,2.0,0.83,0.78,36.0,1.0,0.6088261608738703,0.2415705527728486,0.149603286353281,2026-03-03,0.6088261608738703,0.149603286353281,24.600692246196274,2.386406531910559,22.214285714285715
2026-03-14:arsenal:everton,everton,MID,0,Everton,2026-03-14,9,539.0,0.0,0.0,0.9,0.11,21.0,1.0,0.7205903481179663,0.1895160770926484,0.0898935747893853,2026-03-14,0.0898935747893853,0.7205903481179663,15.305624974116714,-7.384030198297079,22.689655172413794
2026-03-21:everton:chelsea,everton,MID,1,Everton,2026-03-21,7,435.0,1.0,2.0,0.53,0.45,32.0,1.0,0.2966047899593727,0.2699995280101321,0.4333956820304952,2026-03-21,0.2966047899593727,0.4333956820304952,19.00821506466372,-3.6251182686696133,22.633333333333333
2026-04-11:brentford:everton,everton,MID,0,Everton,2026-04-11,7,448.0,1.0,1.0,0.8,0.79,23.0,0.0,0.4479607955648662,0.2773883479753046,0.2746508564598292,2026-04-11,0.2746508564598292,0.4479607955648662,18.614978458913555,-4.320505412054185,22.93548387096774
2026-04-19:everton:liverpool,everton,MID,1,Everton,2026-04-19,6,449.0,0.0,1.0,0.19,0.88,18.0,0.0,0.2915983038695443,0.2790739470220939,0.4293277491083617,2026-04-19,0.2915983038695443,0.4293277491083617,18.918539399173504,-4.018960600826496,22.9375
2026-04-25:west ham:everton,everton,MID,0,Everton,2026-04-25,8,473.0,1.0,0.0,0.87,1.79,19.0,0.0,0.3937540155027055,0.2728963362139262,0.3333496482833682,2026-04-25,0.3333496482833682,0.3937540155027055,19.666385199250268,-3.121493588628521,22.78787878787879
2026-05-04:everton:man city,everton,MID,1,Everton,2026-05-04,7,452.0,0.0,2.0,1.03,0.23,18.0,0.0,0.1236057336093848,0.1921707125366613,0.6842235538539538,2026-05-04,0.1236057336093848,0.6842235538539538,15.909473706152033,-6.7669968820832604,22.676470588235293
2026-05-10:crystal palace:everton,everton,MID,0,Everton,2026-05-10,7,450.0,0.0,1.0,0.91,0.5700000000000001,14.0,0.0,0.3395010365800045,0.2860155669838932,0.3744833964361023,2026-05-10,0.3744833964361023,0.3395010365800045,20.403168678424947,-2.139688464432197,22.542857142857144
2026-05-17:everton:sunderland,everton,MID,1,Everton,2026-05-17,7,448.0,1.0,0.0,0.2,1.28,17.0,0.0,0.5277126253290055,0.255234239867435,0.2170531348035595,2026-05-17,0.5277126253290055,0.2170531348035595,23.147794914666996,0.8422393591114385,22.305555555555557
2026-05-24:spurs:everton,everton,MID,0,Everton,2026-05-24,8,469.0,0.0,0.0,0.24,0.44,17.0,0.0,0.5184327208340264,0.2630979889399157,0.2184692902260577,2026-05-24,0.2184692902260577,0.5184327208340264,17.608660005231634,-4.553502156930527,22.16216216216216
2025-08-16:brighton:fulham,fulham,DEF,0,Fulham,2025-08-16,5,359.0,0.0,0.0,0.0,0.04,8.0,0.0,0.5330647868807598,0.2539247710276091,0.2130104420916312,2025-08-16,0.2130104420916312,0.5330647868807598,13.506358048029933,-2.333115636180594,15.839473684210526
2025-08-24:fulham:man utd,fulham,DEF,1,Fulham,2025-08-24,5,359.0,0.0,0.0,0.45,1.0699999999999998,11.0,0.0,0.2696856275777564,0.2646091700500897,0.4657052023721538,2025-08-24,0.2696856275777564,0.4657052023721538,14.52990193711578,6.529901937115779,8.0
2025-08-30:chelsea:fulham,fulham,DEF,0,Fulham,2025-08-30,5,352.0,0.0,0.0,0.36,0.11,8.0,0.0,0.5877216011237383,0.2345315798836316,0.17774681899263,2025-08-30,0.17774681899263,0.5877216011237383,12.675835582319749,3.175835582319749,9.5
2025-09-13:fulham:leeds,fulham,DEF,1,Fulham,2025-09-13,3,270.0,0.0,0.0,0.0,0.1,25.0,1.0,0.4761168821938154,0.2776901773941833,0.2461929404120012,2025-09-13,0.4761168821938154,0.2461929404120012,17.86543964786309,8.865439647863091,9.0
2025-09-20:fulham:brentford,fulham,DEF,1,Fulham,2025-09-20,4,274.0,0.0,0.0,0.23,0.03,11.0,0.0,0.456543908661033,0.2843403717577775,0.2591157195811895,2025-09-20,0.456543908661033,0.2591157195811895,17.669075140196945,4.669075140196945,13.0
2025-09-28:aston villa:fulham,fulham,DEF,0,Fulham,2025-09-28,4,280.0,0.0,0.0,0.0,0.07,7.0,0.0,0.4293090375583521,0.2900761874684123,0.2806147749732356,2025-09-28,0.2806147749732356,0.4293090375583521,15.082949767696867,2.4829497676968675,12.6
2025-10-03:bournemouth:fulham,fulham,DEF,0,Fulham,2025-10-03,4,355.0,0.0,0.0,0.04,0.03,7.0,0.0,0.4990967937751968,0.2720262682120664,0.2288769380127369,2025-10-03,0.2288769380127369,0.4990967937751968,14.022509268696492,2.355842602029826,11.666666666666666
2025-10-18:fulham:arsenal,fulham,DEF,1,Fulham,2025-10-18,5,268.0,0.0,0.0,0.0,0.0,9.0,0.0,0.1249400264430107,0.2180609475018562,0.656999026055133,2025-10-18,0.1249400264430107,0.656999026055133,11.62314968086391,0.6231496808639108,11.0
2025-10-25:newcastle:fulham,fulham,DEF,0,Fulham,2025-10-25,4,271.0,0.0,0.0,0.0,0.02,5.0,0.0,0.6142624407597412,0.2299343911508264,0.1558031680894323,2025-10-25,0.1558031680894323,0.6142624407597412,12.272541612815417,1.5225416128154166,10.75
2025-11-01:fulham:wolves,fulham,DEF,1,Fulham,2025-11-01,3,270.0,0.0,0.0,0.15,0.25,18.0,1.0,0.5458618107761658,0.2504750235989306,0.2036631656249035,2025-11-01,0.5458618107761658,0.2036631656249035,18.51168904807977,8.40057793696866,10.11111111111111
2025-11-08:everton:fulham,fulham,DEF,0,Fulham,2025-11-08,3,270.0,0.0,0.0,0.0,0.07,8.0,0.0,0.4170036501581894,0.2924864448877449,0.2905099049540656,2025-11-08,0.2905099049540656,0.4170036501581894,15.269932869925793,4.369932869925792,10.9
2025-11-22:fulham:sunderland,fulham,DEF,1,Fulham,2025-11-22,4,271.0,0.0,0.0,0.06,0.08,26.0,1.0,0.4797344060724516,0.2795251286468765,0.2407404652806718,2025-11-22,0.4797344060724516,0.2407404652806718,17.94829122187112,7.311927585507483,10.636363636363637
2025-11-29:spurs:fulham,fulham,DEF,0,Fulham,2025-11-29,4,273.0,1.0,0.0,0.06,0.0,21.0,0.0,0.4110667115287058,0.2788652764559476,0.3100680120153466,2025-11-29,0.3100680120153466,0.4110667115287058,15.360145974689068,3.443479308022402,11.916666666666666
2025-12-02:fulham:man city,fulham,DEF,1,Fulham,2025-12-02,4,270.0,0.0,1.0,0.0,0.04,5.0,0.0,0.1729351226918821,0.2245060571474606,0.6025588201606572,2025-12-02,0.1729351226918821,0.6025588201606572,12.4503807344751,-0.16500388090951468,12.615384615384615
2025-12-07:fulham:crystal palace,fulham,DEF,1,Fulham,2025-12-07,4,360.0,0.0,0.0,0.0699999999999999,0.31,8.0,0.0,0.3849968813754542,0.2820472501592839,0.3329558684652619,2025-12-07,0.3849968813754542,0.3329558684652619,16.54705763206007,4.4756290606314995,12.071428571428571
2025-12-13:burnley:fulham,fulham,DEF,0,Fulham,2025-12-13,5,361.0,1.0,0.0,0.93,0.05,17.0,0.0,0.2375307381604177,0.2738840386209881,0.488585223218594,2025-12-13,0.488585223218594,0.2375307381604177,17.997063740340998,6.197063740340997,11.8
2025-12-22:fulham:nottm forest,fulham,DEF,1,Fulham,2025-12-22,5,365.0,0.0,0.0,0.0,0.37,32.0,1.0,0.3745217543167675,0.2802468528808365,0.3452313928023959,2025-12-22,0.3745217543167675,0.3452313928023959,16.360528305725037,4.235528305725037,12.125
2025-12-27:west ham:fulham,fulham,DEF,0,Fulham,2025-12-27,6,361.0,0.0,0.0,0.13,0.6200000000000001,30.0,1.0,0.3170487376676419,0.2808985626491988,0.4020526996831592,2025-12-27,0.4020526996831592,0.3170487376676419,16.788770027401718,3.4946523803428935,13.294117647058824
2026-01-01:crystal palace:fulham,fulham,DEF,0,Fulham,2026-01-01,5,359.0,0.0,0.0,0.7000000000000001,0.4,9.0,0.0,0.4345271396750945,0.2860214630476514,0.279451397277254,2026-01-01,0.279451397277254,0.4345271396750945,15.003659543845572,0.7814373216233506,14.222222222222221
2026-01-04:fulham:liverpool,fulham,DEF,1,Fulham,2026-01-04,5,450.0,0.0,0.0,0.0,0.24,9.0,0.0,0.2247484844180821,0.2567826024197593,0.5184689131621586,2026-01-04,0.2247484844180821,0.5184689131621586,13.728145600009775,-0.21922282104285706,13.947368421052632
2026-01-07:fulham:chelsea,fulham,DEF,1,Fulham,2026-01-07,5,387.0,0.0,0.0,0.02,0.15,7.0,0.0,0.2565422189320619,0.2605269850098737,0.4829307960580643,2026-01-07,0.2565422189320619,0.4829307960580643,14.26815520453555,0.5681552045355502,13.7
2026-01-17:leeds:fulham,fulham,DEF,0,Fulham,2026-01-17,5,362.0,0.0,0.0,0.0,0.03,9.0,0.0,0.4167410415402747,0.2797497581603335,0.3035092002993917,2026-01-17,0.3035092002993917,0.4167410415402747,15.273923266363784,1.892970885411403,13.380952380952381
2026-01-24:fulham:brighton,fulham,DEF,1,Fulham,2026-01-24,4,328.0,0.0,1.0,0.05,0.11,17.0,0.0,0.3713216196246421,0.2848674965629663,0.3438108838123916,2026-01-24,0.3713216196246421,0.3438108838123916,16.382113256207095,3.2002950743889134,13.181818181818182
2026-02-01:man utd:fulham,fulham,DEF,0,Fulham,2026-02-01,5,339.0,0.0,0.0,0.44,0.5700000000000001,4.0,0.0,0.6474295770963373,0.1931859931572965,0.1593844297463662,2026-02-01,0.1593844297463662,0.6474295770963373,11.768559589121924,-1.5792664978345972,13.347826086956522
2026-02-07:fulham:everton,fulham,DEF,1,Fulham,2026-02-07,4,269.0,0.0,0.0,0.09,0.15,6.0,0.0,0.4537305241316528,0.2726925801582141,0.273576895710133,2026-02-07,0.4537305241316528,0.273576895710133,17.4493343480921,4.491001014758767,12.958333333333334
2026-02-11:man city:fulham,fulham,DEF,0,Fulham,2026-02-11,3,270.0,0.0,0.0,0.3,0.08,4.0,0.0,0.7214738398217525,0.1674713124462578,0.1110548477319897,2026-02-11,0.1110548477319897,0.7214738398217525,10.643440525705152,-2.0365594742948474,12.68
2026-02-22:sunderland:fulham,fulham,DEF,0,Fulham,2026-02-22,5,271.0,0.0,1.0,0.1,0.01,17.0,0.0,0.3316557350105978,0.2942734381282113,0.3740708268611909,2026-02-22,0.3740708268611909,0.3316557350105978,16.566813449472328,4.220659603318481,12.346153846153847
2026-03-01:fulham:spurs,fulham,DEF,1,Fulham,2026-03-01,4,271.0,0.0,0.0,0.45,0.3399999999999999,5.0,0.0,0.4796514819122349,0.2516484690172199,0.2687000490705452,2026-03-01,0.4796514819122349,0.2687000490705452,17.52343911896285,5.004920600444329,12.518518518518519
2026-03-04:fulham:west ham,fulham,DEF,1,Fulham,2026-03-04,5,359.0,0.0,0.0,0.22,0.22,7.0,0.0,0.4377617404303001,0.2633692420695303,0.2988690175001697,2026-03-04,0.4377617404303001,0.2988690175001697,17.065014924374463,4.815014924374463,12.25
2026-03-15:nottm forest:fulham,fulham,DEF,0,Fulham,2026-03-15,4,360.0,0.0,0.0,0.36,0.07,27.0,1.0,0.4195887945769802,0.281289434905035,0.2991217705179848,2026-03-15,0.2991217705179848,0.4195887945769802,15.230651024713108,3.161685507471729,12.068965517241379
2026-03-21:fulham:burnley,fulham,DEF,1,Fulham,2026-03-21,4,330.0,0.0,0.0,0.09,0.21,9.0,0.0,0.646769319116474,0.2093323548643283,0.1438983260191977,2026-03-21,0.646769319116474,0.1438983260191977,19.419829096847447,6.853162430180781,12.566666666666666
2026-04-11:liverpool:fulham,fulham,DEF,0,Fulham,2026-04-11,4,338.0,0.0,0.0,0.08,0.37,8.0,0.0,0.5716530678761531,0.2233801851254046,0.2049667469984422,2026-04-11,0.2049667469984422,0.5716530678761531,12.920000523836531,0.46838762061072536,12.451612903225806
2026-04-18:brentford:fulham,fulham,DEF,0,Fulham,2026-04-18,4,279.0,0.0,0.0,0.13,0.03,20.0,1.0,0.4944697301318163,0.2438264891352149,0.2617037807329687,2026-04-18,0.2617037807329687,0.4944697301318163,14.092818531307639,1.780318531307639,12.3125
2026-04-25:fulham:aston villa,fulham,DEF,1,Fulham,2026-04-25,4,279.0,0.0,0.0,0.0,0.16,23.0,1.0,0.3920242130995175,0.2583664288134554,0.3496093580870271,2026-04-25,0.3920242130995175,0.3496093580870271,16.294004148154826,3.7485496027002814,12.545454545454545
2026-05-02:arsenal:fulham,fulham,DEF,0,Fulham,2026-05-02,4,360.0,0.0,0.0,0.1699999999999999,0.06,6.0,0.0,0.6797312289943577,0.202723820463309,0.1175449505423332,2026-05-02,0.1175449505423332,0.6797312289943577,11.277728794235223,-1.5752123822353656,12.852941176470589
2026-05-09:fulham:bournemouth,fulham,DEF,1,Fulham,2026-05-09,5,358.0,0.0,0.0,0.07,0.26,4.0,0.0,0.3600033672078148,0.2546145416091924,0.3853820911829928,2026-05-09,0.3600033672078148,0.3853820911829928,15.750429501378367,3.0932866442355103,12.657142857142857
2026-05-17:wolves:fulham,fulham,DEF,0,Fulham,2026-05-17,4,360.0,1.0,1.0,0.8400000000000001,0.3,21.0,0.0,0.2223779015717846,0.2504628130322595,0.5271592853959559,2026-05-17,0.5271592853959559,0.2223779015717846,18.227314467178992,5.810647800512326,12.416666666666666
2026-05-24:fulham:newcastle,fulham,DEF,1,Fulham,2026-05-24,5,359.0,1.0,0.0,0.89,0.25,35.0,1.0,0.3733658677046707,0.2516636417346594,0.3749704905606699,2026-05-24,0.3733658677046707,0.3749704905606699,15.90863609172958,3.259987443080931,12.64864864864865
2025-08-16:brighton:fulham,fulham,FWD,0,Fulham,2025-08-16,2,89.0,1.0,0.0,0.4399999999999999,0.0,9.0,0.0,0.5330647868807598,0.2539247710276091,0.2130104420916312,2025-08-16,0.2130104420916312,0.5330647868807598,5.659090909090909,0.0,5.659090909090909
2025-08-24:fulham:man utd,fulham,FWD,1,Fulham,2025-08-24,2,89.0,0.0,0.0,0.37,0.0,1.0,0.0,0.2696856275777564,0.2646091700500897,0.4657052023721538,2025-08-24,0.2696856275777564,0.4657052023721538,9.0,0.0,9.0
2025-08-30:chelsea:fulham,fulham,FWD,0,Fulham,2025-08-30,2,89.0,0.0,0.0,0.15,0.0,2.0,0.0,0.5877216011237383,0.2345315798836316,0.17774681899263,2025-08-30,0.17774681899263,0.5877216011237383,5.0,0.0,5.0
2025-09-13:fulham:leeds,fulham,FWD,1,Fulham,2025-09-13,2,89.0,0.0,0.0,0.18,0.01,3.0,1.0,0.4761168821938154,0.2776901773941833,0.2461929404120012,2025-09-13,0.4761168821938154,0.2461929404120012,4.0,0.0,4.0
2025-09-20:fulham:brentford,fulham,FWD,1,Fulham,2025-09-20,2,89.0,0.0,1.0,0.12,0.0,6.0,0.0,0.456543908661033,0.2843403717577775,0.2591157195811895,2025-09-20,0.456543908661033,0.2591157195811895,3.75,0.0,3.75
2025-09-28:aston villa:fulham,fulham,FWD,0,Fulham,2025-09-28,1,10.0,1.0,0.0,0.06,0.0,6.0,0.0,0.4293090375583521,0.2900761874684123,0.2806147749732356,2025-09-28,0.2806147749732356,0.4293090375583521,4.2,0.0,4.2
2025-10-18:fulham:arsenal,fulham,FWD,1,Fulham,2025-10-18,1,90.0,0.0,0.0,0.05,0.02,2.0,0.0,0.1249400264430107,0.2180609475018562,0.656999026055133,2025-10-18,0.1249400264430107,0.656999026055133,4.5,0.0,4.5
2025-10-25:newcastle:fulham,fulham,FWD,0,Fulham,2025-10-25,2,91.0,0.0,1.0,0.71,0.03,6.0,0.0,0.6142624407597412,0.2299343911508264,0.1558031680894323,2025-10-25,0.1558031680894323,0.6142624407597412,4.142857142857143,0.0,4.142857142857143
2025-11-01:fulham:wolves,fulham,FWD,1,Fulham,2025-11-01,2,89.0,0.0,1.0,0.03,0.22,6.0,1.0,0.5458618107761658,0.2504750235989306,0.2036631656249035,2025-11-01,0.5458618107761658,0.2036631656249035,4.375,0.0,4.375
2025-11-08:everton:fulham,fulham,FWD,0,Fulham,2025-11-08,2,73.0,0.0,0.0,0.28,0.01,2.0,0.0,0.4170036501581894,0.2924864448877449,0.2905099049540656,2025-11-08,0.2905099049540656,0.4170036501581894,4.555555555555555,0.0,4.555555555555555
2025-11-22:fulham:sunderland,fulham,FWD,1,Fulham,2025-11-22,1,90.0,1.0,0.0,0.96,0.02,6.0,1.0,0.4797344060724516,0.2795251286468765,0.2407404652806718,2025-11-22,0.4797344060724516,0.2407404652806718,4.3,0.0,4.3
2025-11-29:spurs:fulham,fulham,FWD,0,Fulham,2025-11-29,1,90.0,0.0,0.0,0.0,0.01,1.0,0.0,0.4110667115287058,0.2788652764559476,0.3100680120153466,2025-11-29,0.3100680120153466,0.4110667115287058,4.454545454545454,0.0,4.454545454545454
2025-12-02:fulham:man city,fulham,FWD,1,Fulham,2025-12-02,2,90.0,0.0,0.0,0.16,0.02,3.0,0.0,0.1729351226918821,0.2245060571474606,0.6025588201606572,2025-12-02,0.1729351226918821,0.6025588201606572,4.166666666666667,0.0,4.166666666666667
2025-12-07:fulham:crystal palace,fulham,FWD,1,Fulham,2025-12-07,1,90.0,0.0,1.0,0.13,0.05,5.0,0.0,0.3849968813754542,0.2820472501592839,0.3329558684652619,2025-12-07,0.3849968813754542,0.3329558684652619,4.076923076923077,0.0,4.076923076923077
2025-12-13:burnley:fulham,fulham,FWD,0,Fulham,2025-12-13,1,78.0,0.0,0.0,0.0,0.01,2.0,0.0,0.2375307381604177,0.2738840386209881,0.488585223218594,2025-12-13,0.488585223218594,0.2375307381604177,4.142857142857143,0.0,4.142857142857143
2025-12-22:fulham:nottm forest,fulham,FWD,1,Fulham,2025-12-22,2,89.0,1.0,0.0,1.29,0.08,6.0,1.0,0.3745217543167675,0.2802468528808365,0.3452313928023959,2025-12-22,0.3745217543167675,0.3452313928023959,4.0,0.0,4.0
2025-12-27:west ham:fulham,fulham,FWD,0,Fulham,2025-12-27,1,90.0,1.0,0.0,0.9,0.01,9.0,1.0,0.3170487376676419,0.2808985626491988,0.4020526996831592,2025-12-27,0.4020526996831592,0.3170487376676419,4.125,0.0,4.125
2026-01-01:crystal palace:fulham,fulham,FWD,0,Fulham,2026-01-01,1,90.0,0.0,0.0,0.39,0.05,2.0,0.0,0.4345271396750945,0.2860214630476514,0.279451397277254,2026-01-01,0.279451397277254,0.4345271396750945,4.411764705882353,0.0,4.411764705882353
2026-01-04:fulham:liverpool,fulham,FWD,1,Fulham,2026-01-04,2,89.0,0.0,1.0,0.17,0.0,6.0,0.0,0.2247484844180821,0.2567826024197593,0.5184689131621586,2026-01-04,0.2247484844180821,0.5184689131621586,4.277777777777778,0.0,4.277777777777778
2026-01-07:fulham:chelsea,fulham,FWD,1,Fulham,2026-01-07,1,90.0,1.0,0.0,0.35,0.2,5.0,0.0,0.2565422189320619,0.2605269850098737,0.4829307960580643,2026-01-07,0.2565422189320619,0.4829307960580643,4.368421052631579,0.0,4.368421052631579
2026-01-17:leeds:fulham,fulham,FWD,0,Fulham,2026-01-17,2,89.0,0.0,0.0,0.09,0.0,2.0,1.0,0.4167410415402747,0.2797497581603335,0.3035092002993917,2026-01-17,0.3035092002993917,0.4167410415402747,4.4,0.0,4.4
2026-01-24:fulham:brighton,fulham,FWD,1,Fulham,2026-01-24,1,90.0,0.0,0.0,0.44,0.03,2.0,0.0,0.3713216196246421,0.2848674965629663,0.3438108838123916,2026-01-24,0.3713216196246421,0.3438108838123916,4.285714285714286,0.0,4.285714285714286
2026-02-01:man utd:fulham,fulham,FWD,0,Fulham,2026-02-01,1,90.0,1.0,0.0,1.12,0.0,6.0,0.0,0.6474295770963373,0.1931859931572965,0.1593844297463662,2026-02-01,0.1593844297463662,0.6474295770963373,4.181818181818182,0.0,4.181818181818182
2026-02-07:fulham:everton,fulham,FWD,1,Fulham,2026-02-07,2,89.0,0.0,1.0,0.68,0.01,6.0,1.0,0.4537305241316528,0.2726925801582141,0.273576895710133,2026-02-07,0.4537305241316528,0.273576895710133,4.260869565217392,0.0,4.260869565217392
2026-02-11:man city:fulham,fulham,FWD,0,Fulham,2026-02-11,2,89.0,0.0,0.0,0.6000000000000001,0.0,2.0,0.0,0.7214738398217525,0.1674713124462578,0.1110548477319897,2026-02-11,0.1110548477319897,0.7214738398217525,4.333333333333333,0.0,4.333333333333333
2026-02-22:sunderland:fulham,fulham,FWD,0,Fulham,2026-02-22,2,89.0,2.0,0.0,1.03,0.12,12.0,1.0,0.3316557350105978,0.2942734381282113,0.3740708268611909,2026-02-22,0.3740708268611909,0.3316557350105978,4.24,0.0,4.24
2026-03-01:fulham:spurs,fulham,FWD,1,Fulham,2026-03-01,2,89.0,0.0,0.0,0.53,0.02,3.0,0.0,0.4796514819122349,0.2516484690172199,0.2687000490705452,2026-03-01,0.4796514819122349,0.2687000490705452,4.538461538461538,0.0,4.538461538461538
2026-03-04:fulham:west ham,fulham,FWD,1,Fulham,2026-03-04,2,89.0,0.0,0.0,0.2,0.05,2.0,0.0,0.4377617404303001,0.2633692420695303,0.2988690175001697,2026-03-04,0.4377617404303001,0.2988690175001697,4.481481481481482,0.0,4.481481481481482
2026-03-15:nottm forest:fulham,fulham,FWD,0,Fulham,2026-03-15,2,89.0,0.0,0.0,0.06,0.02,3.0,1.0,0.4195887945769802,0.281289434905035,0.2991217705179848,2026-03-15,0.2991217705179848,0.4195887945769802,4.392857142857143,0.0,4.392857142857143
2026-03-21:fulham:burnley,fulham,FWD,1,Fulham,2026-03-21,2,89.0,1.0,0.0,1.46,0.01,7.0,0.0,0.646769319116474,0.2093323548643283,0.1438983260191977,2026-03-21,0.646769319116474,0.1438983260191977,4.344827586206897,0.0,4.344827586206897
2026-04-11:liverpool:fulham,fulham,FWD,0,Fulham,2026-04-11,2,89.0,0.0,0.0,0.42,0.0699999999999999,3.0,0.0,0.5716530678761531,0.2233801851254046,0.2049667469984422,2026-04-11,0.2049667469984422,0.5716530678761531,4.433333333333334,0.0,4.433333333333334
2026-04-18:brentford:fulham,fulham,FWD,0,Fulham,2026-04-18,2,89.0,0.0,0.0,0.0,0.0,3.0,1.0,0.4944697301318163,0.2438264891352149,0.2617037807329687,2026-04-18,0.2617037807329687,0.4944697301318163,4.387096774193548,0.0,4.387096774193548
2026-04-25:fulham:aston villa,fulham,FWD,1,Fulham,2026-04-25,2,89.0,0.0,0.0,0.25,0.03,3.0,1.0,0.3920242130995175,0.2583664288134554,0.3496093580870271,2026-04-25,0.3920242130995175,0.3496093580870271,4.34375,0.0,4.34375
2026-05-02:arsenal:fulham,fulham,FWD,0,Fulham,2026-05-02,3,101.0,0.0,0.0,0.1,0.0,4.0,0.0,0.6797312289943577,0.202723820463309,0.1175449505423332,2026-05-02,0.1175449505423332,0.6797312289943577,4.303030303030303,0.0,4.303030303030303
2026-05-09:fulham:bournemouth,fulham,FWD,1,Fulham,2026-05-09,2,97.0,0.0,0.0,0.71,0.0,2.0,0.0,0.3600033672078148,0.2546145416091924,0.3853820911829928,2026-05-09,0.3600033672078148,0.3853820911829928,4.294117647058823,0.0,4.294117647058823
2026-05-17:wolves:fulham,fulham,FWD,0,Fulham,2026-05-17,2,89.0,0.0,0.0,0.26,0.01,3.0,0.0,0.2223779015717846,0.2504628130322595,0.5271592853959559,2026-05-17,0.5271592853959559,0.2223779015717846,4.228571428571429,0.0,4.228571428571429
2026-05-24:fulham:newcastle,fulham,FWD,1,Fulham,2026-05-24,2,89.0,0.0,0.0,0.19,0.01,3.0,1.0,0.3733658677046707,0.2516636417346594,0.3749704905606699,2026-05-24,0.3733658677046707,0.3749704905606699,4.194444444444445,0.0,4.194444444444445
2025-08-16:brighton:fulham,fulham,GKP,0,Fulham,2025-08-16,1,90.0,0.0,0.0,0.0,0.0,3.0,0.0,0.5330647868807598,0.2539247710276091,0.2130104420916312,2025-08-16,0.2130104420916312,0.5330647868807598,2.9792603843976364,-0.39442382612867943,3.373684210526316
2025-08-24:fulham:man utd,fulham,GKP,1,Fulham,2025-08-24,1,90.0,0.0,0.0,0.0,0.0,3.0,0.0,0.2696856275777564,0.2646091700500897,0.4657052023721538,2025-08-24,0.2696856275777564,0.4657052023721538,3.1522951413052516,0.15229514130525157,3.0
2025-08-30:chelsea:fulham,fulham,GKP,0,Fulham,2025-08-30,1,90.0,0.0,0.0,0.0,0.0,2.0,0.0,0.5877216011237383,0.2345315798836316,0.17774681899263,2025-08-30,0.17774681899263,0.5877216011237383,2.8388567783648506,-0.16114322163514938,3.0
2025-09-13:fulham:leeds,fulham,GKP,1,Fulham,2025-09-13,1,90.0,0.0,0.0,0.0,0.0,8.0,1.0,0.4761168821938154,0.2776901773941833,0.2461929404120012,2025-09-13,0.4761168821938154,0.2461929404120012,3.7161829853827757,1.0495163187161092,2.6666666666666665
2025-09-20:fulham:brentford,fulham,GKP,1,Fulham,2025-09-20,1,90.0,0.0,0.0,0.0,0.0,1.0,0.0,0.456543908661033,0.2843403717577775,0.2591157195811895,2025-09-20,0.456543908661033,0.2591157195811895,3.6829866708801884,-0.3170133291198116,4.0
2025-09-28:aston villa:fulham,fulham,GKP,0,Fulham,2025-09-28,1,90.0,0.0,0.0,0.0,0.0,1.0,0.0,0.4293090375583521,0.2900761874684123,0.2806147749732356,2025-09-28,0.2806147749732356,0.4293090375583521,3.2457903963141512,-0.15420960368584868,3.4
2025-10-03:bournemouth:fulham,fulham,GKP,0,Fulham,2025-10-03,1,90.0,0.0,0.0,0.0,0.0,2.0,0.0,0.4990967937751968,0.2720262682120664,0.2288769380127369,2025-10-03,0.2288769380127369,0.4990967937751968,3.0665180994286683,0.06651809942866826,3.0
2025-10-18:fulham:arsenal,fulham,GKP,1,Fulham,2025-10-18,1,90.0,0.0,0.0,0.0,0.0,3.0,0.0,0.1249400264430107,0.2180609475018562,0.656999026055133,2025-10-18,0.1249400264430107,0.656999026055133,2.6608954315180946,-0.1962474256247626,2.857142857142857
2025-10-25:newcastle:fulham,fulham,GKP,0,Fulham,2025-10-25,1,90.0,0.0,0.0,0.0,0.0,2.0,0.0,0.6142624407597412,0.2299343911508264,0.1558031680894323,2025-10-25,0.1558031680894323,0.6142624407597412,2.770678095731305,-0.10432190426869514,2.875
2025-11-01:fulham:wolves,fulham,GKP,1,Fulham,2025-11-01,1,90.0,0.0,0.0,0.0,0.0,7.0,1.0,0.5458618107761658,0.2504750235989306,0.2036631656249035,2025-11-01,0.5458618107761658,0.2036631656249035,3.8254343902913206,1.047656612513543,2.7777777777777777
2025-11-08:everton:fulham,fulham,GKP,0,Fulham,2025-11-08,1,90.0,0.0,0.0,0.0,0.0,2.0,0.0,0.4170036501581894,0.2924864448877449,0.2905099049540656,2025-11-08,0.2905099049540656,0.4170036501581894,3.2774007414933015,0.07740074149330134,3.2
2025-11-22:fulham:sunderland,fulham,GKP,1,Fulham,2025-11-22,1,90.0,0.0,0.0,0.0,0.0,5.0,1.0,0.4797344060724516,0.2795251286468765,0.2407404652806718,2025-11-22,0.4797344060724516,0.2407404652806718,3.730189421375175,0.6392803304660841,3.090909090909091
2025-11-29:spurs:fulham,fulham,GKP,0,Fulham,2025-11-29,1,90.0,0.0,0.0,0.0,0.0,1.0,0.0,0.4110667115287058,0.2788652764559476,0.3100680120153466,2025-11-29,0.3100680120153466,0.4110667115287058,3.292651677793196,0.04265167779319601,3.25
2025-12-02:fulham:man city,fulham,GKP,1,Fulham,2025-12-02,1,90.0,0.0,0.0,0.0,0.0,0.0,0.0,0.1729351226918821,0.2245060571474606,0.6025588201606572,2025-12-02,0.1729351226918821,0.6025588201606572,2.800742609342471,-0.2761804675806059,3.076923076923077
2025-12-07:fulham:crystal palace,fulham,GKP,1,Fulham,2025-12-07,1,90.0,0.0,0.0,0.0,0.0,2.0,0.0,0.3849968813754542,0.2820472501592839,0.3329558684652619,2025-12-07,0.3849968813754542,0.3329558684652619,3.493304500103955,0.6361616429610977,2.857142857142857
2025-12-13:burnley:fulham,fulham,GKP,0,Fulham,2025-12-13,1,90.0,0.0,0.0,0.0,0.0,3.0,0.0,0.2375307381604177,0.2738840386209881,0.488585223218594,2025-12-13,0.488585223218594,0.2375307381604177,3.7384346377915856,0.9384346377915858,2.8
2025-12-22:fulham:nottm forest,fulham,GKP,1,Fulham,2025-12-22,1,90.0,0.0,0.0,0.0,0.0,7.0,1.0,0.3745217543167675,0.2802468528808365,0.3452313928023959,2025-12-22,0.3745217543167675,0.3452313928023959,3.4617708678067114,0.6492708678067114,2.8125
2025-12-27:west ham:fulham,fulham,GKP,0,Fulham,2025-12-27,1,90.0,0.0,0.0,0.0,0.0,6.0,1.0,0.3170487376676419,0.2808985626491988,0.4020526996831592,2025-12-27,0.4020526996831592,0.3170487376676419,3.53416708158725,0.4753435521754854,3.0588235294117645
2026-01-01:crystal palace:fulham,fulham,GKP,0,Fulham,2026-01-01,1,90.0,0.0,0.0,0.0,0.0,2.0,0.0,0.4345271396750945,0.2860214630476514,0.279451397277254,2026-01-01,0.279451397277254,0.4345271396750945,3.2323860227884467,0.010163800566224346,3.2222222222222223
2026-01-04:fulham:liverpool,fulham,GKP,1,Fulham,2026-01-04,1,90.0,0.0,0.0,0.0,0.0,1.0,0.0,0.2247484844180821,0.2567826024197593,0.5184689131621586,2026-01-04,0.2247484844180821,0.5184689131621586,3.016754580348767,-0.14114015649333833,3.1578947368421053
2026-01-07:fulham:chelsea,fulham,GKP,1,Fulham,2026-01-07,1,90.0,0.0,0.0,0.0,0.0,3.0,0.0,0.2565422189320619,0.2605269850098737,0.4829307960580643,2026-01-07,0.2565422189320619,0.4829307960580643,3.1080456638511547,0.05804566385115484,3.05
2026-01-17:leeds:fulham,fulham,GKP,0,Fulham,2026-01-17,1,90.0,0.0,0.0,0.0,0.0,3.0,0.0,0.4167410415402747,0.2797497581603335,0.3035092002993917,2026-01-17,0.3035092002993917,0.4167410415402747,3.2780753361882393,0.23045628856919187,3.0476190476190474
2026-01-24:fulham:brighton,fulham,GKP,1,Fulham,2026-01-24,1,90.0,0.0,0.0,0.0,0.0,3.0,0.0,0.3713216196246421,0.2848674965629663,0.3438108838123916,2026-01-24,0.3713216196246421,0.3438108838123916,3.465419902009692,0.41996535655514666,3.0454545454545454
2026-02-01:man utd:fulham,fulham,GKP,0,Fulham,2026-02-01,1,90.0,0.0,0.0,0.0,0.0,2.0,0.0,0.6474295770963373,0.1931859931572965,0.1593844297463662,2026-02-01,0.1593844297463662,0.6474295770963373,2.685477638881822,-0.35800062198774363,3.0434782608695654
2026-02-07:fulham:everton,fulham,GKP,1,Fulham,2026-02-07,1,90.0,0.0,0.0,0.0,0.0,-1.0,0.0,0.4537305241316528,0.2726925801582141,0.273576895710133,2026-02-07,0.4537305241316528,0.273576895710133,3.645838489009348,0.645838489009348,3.0
2026-02-11:man city:fulham,fulham,GKP,0,Fulham,2026-02-11,1,90.0,0.0,0.0,0.0,0.0,1.0,0.0,0.7214738398217525,0.1674713124462578,0.1110548477319897,2026-02-11,0.1110548477319897,0.7214738398217525,2.4952711360572852,-0.3447288639427146,2.84
2026-02-22:sunderland:fulham,fulham,GKP,0,Fulham,2026-02-22,1,90.0,0.0,0.0,0.0,0.0,2.0,0.0,0.3316557350105978,0.2942734381282113,0.3740708268611909,2026-02-22,0.3740708268611909,0.3316557350105978,3.4966443110293994,0.7274135417986303,2.769230769230769
2026-03-01:fulham:spurs,fulham,GKP,1,Fulham,2026-03-01,1,90.0,0.0,0.0,0.0,0.0,2.0,0.0,0.4796514819122349,0.2516484690172199,0.2687000490705452,2026-03-01,0.4796514819122349,0.2687000490705452,3.6583662380878623,0.9176254973471214,2.740740740740741
2026-03-04:fulham:west ham,fulham,GKP,1,Fulham,2026-03-04,1,90.0,0.0,0.0,0.0,0.0,3.0,0.0,0.4377617404303001,0.2633692420695303,0.2988690175001697,2026-03-04,0.4377617404303001,0.2988690175001697,3.580867539774089,0.8665818254883746,2.7142857142857144
2026-03-15:nottm forest:fulham,fulham,GKP,0,Fulham,2026-03-15,1,90.0,0.0,0.0,0.0,0.0,7.0,1.0,0.4195887945769802,0.281289434905035,0.2991217705179848,2026-03-15,0.2991217705179848,0.4195887945769802,3.2707599666230323,0.5466220355885496,2.7241379310344827
2026-03-21:fulham:burnley,fulham,GKP,1,Fulham,2026-03-21,1,90.0,0.0,0.0,0.0,0.0,3.0,0.0,0.646769319116474,0.2093323548643283,0.1438983260191977,2026-03-21,0.646769319116474,0.1438983260191977,3.9789596023043883,1.1122929356377216,2.8666666666666667
2026-04-11:liverpool:fulham,fulham,GKP,0,Fulham,2026-04-11,1,90.0,0.0,0.0,0.0,0.0,2.0,0.0,0.5716530678761531,0.2233801851254046,0.2049667469984422,2026-04-11,0.2049667469984422,0.5716530678761531,2.880133973950916,0.009166232015432207,2.870967741935484
2026-04-18:brentford:fulham,fulham,GKP,0,Fulham,2026-04-18,1,90.0,0.0,0.0,0.0,0.0,10.0,1.0,0.4944697301318163,0.2438264891352149,0.2617037807329687,2026-04-18,0.2617037807329687,0.4944697301318163,3.078404200546559,0.23465420054655883,2.84375
2026-04-25:fulham:aston villa,fulham,GKP,1,Fulham,2026-04-25,1,90.0,0.0,0.0,0.0,0.0,7.0,1.0,0.3920242130995175,0.2583664288134554,0.3496093580870271,2026-04-25,0.3920242130995175,0.3496093580870271,3.450524655937941,0.38991859533188045,3.0606060606060606
2026-05-02:arsenal:fulham,fulham,GKP,0,Fulham,2026-05-02,1,90.0,0.0,0.0,0.0,0.0,3.0,0.0,0.6797312289943577,0.202723820463309,0.1175449505423332,2026-05-02,0.1175449505423332,0.6797312289943577,2.602500457168739,-0.573970131066555,3.176470588235294
2026-05-09:fulham:bournemouth,fulham,GKP,1,Fulham,2026-05-09,1,90.0,0.0,0.0,0.0,0.01,3.0,0.0,0.3600033672078148,0.2546145416091924,0.3853820911829928,2026-05-09,0.3600033672078148,0.3853820911829928,3.3586308858035574,0.18720231437498613,3.1714285714285713
2026-05-17:wolves:fulham,fulham,GKP,0,Fulham,2026-05-17,1,90.0,0.0,0.0,0.0,0.0,2.0,0.0,0.2223779015717846,0.2504628130322595,0.5271592853959559,2026-05-17,0.5271592853959559,0.2223779015717846,3.777359572004028,0.6106929053373613,3.1666666666666665
2026-05-24:fulham:newcastle,fulham,GKP,1,Fulham,2026-05-24,1,90.0,0.0,0.0,0.0,0.01,6.0,1.0,0.3733658677046707,0.2516636417346594,0.3749704905606699,2026-05-24,0.3733658677046707,0.3749704905606699,3.3853764305667178,0.2502412954315827,3.135135135135135
2025-08-16:brighton:fulham,fulham,MID,0,Fulham,2025-08-16,8,447.0,0.0,1.0,0.35,0.45,15.0,0.0,0.5330647868807598,0.2539247710276091,0.2130104420916312,2025-08-16,0.2130104420916312,0.5330647868807598,17.51088167718249,-2.9825393754490896,20.49342105263158
2025-08-24:fulham:man utd,fulham,MID,1,Fulham,2025-08-24,7,448.0,1.0,1.0,0.94,1.01,23.0,0.0,0.2696856275777564,0.2646091700500897,0.4657052023721538,2025-08-24,0.2696856275777564,0.4657052023721538,18.52604178829826,3.5260417882982615,15.0
2025-08-30:chelsea:fulham,fulham,MID,0,Fulham,2025-08-30,8,454.0,0.0,0.0,0.51,0.36,11.0,0.0,0.5877216011237383,0.2345315798836316,0.17774681899263,2025-08-30,0.17774681899263,0.5877216011237383,16.879243276064408,-2.1207567239355924,19.0
2025-09-13:fulham:leeds,fulham,MID,1,Fulham,2025-09-13,10,536.0,0.0,1.0,0.67,0.51,22.0,1.0,0.4761168821938154,0.2776901773941833,0.2461929404120012,2025-09-13,0.4761168821938154,0.2461929404120012,22.22361725410966,5.8902839207763265,16.333333333333332
2025-09-20:fulham:brentford,fulham,MID,1,Fulham,2025-09-20,9,532.0,2.0,2.0,0.6699999999999999,0.58,33.0,0.0,0.456543908661033,0.2843403717577775,0.2591157195811895,2025-09-20,0.456543908661033,0.2591157195811895,21.87302815914728,4.123028159147282,17.75
2025-09-28:aston villa:fulham,fulham,MID,0,Fulham,2025-09-28,10,605.0,0.0,1.0,0.87,0.76,17.0,0.0,0.4293090375583521,0.2900761874684123,0.2806147749732356,2025-09-28,0.2806147749732356,0.4293090375583521,18.721803555802516,-2.0781964441974843,20.8
2025-10-03:bournemouth:fulham,fulham,MID,0,Fulham,2025-10-03,11,540.0,1.0,1.0,0.8300000000000001,0.98,29.0,1.0,0.4990967937751968,0.2720262682120664,0.2288769380127369,2025-10-03,0.2288769380127369,0.4990967937751968,17.795080725216145,-2.3715859414505225,20.166666666666668
2025-10-18:fulham:arsenal,fulham,MID,1,Fulham,2025-10-18,9,537.0,0.0,0.0,0.39,0.21,17.0,0.0,0.1249400264430107,0.2180609475018562,0.656999026055133,2025-10-18,0.1249400264430107,0.656999026055133,15.933373422573363,-5.4951980059980645,21.428571428571427
2025-10-25:newcastle:fulham,fulham,MID,0,Fulham,2025-10-25,9,538.0,1.0,0.0,0.8300000000000001,0.27,22.0,0.0,0.6142624407597412,0.2299343911508264,0.1558031680894323,2025-10-25,0.1558031680894323,0.6142624407597412,16.48619085112564,-4.388809148874358,20.875
2025-11-01:fulham:wolves,fulham,MID,1,Fulham,2025-11-01,10,536.0,2.0,2.0,1.23,0.62,42.0,1.0,0.5458618107761658,0.2504750235989306,0.2036631656249035,2025-11-01,0.5458618107761658,0.2036631656249035,23.472881263430875,2.4728812634308746,21.0
2025-11-08:everton:fulham,fulham,MID,0,Fulham,2025-11-08,10,553.0,0.0,0.0,0.11,0.25,15.0,0.0,0.4170036501581894,0.2924864448877449,0.2905099049540656,2025-11-08,0.2905099049540656,0.4170036501581894,18.899044109400766,-4.200955890599236,23.1
2025-11-22:fulham:sunderland,fulham,MID,1,Fulham,2025-11-22,9,537.0,0.0,1.0,1.14,1.14,23.0,1.0,0.4797344060724516,0.2795251286468765,0.2407404652806718,2025-11-22,0.4797344060724516,0.2407404652806718,22.288413970893217,-0.07522239274314657,22.363636363636363
2025-11-29:spurs:fulham,fulham,MID,0,Fulham,2025-11-29,9,533.0,1.0,2.0,0.39,0.7999999999999999,31.0,0.0,0.4110667115287058,0.2788652764559476,0.3100680120153466,2025-11-29,0.3100680120153466,0.4110667115287058,19.249366917649976,-3.167299749016692,22.416666666666668
2025-12-02:fulham:man city,fulham,MID,1,Fulham,2025-12-02,9,538.0,4.0,2.0,0.74,0.8,39.0,0.0,0.1729351226918821,0.2245060571474606,0.6025588201606572,2025-12-02,0.1729351226918821,0.6025588201606572,16.793056665303013,-6.283866411620064,23.076923076923077
2025-12-07:fulham:crystal palace,fulham,MID,1,Fulham,2025-12-07,10,446.0,1.0,0.0,0.56,0.52,21.0,0.0,0.3849968813754542,0.2820472501592839,0.3329558684652619,2025-12-07,0.3849968813754542,0.3329558684652619,20.591485142635893,-3.6228005716498224,24.214285714285715
2025-12-13:burnley:fulham,fulham,MID,0,Fulham,2025-12-13,8,457.0,2.0,3.0,1.2999999999999998,1.4,36.0,0.0,0.2375307381604177,0.2738840386209881,0.488585223218594,2025-12-13,0.488585223218594,0.2375307381604177,22.446948900077402,-1.5530510999225982,24.0
2025-12-22:fulham:nottm forest,fulham,MID,1,Fulham,2025-12-22,8,441.0,0.0,1.0,0.22,0.12,21.0,1.0,0.3745217543167675,0.2802468528808365,0.3452313928023959,2025-12-22,0.3745217543167675,0.3452313928023959,20.403855740850318,-4.346144259149682,24.75
2025-12-27:west ham:fulham,fulham,MID,0,Fulham,2025-12-27,7,445.0,0.0,1.0,0.6,0.8,18.0,1.0,0.3170487376676419,0.2808985626491988,0.4020526996831592,2025-12-27,0.4020526996831592,0.3170487376676419,20.89698721130859,-3.6324245533972928,24.529411764705884
2026-01-01:crystal palace:fulham,fulham,MID,0,Fulham,2026-01-01,8,447.0,1.0,1.0,0.81,0.78,21.0,0.0,0.4345271396750945,0.2860214630476514,0.279451397277254,2026-01-01,0.279451397277254,0.4345271396750945,18.70096525380152,-5.4657014128651475,24.166666666666668
2026-01-04:fulham:liverpool,fulham,MID,1,Fulham,2026-01-04,8,358.0,2.0,1.0,0.58,0.13,26.0,0.0,0.2247484844180821,0.2567826024197593,0.5184689131621586,2026-01-04,0.2247484844180821,0.5184689131621586,17.72113228774853,-6.2788677122514684,24.0
2026-01-07:fulham:chelsea,fulham,MID,1,Fulham,2026-01-07,9,421.0,1.0,2.0,0.8200000000000001,0.97,31.0,0.0,0.2565422189320619,0.2605269850098737,0.4829307960580643,2026-01-07,0.2565422189320619,0.4829307960580643,18.290618400324178,-5.809381599675824,24.1
2026-01-17:leeds:fulham,fulham,MID,0,Fulham,2026-01-17,8,444.0,0.0,0.0,0.29,0.39,15.0,1.0,0.4167410415402747,0.2797497581603335,0.3035092002993917,2026-01-17,0.3035092002993917,0.4167410415402747,19.131886154715616,-5.296685273855811,24.428571428571427
2026-01-24:fulham:brighton,fulham,MID,1,Fulham,2026-01-24,9,478.0,2.0,1.0,0.5700000000000001,0.21,28.0,0.0,0.3713216196246421,0.2848674965629663,0.3438108838123916,2026-01-24,0.3713216196246421,0.3438108838123916,20.346535256377642,-3.653464743622358,24.0
2026-02-01:man utd:fulham,fulham,MID,0,Fulham,2026-02-01,8,467.0,1.0,1.0,0.38,0.83,21.0,0.0,0.6474295770963373,0.1931859931572965,0.1593844297463662,2026-02-01,0.1593844297463662,0.6474295770963373,16.550338042712298,-7.623575000765964,24.17391304347826
2026-02-07:fulham:everton,fulham,MID,1,Fulham,2026-02-07,8,538.0,0.0,0.0,1.2,1.87,17.0,1.0,0.4537305241316528,0.2726925801582141,0.273576895710133,2026-02-07,0.4537305241316528,0.273576895710133,21.82263510393344,-2.219031562733228,24.041666666666668
2026-02-11:man city:fulham,fulham,MID,0,Fulham,2026-02-11,10,536.0,0.0,0.0,0.53,0.47,16.0,0.0,0.7214738398217525,0.1674713124462578,0.1110548477319897,2026-02-11,0.1110548477319897,0.7214738398217525,15.684663525248135,-8.075336474751866,23.76
2026-02-22:sunderland:fulham,fulham,MID,0,Fulham,2026-02-22,8,536.0,1.0,2.0,0.75,0.51,32.0,0.0,0.3316557350105978,0.2942734381282113,0.3740708268611909,2026-02-22,0.3740708268611909,0.3316557350105978,20.395778774502844,-3.065759687035616,23.46153846153846
2026-03-01:fulham:spurs,fulham,MID,1,Fulham,2026-03-01,9,537.0,2.0,2.0,1.16,0.62,37.0,0.0,0.4796514819122349,0.2516484690172199,0.2687000490705452,2026-03-01,0.4796514819122349,0.2687000490705452,22.286928641838223,-1.4908491359395555,23.77777777777778
2026-03-04:fulham:west ham,fulham,MID,1,Fulham,2026-03-04,8,447.0,0.0,0.0,0.46,0.44,17.0,1.0,0.4377617404303001,0.2633692420695303,0.2988690175001697,2026-03-04,0.4377617404303001,0.2988690175001697,21.5366038876683,-2.7133961123317007,24.25
2026-03-15:nottm forest:fulham,fulham,MID,0,Fulham,2026-03-15,9,448.0,0.0,0.0,0.62,0.47,18.0,1.0,0.4195887945769802,0.281289434905035,0.2991217705179848,2026-03-15,0.2991217705179848,0.4195887945769802,19.05329896234558,-4.946701037654421,24.0
2026-03-21:fulham:burnley,fulham,MID,1,Fulham,2026-03-21,9,477.0,2.0,2.0,1.6700000000000002,0.8099999999999999,34.0,0.0,0.646769319116474,0.2093323548643283,0.1438983260191977,2026-03-21,0.646769319116474,0.1438983260191977,25.280326206054674,1.4803262060546736,23.8
2026-04-11:liverpool:fulham,fulham,MID,0,Fulham,2026-04-11,9,470.0,0.0,0.0,0.55,0.91,14.0,0.0,0.5716530678761531,0.2233801851254046,0.2049667469984422,2026-04-11,0.2049667469984422,0.5716530678761531,17.366803835450817,-6.762228422613699,24.129032258064516
2026-04-18:brentford:fulham,fulham,MID,0,Fulham,2026-04-18,9,527.0,0.0,0.0,0.63,0.75,18.0,1.0,0.4944697301318163,0.2438264891352149,0.2617037807329687,2026-04-18,0.2617037807329687,0.4944697301318163,18.383071766050207,-5.429428233949793,23.8125
2026-04-25:fulham:aston villa,fulham,MID,1,Fulham,2026-04-25,8,528.0,1.0,1.0,0.98,0.41,30.0,1.0,0.3920242130995175,0.2583664288134554,0.3496093580870271,2026-04-25,0.3920242130995175,0.3496093580870271,20.717357987914784,-2.9190056484488522,23.636363636363637
2026-05-02:arsenal:fulham,fulham,MID,0,Fulham,2026-05-02,8,434.0,0.0,0.0,0.11,0.31,12.0,0.0,0.6797312289943577,0.202723820463309,0.1175449505423332,2026-05-02,0.1175449505423332,0.6797312289943577,15.800913581310397,-8.02261583045431,23.823529411764707
2026-05-09:fulham:bournemouth,fulham,MID,1,Fulham,2026-05-09,8,402.0,0.0,0.0,0.54,0.47,10.0,0.0,0.3600033672078148,0.2546145416091924,0.3853820911829928,2026-05-09,0.3600033672078148,0.3853820911829928,20.143803879628717,-3.3419104060855673,23.485714285714284
2026-05-17:wolves:fulham,fulham,MID,0,Fulham,2026-05-17,9,447.0,0.0,0.0,0.5,0.59,16.0,0.0,0.2223779015717846,0.2504628130322595,0.5271592853959559,2026-05-17,0.5271592853959559,0.2223779015717846,23.137883546524108,0.026772435412997453,23.11111111111111
2026-05-24:fulham:newcastle,fulham,MID,1,Fulham,2026-05-24,8,447.0,1.0,2.0,0.75,0.53,27.0,1.0,0.3733658677046707,0.2516636417346594,0.3749704905606699,2026-05-24,0.3733658677046707,0.3749704905606699,20.383151618375752,-2.535767300543167,22.91891891891892
2025-08-18:leeds:everton,leeds,DEF,1,Leeds,2025-08-18,4,360.0,0.0,0.0,0.31,0.16,30.0,1.0,0.4109063733439383,0.29201987769514,0.2970737489609217,2025-08-18,0.4109063733439383,0.2970737489609217,17.092294429674567,1.2528207454640405,15.839473684210526
2025-08-23:arsenal:leeds,leeds,DEF,0,Leeds,2025-08-23,5,359.0,0.0,0.0,0.1,0.0,1.0,0.0,0.7449720634128176,0.1652296614949292,0.0897982750922531,2025-08-23,0.0897982750922531,0.7449720634128176,10.286379784661912,-19.71362021533809,30.0
2025-08-30:leeds:newcastle,leeds,DEF,1,Leeds,2025-08-30,5,359.0,0.0,0.0,0.08,0.06,29.0,1.0,0.2518754013613444,0.2776300570662136,0.4704945415724418,2025-08-30,0.2518754013613444,0.4704945415724418,14.457126861275047,-1.0428731387249535,15.5
2025-09-13:fulham:leeds,leeds,DEF,0,Leeds,2025-09-13,4,360.0,0.0,0.0,0.05,0.08,8.0,0.0,0.4761168821938154,0.2776901773941833,0.2461929404120012,2025-09-13,0.2461929404120012,0.4761168821938154,14.371694143312974,-5.628305856687026,20.0
2025-09-20:wolves:leeds,leeds,DEF,0,Leeds,2025-09-20,5,359.0,0.0,1.0,0.0,0.13,15.0,0.0,0.327216961633576,0.3040482302071911,0.3687348081592328,2025-09-20,0.3687348081592328,0.327216961633576,16.634261599549724,-0.36573840045027595,17.0
2025-09-27:leeds:bournemouth,leeds,DEF,1,Leeds,2025-09-27,4,360.0,1.0,0.0,0.44,0.06,14.0,0.0,0.3195001933253177,0.2905552554650151,0.3899445512096671,2025-09-27,0.3195001933253177,0.3899445512096671,15.681101905111731,-0.9188980948882701,16.6
2025-10-04:leeds:spurs,leeds,DEF,1,Leeds,2025-10-04,5,347.0,0.0,0.0,0.41,0.1,7.0,0.0,0.3458354489080169,0.2790621301359102,0.375102420956073,2025-10-04,0.3458354489080169,0.375102420956073,15.906631379987598,-0.26003528667907005,16.166666666666668
2025-10-18:burnley:leeds,leeds,DEF,0,Leeds,2025-10-18,4,360.0,0.0,0.0,0.65,0.7400000000000001,3.0,0.0,0.2675168625737077,0.2912890285619195,0.4411941088643727,2025-10-18,0.4411941088643727,0.2675168625737077,17.541417901304243,2.684275044161385,14.857142857142858
2025-10-24:leeds:west ham,leeds,DEF,1,Leeds,2025-10-24,5,359.0,1.0,0.0,0.28,0.28,20.0,0.0,0.5463986653521108,0.2551191119491087,0.1984822226987806,2025-10-24,0.5463986653521108,0.1984822226987806,18.590414629753422,5.215414629753422,13.375
2025-11-01:brighton:leeds,leeds,DEF,0,Leeds,2025-11-01,5,359.0,0.0,0.0,0.0,0.04,5.0,0.0,0.5047837284543718,0.2574665505246021,0.2377497210210261,2025-11-01,0.2377497210210261,0.5047837284543718,13.936095029639594,-0.17501608147151693,14.11111111111111
2025-11-09:nottm forest:leeds,leeds,DEF,0,Leeds,2025-11-09,5,350.0,0.0,0.0,0.01,0.02,5.0,0.0,0.4323741088914895,0.298911449602745,0.2687144415057654,2025-11-09,0.2687144415057654,0.4323741088914895,15.03637532613029,1.836375326130291,13.2
2025-11-23:leeds:aston villa,leeds,DEF,1,Leeds,2025-11-23,4,360.0,0.0,0.0,0.28,0.1,4.0,0.0,0.2914554053138016,0.2837414578849198,0.4248031368012787,2025-11-23,0.2914554053138016,0.4248031368012787,15.15141793326491,2.6968724787194542,12.454545454545455
2025-11-29:man city:leeds,leeds,DEF,0,Leeds,2025-11-29,6,404.0,0.0,0.0,0.24,0.03,7.0,0.0,0.8135073893772191,0.1257095081431664,0.0607831024796144,2025-11-29,0.0607831024796144,0.8135073893772191,9.244970242291481,-2.5050297577085185,11.75
2025-12-03:leeds:chelsea,leeds,DEF,1,Leeds,2025-12-03,7,450.0,1.0,1.0,0.25,0.14,27.0,0.0,0.2323557474992855,0.2692790562327294,0.4983651962679851,2025-12-03,0.2323557474992855,0.4983651962679851,14.033626055761609,2.6490106711462236,11.384615384615385
2025-12-06:leeds:liverpool,leeds,DEF,1,Leeds,2025-12-06,6,425.0,0.0,0.0,0.11,0.13,3.0,0.0,0.2064113237550132,0.2375345347205748,0.5560541415244119,2025-12-06,0.2064113237550132,0.5560541415244119,13.157029683979065,0.657029683979065,12.5
2025-12-14:brentford:leeds,leeds,DEF,0,Leeds,2025-12-14,6,431.0,0.0,0.0,0.06,0.4,13.0,0.0,0.4517565952787436,0.2878522117656775,0.260391192955579,2025-12-14,0.260391192955579,0.4517565952787436,14.74185412856517,2.875187461898502,11.866666666666667
2025-12-20:leeds:crystal palace,leeds,DEF,1,Leeds,2025-12-20,6,449.0,0.0,1.0,1.15,0.62,20.0,1.0,0.3346897924358366,0.3074334630057203,0.3578767445584431,2025-12-20,0.3346897924358366,0.3578767445584431,16.168379369390824,4.2308793693908235,11.9375
2025-12-28:sunderland:leeds,leeds,DEF,0,Leeds,2025-12-28,5,390.0,0.0,0.0,0.64,0.38,9.0,0.0,0.3338122655766268,0.303522064695559,0.3626656697278141,2025-12-28,0.3626656697278141,0.3338122655766268,16.534044487214196,4.122279781331843,12.411764705882353
2026-01-01:liverpool:leeds,leeds,DEF,0,Leeds,2026-01-01,6,449.0,0.0,0.0,0.02,0.04,36.0,1.0,0.6707782157229972,0.2027555657323299,0.1264662185446728,2026-01-01,0.1264662185446728,0.6707782157229972,11.41377182492872,-0.8084503972935018,12.222222222222221
2026-01-04:leeds:man utd,leeds,DEF,1,Leeds,2026-01-04,5,439.0,0.0,1.0,0.03,0.25,20.0,0.0,0.3481917324432015,0.2832886135991851,0.3685196539576134,2026-01-04,0.3481917324432015,0.3685196539576134,16.006657990657807,2.532973780131492,13.473684210526315
2026-01-07:newcastle:leeds,leeds,DEF,0,Leeds,2026-01-07,6,451.0,0.0,1.0,0.53,0.1699999999999999,7.0,0.0,0.6100147588442982,0.2327185626622083,0.1572666784934934,2026-01-07,0.1572666784934934,0.6100147588442982,12.337086085573805,-1.4629139144261956,13.8
2026-01-17:leeds:fulham,leeds,DEF,1,Leeds,2026-01-17,6,441.0,0.0,0.0,0.4,0.21,34.0,1.0,0.4167410415402747,0.2797497581603335,0.3035092002993917,2026-01-17,0.4167410415402747,0.3035092002993917,16.994506313268374,3.518315837077898,13.476190476190476
2026-01-26:everton:leeds,leeds,DEF,0,Leeds,2026-01-26,5,444.0,1.0,0.0,0.49,0.13,23.0,0.0,0.3838238410634934,0.3058810738073702,0.3102950851291364,2026-01-26,0.3102950851291364,0.3838238410634934,15.774107459001119,1.3650165499102105,14.409090909090908
2026-01-31:leeds:arsenal,leeds,DEF,1,Leeds,2026-01-31,5,405.0,0.0,0.0,0.1,0.03,3.0,0.0,0.1462520731459163,0.2281448072911673,0.6256031195629165,2026-01-31,0.1462520731459163,0.6256031195629165,12.100217472579777,-2.682391223072397,14.782608695652174
2026-02-06:leeds:nottm forest,leeds,DEF,1,Leeds,2026-02-06,6,451.0,1.0,1.0,0.92,0.8099999999999999,26.0,0.0,0.4511029870743723,0.2757914411131296,0.273105571812498,2026-02-06,0.4511029870743723,0.273105571812498,17.45649621969098,3.1648295530243136,14.291666666666666
2026-02-10:chelsea:leeds,leeds,DEF,0,Leeds,2026-02-10,6,504.0,0.0,1.0,0.01,0.02,10.0,0.0,0.652153115732062,0.2052063961872892,0.1426404880806487,2026-02-10,0.1426404880806487,0.652153115732062,11.69678436751498,-3.0632156324850204,14.76
2026-02-21:aston villa:leeds,leeds,DEF,0,Leeds,2026-02-21,6,450.0,0.0,0.0,0.31,0.08,10.0,0.0,0.5350188508714231,0.2491449070944775,0.2158362420340994,2026-02-21,0.2158362420340994,0.5350188508714231,13.476665610478294,-1.1002574664447824,14.576923076923077
2026-02-28:leeds:man city,leeds,DEF,1,Leeds,2026-02-28,6,430.0,0.0,0.0,0.1,0.41,11.0,0.0,0.1867822292287648,0.2339193515754636,0.5792984191957716,2026-02-28,0.1867822292287648,0.5792984191957716,12.803827707745153,-1.6035796996622533,14.407407407407407
2026-03-03:leeds:sunderland,leeds,DEF,1,Leeds,2026-03-03,6,425.0,0.0,0.0,0.55,0.16,11.0,0.0,0.5384605486740861,0.2631173311691029,0.1984221201568108,2026-03-03,0.5384605486740861,0.1984221201568108,18.591327901264826,4.30561361555054,14.285714285714286
2026-03-15:crystal palace:leeds,leeds,DEF,0,Leeds,2026-03-15,6,454.0,0.0,0.0,0.06,0.16,28.0,1.0,0.3574756948982744,0.2893563823926,0.3531679227091256,2026-03-15,0.3531679227091256,0.3574756948982744,16.174473408299768,2.0020596151963197,14.172413793103448
2026-03-21:leeds:brentford,leeds,DEF,1,Leeds,2026-03-21,5,442.0,0.0,0.0,0.16,0.47,33.0,1.0,0.4082813380838109,0.2723936943882457,0.3193249675279434,2026-03-21,0.4082813380838109,0.3193249675279434,16.754182207707423,2.12084887437409,14.633333333333333
2026-04-13:man utd:leeds,leeds,DEF,0,Leeds,2026-04-13,5,450.0,0.0,1.0,0.3,1.21,15.0,0.0,0.6049888139176108,0.2224660461241544,0.1725451399582348,2026-04-13,0.1725451399582348,0.6049888139176108,12.413456438124536,-2.812350013488368,15.225806451612904
2026-04-18:leeds:wolves,leeds,DEF,1,Leeds,2026-04-18,6,451.0,1.0,0.0,0.79,0.11,42.0,1.0,0.6429828492591493,0.2210827729628726,0.1359343777779781,2026-04-18,0.6429828492591493,0.1359343777779781,19.540843064121173,4.322093064121173,15.21875
2026-04-22:bournemouth:leeds,leeds,DEF,0,Leeds,2026-04-22,6,423.0,0.0,0.0,0.02,0.64,12.0,0.0,0.5321002945230061,0.242041299589228,0.2258584058877658,2026-04-22,0.2258584058877658,0.5321002945230061,13.521013724219898,-2.509289306083133,16.03030303030303
2026-05-01:leeds:burnley,leeds,DEF,1,Leeds,2026-05-01,5,450.0,0.0,2.0,0.19,0.38,14.0,0.0,0.7271736742287254,0.1797702325126561,0.0930560932586184,2026-05-01,0.7271736742287254,0.0930560932586184,20.19238814734044,4.280623441458088,15.911764705882353
2026-05-11:spurs:leeds,leeds,DEF,0,Leeds,2026-05-11,5,359.0,0.0,0.0,0.12,0.21,12.0,0.0,0.5378640253775095,0.2449737323325291,0.2171622422899613,2026-05-11,0.2171622422899613,0.5378640253775095,13.43343255017467,-2.4237103069681876,15.857142857142858
2026-05-17:leeds:brighton,leeds,DEF,1,Leeds,2026-05-17,5,361.0,0.0,0.0,0.06,0.03,27.0,1.0,0.2663696188241213,0.2620572446494774,0.4715731365264013,2026-05-17,0.2663696188241213,0.4715731365264013,14.440737370722546,-1.3092626292774536,15.75
2026-05-24:west ham:leeds,leeds,DEF,0,Leeds,2026-05-24,6,417.0,0.0,0.0,0.35,0.25,7.0,0.0,0.5747232295802224,0.2195096133798219,0.2057671570399558,2026-05-24,0.2057671570399558,0.5747232295802224,12.873348732949905,-3.1807053211041474,16.054054054054053
2025-08-18:leeds:everton,leeds,FWD,1,Leeds,2025-08-18,2,89.0,1.0,0.0,1.13,0.05,7.0,1.0,0.4109063733439383,0.29201987769514,0.2970737489609217,2025-08-18,0.4109063733439383,0.2970737489609217,5.659090909090909,0.0,5.659090909090909
2025-08-23:arsenal:leeds,leeds,FWD,0,Leeds,2025-08-23,2,89.0,0.0,0.0,0.0,0.0,2.0,0.0,0.7449720634128176,0.1652296614949292,0.0897982750922531,2025-08-23,0.0897982750922531,0.7449720634128176,7.0,0.0,7.0
2025-08-30:leeds:newcastle,leeds,FWD,1,Leeds,2025-08-30,2,89.0,0.0,0.0,0.17,0.02,3.0,1.0,0.2518754013613444,0.2776300570662136,0.4704945415724418,2025-08-30,0.2518754013613444,0.4704945415724418,4.5,0.0,4.5
2025-09-13:fulham:leeds,leeds,FWD,0,Leeds,2025-09-13,2,89.0,0.0,0.0,0.3,0.05,3.0,1.0,0.4761168821938154,0.2776901773941833,0.2461929404120012,2025-09-13,0.2461929404120012,0.4761168821938154,4.0,0.0,4.0
2025-09-20:wolves:leeds,leeds,FWD,0,Leeds,2025-09-20,2,91.0,1.0,1.0,0.12,0.02,12.0,0.0,0.327216961633576,0.3040482302071911,0.3687348081592328,2025-09-20,0.3687348081592328,0.327216961633576,3.75,0.0,3.75
2025-09-27:leeds:bournemouth,leeds,FWD,1,Leeds,2025-09-27,2,91.0,0.0,0.0,0.7,0.04,3.0,0.0,0.3195001933253177,0.2905552554650151,0.3899445512096671,2025-09-27,0.3195001933253177,0.3899445512096671,5.4,0.0,5.4
2025-10-04:leeds:spurs,leeds,FWD,1,Leeds,2025-10-04,3,112.0,0.0,0.0,0.2,0.33,4.0,0.0,0.3458354489080169,0.2790621301359102,0.375102420956073,2025-10-04,0.3458354489080169,0.375102420956073,5.0,0.0,5.0
2025-10-18:burnley:leeds,leeds,FWD,0,Leeds,2025-10-18,3,131.0,0.0,0.0,1.26,0.04,4.0,0.0,0.2675168625737077,0.2912890285619195,0.4411941088643727,2025-10-18,0.4411941088643727,0.2675168625737077,4.857142857142857,0.0,4.857142857142857
2025-10-24:leeds:west ham,leeds,FWD,1,Leeds,2025-10-24,2,89.0,0.0,0.0,0.1,0.02,3.0,1.0,0.5463986653521108,0.2551191119491087,0.1984822226987806,2025-10-24,0.5463986653521108,0.1984822226987806,4.75,0.0,4.75
2025-11-01:brighton:leeds,leeds,FWD,0,Leeds,2025-11-01,2,89.0,0.0,0.0,0.16,0.0,3.0,0.0,0.5047837284543718,0.2574665505246021,0.2377497210210261,2025-11-01,0.2377497210210261,0.5047837284543718,4.555555555555555,0.0,4.555555555555555
2025-11-09:nottm forest:leeds,leeds,FWD,0,Leeds,2025-11-09,3,105.0,1.0,0.0,0.54,0.01,10.0,0.0,0.4323741088914895,0.298911449602745,0.2687144415057654,2025-11-09,0.2687144415057654,0.4323741088914895,4.4,0.0,4.4
2025-11-23:leeds:aston villa,leeds,FWD,1,Leeds,2025-11-23,3,99.0,1.0,0.0,0.8800000000000001,0.25,10.0,0.0,0.2914554053138016,0.2837414578849198,0.4248031368012787,2025-11-23,0.2914554053138016,0.4248031368012787,4.909090909090909,0.0,4.909090909090909
2025-11-29:man city:leeds,leeds,FWD,0,Leeds,2025-11-29,2,126.0,2.0,0.0,1.14,0.0,11.0,0.0,0.8135073893772191,0.1257095081431664,0.0607831024796144,2025-11-29,0.0607831024796144,0.8135073893772191,5.333333333333333,0.0,5.333333333333333
2025-12-03:leeds:chelsea,leeds,FWD,1,Leeds,2025-12-03,3,155.0,1.0,0.0,1.84,0.02,12.0,0.0,0.2323557474992855,0.2692790562327294,0.4983651962679851,2025-12-03,0.2323557474992855,0.4983651962679851,5.769230769230769,0.0,5.769230769230769
2025-12-06:leeds:liverpool,leeds,FWD,1,Leeds,2025-12-06,2,93.0,1.0,0.0,0.94,0.0,7.0,0.0,0.2064113237550132,0.2375345347205748,0.5560541415244119,2025-12-06,0.2064113237550132,0.5560541415244119,6.214285714285714,0.0,6.214285714285714
2025-12-14:brentford:leeds,leeds,FWD,0,Leeds,2025-12-14,1,90.0,1.0,0.0,0.5,0.06,9.0,0.0,0.4517565952787436,0.2878522117656775,0.260391192955579,2025-12-14,0.260391192955579,0.4517565952787436,6.266666666666667,0.0,6.266666666666667
2025-12-20:leeds:crystal palace,leeds,FWD,1,Leeds,2025-12-20,2,89.0,2.0,0.0,1.29,0.08,14.0,1.0,0.3346897924358366,0.3074334630057203,0.3578767445584431,2025-12-20,0.3346897924358366,0.3578767445584431,6.4375,0.0,6.4375
2025-12-28:sunderland:leeds,leeds,FWD,0,Leeds,2025-12-28,2,101.0,1.0,0.0,0.4,0.1,9.0,0.0,0.3338122655766268,0.303522064695559,0.3626656697278141,2025-12-28,0.3626656697278141,0.3338122655766268,6.882352941176471,0.0,6.882352941176471
2026-01-01:liverpool:leeds,leeds,FWD,0,Leeds,2026-01-01,2,89.0,0.0,0.0,0.0,0.0,3.0,1.0,0.6707782157229972,0.2027555657323299,0.1264662185446728,2026-01-01,0.1264662185446728,0.6707782157229972,7.0,0.0,7.0
2026-01-04:leeds:man utd,leeds,FWD,1,Leeds,2026-01-04,3,108.0,0.0,0.0,0.4,0.18,4.0,0.0,0.3481917324432015,0.2832886135991851,0.3685196539576134,2026-01-04,0.3481917324432015,0.3685196539576134,6.7894736842105265,0.0,6.7894736842105265
2026-01-07:newcastle:leeds,leeds,FWD,0,Leeds,2026-01-07,2,89.0,1.0,1.0,1.04,0.02,9.0,0.0,0.6100147588442982,0.2327185626622083,0.1572666784934934,2026-01-07,0.1572666784934934,0.6100147588442982,6.65,0.0,6.65
2026-01-17:leeds:fulham,leeds,FWD,1,Leeds,2026-01-17,2,99.0,1.0,0.0,0.63,0.03,9.0,1.0,0.4167410415402747,0.2797497581603335,0.3035092002993917,2026-01-17,0.4167410415402747,0.3035092002993917,6.761904761904762,0.0,6.761904761904762
2026-01-26:everton:leeds,leeds,FWD,0,Leeds,2026-01-26,1,90.0,0.0,0.0,0.5,0.02,2.0,0.0,0.3838238410634934,0.3058810738073702,0.3102950851291364,2026-01-26,0.3102950851291364,0.3838238410634934,6.863636363636363,0.0,6.863636363636363
2026-01-31:leeds:arsenal,leeds,FWD,1,Leeds,2026-01-31,2,89.0,0.0,0.0,0.0,0.0,3.0,0.0,0.1462520731459163,0.2281448072911673,0.6256031195629165,2026-01-31,0.1462520731459163,0.6256031195629165,6.6521739130434785,0.0,6.6521739130434785
2026-02-06:leeds:nottm forest,leeds,FWD,1,Leeds,2026-02-06,1,90.0,1.0,0.0,0.33,0.01,7.0,0.0,0.4511029870743723,0.2757914411131296,0.273105571812498,2026-02-06,0.4511029870743723,0.273105571812498,6.5,0.0,6.5
2026-02-10:chelsea:leeds,leeds,FWD,0,Leeds,2026-02-10,1,81.0,1.0,1.0,0.79,0.46,11.0,0.0,0.652153115732062,0.2052063961872892,0.1426404880806487,2026-02-10,0.1426404880806487,0.652153115732062,6.52,0.0,6.52
2026-02-21:aston villa:leeds,leeds,FWD,0,Leeds,2026-02-21,2,107.0,0.0,0.0,0.89,0.04,3.0,0.0,0.5350188508714231,0.2491449070944775,0.2158362420340994,2026-02-21,0.2158362420340994,0.5350188508714231,6.6923076923076925,0.0,6.6923076923076925
2026-02-28:leeds:man city,leeds,FWD,1,Leeds,2026-02-28,3,118.0,0.0,0.0,0.78,0.03,4.0,0.0,0.1867822292287648,0.2339193515754636,0.5792984191957716,2026-02-28,0.1867822292287648,0.5792984191957716,6.555555555555555,0.0,6.555555555555555
2026-03-03:leeds:sunderland,leeds,FWD,1,Leeds,2026-03-03,3,124.0,0.0,0.0,0.24,0.14,4.0,0.0,0.5384605486740861,0.2631173311691029,0.1984221201568108,2026-03-03,0.5384605486740861,0.1984221201568108,6.464285714285714,0.0,6.464285714285714
2026-03-15:crystal palace:leeds,leeds,FWD,0,Leeds,2026-03-15,2,135.0,0.0,0.0,0.94,0.0,1.0,1.0,0.3574756948982744,0.2893563823926,0.3531679227091256,2026-03-15,0.3531679227091256,0.3574756948982744,6.379310344827586,0.0,6.379310344827586
2026-03-21:leeds:brentford,leeds,FWD,1,Leeds,2026-03-21,2,158.0,0.0,0.0,0.17,0.01,4.0,1.0,0.4082813380838109,0.2723936943882457,0.3193249675279434,2026-03-21,0.4082813380838109,0.3193249675279434,6.2,0.0,6.2
2026-04-13:man utd:leeds,leeds,FWD,0,Leeds,2026-04-13,1,90.0,0.0,0.0,1.31,0.02,2.0,0.0,0.6049888139176108,0.2224660461241544,0.1725451399582348,2026-04-13,0.1725451399582348,0.6049888139176108,6.129032258064516,0.0,6.129032258064516
2026-04-18:leeds:wolves,leeds,FWD,1,Leeds,2026-04-18,2,91.0,1.0,0.0,1.15,0.0,7.0,1.0,0.6429828492591493,0.2210827729628726,0.1359343777779781,2026-04-18,0.6429828492591493,0.1359343777779781,6.0,0.0,6.0
2026-04-22:bournemouth:leeds,leeds,FWD,0,Leeds,2026-04-22,3,117.0,0.0,0.0,0.37,0.09,4.0,0.0,0.5321002945230061,0.242041299589228,0.2258584058877658,2026-04-22,0.2258584058877658,0.5321002945230061,6.03030303030303,0.0,6.03030303030303
2026-05-01:leeds:burnley,leeds,FWD,1,Leeds,2026-05-01,2,115.0,1.0,0.0,0.5900000000000001,0.01,7.0,0.0,0.7271736742287254,0.1797702325126561,0.0930560932586184,2026-05-01,0.7271736742287254,0.0930560932586184,5.970588235294118,0.0,5.970588235294118
2026-05-11:spurs:leeds,leeds,FWD,0,Leeds,2026-05-11,2,117.0,1.0,0.0,0.8799999999999999,0.01,8.0,0.0,0.5378640253775095,0.2449737323325291,0.2171622422899613,2026-05-11,0.2171622422899613,0.5378640253775095,6.0,0.0,6.0
2026-05-17:leeds:brighton,leeds,FWD,1,Leeds,2026-05-17,3,136.0,1.0,0.0,0.11,0.05,9.0,1.0,0.2663696188241213,0.2620572446494774,0.4715731365264013,2026-05-17,0.2663696188241213,0.4715731365264013,6.055555555555555,0.0,6.055555555555555
2026-05-24:west ham:leeds,leeds,FWD,0,Leeds,2026-05-24,3,170.0,0.0,0.0,0.93,0.56,5.0,0.0,0.5747232295802224,0.2195096133798219,0.2057671570399558,2026-05-24,0.2057671570399558,0.5747232295802224,6.135135135135135,0.0,6.135135135135135
2025-08-18:leeds:everton,leeds,GKP,1,Leeds,2025-08-18,1,90.0,0.0,0.0,0.0,0.0,6.0,1.0,0.4109063733439383,0.29201987769514,0.2970737489609217,2025-08-18,0.4109063733439383,0.2970737489609217,3.585479264408955,0.2117950538826392,3.373684210526316
2025-08-23:arsenal:leeds,leeds,GKP,0,Leeds,2025-08-23,1,90.0,0.0,0.0,0.0,0.0,0.0,0.0,0.7449720634128176,0.1652296614949292,0.0897982750922531,2025-08-23,0.0897982750922531,0.7449720634128176,2.4349083912971645,-3.5650916087028355,6.0
2025-08-30:leeds:newcastle,leeds,GKP,1,Leeds,2025-08-30,1,90.0,0.0,0.0,0.0,0.0,6.0,1.0,0.2518754013613444,0.2776300570662136,0.4704945415724418,2025-08-30,0.2518754013613444,0.4704945415724418,3.1399921832286015,0.13999218322860152,3.0
2025-09-13:fulham:leeds,leeds,GKP,0,Leeds,2025-09-13,1,90.0,0.0,0.0,0.0,0.0,3.0,0.0,0.4761168821938154,0.2776901773941833,0.2461929404120012,2025-09-13,0.2461929404120012,0.4761168821938154,3.1255493930931175,-0.8744506069068825,4.0
2025-09-20:wolves:leeds,leeds,GKP,0,Leeds,2025-09-20,1,90.0,0.0,0.0,0.0,0.0,3.0,0.0,0.327216961633576,0.3040482302071911,0.3687348081592328,2025-09-20,0.3687348081592328,0.327216961633576,3.508046728040491,-0.24195327195950922,3.75
2025-09-27:leeds:bournemouth,leeds,GKP,1,Leeds,2025-09-27,1,90.0,0.0,0.0,0.0,0.0,2.0,0.0,0.3195001933253177,0.2905552554650151,0.3899445512096671,2025-09-27,0.3195001933253177,0.3899445512096671,3.3469107398529028,-0.2530892601470973,3.6
2025-10-04:leeds:spurs,leeds,GKP,1,Leeds,2025-10-04,1,90.0,0.0,0.0,0.0,0.01,1.0,0.0,0.3458354489080169,0.2790621301359102,0.375102420956073,2025-10-04,0.3458354489080169,0.375102420956073,3.385037524914852,0.05170419158151862,3.3333333333333335
2025-10-18:burnley:leeds,leeds,GKP,0,Leeds,2025-10-18,1,90.0,0.0,0.0,0.0,0.0,1.0,0.0,0.2675168625737077,0.2912890285619195,0.4411941088643727,2025-10-18,0.4411941088643727,0.2675168625737077,3.6614056331398093,0.6614056331398093,3.0
2025-10-24:leeds:west ham,leeds,GKP,1,Leeds,2025-10-24,1,90.0,0.0,0.0,0.0,0.0,1.0,0.0,0.5463986653521108,0.2551191119491087,0.1984822226987806,2025-10-24,0.5463986653521108,0.1984822226987806,3.8387433084848315,1.0887433084848315,2.75
2025-11-01:brighton:leeds,leeds,GKP,0,Leeds,2025-11-01,1,90.0,0.0,0.0,0.0,0.0,2.0,0.0,0.5047837284543718,0.2574665505246021,0.2377497210210261,2025-11-01,0.2377497210210261,0.5047837284543718,3.051909378681069,0.49635382312551357,2.5555555555555554
2025-11-09:nottm forest:leeds,leeds,GKP,0,Leeds,2025-11-09,1,90.0,0.0,0.0,0.0,0.0,2.0,0.0,0.4323741088914895,0.298911449602745,0.2687144415057654,2025-11-09,0.2687144415057654,0.4323741088914895,3.2379167748109463,0.7379167748109463,2.5
2025-11-23:leeds:aston villa,leeds,GKP,1,Leeds,2025-11-23,1,90.0,0.0,0.0,0.0,0.0,1.0,0.0,0.2914554053138016,0.2837414578849198,0.4248031368012787,2025-11-23,0.2914554053138016,0.4248031368012787,3.257365251590321,0.8028197970448665,2.4545454545454546
2025-11-29:man city:leeds,leeds,GKP,0,Leeds,2025-11-29,1,90.0,0.0,0.0,0.0,0.0,3.0,0.0,0.8135073893772191,0.1257095081431664,0.0607831024796144,2025-11-29,0.0607831024796144,0.8135073893772191,2.2588533643199837,-0.07447996901334974,2.3333333333333335
2025-12-03:leeds:chelsea,leeds,GKP,1,Leeds,2025-12-03,1,90.0,0.0,0.0,0.0,0.0,2.0,0.0,0.2323557474992855,0.2692790562327294,0.4983651962679851,2025-12-03,0.2323557474992855,0.4983651962679851,3.068397442921329,0.6837820583059444,2.3846153846153846
2025-12-06:leeds:liverpool,leeds,GKP,1,Leeds,2025-12-06,1,90.0,0.0,0.0,0.0,0.0,2.0,0.0,0.2064113237550132,0.2375345347205748,0.5560541415244119,2025-12-06,0.2064113237550132,0.5560541415244119,2.92020483319068,0.5630619760478228,2.357142857142857
2025-12-14:brentford:leeds,leeds,GKP,0,Leeds,2025-12-14,1,90.0,0.0,0.0,0.0,0.0,2.0,0.0,0.4517565952787436,0.2878522117656775,0.260391192955579,2025-12-14,0.260391192955579,0.4517565952787436,3.1881266247565736,0.8547932914232401,2.3333333333333335
2025-12-20:leeds:crystal palace,leeds,GKP,1,Leeds,2025-12-20,1,90.0,0.0,0.0,0.0,0.0,1.0,0.0,0.3346897924358366,0.3074334630057203,0.3578767445584431,2025-12-20,0.3346897924358366,0.3578767445584431,3.4292872148406013,1.1167872148406013,2.3125
2025-12-28:sunderland:leeds,leeds,GKP,0,Leeds,2025-12-28,1,90.0,0.0,0.0,0.0,0.0,2.0,0.0,0.3338122655766268,0.303522064695559,0.3626656697278141,2025-12-28,0.3626656697278141,0.3338122655766268,3.4911045686901487,1.2558104510430899,2.235294117647059
2026-01-01:liverpool:leeds,leeds,GKP,0,Leeds,2026-01-01,1,90.0,0.0,0.0,0.0,0.0,10.0,1.0,0.6707782157229972,0.2027555657323299,0.1264662185446728,2026-01-01,0.1264662185446728,0.6707782157229972,2.6254991512120878,0.40327692898986545,2.2222222222222223
2026-01-04:leeds:man utd,leeds,GKP,1,Leeds,2026-01-04,1,90.0,0.0,0.0,0.0,0.0,2.0,0.0,0.3481917324432015,0.2832886135991851,0.3685196539576134,2026-01-04,0.3481917324432015,0.3685196539576134,3.4019474790908966,0.7703685317224753,2.6315789473684212
2026-01-07:newcastle:leeds,leeds,GKP,0,Leeds,2026-01-07,1,90.0,0.0,0.0,0.0,0.0,1.0,0.0,0.6100147588442982,0.2327185626622083,0.1572666784934934,2026-01-07,0.1572666784934934,0.6100147588442982,2.7815896328647574,0.18158963286475727,2.6
2026-01-17:leeds:fulham,leeds,GKP,1,Leeds,2026-01-17,1,90.0,0.0,0.0,0.0,0.0,6.0,1.0,0.4167410415402747,0.2797497581603335,0.3035092002993917,2026-01-17,0.4167410415402747,0.3035092002993917,3.5689477378850545,1.0451382140755308,2.5238095238095237
2026-01-26:everton:leeds,leeds,GKP,0,Leeds,2026-01-26,1,90.0,0.0,0.0,0.0,0.0,2.0,0.0,0.3838238410634934,0.3058810738073702,0.3102950851291364,2026-01-26,0.3102950851291364,0.3838238410634934,3.36263375239776,0.6808155705795782,2.6818181818181817
2026-01-31:leeds:arsenal,leeds,GKP,1,Leeds,2026-01-31,1,90.0,0.0,0.0,0.0,0.01,1.0,0.0,0.1462520731459163,0.2281448072911673,0.6256031195629165,2026-01-31,0.1462520731459163,0.6256031195629165,2.7415459148517742,0.08937200180829619,2.652173913043478
2026-02-06:leeds:nottm forest,leeds,GKP,1,Leeds,2026-02-06,1,90.0,0.0,0.0,0.0,0.0,3.0,0.0,0.4511029870743723,0.2757914411131296,0.273105571812498,2026-02-06,0.4511029870743723,0.273105571812498,3.6470492360269695,1.063715902693636,2.5833333333333335
2026-02-10:chelsea:leeds,leeds,GKP,0,Leeds,2026-02-10,1,90.0,0.0,0.0,0.0,0.01,1.0,0.0,0.652153115732062,0.2052063961872892,0.1426404880806487,2026-02-10,0.1426404880806487,0.652153115732062,2.6733437107179396,0.07334371071793955,2.6
2026-02-21:aston villa:leeds,leeds,GKP,0,Leeds,2026-02-21,1,90.0,0.0,0.0,0.0,0.0,2.0,0.0,0.5350188508714231,0.2491449070944775,0.2158362420340994,2026-02-21,0.2158362420340994,0.5350188508714231,2.974240742574235,0.43577920411269666,2.5384615384615383
2026-02-28:leeds:man city,leeds,GKP,1,Leeds,2026-02-28,1,90.0,0.0,0.0,0.0,0.0,3.0,0.0,0.1867822292287648,0.2339193515754636,0.5792984191957716,2026-02-28,0.1867822292287648,0.5792984191957716,2.860494430199062,0.3419759116805432,2.5185185185185186
2026-03-03:leeds:sunderland,leeds,GKP,1,Leeds,2026-03-03,1,90.0,0.0,0.0,0.0,0.0,2.0,0.0,0.5384605486740861,0.2631173311691029,0.1984221201568108,2026-03-03,0.5384605486740861,0.1984221201568108,3.8388977011939778,1.3031834154796922,2.5357142857142856
2026-03-15:crystal palace:leeds,leeds,GKP,0,Leeds,2026-03-15,1,90.0,0.0,0.0,0.0,0.0,6.0,1.0,0.3574756948982744,0.2893563823926,0.3531679227091256,2026-03-15,0.3531679227091256,0.3574756948982744,3.4303174398777867,0.913076060567442,2.5172413793103448
2026-03-21:leeds:brentford,leeds,GKP,1,Leeds,2026-03-21,1,90.0,0.0,0.0,0.0,0.01,6.0,1.0,0.4082813380838109,0.2723936943882457,0.3193249675279434,2026-03-21,0.4082813380838109,0.3193249675279434,3.5283198531131372,0.8949865197798039,2.6333333333333333
2026-04-13:man utd:leeds,leeds,GKP,0,Leeds,2026-04-13,1,90.0,0.0,0.0,0.0,0.0,4.0,0.0,0.6049888139176108,0.2224660461241544,0.1725451399582348,2026-04-13,0.1725451399582348,0.6049888139176108,2.7945003888464734,0.05256490497550592,2.7419354838709675
2026-04-18:leeds:wolves,leeds,GKP,1,Leeds,2026-04-18,1,90.0,0.0,0.0,0.0,0.0,6.0,1.0,0.6429828492591493,0.2210827729628726,0.1359343777779781,2026-04-18,0.6429828492591493,0.1359343777779781,3.9994175647160803,1.2181675647160803,2.78125
2026-04-22:bournemouth:leeds,leeds,GKP,0,Leeds,2026-04-22,1,90.0,0.0,0.0,0.0,0.0,2.0,0.0,0.5321002945230061,0.242041299589228,0.2258584058877658,2026-04-22,0.2258584058877658,0.5321002945230061,2.981737993217237,0.10295011442935831,2.878787878787879
2026-05-01:leeds:burnley,leeds,GKP,1,Leeds,2026-05-01,1,90.0,0.0,0.0,0.0,0.01,2.0,0.0,0.7271736742287254,0.1797702325126561,0.0930560932586184,2026-05-01,0.7271736742287254,0.0930560932586184,4.1095642289591625,1.2566230524885742,2.8529411764705883
2026-05-11:spurs:leeds,leeds,GKP,0,Leeds,2026-05-11,1,90.0,0.0,0.0,0.0,0.0,2.0,0.0,0.5378640253775095,0.2449737323325291,0.2171622422899613,2026-05-11,0.2171622422899613,0.5378640253775095,2.9669319967942265,0.13836056822279774,2.8285714285714287
2026-05-17:leeds:brighton,leeds,GKP,1,Leeds,2026-05-17,1,90.0,0.0,0.0,0.0,0.0,11.0,1.0,0.2663696188241213,0.2620572446494774,0.4715731365264013,2026-05-17,0.2663696188241213,0.4715731365264013,3.137221465193125,0.3316659096375698,2.8055555555555554
2026-05-24:west ham:leeds,leeds,GKP,0,Leeds,2026-05-24,1,90.0,0.0,0.0,0.0,0.0,2.0,0.0,0.5747232295802224,0.2195096133798219,0.2057671570399558,2026-05-24,0.2057671570399558,0.5747232295802224,2.872247276192814,-0.15477975083421303,3.027027027027027
2025-08-18:leeds:everton,leeds,MID,1,Leeds,2025-08-18,9,448.0,0.0,1.0,0.64,0.61,24.0,1.0,0.4109063733439383,0.29201987769514,0.2970737489609217,2025-08-18,0.4109063733439383,0.2970737489609217,21.05557330609005,0.5621522534584713,20.49342105263158
2025-08-23:arsenal:leeds,leeds,MID,0,Leeds,2025-08-23,8,447.0,0.0,0.0,0.07,0.11,12.0,0.0,0.7449720634128176,0.1652296614949292,0.0897982750922531,2025-08-23,0.0897982750922531,0.7449720634128176,15.303917975713441,-8.696082024286559,24.0
2025-08-30:leeds:newcastle,leeds,MID,1,Leeds,2025-08-30,7,448.0,0.0,0.0,0.44,0.26,14.0,1.0,0.2518754013613444,0.2776300570662136,0.4704945415724418,2025-08-30,0.2518754013613444,0.4704945415724418,18.207026842519635,0.20702684251963532,18.0
2025-09-13:fulham:leeds,leeds,MID,0,Leeds,2025-09-13,8,447.0,0.0,0.0,0.43,0.48,17.0,1.0,0.4761168821938154,0.2776901773941833,0.2461929404120012,2025-09-13,0.2461929404120012,0.4761168821938154,18.10524318465832,1.4385765179916525,16.666666666666668
2025-09-20:wolves:leeds,leeds,MID,0,Leeds,2025-09-20,8,449.0,2.0,1.0,0.37,0.28,34.0,0.0,0.327216961633576,0.3040482302071911,0.3687348081592328,2025-09-20,0.3687348081592328,0.327216961633576,20.300200554653493,3.550200554653493,16.75
2025-09-27:leeds:bournemouth,leeds,MID,1,Leeds,2025-09-27,7,448.0,1.0,2.0,0.7,0.5700000000000001,26.0,0.0,0.3195001933253177,0.2905552554650151,0.3899445512096671,2025-09-27,0.3195001933253177,0.3899445512096671,19.418315182125237,-0.781684817874762,20.2
2025-10-04:leeds:spurs,leeds,MID,1,Leeds,2025-10-04,7,436.0,1.0,1.0,1.12,0.45,22.0,0.0,0.3458354489080169,0.2790621301359102,0.375102420956073,2025-10-04,0.3458354489080169,0.375102420956073,19.890029579780627,-1.2766370868860406,21.166666666666668
2025-10-18:burnley:leeds,leeds,MID,0,Leeds,2025-10-18,7,405.0,0.0,0.0,0.71,0.76,12.0,0.0,0.2675168625737077,0.2912890285619195,0.4411941088643727,2025-10-18,0.4411941088643727,0.2675168625737077,21.598084119114148,0.31236983339986324,21.285714285714285
2025-10-24:leeds:west ham,leeds,MID,1,Leeds,2025-10-24,8,448.0,1.0,2.0,1.15,0.48,30.0,1.0,0.5463986653521108,0.2551191119491087,0.1984822226987806,2025-10-24,0.5463986653521108,0.1984822226987806,23.482497347547664,3.357497347547664,20.125
2025-11-01:brighton:leeds,leeds,MID,0,Leeds,2025-11-01,8,447.0,0.0,0.0,0.3399999999999999,0.47,11.0,0.0,0.5047837284543718,0.2574665505246021,0.2377497210210261,2025-11-01,0.2377497210210261,0.5047837284543718,17.95400910467078,-3.26821311755144,21.22222222222222
2025-11-09:nottm forest:leeds,leeds,MID,0,Leeds,2025-11-09,7,440.0,0.0,1.0,0.13,0.27,18.0,0.0,0.4323741088914895,0.298911449602745,0.2687144415057654,2025-11-09,0.2687144415057654,0.4323741088914895,18.508646002959406,-1.6913539970405935,20.2
2025-11-23:leeds:aston villa,leeds,MID,1,Leeds,2025-11-23,8,436.0,0.0,1.0,0.8,0.4599999999999999,17.0,0.0,0.2914554053138016,0.2837414578849198,0.4248031368012787,2025-11-23,0.2914554053138016,0.4248031368012787,18.91597981489545,-1.0840201851045492,20.0
2025-11-29:man city:leeds,leeds,MID,0,Leeds,2025-11-29,7,369.0,0.0,0.0,0.15,0.54,12.0,0.0,0.8135073893772191,0.1257095081431664,0.0607831024796144,2025-11-29,0.0607831024796144,0.8135073893772191,14.784201179008813,-4.965798820991187,19.75
2025-12-03:leeds:chelsea,leeds,MID,1,Leeds,2025-12-03,5,292.0,1.0,2.0,0.7,0.29,24.0,0.0,0.2323557474992855,0.2692790562327294,0.4983651962679851,2025-12-03,0.2323557474992855,0.4983651962679851,17.85739280403201,-1.2964533498141435,19.153846153846153
2025-12-06:leeds:liverpool,leeds,MID,1,Leeds,2025-12-06,7,379.0,2.0,3.0,0.46,0.29,32.0,0.0,0.2064113237550132,0.2375345347205748,0.5560541415244119,2025-12-06,0.2064113237550132,0.5560541415244119,17.39267894619174,-2.10732105380826,19.5
2025-12-14:brentford:leeds,leeds,MID,0,Leeds,2025-12-14,7,377.0,0.0,1.0,0.95,0.8200000000000001,14.0,0.0,0.4517565952787436,0.2878522117656775,0.260391192955579,2025-12-14,0.260391192955579,0.4517565952787436,18.359560828370608,-1.9737725049627244,20.333333333333332
2025-12-20:leeds:crystal palace,leeds,MID,1,Leeds,2025-12-20,7,357.0,2.0,2.0,0.3,0.6900000000000001,35.0,1.0,0.3346897924358366,0.3074334630057203,0.3578767445584431,2025-12-20,0.3346897924358366,0.3578767445584431,19.690389723894725,-0.2471102761052748,19.9375
2025-12-28:sunderland:leeds,leeds,MID,0,Leeds,2025-12-28,6,406.0,0.0,1.0,1.14,1.6800000000000002,17.0,0.0,0.3338122655766268,0.303522064695559,0.3626656697278141,2025-12-28,0.3626656697278141,0.3338122655766268,20.191490769382046,-0.6320386423826605,20.823529411764707
2026-01-01:liverpool:leeds,leeds,MID,0,Leeds,2026-01-01,6,360.0,0.0,0.0,0.66,0.09,17.0,1.0,0.6707782157229972,0.2027555657323299,0.1264662185446728,2026-01-01,0.1264662185446728,0.6707782157229972,15.960710419006954,-4.6504006921041565,20.61111111111111
2026-01-04:leeds:man utd,leeds,MID,1,Leeds,2026-01-04,6,349.0,1.0,0.0,0.47,0.42,17.0,0.0,0.3481917324432015,0.2832886135991851,0.3685196539576134,2026-01-04,0.3481917324432015,0.3685196539576134,19.932235088856267,-0.48881754272268196,20.42105263157895
2026-01-07:newcastle:leeds,leeds,MID,0,Leeds,2026-01-07,7,361.0,2.0,1.0,0.32,0.52,29.0,0.0,0.6100147588442982,0.2327185626622083,0.1572666784934934,2026-01-07,0.1572666784934934,0.6100147588442982,16.512405099419006,-3.7375949005809943,20.25
2026-01-17:leeds:fulham,leeds,MID,1,Leeds,2026-01-17,6,358.0,0.0,1.0,0.4,0.65,18.0,1.0,0.4167410415402747,0.2797497581603335,0.3035092002993917,2026-01-17,0.4167410415402747,0.3035092002993917,21.16008328455261,0.4934166178859414,20.666666666666668
2026-01-26:everton:leeds,leeds,MID,0,Leeds,2026-01-26,8,362.0,0.0,1.0,0.25,0.5299999999999999,21.0,1.0,0.3838238410634934,0.3058810738073702,0.3102950851291364,2026-01-26,0.3102950851291364,0.3838238410634934,19.253434227980748,-1.2920203174737992,20.545454545454547
2026-01-31:leeds:arsenal,leeds,MID,1,Leeds,2026-01-31,8,403.0,0.0,0.0,0.05,0.12,11.0,0.0,0.1462520731459163,0.2281448072911673,0.6256031195629165,2026-01-31,0.1462520731459163,0.6256031195629165,16.31511261783939,-4.250104773464958,20.565217391304348
2026-02-06:leeds:nottm forest,leeds,MID,1,Leeds,2026-02-06,6,358.0,1.0,2.0,1.27,0.58,25.0,1.0,0.4511029870743723,0.2757914411131296,0.273105571812498,2026-02-06,0.4511029870743723,0.273105571812498,21.77557092958358,1.6089042629169121,20.166666666666668
2026-02-10:chelsea:leeds,leeds,MID,0,Leeds,2026-02-10,6,314.0,1.0,0.0,0.64,0.05,13.0,0.0,0.652153115732062,0.2052063961872892,0.1426404880806487,2026-02-10,0.1426404880806487,0.652153115732062,16.250422276471937,-4.109577723528062,20.36
2026-02-21:aston villa:leeds,leeds,MID,0,Leeds,2026-02-21,5,341.0,1.0,1.0,0.15,0.56,24.0,1.0,0.5350188508714231,0.2491449070944775,0.2158362420340994,2026-02-21,0.2158362420340994,0.5350188508714231,17.56149711600252,-2.515425960920556,20.076923076923077
2026-02-28:leeds:man city,leeds,MID,1,Leeds,2026-02-28,6,347.0,0.0,0.0,0.6100000000000001,0.43,12.0,0.0,0.1867822292287648,0.2339193515754636,0.5792984191957716,2026-02-28,0.1867822292287648,0.5792984191957716,17.041084617748886,-3.181137604473335,20.22222222222222
2026-03-03:leeds:sunderland,leeds,MID,1,Leeds,2026-03-03,6,346.0,0.0,0.0,0.35,0.35,12.0,1.0,0.5384605486740861,0.2631173311691029,0.1984221201568108,2026-03-03,0.5384605486740861,0.1984221201568108,23.340310615562707,3.41173918699128,19.928571428571427
2026-03-15:crystal palace:leeds,leeds,MID,0,Leeds,2026-03-15,4,270.0,0.0,0.0,0.12,0.36,12.0,1.0,0.3574756948982744,0.2893563823926,0.3531679227091256,2026-03-15,0.3531679227091256,0.3574756948982744,20.02136809865516,0.3661956848620562,19.655172413793103
2026-03-21:leeds:brentford,leeds,MID,1,Leeds,2026-03-21,6,298.0,0.0,0.0,0.2,0.4599999999999999,14.0,1.0,0.4082813380838109,0.2723936943882457,0.3193249675279434,2026-03-21,0.4082813380838109,0.3193249675279434,21.00855394367427,1.60855394367427,19.4
2026-04-13:man utd:leeds,leeds,MID,0,Leeds,2026-04-13,7,357.0,2.0,1.0,0.78,0.6599999999999999,28.0,0.0,0.6049888139176108,0.2224660461241544,0.1725451399582348,2026-04-13,0.1725451399582348,0.6049888139176108,16.786071334565637,-2.4397351170472668,19.225806451612904
2026-04-18:leeds:wolves,leeds,MID,1,Leeds,2026-04-18,7,359.0,1.0,2.0,0.9,0.48,28.0,1.0,0.6429828492591493,0.2210827729628726,0.1359343777779781,2026-04-18,0.6429828492591493,0.1359343777779781,25.212503346224086,5.712503346224086,19.5
2026-04-22:bournemouth:leeds,leeds,MID,0,Leeds,2026-04-22,6,356.0,1.0,2.0,0.44,0.31,26.0,0.0,0.5321002945230061,0.242041299589228,0.2258584058877658,2026-04-22,0.2258584058877658,0.5321002945230061,17.741013087305326,-2.0165626702704316,19.757575757575758
2026-05-01:leeds:burnley,leeds,MID,1,Leeds,2026-05-01,8,334.0,2.0,1.0,0.86,0.36,31.0,1.0,0.7271736742287254,0.1797702325126561,0.0930560932586184,2026-05-01,0.7271736742287254,0.0930560932586184,26.72052077039232,6.779344299804084,19.941176470588236
2026-05-11:spurs:leeds,leeds,MID,0,Leeds,2026-05-11,7,422.0,0.0,1.0,0.35,0.3399999999999999,23.0,0.0,0.5378640253775095,0.2449737323325291,0.2171622422899613,2026-05-11,0.2171622422899613,0.5378640253775095,17.585248296621238,-2.6718945605216184,20.257142857142856
2026-05-17:leeds:brighton,leeds,MID,1,Leeds,2026-05-17,7,400.0,0.0,0.0,0.22,0.29,11.0,1.0,0.2663696188241213,0.2620572446494774,0.4715731365264013,2026-05-17,0.2663696188241213,0.4715731365264013,18.46664577951722,-1.8666875538161136,20.333333333333332
2026-05-24:west ham:leeds,leeds,MID,0,Leeds,2026-05-24,6,310.0,0.0,0.0,0.3,0.5399999999999999,11.0,0.0,0.5747232295802224,0.2195096133798219,0.2057671570399558,2026-05-24,0.2057671570399558,0.5747232295802224,17.381140698042646,-2.6999403830384345,20.08108108108108
2025-08-15:liverpool:bournemouth,liverpool,DEF,1,Liverpool,2025-08-15,6,346.0,0.0,0.0,0.19,0.07,6.0,0.0,0.7680267439920989,0.1415912043513766,0.0903820516565244,2025-08-15,0.7680267439920989,0.0903820516565244,20.233020805052796,4.393547120842269,15.839473684210526
2025-08-25:newcastle:liverpool,liverpool,DEF,0,Liverpool,2025-08-25,4,280.0,0.0,0.0,0.0,0.02,4.0,0.0,0.3245015731775013,0.2543508122674378,0.421147614555061,2025-08-25,0.421147614555061,0.3245015731775013,16.67552253191718,10.675522531917181,6.0
2025-08-31:liverpool:arsenal,liverpool,DEF,1,Liverpool,2025-08-31,4,269.0,0.0,0.0,0.0,0.02,21.0,1.0,0.4056187444312548,0.2808289619977077,0.3135522935710373,2025-08-31,0.4056187444312548,0.3135522935710373,16.841899274185486,11.841899274185486,5.0
2025-09-14:burnley:liverpool,liverpool,DEF,0,Liverpool,2025-09-14,6,313.0,0.0,1.0,0.77,0.59,22.0,1.0,0.0922555961230062,0.1574625462587119,0.7502818576182818,2025-09-14,0.7502818576182818,0.0922555961230062,20.204551879604583,9.87121854627125,10.333333333333334
2025-09-20:liverpool:everton,liverpool,DEF,1,Liverpool,2025-09-20,4,360.0,0.0,0.0,0.08,0.09,14.0,0.0,0.6530701248761553,0.2097876602376787,0.1371422148861659,2025-09-20,0.6530701248761553,0.1371422148861659,19.522489710250074,6.272489710250074,13.25
2025-09-27:crystal palace:liverpool,liverpool,DEF,0,Liverpool,2025-09-27,5,314.0,0.0,0.0,0.1,0.13,8.0,0.0,0.2288705963162855,0.2494955463390165,0.5216338573446981,2025-09-27,0.5216338573446981,0.2288705963162855,18.12865652446878,4.72865652446878,13.4
2025-10-04:chelsea:liverpool,liverpool,DEF,0,Liverpool,2025-10-04,5,279.0,0.0,0.0,0.03,0.02,4.0,0.0,0.3296063239371367,0.2540224292509332,0.41637124681193,2025-10-04,0.41637124681193,0.3296063239371367,16.597954707182993,4.097954707182993,12.5
2025-10-19:liverpool:man utd,liverpool,DEF,1,Liverpool,2025-10-19,5,336.0,0.0,0.0,0.24,0.58,10.0,0.0,0.5879393659502196,0.2125488586842442,0.1995117753655363,2025-10-19,0.5879393659502196,0.1995117753655363,18.57477034767779,7.289056061963505,11.285714285714286
2025-10-25:brentford:liverpool,liverpool,DEF,0,Liverpool,2025-10-25,6,337.0,1.0,1.0,0.73,0.16,18.0,0.0,0.2346019021405583,0.2287472939332268,0.5366508039262149,2025-10-25,0.5366508039262149,0.2346019021405583,18.04156805597968,6.916568055979681,11.125
2025-11-01:liverpool:aston villa,liverpool,DEF,1,Liverpool,2025-11-01,4,360.0,0.0,0.0,0.22,0.21,27.0,1.0,0.5947833580345047,0.2125676881759852,0.1926489537895101,2025-11-01,0.5947833580345047,0.1926489537895101,18.679052450028507,6.790163561139618,11.88888888888889
2025-11-09:man city:liverpool,liverpool,DEF,0,Liverpool,2025-11-09,6,358.0,0.0,0.0,0.0,0.31,4.0,0.0,0.5157660821448217,0.2333213399961519,0.2509125778590265,2025-11-09,0.2509125778590265,0.5157660821448217,13.769215719298789,0.36921571929878816,13.4
2025-11-22:liverpool:nottm forest,liverpool,DEF,1,Liverpool,2025-11-22,4,233.0,0.0,0.0,0.1999999999999999,0.28,5.0,0.0,0.6796293862558919,0.1934465164970564,0.1269240972470517,2025-11-22,0.6796293862558919,0.1269240972470517,19.677756283578468,7.132301738123923,12.545454545454545
2025-11-30:west ham:liverpool,liverpool,DEF,0,Liverpool,2025-11-30,5,359.0,0.0,1.0,0.04,0.34,32.0,1.0,0.1757374424441924,0.2017131982885957,0.6225493592672119,2025-11-30,0.6225493592672119,0.1757374424441924,18.936026631490307,7.019359964823641,11.916666666666666
2025-12-03:liverpool:sunderland,liverpool,DEF,1,Liverpool,2025-12-03,5,333.0,0.0,0.0,0.17,0.15,16.0,1.0,0.7325938788393985,0.1666492896167544,0.1007568315438471,2025-12-03,0.7325938788393985,0.1007568315438471,20.075373713970706,6.613835252432244,13.461538461538462
2025-12-06:leeds:liverpool,liverpool,DEF,0,Liverpool,2025-12-06,5,359.0,0.0,0.0,0.16,0.25,8.0,1.0,0.2064113237550132,0.2375345347205748,0.5560541415244119,2025-12-06,0.5560541415244119,0.2064113237550132,18.469930173216817,4.827073030359674,13.642857142857142
2025-12-13:liverpool:brighton,liverpool,DEF,1,Liverpool,2025-12-13,5,307.0,0.0,1.0,0.0,0.12,27.0,1.0,0.5623743780062638,0.230272849099195,0.2073527728945411,2025-12-13,0.5623743780062638,0.2073527728945411,18.455624643860027,5.188957977193359,13.266666666666667
2025-12-20:spurs:liverpool,liverpool,DEF,0,Liverpool,2025-12-20,6,346.0,0.0,1.0,0.12,0.11,11.0,0.0,0.2619068942174514,0.2578761035939674,0.4802170021885812,2025-12-20,0.4802170021885812,0.2619068942174514,17.62666261994228,3.5016626199422802,14.125
2025-12-27:liverpool:wolves,liverpool,DEF,1,Liverpool,2025-12-27,5,389.0,0.0,1.0,0.03,0.33,12.0,0.0,0.8007996425051203,0.1327762667683771,0.0664240907265024,2025-12-27,0.8007996425051203,0.0664240907265024,20.597067357355215,6.655890886766979,13.941176470588236
2026-01-01:liverpool:leeds,liverpool,DEF,1,Liverpool,2026-01-01,6,430.0,0.0,0.0,0.23,0.37,32.0,1.0,0.6707782157229972,0.2027555657323299,0.1264662185446728,2026-01-01,0.6707782157229972,0.1264662185446728,19.684713852440886,5.851380519107552,13.833333333333334
2026-01-04:fulham:liverpool,liverpool,DEF,0,Liverpool,2026-01-04,6,375.0,0.0,2.0,0.0,0.27,16.0,0.0,0.2247484844180821,0.2567826024197593,0.5184689131621586,2026-01-04,0.5184689131621586,0.2247484844180821,18.19129293284798,3.4018192486374534,14.789473684210526
2026-01-08:arsenal:liverpool,liverpool,DEF,0,Liverpool,2026-01-08,6,451.0,0.0,0.0,0.03,0.06,35.0,1.0,0.6263693379327235,0.2191310659091967,0.1544995961580798,2026-01-08,0.1544995961580798,0.6263693379327235,12.088574613796688,-2.761425386203312,14.85
2026-01-17:liverpool:burnley,liverpool,DEF,1,Liverpool,2026-01-17,5,359.0,0.0,0.0,0.24,0.66,8.0,0.0,0.8071846417100198,0.1326385793128825,0.0601767789770976,2026-01-17,0.8071846417100198,0.0601767789770976,20.69199665080269,4.882472841278879,15.80952380952381
2026-01-24:bournemouth:liverpool,liverpool,DEF,0,Liverpool,2026-01-24,5,271.0,1.0,0.0,0.19,0.15,10.0,0.0,0.2166727983364955,0.2307026619121212,0.5526245397513833,2026-01-24,0.5526245397513833,0.2166727983364955,18.314004781492585,2.85945932694713,15.454545454545455
2026-01-31:liverpool:newcastle,liverpool,DEF,1,Liverpool,2026-01-31,3,270.0,1.0,1.0,0.27,0.02,20.0,0.0,0.5981145238354573,0.2151190516835814,0.1867664244809614,2026-01-31,0.5981145238354573,0.1867664244809614,18.768438793042012,3.551047488694186,15.217391304347826
2026-02-08:liverpool:man city,liverpool,DEF,1,Liverpool,2026-02-08,3,270.0,0.0,0.0,0.0,0.06,2.0,0.0,0.4489664030848561,0.2386913728416572,0.3123422240734866,2026-02-08,0.4489664030848561,0.3123422240734866,16.86028654971016,1.4436198830434943,15.416666666666666
2026-02-11:sunderland:liverpool,liverpool,DEF,0,Liverpool,2026-02-11,4,291.0,1.0,0.0,0.8200000000000001,0.16,32.0,1.0,0.2021860312801276,0.2394006625698644,0.558413306150008,2026-02-11,0.558413306150008,0.2021860312801276,18.53413443343931,3.6541344334393084,14.88
2026-02-22:nottm forest:liverpool,liverpool,DEF,0,Liverpool,2026-02-22,5,276.0,0.0,1.0,0.13,0.08,28.0,1.0,0.2382789330306391,0.2418195453101525,0.5199015216592083,2026-02-22,0.5199015216592083,0.2382789330306391,17.985694752648346,2.4472332141868076,15.538461538461538
2026-02-28:liverpool:west ham,liverpool,DEF,1,Liverpool,2026-02-28,5,359.0,1.0,1.0,0.25,0.34,14.0,0.0,0.699693474766086,0.1762091883903524,0.1240973368435615,2026-02-28,0.699693474766086,0.1240973368435615,19.720709537491913,3.7207095374919135,16.0
2026-03-03:wolves:liverpool,liverpool,DEF,0,Liverpool,2026-03-03,6,346.0,0.0,0.0,0.47,0.33,16.0,1.0,0.1214042913252634,0.1887867215077338,0.6898089871670028,2026-03-03,0.6898089871670028,0.1214042913252634,19.76163096394358,3.8330595353721524,15.928571428571429
2026-03-15:liverpool:spurs,liverpool,DEF,1,Liverpool,2026-03-15,4,333.0,0.0,0.0,0.1,0.12,12.0,1.0,0.7612574688382169,0.1440277934502409,0.0947147377115422,2026-03-15,0.7612574688382169,0.0947147377115422,20.167184675461254,4.236150192702633,15.931034482758621
2026-03-21:brighton:liverpool,liverpool,DEF,0,Liverpool,2026-03-21,5,317.0,1.0,0.0,0.52,0.08,11.0,0.0,0.3068299189160284,0.2538098235777477,0.4393602575062239,2026-03-21,0.4393602575062239,0.3068299189160284,16.94404725429069,1.1440472542906903,15.8
2026-04-11:liverpool:fulham,liverpool,DEF,1,Liverpool,2026-04-11,5,359.0,0.0,0.0,0.49,0.22,28.0,1.0,0.5716530678761531,0.2233801851254046,0.2049667469984422,2026-04-11,0.5716530678761531,0.2049667469984422,18.491880838772286,2.8467195484497054,15.64516129032258
2026-04-19:everton:liverpool,liverpool,DEF,0,Liverpool,2026-04-19,5,275.0,1.0,0.0,0.25,0.02,16.0,0.0,0.2915983038695443,0.2790739470220939,0.4293277491083617,2026-04-19,0.4293277491083617,0.2915983038695443,17.17549503734145,1.1442450373414488,16.03125
2026-04-25:liverpool:crystal palace,liverpool,DEF,1,Liverpool,2026-04-25,6,303.0,1.0,0.0,0.4,0.0999999999999999,19.0,0.0,0.6290277183249533,0.2043238691499102,0.1666484125251364,2026-04-25,0.6290277183249533,0.1666484125251364,19.07413646543947,3.0438334351364382,16.03030303030303
2026-05-03:man utd:liverpool,liverpool,DEF,0,Liverpool,2026-05-03,5,339.0,0.0,0.0,0.02,0.08,4.0,0.0,0.4075607175828685,0.2472115810270734,0.3452277013900581,2026-05-03,0.3452277013900581,0.4075607175828685,15.413420333558893,-0.7042267252646361,16.11764705882353
2026-05-09:liverpool:chelsea,liverpool,DEF,1,Liverpool,2026-05-09,5,359.0,0.0,0.0,0.31,0.05,8.0,0.0,0.4865744150858054,0.2483221560457068,0.2651034288684876,2026-05-09,0.4865744150858054,0.2651034288684876,17.578090563980425,1.8066619925518523,15.771428571428572
2026-05-15:aston villa:liverpool,liverpool,DEF,0,Liverpool,2026-05-15,4,335.0,2.0,0.0,0.45,0.07,14.0,0.0,0.3518136947003485,0.268661547226224,0.3795247580734276,2026-05-15,0.3795247580734276,0.3518136947003485,16.26050876236062,0.7049532068050635,15.555555555555555
2026-05-24:liverpool:brentford,liverpool,DEF,1,Liverpool,2026-05-24,6,284.0,0.0,0.0,0.27,0.52,8.0,0.0,0.5501754366976208,0.2217235790527349,0.2281009842496442,2026-05-24,0.5501754366976208,0.2281009842496442,18.140350951231117,2.6268374377176027,15.513513513513514
2025-08-15:liverpool:bournemouth,liverpool,FWD,1,Liverpool,2025-08-15,1,71.0,1.0,1.0,1.14,0.02,11.0,0.0,0.7680267439920989,0.1415912043513766,0.0903820516565244,2025-08-15,0.7680267439920989,0.0903820516565244,5.659090909090909,0.0,5.659090909090909
2025-08-25:newcastle:liverpool,liverpool,FWD,0,Liverpool,2025-08-25,1,79.0,1.0,0.0,0.21,0.06,9.0,0.0,0.3245015731775013,0.2543508122674378,0.421147614555061,2025-08-25,0.421147614555061,0.3245015731775013,11.0,0.0,11.0
2025-08-31:liverpool:arsenal,liverpool,FWD,1,Liverpool,2025-08-31,1,78.0,0.0,0.0,0.0,0.0,2.0,1.0,0.4056187444312548,0.2808289619977077,0.3135522935710373,2025-08-31,0.4056187444312548,0.3135522935710373,10.0,0.0,10.0
2025-09-14:burnley:liverpool,liverpool,FWD,0,Liverpool,2025-09-14,1,71.0,0.0,0.0,0.1,0.06,2.0,1.0,0.0922555961230062,0.1574625462587119,0.7502818576182818,2025-09-14,0.7502818576182818,0.0922555961230062,7.333333333333333,0.0,7.333333333333333
2025-09-20:liverpool:everton,liverpool,FWD,1,Liverpool,2025-09-20,2,89.0,1.0,0.0,0.32,0.0699999999999999,9.0,0.0,0.6530701248761553,0.2097876602376787,0.1371422148861659,2025-09-20,0.6530701248761553,0.1371422148861659,6.0,0.0,6.0
2025-09-27:crystal palace:liverpool,liverpool,FWD,0,Liverpool,2025-09-27,1,83.0,0.0,0.0,0.43,0.0,2.0,0.0,0.2288705963162855,0.2494955463390165,0.5216338573446981,2025-09-27,0.5216338573446981,0.2288705963162855,6.6,0.0,6.6
2025-10-04:chelsea:liverpool,liverpool,FWD,0,Liverpool,2025-10-04,2,89.0,0.0,1.0,0.32,0.03,6.0,0.0,0.3296063239371367,0.2540224292509332,0.41637124681193,2025-10-04,0.41637124681193,0.3296063239371367,5.833333333333333,0.0,5.833333333333333
2025-10-19:liverpool:man utd,liverpool,FWD,1,Liverpool,2025-10-19,2,99.0,0.0,0.0,0.4,0.01,3.0,0.0,0.5879393659502196,0.2125488586842442,0.1995117753655363,2025-10-19,0.5879393659502196,0.1995117753655363,5.857142857142857,0.0,5.857142857142857
2025-10-25:brentford:liverpool,liverpool,FWD,0,Liverpool,2025-10-25,1,90.0,0.0,0.0,0.35,0.01,2.0,0.0,0.2346019021405583,0.2287472939332268,0.5366508039262149,2025-10-25,0.5366508039262149,0.2346019021405583,5.5,0.0,5.5
2025-11-01:liverpool:aston villa,liverpool,FWD,1,Liverpool,2025-11-01,1,76.0,0.0,0.0,0.0,0.05,2.0,1.0,0.5947833580345047,0.2125676881759852,0.1926489537895101,2025-11-01,0.5947833580345047,0.1926489537895101,5.111111111111111,0.0,5.111111111111111
2025-11-09:man city:liverpool,liverpool,FWD,0,Liverpool,2025-11-09,1,55.0,0.0,0.0,0.0,0.03,1.0,0.0,0.5157660821448217,0.2333213399961519,0.2509125778590265,2025-11-09,0.2509125778590265,0.5157660821448217,4.8,0.0,4.8
2025-11-22:liverpool:nottm forest,liverpool,FWD,1,Liverpool,2025-11-22,2,102.0,0.0,0.0,0.19,0.03,3.0,0.0,0.6796293862558919,0.1934465164970564,0.1269240972470517,2025-11-22,0.6796293862558919,0.1269240972470517,4.454545454545454,0.0,4.454545454545454
2025-11-30:west ham:liverpool,liverpool,FWD,0,Liverpool,2025-11-30,2,89.0,1.0,0.0,0.77,0.03,8.0,1.0,0.1757374424441924,0.2017131982885957,0.6225493592672119,2025-11-30,0.6225493592672119,0.1757374424441924,4.333333333333333,0.0,4.333333333333333
2025-12-03:liverpool:sunderland,liverpool,FWD,1,Liverpool,2025-12-03,2,101.0,0.0,0.0,0.15,0.01,3.0,0.0,0.7325938788393985,0.1666492896167544,0.1007568315438471,2025-12-03,0.7325938788393985,0.1007568315438471,4.615384615384615,0.0,4.615384615384615
2025-12-06:leeds:liverpool,liverpool,FWD,0,Liverpool,2025-12-06,2,89.0,2.0,0.0,1.01,0.04,14.0,0.0,0.2064113237550132,0.2375345347205748,0.5560541415244119,2025-12-06,0.5560541415244119,0.2064113237550132,4.5,0.0,4.5
2025-12-13:liverpool:brighton,liverpool,FWD,1,Liverpool,2025-12-13,2,89.0,2.0,0.0,0.8,0.03,14.0,1.0,0.5623743780062638,0.230272849099195,0.2073527728945411,2025-12-13,0.5623743780062638,0.2073527728945411,5.133333333333334,0.0,5.133333333333334
2025-12-20:spurs:liverpool,liverpool,FWD,0,Liverpool,2025-12-20,2,104.0,2.0,0.0,0.34,0.03,15.0,0.0,0.2619068942174514,0.2578761035939674,0.4802170021885812,2025-12-20,0.4802170021885812,0.2619068942174514,5.6875,0.0,5.6875
2025-12-27:liverpool:wolves,liverpool,FWD,1,Liverpool,2025-12-27,1,85.0,0.0,1.0,0.27,0.36,5.0,0.0,0.8007996425051203,0.1327762667683771,0.0664240907265024,2025-12-27,0.8007996425051203,0.0664240907265024,6.235294117647059,0.0,6.235294117647059
2026-01-01:liverpool:leeds,liverpool,FWD,1,Liverpool,2026-01-01,1,90.0,0.0,0.0,1.02,0.31,2.0,1.0,0.6707782157229972,0.2027555657323299,0.1264662185446728,2026-01-01,0.6707782157229972,0.1264662185446728,6.166666666666667,0.0,6.166666666666667
2026-01-17:liverpool:burnley,liverpool,FWD,1,Liverpool,2026-01-17,1,90.0,0.0,0.0,0.67,0.53,2.0,0.0,0.8071846417100198,0.1326385793128825,0.0601767789770976,2026-01-17,0.8071846417100198,0.0601767789770976,5.947368421052632,0.0,5.947368421052632
2026-01-24:bournemouth:liverpool,liverpool,FWD,0,Liverpool,2026-01-24,1,31.0,0.0,0.0,0.0,0.05,1.0,0.0,0.2166727983364955,0.2307026619121212,0.5526245397513833,2026-01-24,0.5526245397513833,0.2166727983364955,5.75,0.0,5.75
2026-01-31:liverpool:newcastle,liverpool,FWD,1,Liverpool,2026-01-31,1,83.0,2.0,0.0,1.16,0.03,13.0,0.0,0.5981145238354573,0.2151190516835814,0.1867664244809614,2026-01-31,0.5981145238354573,0.1867664244809614,5.523809523809524,0.0,5.523809523809524
2026-02-08:liverpool:man city,liverpool,FWD,1,Liverpool,2026-02-08,1,90.0,0.0,0.0,0.59,0.03,2.0,0.0,0.4489664030848561,0.2386913728416572,0.3123422240734866,2026-02-08,0.4489664030848561,0.3123422240734866,5.863636363636363,0.0,5.863636363636363
2026-02-11:sunderland:liverpool,liverpool,FWD,0,Liverpool,2026-02-11,1,87.0,0.0,0.0,0.42,0.13,2.0,1.0,0.2021860312801276,0.2394006625698644,0.558413306150008,2026-02-11,0.558413306150008,0.2021860312801276,5.695652173913044,0.0,5.695652173913044
2026-02-22:nottm forest:liverpool,liverpool,FWD,0,Liverpool,2026-02-22,1,90.0,0.0,0.0,0.71,0.0,2.0,1.0,0.2382789330306391,0.2418195453101525,0.5199015216592083,2026-02-22,0.5199015216592083,0.2382789330306391,5.541666666666667,0.0,5.541666666666667
2026-02-28:liverpool:west ham,liverpool,FWD,1,Liverpool,2026-02-28,1,75.0,1.0,2.0,0.21,0.14,15.0,0.0,0.699693474766086,0.1762091883903524,0.1240973368435615,2026-02-28,0.699693474766086,0.1240973368435615,5.4,0.0,5.4
2026-03-03:wolves:liverpool,liverpool,FWD,0,Liverpool,2026-03-03,1,90.0,0.0,0.0,0.06,0.39,2.0,0.0,0.1214042913252634,0.1887867215077338,0.6898089871670028,2026-03-03,0.6898089871670028,0.1214042913252634,5.769230769230769,0.0,5.769230769230769
2026-03-15:liverpool:spurs,liverpool,FWD,1,Liverpool,2026-03-15,1,26.0,0.0,0.0,0.5,0.04,1.0,0.0,0.7612574688382169,0.1440277934502409,0.0947147377115422,2026-03-15,0.7612574688382169,0.0947147377115422,5.62962962962963,0.0,5.62962962962963
2026-03-21:brighton:liverpool,liverpool,FWD,0,Liverpool,2026-03-21,1,7.0,0.0,0.0,0.0,0.0,1.0,0.0,0.3068299189160284,0.2538098235777477,0.4393602575062239,2026-03-21,0.4393602575062239,0.3068299189160284,5.464285714285714,0.0,5.464285714285714
2026-04-11:liverpool:fulham,liverpool,FWD,1,Liverpool,2026-04-11,1,21.0,0.0,0.0,0.0,0.0,1.0,0.0,0.5716530678761531,0.2233801851254046,0.2049667469984422,2026-04-11,0.5716530678761531,0.2049667469984422,5.310344827586207,0.0,5.310344827586207
2026-04-19:everton:liverpool,liverpool,FWD,0,Liverpool,2026-04-19,1,71.0,0.0,0.0,0.12,0.0,2.0,0.0,0.2915983038695443,0.2790739470220939,0.4293277491083617,2026-04-19,0.4293277491083617,0.2915983038695443,5.166666666666667,0.0,5.166666666666667
2026-04-25:liverpool:crystal palace,liverpool,FWD,1,Liverpool,2026-04-25,1,78.0,1.0,0.0,0.43,0.0,8.0,0.0,0.6290277183249533,0.2043238691499102,0.1666484125251364,2026-04-25,0.6290277183249533,0.1666484125251364,5.064516129032258,0.0,5.064516129032258
2026-05-09:liverpool:chelsea,liverpool,FWD,1,Liverpool,2026-05-09,1,23.0,0.0,0.0,0.0,0.01,1.0,0.0,0.4865744150858054,0.2483221560457068,0.2651034288684876,2026-05-09,0.4865744150858054,0.2651034288684876,5.15625,0.0,5.15625
2025-08-15:liverpool:bournemouth,liverpool,GKP,1,Liverpool,2025-08-15,1,90.0,0.0,0.0,0.0,0.01,1.0,0.0,0.7680267439920989,0.1415912043513766,0.0903820516565244,2025-08-15,0.7680267439920989,0.0903820516565244,4.1164333648357365,0.7427491543094207,3.373684210526316
2025-08-25:newcastle:liverpool,liverpool,GKP,0,Liverpool,2025-08-25,1,90.0,0.0,0.0,0.0,0.0,1.0,0.0,0.3245015731775013,0.2543508122674378,0.421147614555061,2025-08-25,0.421147614555061,0.3245015731775013,3.5150220766094327,2.5150220766094327,1.0
2025-08-31:liverpool:arsenal,liverpool,GKP,1,Liverpool,2025-08-31,1,90.0,0.0,0.0,0.0,0.0,8.0,1.0,0.4056187444312548,0.2808289619977077,0.3135522935710373,2025-08-31,0.4056187444312548,0.3135522935710373,3.5431488227709376,2.5431488227709376,1.0
2025-09-14:burnley:liverpool,liverpool,GKP,0,Liverpool,2025-09-14,1,90.0,0.0,0.0,0.0,0.0,6.0,1.0,0.0922555961230062,0.1574625462587119,0.7502818576182818,2025-09-14,0.7502818576182818,0.0922555961230062,4.111620563306775,0.7782872299734414,3.3333333333333335
2025-09-20:liverpool:everton,liverpool,GKP,1,Liverpool,2025-09-20,1,90.0,0.0,0.0,0.0,0.0,2.0,0.0,0.6530701248761553,0.2097876602376787,0.1371422148861659,2025-09-20,0.6530701248761553,0.1371422148861659,3.9963148466407845,-0.0036851533592154873,4.0
2025-09-27:crystal palace:liverpool,liverpool,GKP,0,Liverpool,2025-09-27,1,90.0,0.0,0.0,0.0,0.0,2.0,0.0,0.2288705963162855,0.2494955463390165,0.5216338573446981,2025-09-27,0.5216338573446981,0.2288705963162855,3.760680997381191,0.16068099738119113,3.6
2025-10-04:chelsea:liverpool,liverpool,GKP,0,Liverpool,2025-10-04,1,90.0,0.0,0.0,0.0,0.0,2.0,0.0,0.3296063239371367,0.2540224292509332,0.41637124681193,2025-10-04,0.41637124681193,0.3296063239371367,3.5019088825003655,0.168575549167032,3.3333333333333335
2025-10-19:liverpool:man utd,liverpool,GKP,1,Liverpool,2025-10-19,1,90.0,0.0,0.0,0.0,0.0,1.0,0.0,0.5879393659502196,0.2125488586842442,0.1995117753655363,2025-10-19,0.5879393659502196,0.1995117753655363,3.8360985713369513,0.6932414284798085,3.142857142857143
2025-10-25:brentford:liverpool,liverpool,GKP,0,Liverpool,2025-10-25,1,90.0,0.0,0.0,0.0,0.0,2.0,0.0,0.2346019021405583,0.2287472939332268,0.5366508039262149,2025-10-25,0.5366508039262149,0.2346019021405583,3.7459582950768215,0.8709582950768215,2.875
2025-11-01:liverpool:aston villa,liverpool,GKP,1,Liverpool,2025-11-01,1,90.0,0.0,0.0,0.0,0.0,7.0,1.0,0.5947833580345047,0.2125676881759852,0.1926489537895101,2025-11-01,0.5947833580345047,0.1926489537895101,3.853727935766245,1.0759501579884674,2.7777777777777777
2025-11-09:man city:liverpool,liverpool,GKP,0,Liverpool,2025-11-09,1,90.0,0.0,0.0,0.0,0.0,7.0,0.0,0.5157660821448217,0.2333213399961519,0.2509125778590265,2025-11-09,0.2509125778590265,0.5157660821448217,3.0236976710976045,-0.17630232890239572,3.2
2025-11-22:liverpool:nottm forest,liverpool,GKP,1,Liverpool,2025-11-22,1,90.0,0.0,0.0,0.0,0.0,2.0,0.0,0.6796293862558919,0.1934465164970564,0.1269240972470517,2025-11-22,0.6796293862558919,0.1269240972470517,4.0225633681338415,0.4771088226792961,3.5454545454545454
2025-11-30:west ham:liverpool,liverpool,GKP,0,Liverpool,2025-11-30,1,90.0,0.0,0.0,0.0,0.0,6.0,1.0,0.1757374424441924,0.2017131982885957,0.6225493592672119,2025-11-30,0.6225493592672119,0.1757374424441924,3.897170591713797,0.4805039250471306,3.4166666666666665
2025-12-03:liverpool:sunderland,liverpool,GKP,1,Liverpool,2025-12-03,1,90.0,0.0,0.0,0.0,0.0,3.0,0.0,0.7325938788393985,0.1666492896167544,0.1007568315438471,2025-12-03,0.7325938788393985,0.1007568315438471,4.089782405972659,0.4743977905880432,3.6153846153846154
2025-12-06:leeds:liverpool,liverpool,GKP,0,Liverpool,2025-12-06,1,90.0,0.0,0.0,0.0,0.0,1.0,0.0,0.2064113237550132,0.2375345347205748,0.5560541415244119,2025-12-06,0.5560541415244119,0.2064113237550132,3.8183748622752822,0.2469462908467106,3.5714285714285716
2025-12-13:liverpool:brighton,liverpool,GKP,1,Liverpool,2025-12-13,1,90.0,0.0,0.0,0.0,0.01,7.0,1.0,0.5623743780062638,0.230272849099195,0.2073527728945411,2025-12-13,0.5623743780062638,0.2073527728945411,3.8159564473728227,0.4159564473728228,3.4
2025-12-20:spurs:liverpool,liverpool,GKP,0,Liverpool,2025-12-20,1,90.0,0.0,0.0,0.0,0.0,3.0,0.0,0.2619068942174514,0.2578761035939674,0.4802170021885812,2025-12-20,0.4802170021885812,0.2619068942174514,3.6758166411331885,0.05081664113318851,3.625
2025-12-27:liverpool:wolves,liverpool,GKP,1,Liverpool,2025-12-27,1,90.0,0.0,0.0,0.0,0.0,3.0,0.0,0.8007996425051203,0.1327762667683771,0.0664240907265024,2025-12-27,0.8007996425051203,0.0664240907265024,4.1779770928110604,0.5897417986934133,3.588235294117647
2026-01-01:liverpool:leeds,liverpool,GKP,1,Liverpool,2026-01-01,1,90.0,0.0,0.0,0.0,0.0,6.0,1.0,0.6707782157229972,0.2027555657323299,0.1264662185446728,2026-01-01,0.6707782157229972,0.1264662185446728,4.023739576843223,0.46818402128766756,3.5555555555555554
2026-01-04:fulham:liverpool,liverpool,GKP,0,Liverpool,2026-01-04,1,90.0,0.0,0.0,0.0,0.0,1.0,0.0,0.2247484844180821,0.2567826024197593,0.5184689131621586,2026-01-04,0.5184689131621586,0.2247484844180821,3.7712699675397063,0.08705944122391696,3.6842105263157894
2026-01-08:arsenal:liverpool,liverpool,GKP,0,Liverpool,2026-01-08,1,90.0,0.0,0.0,0.0,0.0,10.0,1.0,0.6263693379327235,0.2191310659091967,0.1544995961580798,2026-01-08,0.1544995961580798,0.6263693379327235,2.7395776365388222,-0.8104223634611776,3.55
2026-01-17:liverpool:burnley,liverpool,GKP,1,Liverpool,2026-01-17,1,90.0,0.0,0.0,0.0,0.0,2.0,0.0,0.8071846417100198,0.1326385793128825,0.0601767789770976,2026-01-17,0.8071846417100198,0.0601767789770976,4.1940253222912505,0.33688246514839326,3.857142857142857
2026-01-24:bournemouth:liverpool,liverpool,GKP,0,Liverpool,2026-01-24,1,90.0,0.0,0.0,0.0,0.0,1.0,0.0,0.2166727983364955,0.2307026619121212,0.5526245397513833,2026-01-24,0.5526245397513833,0.2166727983364955,3.792014964531352,0.019287691804079188,3.772727272727273
2026-01-31:liverpool:newcastle,liverpool,GKP,1,Liverpool,2026-01-31,1,90.0,0.0,0.0,0.0,0.01,2.0,0.0,0.5981145238354573,0.2151190516835814,0.1867664244809614,2026-01-31,0.5981145238354573,0.1867664244809614,3.8688391042262675,0.21666519118278948,3.652173913043478
2026-02-08:liverpool:man city,liverpool,GKP,1,Liverpool,2026-02-08,1,90.0,0.0,0.0,0.0,0.0,1.0,0.0,0.4489664030848561,0.2386913728416572,0.3123422240734866,2026-02-08,0.4489664030848561,0.3123422240734866,3.5462572754562904,-0.037076057877043045,3.5833333333333335
2026-02-11:sunderland:liverpool,liverpool,GKP,0,Liverpool,2026-02-11,1,90.0,0.0,0.0,0.0,0.0,7.0,1.0,0.2021860312801276,0.2394006625698644,0.558413306150008,2026-02-11,0.558413306150008,0.2021860312801276,3.829228884929801,0.3492288849298011,3.48
2026-02-22:nottm forest:liverpool,liverpool,GKP,0,Liverpool,2026-02-22,1,90.0,0.0,0.0,0.0,0.0,7.0,1.0,0.2382789330306391,0.2418195453101525,0.5199015216592083,2026-02-22,0.5199015216592083,0.2382789330306391,3.736512658634013,0.12112804324939752,3.6153846153846154
2026-02-28:liverpool:west ham,liverpool,GKP,1,Liverpool,2026-02-28,1,90.0,0.0,0.0,0.0,0.0,2.0,0.0,0.699693474766086,0.1762091883903524,0.1240973368435615,2026-02-28,0.699693474766086,0.1240973368435615,4.029824811369013,0.28908407062827246,3.740740740740741
2026-03-03:wolves:liverpool,liverpool,GKP,0,Liverpool,2026-03-03,1,90.0,0.0,0.0,0.0,0.0,1.0,0.0,0.1214042913252634,0.1887867215077338,0.6898089871670028,2026-03-03,0.6898089871670028,0.1214042913252634,4.036742764916371,0.358171336344943,3.6785714285714284
2026-03-15:liverpool:spurs,liverpool,GKP,1,Liverpool,2026-03-15,1,90.0,0.0,0.0,0.0,0.0,4.0,0.0,0.7612574688382169,0.1440277934502409,0.0947147377115422,2026-03-15,0.7612574688382169,0.0947147377115422,4.105303467230872,0.5190965706791477,3.586206896551724
2026-03-21:brighton:liverpool,liverpool,GKP,0,Liverpool,2026-03-21,1,90.0,0.0,0.0,0.0,0.0,2.0,0.0,0.3068299189160284,0.2538098235777477,0.4393602575062239,2026-03-21,0.4393602575062239,0.3068299189160284,3.5604174041132524,-0.03958259588674773,3.6
2026-04-11:liverpool:fulham,liverpool,GKP,1,Liverpool,2026-04-11,1,90.0,0.0,0.0,0.0,0.0,9.0,1.0,0.5716530678761531,0.2233801851254046,0.2049667469984422,2026-04-11,0.5716530678761531,0.2049667469984422,3.8220857222773317,0.27369862550313817,3.5483870967741935
2026-04-19:everton:liverpool,liverpool,GKP,0,Liverpool,2026-04-19,2,89.0,0.0,0.0,0.0,0.0,2.0,0.0,0.2915983038695443,0.2790739470220939,0.4293277491083617,2026-04-19,0.4293277491083617,0.2915983038695443,3.5995447061313044,-0.1192052938686956,3.71875
2026-04-25:liverpool:crystal palace,liverpool,GKP,1,Liverpool,2026-04-25,1,90.0,0.0,0.0,0.0,0.0,3.0,0.0,0.6290277183249533,0.2043238691499102,0.1666484125251364,2026-04-25,0.6290277183249533,0.1666484125251364,3.9205186882622396,0.2538520215955731,3.6666666666666665
2026-05-03:man utd:liverpool,liverpool,GKP,0,Liverpool,2026-05-03,1,90.0,0.0,0.0,0.0,0.0,2.0,0.0,0.4075607175828685,0.2472115810270734,0.3452277013900581,2026-05-03,0.3452277013900581,0.4075607175828685,3.3016579508360477,-0.34540087269336395,3.6470588235294117
2026-05-09:liverpool:chelsea,liverpool,GKP,1,Liverpool,2026-05-09,1,90.0,0.0,0.0,0.0,0.0,2.0,0.0,0.4865744150858054,0.2483221560457068,0.2651034288684876,2026-05-09,0.4865744150858054,0.2651034288684876,3.667605313816908,0.06760531381690793,3.6
2026-05-15:aston villa:liverpool,liverpool,GKP,0,Liverpool,2026-05-15,1,90.0,0.0,0.0,0.0,0.0,1.0,0.0,0.3518136947003485,0.268661547226224,0.3795247580734276,2026-05-15,0.3795247580734276,0.3518136947003485,3.444862108390904,-0.11069344716465146,3.5555555555555554
2026-05-24:liverpool:brentford,liverpool,GKP,1,Liverpool,2026-05-24,1,90.0,0.0,0.0,0.0,0.0,2.0,0.0,0.5501754366976208,0.2217235790527349,0.2281009842496442,2026-05-24,0.5501754366976208,0.2281009842496442,3.7626579934959374,0.27617150700945103,3.4864864864864864
2025-08-15:liverpool:bournemouth,liverpool,MID,1,Liverpool,2025-08-15,8,478.0,3.0,2.0,0.89,0.98,35.0,0.0,0.7680267439920989,0.1415912043513766,0.0903820516565244,2025-08-15,0.7680267439920989,0.0903820516565244,27.452276767036736,6.958855714405157,20.49342105263158
2025-08-25:newcastle:liverpool,liverpool,MID,0,Liverpool,2025-08-25,10,542.0,2.0,3.0,0.5,0.42,37.0,0.0,0.3245015731775013,0.2543508122674378,0.421147614555061,2025-08-25,0.421147614555061,0.3245015731775013,21.239013368556044,-13.760986631443956,35.0
2025-08-31:liverpool:arsenal,liverpool,MID,1,Liverpool,2025-08-31,9,549.0,1.0,1.0,0.5,0.2,32.0,1.0,0.4056187444312548,0.2808289619977077,0.3135522935710373,2025-08-31,0.4056187444312548,0.3135522935710373,20.96086183918443,-15.039138160815568,36.0
2025-09-14:burnley:liverpool,liverpool,MID,0,Liverpool,2025-09-14,8,512.0,1.0,0.0,1.56,1.07,24.0,1.0,0.0922555961230062,0.1574625462587119,0.7502818576182818,2025-09-14,0.7502818576182818,0.0922555961230062,27.13443218181891,-7.532234484847756,34.666666666666664
2025-09-20:liverpool:everton,liverpool,MID,1,Liverpool,2025-09-20,7,448.0,1.0,2.0,0.5,0.63,26.0,0.0,0.6530701248761553,0.2097876602376787,0.1371422148861659,2025-09-20,0.6530701248761553,0.1371422148861659,25.393185592755458,-6.606814407244542,32.0
2025-09-27:crystal palace:liverpool,liverpool,MID,0,Liverpool,2025-09-27,9,499.0,1.0,1.0,1.6,0.86,27.0,0.0,0.2288705963162855,0.2494955463390165,0.5216338573446981,2025-09-27,0.5216338573446981,0.2288705963162855,23.038912645831594,-7.7610873541684064,30.8
2025-10-04:chelsea:liverpool,liverpool,MID,0,Liverpool,2025-10-04,8,528.0,1.0,0.0,1.6,0.8200000000000001,17.0,0.0,0.3296063239371367,0.2540224292509332,0.41637124681193,2025-10-04,0.41637124681193,0.3296063239371367,21.153459559296195,-9.013207107370473,30.166666666666668
2025-10-19:liverpool:man utd,liverpool,MID,1,Liverpool,2025-10-19,8,460.0,1.0,1.0,2.11,1.02,23.0,0.0,0.5879393659502196,0.2125488586842442,0.1995117753655363,2025-10-19,0.5879393659502196,0.1995117753655363,24.226570117196154,-4.059144168518131,28.285714285714285
2025-10-25:brentford:liverpool,liverpool,MID,0,Liverpool,2025-10-25,8,468.0,1.0,1.0,1.2200000000000002,1.03,25.0,0.0,0.2346019021405583,0.2287472939332268,0.5366508039262149,2025-10-25,0.5366508039262149,0.2346019021405583,23.307894653204897,-4.317105346795103,27.625
2025-11-01:liverpool:aston villa,liverpool,MID,1,Liverpool,2025-11-01,6,463.0,2.0,1.0,0.97,0.62,33.0,1.0,0.5947833580345047,0.2125676881759852,0.1926489537895101,2025-11-01,0.5947833580345047,0.1926489537895101,24.349159001646463,-2.9841743316868694,27.333333333333332
2025-11-09:man city:liverpool,liverpool,MID,0,Liverpool,2025-11-09,8,482.0,0.0,0.0,0.72,0.32,10.0,0.0,0.5157660821448217,0.2333213399961519,0.2509125778590265,2025-11-09,0.2509125778590265,0.5157660821448217,18.18978084667129,-9.710219153328708,27.9
2025-11-22:liverpool:nottm forest,liverpool,MID,1,Liverpool,2025-11-22,8,561.0,0.0,0.0,1.5499999999999998,1.11,12.0,0.0,0.6796293862558919,0.1934465164970564,0.1269240972470517,2025-11-22,0.6796293862558919,0.1269240972470517,25.868912359278468,-0.40381491344880516,26.272727272727273
2025-11-30:west ham:liverpool,liverpool,MID,0,Liverpool,2025-11-30,6,449.0,1.0,1.0,0.44,0.78,27.0,1.0,0.1757374424441924,0.2017131982885957,0.6225493592672119,2025-11-30,0.6225493592672119,0.1757374424441924,24.846500768680226,-0.2368325646531062,25.083333333333332
2025-12-03:liverpool:sunderland,liverpool,MID,1,Liverpool,2025-12-03,8,462.0,0.0,1.0,1.12,0.7100000000000001,20.0,0.0,0.7325938788393985,0.1666492896167544,0.1007568315438471,2025-12-03,0.7325938788393985,0.1007568315438471,26.81760691960639,1.5868376888371607,25.23076923076923
2025-12-06:leeds:liverpool,liverpool,MID,0,Liverpool,2025-12-06,7,448.0,1.0,1.0,0.74,0.5,22.0,1.0,0.2064113237550132,0.2375345347205748,0.5560541415244119,2025-12-06,0.5560541415244119,0.2064113237550132,23.655445246700964,-1.2016976104418937,24.857142857142858
2025-12-13:liverpool:brighton,liverpool,MID,1,Liverpool,2025-12-13,7,500.0,0.0,1.0,1.08,1.08,27.0,1.0,0.5623743780062638,0.230272849099195,0.2073527728945411,2025-12-13,0.5623743780062638,0.2073527728945411,23.768652674504892,-0.8980139921617756,24.666666666666668
2025-12-20:spurs:liverpool,liverpool,MID,0,Liverpool,2025-12-20,7,452.0,0.0,1.0,0.21,0.75,16.0,0.0,0.2619068942174514,0.2578761035939674,0.4802170021885812,2025-12-20,0.4802170021885812,0.2619068942174514,22.297058183041305,-2.5154418169586954,24.8125
2025-12-27:liverpool:wolves,liverpool,MID,1,Liverpool,2025-12-27,7,425.0,2.0,0.0,1.24,0.8,32.0,0.0,0.8007996425051203,0.1327762667683771,0.0664240907265024,2025-12-27,0.8007996425051203,0.0664240907265024,28.039301564762532,3.7451839177037094,24.294117647058822
2026-01-01:liverpool:leeds,liverpool,MID,1,Liverpool,2026-01-01,8,375.0,0.0,0.0,0.74,0.6000000000000001,18.0,1.0,0.6707782157229972,0.2027555657323299,0.1264662185446728,2026-01-01,0.6707782157229972,0.1264662185446728,25.71037110026701,0.9881488780447896,24.72222222222222
2026-01-04:fulham:liverpool,liverpool,MID,0,Liverpool,2026-01-04,7,524.0,2.0,0.0,1.36,0.98,25.0,0.0,0.2247484844180821,0.2567826024197593,0.5184689131621586,2026-01-04,0.5184689131621586,0.2247484844180821,22.982222490158286,-1.386198562473293,24.36842105263158
2026-01-08:arsenal:liverpool,liverpool,MID,0,Liverpool,2026-01-08,5,450.0,0.0,0.0,0.33,0.29,14.0,1.0,0.6263693379327235,0.2191310659091967,0.1544995961580798,2026-01-08,0.1544995961580798,0.6263693379327235,16.4628414043558,-7.937158595644199,24.4
2026-01-17:liverpool:burnley,liverpool,MID,1,Liverpool,2026-01-17,8,447.0,1.0,1.0,2.28,1.95,22.0,0.0,0.8071846417100198,0.1326385793128825,0.0601767789770976,2026-01-17,0.8071846417100198,0.0601767789770976,28.1536690158211,4.2489071110591965,23.904761904761905
2026-01-24:bournemouth:liverpool,liverpool,MID,0,Liverpool,2026-01-24,9,594.0,1.0,2.0,0.73,1.36,27.0,0.0,0.2166727983364955,0.2307026619121212,0.5526245397513833,2026-01-24,0.5526245397513833,0.2166727983364955,23.59401457140405,-0.22416724677776756,23.818181818181817
2026-01-31:liverpool:newcastle,liverpool,MID,1,Liverpool,2026-01-31,9,544.0,1.0,2.0,0.86,1.04,34.0,0.0,0.5981145238354573,0.2151190516835814,0.1867664244809614,2026-01-31,0.5981145238354573,0.1867664244809614,24.408826501904898,0.45230476277446385,23.956521739130434
2026-02-08:liverpool:man city,liverpool,MID,1,Liverpool,2026-02-08,8,540.0,1.0,1.0,0.61,0.99,23.0,0.0,0.4489664030848561,0.2386913728416572,0.3123422240734866,2026-02-08,0.4489664030848561,0.3123422240734866,21.73730065624259,-2.6376993437574114,24.375
2026-02-11:sunderland:liverpool,liverpool,MID,0,Liverpool,2026-02-11,8,519.0,0.0,1.0,1.2799999999999998,0.84,25.0,1.0,0.2021860312801276,0.2394006625698644,0.558413306150008,2026-02-11,0.558413306150008,0.2021860312801276,23.697702361572638,-0.6222976384273622,24.32
2026-02-22:nottm forest:liverpool,liverpool,MID,0,Liverpool,2026-02-22,8,530.0,1.0,0.0,0.97,1.08,30.0,1.0,0.2382789330306391,0.2418195453101525,0.5199015216592083,2026-02-22,0.5199015216592083,0.2382789330306391,23.007883226661857,-1.3382706194919898,24.346153846153847
2026-02-28:liverpool:west ham,liverpool,MID,1,Liverpool,2026-02-28,7,463.0,2.0,2.0,1.38,0.8200000000000001,28.0,0.0,0.699693474766086,0.1762091883903524,0.1240973368435615,2026-02-28,0.699693474766086,0.1240973368435615,26.228298255358716,1.672742699803159,24.555555555555557
2026-03-03:wolves:liverpool,liverpool,MID,0,Liverpool,2026-03-03,8,460.0,1.0,0.0,1.32,0.7,22.0,1.0,0.1214042913252634,0.1887867215077338,0.6898089871670028,2026-03-03,0.6898089871670028,0.1214042913252634,26.051248327011074,1.3726768984396465,24.678571428571427
2026-03-15:liverpool:spurs,liverpool,MID,1,Liverpool,2026-03-15,10,538.0,1.0,1.0,1.09,1.24,34.0,1.0,0.7612574688382169,0.1440277934502409,0.0947147377115422,2026-03-15,0.7612574688382169,0.0947147377115422,27.331026204582546,2.7448193080308236,24.586206896551722
2026-03-21:brighton:liverpool,liverpool,MID,0,Liverpool,2026-03-21,8,572.0,0.0,0.0,0.51,0.3999999999999999,18.0,0.0,0.3068299189160284,0.2538098235777477,0.4393602575062239,2026-03-21,0.4393602575062239,0.3068299189160284,21.56523636162487,-3.3347636383751293,24.9
2026-04-11:liverpool:fulham,liverpool,MID,1,Liverpool,2026-04-11,9,517.0,2.0,2.0,1.1,1.15,40.0,1.0,0.5716530678761531,0.2233801851254046,0.2049667469984422,2026-04-11,0.5716530678761531,0.2049667469984422,23.934851616043982,-0.742567738794726,24.677419354838708
2026-04-19:everton:liverpool,liverpool,MID,0,Liverpool,2026-04-19,8,550.0,1.0,2.0,1.08,1.1,30.0,0.0,0.2915983038695443,0.2790739470220939,0.4293277491083617,2026-04-19,0.4293277491083617,0.2915983038695443,21.385535099907127,-3.770714900092873,25.15625
2026-04-25:liverpool:crystal palace,liverpool,MID,1,Liverpool,2026-04-25,7,515.0,1.0,3.0,0.3,0.42,33.0,0.0,0.6290277183249533,0.2043238691499102,0.1666484125251364,2026-04-25,0.6290277183249533,0.1666484125251364,24.962540471850048,-0.3404898311802569,25.303030303030305
2026-05-03:man utd:liverpool,liverpool,MID,0,Liverpool,2026-05-03,8,558.0,2.0,1.0,0.86,0.56,28.0,0.0,0.4075607175828685,0.2472115810270734,0.3452277013900581,2026-05-03,0.3452277013900581,0.4075607175828685,19.879143668555646,-5.6502680961502385,25.529411764705884
2026-05-09:liverpool:chelsea,liverpool,MID,1,Liverpool,2026-05-09,7,515.0,1.0,1.0,0.24,0.37,24.0,0.0,0.4865744150858054,0.2483221560457068,0.2651034288684876,2026-05-09,0.4865744150858054,0.2651034288684876,22.410931510985417,-3.189068489014584,25.6
2026-05-15:aston villa:liverpool,liverpool,MID,0,Liverpool,2026-05-15,9,562.0,0.0,2.0,1.0,0.7799999999999999,24.0,0.0,0.3518136947003485,0.268661547226224,0.3795247580734276,2026-05-15,0.3795247580734276,0.3518136947003485,20.493469031145892,-5.062086524409665,25.555555555555557
2026-05-24:liverpool:brentford,liverpool,MID,1,Liverpool,2026-05-24,9,611.0,1.0,1.0,2.77,1.12,27.0,0.0,0.5501754366976208,0.2217235790527349,0.2281009842496442,2026-05-24,0.5501754366976208,0.2281009842496442,23.55014648862909,-1.9633670248844233,25.513513513513512
2025-08-16:wolves:man city,man city,DEF,0,Man City,2025-08-16,7,382.0,0.0,1.0,0.04,0.71,34.0,1.0,0.1375380716251635,0.2100481357428546,0.6524137926319818,2025-08-16,0.6524137926319818,0.1375380716251635,19.516474578934904,3.6770008947243777,15.839473684210526
2025-08-23:man city:spurs,man city,DEF,1,Man City,2025-08-23,5,359.0,0.0,0.0,0.16,0.23,5.0,0.0,0.6393375427097084,0.1994851989998035,0.1611772582904879,2025-08-23,0.6393375427097084,0.1611772582904879,19.157271872582683,-14.842728127417317,34.0
2025-08-31:brighton:man city,man city,DEF,0,Man City,2025-08-31,7,376.0,0.0,0.0,0.02,0.5,7.0,0.0,0.2679593046984602,0.2541725404433013,0.4778681548582384,2025-08-31,0.4778681548582384,0.2679593046984602,17.534694894676928,-1.965305105323072,19.5
2025-09-14:man city:man utd,man city,DEF,1,Man City,2025-09-14,5,362.0,0.0,0.0,0.03,0.03,27.0,1.0,0.5946006537724791,0.2203160196174684,0.1850833266100524,2025-09-14,0.5946006537724791,0.1850833266100524,18.794013840053804,3.46068050672047,15.333333333333334
2025-09-21:arsenal:man city,man city,DEF,0,Man City,2025-09-21,7,381.0,0.0,0.0,0.0,0.03,16.0,1.0,0.4741387137165104,0.2621191025338704,0.2637421837496191,2025-09-21,0.2637421837496191,0.4741387137165104,14.40175285390774,-3.8482471460922607,18.25
2025-09-27:man city:burnley,man city,DEF,1,Man City,2025-09-27,6,358.0,1.0,1.0,0.3,0.43,20.0,0.0,0.8352546713971105,0.1177463202483362,0.0469990083545533,2025-09-27,0.8352546713971105,0.0469990083545533,20.892235810394848,3.092235810394847,17.8
2025-10-05:brentford:man city,man city,DEF,0,Man City,2025-10-05,4,360.0,0.0,1.0,0.06,0.15,31.0,1.0,0.17637790831977,0.2176451235676607,0.6059769681125693,2025-10-05,0.6059769681125693,0.17637790831977,18.92629460986491,0.7596279431982431,18.166666666666668
2025-10-18:man city:everton,man city,DEF,1,Man City,2025-10-18,5,359.0,0.0,1.0,0.38,0.64,31.0,1.0,0.6851102124324815,0.2016511213188757,0.1132386662486427,2025-10-18,0.6851102124324815,0.1132386662486427,19.885709455649145,-0.11429054435085462,20.0
2025-10-26:aston villa:man city,man city,DEF,0,Man City,2025-10-26,5,359.0,0.0,0.0,0.36,0.2,11.0,0.0,0.2191011000515206,0.2445389413857207,0.5363599585627588,2025-10-26,0.5363599585627588,0.2191011000515206,18.27710619609598,-3.0978938039040216,21.375
2025-11-02:man city:bournemouth,man city,DEF,1,Man City,2025-11-02,5,361.0,1.0,0.0,0.33,0.1399999999999999,15.0,0.0,0.701016689648254,0.1754047176812589,0.123578592670487,2025-11-02,0.701016689648254,0.123578592670487,19.728591970737643,-0.4936302514845785,20.22222222222222
2025-11-09:man city:liverpool,man city,DEF,1,Man City,2025-11-09,4,360.0,0.0,2.0,0.11,0.02,36.0,1.0,0.5157660821448217,0.2333213399961519,0.2509125778590265,2025-11-09,0.5157660821448217,0.2509125778590265,17.793723705687317,-1.9062762943126828,19.7
2025-11-22:newcastle:man city,man city,DEF,0,Man City,2025-11-22,4,360.0,1.0,0.0,0.13,0.45,10.0,0.0,0.2518244619881634,0.2495622191654477,0.4986133188463889,2025-11-22,0.4986133188463889,0.2518244619881634,17.779867423248206,-3.4019507585699778,21.181818181818183
2025-11-29:man city:leeds,man city,DEF,1,Man City,2025-11-29,5,361.0,1.0,2.0,1.69,0.67,15.0,0.0,0.8135073893772191,0.1257095081431664,0.0607831024796144,2025-11-29,0.8135073893772191,0.0607831024796144,20.68278343014022,0.43278343014021914,20.25
2025-12-02:fulham:man city,man city,DEF,0,Man City,2025-12-02,6,387.0,0.0,0.0,0.0,0.1399999999999999,3.0,0.0,0.1729351226918821,0.2245060571474606,0.6025588201606572,2025-12-02,0.6025588201606572,0.1729351226918821,18.978608504265598,-0.867545341888249,19.846153846153847
2025-12-06:man city:sunderland,man city,DEF,1,Man City,2025-12-06,6,367.0,2.0,0.0,0.34,0.18,40.0,1.0,0.7935251598632632,0.136902262221719,0.0695725779150177,2025-12-06,0.7935251598632632,0.0695725779150177,20.549225393287603,1.9063682504304609,18.642857142857142
2025-12-14:crystal palace:man city,man city,DEF,0,Man City,2025-12-14,6,362.0,0.0,1.0,0.06,0.16,35.0,1.0,0.2271813659410452,0.246354100378557,0.5264645336803977,2025-12-14,0.5264645336803977,0.2271813659410452,18.15432475624973,-1.912341910416938,20.066666666666666
2025-12-20:man city:west ham,man city,DEF,1,Man City,2025-12-20,6,406.0,0.0,0.0,0.45,0.48,28.0,1.0,0.8283995531782266,0.1112000484070857,0.0604003984146877,2025-12-20,0.8283995531782266,0.0604003984146877,20.688598703643486,-0.3114012963565145,21.0
2025-12-27:nottm forest:man city,man city,DEF,0,Man City,2025-12-27,5,361.0,0.0,1.0,0.02,0.25,17.0,0.0,0.171039041706111,0.2189619965095336,0.6099989617843553,2025-12-27,0.6099989617843553,0.171039041706111,19.007419877143793,-2.4043448287385587,21.41176470588235
2026-01-01:sunderland:man city,man city,DEF,0,Man City,2026-01-01,5,359.0,0.0,0.0,0.68,0.15,27.0,1.0,0.1145781342274966,0.1901534422350425,0.6952684235374609,2026-01-01,0.6952684235374609,0.1145781342274966,19.865355941381154,-1.3013107252855143,21.166666666666668
2026-01-04:man city:chelsea,man city,DEF,1,Man City,2026-01-04,6,358.0,0.0,0.0,0.18,0.07,11.0,1.0,0.6708574748125724,0.1818721588906997,0.1472703662967278,2026-01-04,0.6708574748125724,0.1472703662967278,19.36859019380201,-2.105094016724305,21.473684210526315
2026-01-07:man city:brighton,man city,DEF,1,Man City,2026-01-07,6,358.0,0.0,0.0,0.16,0.25,12.0,0.0,0.6566096779730018,0.1939660059301562,0.1494243160968419,2026-01-07,0.6566096779730018,0.1494243160968419,19.335860446856753,-1.6141395531432465,20.95
2026-01-17:man utd:man city,man city,DEF,0,Man City,2026-01-17,6,370.0,0.0,0.0,0.19,0.2799999999999999,5.0,0.0,0.3129379200200634,0.2547589436172021,0.4323031363627345,2026-01-17,0.4323031363627345,0.3129379200200634,16.85123481712719,-3.6725747066823367,20.523809523809526
2026-01-24:man city:wolves,man city,DEF,1,Man City,2026-01-24,4,360.0,0.0,1.0,0.12,0.43,29.0,1.0,0.7624961448332451,0.1551808669050925,0.0823229882616623,2026-01-24,0.7624961448332451,0.0823229882616623,20.35548006827038,0.5372982500885648,19.818181818181817
2026-02-01:spurs:man city,man city,DEF,0,Man City,2026-02-01,5,429.0,0.0,0.0,0.6699999999999999,0.14,7.0,0.0,0.1780721784887403,0.2276874660140517,0.594240355497208,2026-02-01,0.594240355497208,0.1780721784887403,18.90054979729576,-1.3168415070520645,20.217391304347824
2026-02-08:liverpool:man city,man city,DEF,0,Man City,2026-02-08,7,450.0,0.0,1.0,0.6,0.26,20.0,1.0,0.4489664030848561,0.2386913728416572,0.3123422240734866,2026-02-08,0.3123422240734866,0.4489664030848561,14.784251720389147,-4.882414946277521,19.666666666666668
2026-02-11:man city:fulham,man city,DEF,1,Man City,2026-02-11,6,449.0,1.0,1.0,0.48,0.12,40.0,1.0,0.7214738398217525,0.1674713124462578,0.1110548477319897,2026-02-11,0.7214738398217525,0.1110548477319897,19.91889306439464,0.23889306439464164,19.68
2026-02-21:man city:newcastle,man city,DEF,1,Man City,2026-02-21,6,450.0,2.0,0.0,0.32,0.36,24.0,0.0,0.6392593711897424,0.194461769351227,0.1662788594590304,2026-02-21,0.6392593711897424,0.1662788594590304,19.079751906586637,-1.3817865549518231,20.46153846153846
2026-02-28:leeds:man city,man city,DEF,0,Man City,2026-02-28,6,431.0,0.0,1.0,0.72,0.8400000000000001,41.0,1.0,0.1867822292287648,0.2339193515754636,0.5792984191957716,2026-02-28,0.5792984191957716,0.1867822292287648,18.768198636379072,-1.8243939562135196,20.59259259259259
2026-03-04:man city:nottm forest,man city,DEF,1,Man City,2026-03-04,5,359.0,0.0,1.0,0.24,0.45,8.0,0.0,0.7104736913325994,0.1831817605070048,0.1063445481603957,2026-03-04,0.7104736913325994,0.1063445481603957,19.990467115473486,-1.3309614559550873,21.321428571428573
2026-03-14:west ham:man city,man city,DEF,0,Man City,2026-03-14,5,419.0,0.0,0.0,1.28,0.25,9.0,0.0,0.1830565528927545,0.2162774800557313,0.6006659670515141,2026-03-14,0.6006659670515141,0.1830565528927545,18.82481111809573,-2.037257847421511,20.862068965517242
2026-04-12:chelsea:man city,man city,DEF,0,Man City,2026-04-12,5,359.0,2.0,0.0,0.79,0.68,42.0,1.0,0.2654434043482985,0.2343849810615432,0.5001716145901582,2026-04-12,0.5001716145901582,0.2654434043482985,17.572924560844598,-2.893742105822067,20.466666666666665
2026-04-19:man city:arsenal,man city,DEF,1,Man City,2026-04-19,5,361.0,0.0,2.0,0.14,0.56,18.0,0.0,0.5292309138382678,0.2566844748599273,0.2140846113018049,2026-04-19,0.5292309138382678,0.2140846113018049,18.353332859931523,-2.807957462649121,21.161290322580644
2026-04-22:burnley:man city,man city,DEF,0,Man City,2026-04-22,5,424.0,0.0,0.0,0.8700000000000001,0.25,38.0,1.0,0.0385764664488293,0.0964474758912689,0.8649760576599018,2026-04-22,0.8649760576599018,0.0385764664488293,21.020218210539728,-0.04228178946027228,21.0625
2026-05-04:everton:man city,man city,DEF,0,Man City,2026-05-04,4,360.0,0.0,1.0,0.31,0.31,9.0,0.0,0.1236057336093848,0.1921707125366613,0.6842235538539538,2026-05-04,0.6842235538539538,0.1236057336093848,19.7281795581262,-1.847578017631374,21.575757575757574
2026-05-09:man city:brentford,man city,DEF,1,Man City,2026-05-09,4,360.0,0.0,0.0,0.36,0.06,25.0,1.0,0.7373811728514559,0.1529975676172439,0.1096212595313003,2026-05-09,0.7373811728514559,0.1096212595313003,19.940676756396094,-1.2652055965450835,21.205882352941178
2026-05-13:man city:crystal palace,man city,DEF,1,Man City,2026-05-13,7,424.0,0.0,0.0,0.2799999999999999,0.4599999999999999,22.0,1.0,0.7611032402495629,0.1487222193530597,0.0901745403973774,2026-05-13,0.7611032402495629,0.0901745403973774,20.236173984852908,-1.0781117294328055,21.314285714285713
2026-05-19:bournemouth:man city,man city,DEF,0,Man City,2026-05-19,4,360.0,0.0,0.0,0.7100000000000001,0.8400000000000001,8.0,0.0,0.190182741818979,0.2100416732763612,0.5997755849046598,2026-05-19,0.5997755849046598,0.190182741818979,18.716527090200984,-2.6168062431323484,21.333333333333332
2026-05-24:man city:aston villa,man city,DEF,1,Man City,2026-05-24,6,358.0,0.0,0.0,0.16,0.23,7.0,0.0,0.709670321443513,0.168061020462975,0.1222686580935119,2026-05-24,0.709670321443513,0.1222686580935119,19.748496718386345,-1.2244762545866266,20.972972972972972
2025-08-16:wolves:man city,man city,FWD,0,Man City,2025-08-16,1,72.0,2.0,0.0,1.99,0.0,13.0,1.0,0.1375380716251635,0.2100481357428546,0.6524137926319818,2025-08-16,0.6524137926319818,0.1375380716251635,5.659090909090909,0.0,5.659090909090909
2025-08-23:man city:spurs,man city,FWD,1,Man City,2025-08-23,1,90.0,0.0,0.0,0.47,0.3,2.0,0.0,0.6393375427097084,0.1994851989998035,0.1611772582904879,2025-08-23,0.6393375427097084,0.1611772582904879,13.0,0.0,13.0
2025-08-31:brighton:man city,man city,FWD,0,Man City,2025-08-31,1,90.0,1.0,0.0,1.4,0.0,9.0,0.0,0.2679593046984602,0.2541725404433013,0.4778681548582384,2025-08-31,0.4778681548582384,0.2679593046984602,7.5,0.0,7.5
2025-09-14:man city:man utd,man city,FWD,1,Man City,2025-09-14,1,86.0,2.0,0.0,1.8,0.01,13.0,1.0,0.5946006537724791,0.2203160196174684,0.1850833266100524,2025-09-14,0.5946006537724791,0.1850833266100524,8.0,0.0,8.0
2025-09-21:arsenal:man city,man city,FWD,0,Man City,2025-09-21,1,75.0,1.0,0.0,0.52,0.01,9.0,1.0,0.4741387137165104,0.2621191025338704,0.2637421837496191,2025-09-21,0.2637421837496191,0.4741387137165104,9.25,0.0,9.25
2025-09-27:man city:burnley,man city,FWD,1,Man City,2025-09-27,1,90.0,2.0,1.0,1.17,0.24,16.0,0.0,0.8352546713971105,0.1177463202483362,0.0469990083545533,2025-09-27,0.8352546713971105,0.0469990083545533,9.2,0.0,9.2
2025-10-05:brentford:man city,man city,FWD,0,Man City,2025-10-05,1,90.0,1.0,0.0,0.29,0.01,8.0,1.0,0.17637790831977,0.2176451235676607,0.6059769681125693,2025-10-05,0.6059769681125693,0.17637790831977,10.333333333333334,0.0,10.333333333333334
2025-10-18:man city:everton,man city,FWD,1,Man City,2025-10-18,1,90.0,2.0,0.0,0.98,0.02,13.0,1.0,0.6851102124324815,0.2016511213188757,0.1132386662486427,2025-10-18,0.6851102124324815,0.1132386662486427,10.0,0.0,10.0
2025-10-26:aston villa:man city,man city,FWD,0,Man City,2025-10-26,1,90.0,0.0,0.0,0.23,0.01,2.0,0.0,0.2191011000515206,0.2445389413857207,0.5363599585627588,2025-10-26,0.5363599585627588,0.2191011000515206,10.375,0.0,10.375
2025-11-02:man city:bournemouth,man city,FWD,1,Man City,2025-11-02,1,81.0,2.0,0.0,1.33,0.01,13.0,0.0,0.701016689648254,0.1754047176812589,0.123578592670487,2025-11-02,0.701016689648254,0.123578592670487,9.444444444444445,0.0,9.444444444444445
2025-11-09:man city:liverpool,man city,FWD,1,Man City,2025-11-09,1,90.0,1.0,0.0,0.85,0.09,4.0,1.0,0.5157660821448217,0.2333213399961519,0.2509125778590265,2025-11-09,0.5157660821448217,0.2509125778590265,9.8,0.0,9.8
2025-11-22:newcastle:man city,man city,FWD,0,Man City,2025-11-22,1,90.0,0.0,0.0,1.54,0.0,2.0,0.0,0.2518244619881634,0.2495622191654477,0.4986133188463889,2025-11-22,0.4986133188463889,0.2518244619881634,9.272727272727273,0.0,9.272727272727273
2025-11-29:man city:leeds,man city,FWD,1,Man City,2025-11-29,1,90.0,0.0,0.0,0.13,0.01,2.0,0.0,0.8135073893772191,0.1257095081431664,0.0607831024796144,2025-11-29,0.8135073893772191,0.0607831024796144,8.666666666666666,0.0,8.666666666666666
2025-12-02:fulham:man city,man city,FWD,0,Man City,2025-12-02,1,90.0,1.0,2.0,0.91,0.3,14.0,0.0,0.1729351226918821,0.2245060571474606,0.6025588201606572,2025-12-02,0.6025588201606572,0.1729351226918821,8.153846153846153,0.0,8.153846153846153
2025-12-06:man city:sunderland,man city,FWD,1,Man City,2025-12-06,1,68.0,0.0,0.0,0.43,0.01,2.0,1.0,0.7935251598632632,0.136902262221719,0.0695725779150177,2025-12-06,0.7935251598632632,0.0695725779150177,8.571428571428571,0.0,8.571428571428571
2025-12-14:crystal palace:man city,man city,FWD,0,Man City,2025-12-14,1,90.0,2.0,0.0,0.96,0.0,13.0,1.0,0.2271813659410452,0.246354100378557,0.5264645336803977,2025-12-14,0.5264645336803977,0.2271813659410452,8.133333333333333,0.0,8.133333333333333
2025-12-20:man city:west ham,man city,FWD,1,Man City,2025-12-20,1,90.0,2.0,1.0,1.02,0.07,16.0,1.0,0.8283995531782266,0.1112000484070857,0.0604003984146877,2025-12-20,0.8283995531782266,0.0604003984146877,8.4375,0.0,8.4375
2025-12-27:nottm forest:man city,man city,FWD,0,Man City,2025-12-27,1,90.0,0.0,0.0,0.17,0.11,2.0,0.0,0.171039041706111,0.2189619965095336,0.6099989617843553,2025-12-27,0.6099989617843553,0.171039041706111,8.882352941176471,0.0,8.882352941176471
2026-01-01:sunderland:man city,man city,FWD,0,Man City,2026-01-01,1,90.0,0.0,0.0,0.34,0.02,2.0,1.0,0.1145781342274966,0.1901534422350425,0.6952684235374609,2026-01-01,0.6952684235374609,0.1145781342274966,8.5,0.0,8.5
2026-01-04:man city:chelsea,man city,FWD,1,Man City,2026-01-04,1,90.0,0.0,0.0,0.41,0.02,2.0,0.0,0.6708574748125724,0.1818721588906997,0.1472703662967278,2026-01-04,0.6708574748125724,0.1472703662967278,8.157894736842104,0.0,8.157894736842104
2026-01-07:man city:brighton,man city,FWD,1,Man City,2026-01-07,1,90.0,1.0,0.0,1.53,0.02,6.0,0.0,0.6566096779730018,0.1939660059301562,0.1494243160968419,2026-01-07,0.6566096779730018,0.1494243160968419,7.85,0.0,7.85
2026-01-17:man utd:man city,man city,FWD,0,Man City,2026-01-17,1,79.0,0.0,0.0,0.13,0.0,2.0,0.0,0.3129379200200634,0.2547589436172021,0.4323031363627345,2026-01-17,0.4323031363627345,0.3129379200200634,7.761904761904762,0.0,7.761904761904762
2026-01-24:man city:wolves,man city,FWD,1,Man City,2026-01-24,1,17.0,0.0,0.0,0.0,0.0,1.0,0.0,0.7624961448332451,0.1551808669050925,0.0823229882616623,2026-01-24,0.7624961448332451,0.0823229882616623,7.5,0.0,7.5
2026-02-01:spurs:man city,man city,FWD,0,Man City,2026-02-01,1,90.0,0.0,1.0,0.28,0.07,5.0,0.0,0.1780721784887403,0.2276874660140517,0.594240355497208,2026-02-01,0.594240355497208,0.1780721784887403,7.217391304347826,0.0,7.217391304347826
2026-02-08:liverpool:man city,man city,FWD,0,Man City,2026-02-08,1,90.0,1.0,1.0,1.35,0.31,11.0,0.0,0.4489664030848561,0.2386913728416572,0.3123422240734866,2026-02-08,0.3123422240734866,0.4489664030848561,7.125,0.0,7.125
2026-02-11:man city:fulham,man city,FWD,1,Man City,2026-02-11,1,45.0,1.0,0.0,0.12,0.0,5.0,0.0,0.7214738398217525,0.1674713124462578,0.1110548477319897,2026-02-11,0.7214738398217525,0.1110548477319897,7.28,0.0,7.28
2026-02-21:man city:newcastle,man city,FWD,1,Man City,2026-02-21,1,90.0,0.0,1.0,0.31,0.22,6.0,0.0,0.6392593711897424,0.194461769351227,0.1662788594590304,2026-02-21,0.6392593711897424,0.1662788594590304,7.1923076923076925,0.0,7.1923076923076925
2026-03-04:man city:nottm forest,man city,FWD,1,Man City,2026-03-04,1,90.0,0.0,0.0,0.1,0.03,2.0,0.0,0.7104736913325994,0.1831817605070048,0.1063445481603957,2026-03-04,0.7104736913325994,0.1063445481603957,7.148148148148148,0.0,7.148148148148148
2026-03-14:west ham:man city,man city,FWD,0,Man City,2026-03-14,1,90.0,0.0,0.0,0.3,0.05,2.0,0.0,0.1830565528927545,0.2162774800557313,0.6006659670515141,2026-03-14,0.6006659670515141,0.1830565528927545,6.964285714285714,0.0,6.964285714285714
2026-04-12:chelsea:man city,man city,FWD,0,Man City,2026-04-12,1,90.0,0.0,0.0,0.58,0.0,2.0,1.0,0.2654434043482985,0.2343849810615432,0.5001716145901582,2026-04-12,0.5001716145901582,0.2654434043482985,6.793103448275862,0.0,6.793103448275862
2026-04-19:man city:arsenal,man city,FWD,1,Man City,2026-04-19,1,90.0,1.0,0.0,0.81,0.04,6.0,0.0,0.5292309138382678,0.2566844748599273,0.2140846113018049,2026-04-19,0.5292309138382678,0.2140846113018049,6.633333333333334,0.0,6.633333333333334
2026-04-22:burnley:man city,man city,FWD,0,Man City,2026-04-22,1,90.0,1.0,0.0,1.07,0.07,7.0,1.0,0.0385764664488293,0.0964474758912689,0.8649760576599018,2026-04-22,0.8649760576599018,0.0385764664488293,6.612903225806452,0.0,6.612903225806452
2026-05-04:everton:man city,man city,FWD,0,Man City,2026-05-04,1,90.0,1.0,0.0,0.53,0.01,7.0,0.0,0.1236057336093848,0.1921707125366613,0.6842235538539538,2026-05-04,0.6842235538539538,0.1236057336093848,6.625,0.0,6.625
2026-05-09:man city:brentford,man city,FWD,1,Man City,2026-05-09,1,90.0,1.0,1.0,1.22,0.09,11.0,1.0,0.7373811728514559,0.1529975676172439,0.1096212595313003,2026-05-09,0.7373811728514559,0.1096212595313003,6.636363636363637,0.0,6.636363636363637
2026-05-19:bournemouth:man city,man city,FWD,0,Man City,2026-05-19,1,90.0,1.0,0.0,0.23,0.52,9.0,0.0,0.190182741818979,0.2100416732763612,0.5997755849046598,2026-05-19,0.5997755849046598,0.190182741818979,6.764705882352941,0.0,6.764705882352941
2025-08-16:wolves:man city,man city,GKP,0,Man City,2025-08-16,1,90.0,0.0,0.0,0.0,0.0,7.0,1.0,0.1375380716251635,0.2100481357428546,0.6524137926319818,2025-08-16,0.6524137926319818,0.1375380716251635,3.9952979612917674,0.6216137507654516,3.373684210526316
2025-08-23:man city:spurs,man city,GKP,1,Man City,2025-08-23,1,90.0,0.0,0.0,0.0,0.0,2.0,0.0,0.6393375427097084,0.1994851989998035,0.1611772582904879,2025-08-23,0.6393375427097084,0.1611772582904879,3.9345731075390615,-3.0654268924609385,7.0
2025-08-31:brighton:man city,man city,GKP,0,Man City,2025-08-31,1,90.0,0.0,0.0,0.0,0.0,2.0,0.0,0.2679593046984602,0.2541725404433013,0.4778681548582384,2025-08-31,0.4778681548582384,0.2679593046984602,3.6602690782447524,-0.8397309217552476,4.5
2025-09-14:man city:man utd,man city,GKP,1,Man City,2025-09-14,1,90.0,0.0,0.0,0.0,0.0,6.0,1.0,0.5946006537724791,0.2203160196174684,0.1850833266100524,2025-09-14,0.5946006537724791,0.1850833266100524,3.873162682423328,0.20649601575666132,3.6666666666666665
2025-09-21:arsenal:man city,man city,GKP,0,Man City,2025-09-21,1,90.0,0.0,0.0,0.0,0.0,1.0,0.0,0.4741387137165104,0.2621191025338704,0.2637421837496191,2025-09-21,0.2637421837496191,0.4741387137165104,3.13063095504291,-1.1193690449570899,4.25
2025-09-27:man city:burnley,man city,GKP,1,Man City,2025-09-27,1,90.0,0.0,0.0,0.0,0.0,2.0,0.0,0.8352546713971105,0.1177463202483362,0.0469990083545533,2025-09-27,0.8352546713971105,0.0469990083545533,4.227876664351784,0.6278766643517844,3.6
2025-10-05:brentford:man city,man city,GKP,0,Man City,2025-10-05,1,90.0,0.0,0.0,0.0,0.0,6.0,1.0,0.17637790831977,0.2176451235676607,0.6059769681125693,2025-10-05,0.6059769681125693,0.17637790831977,3.895525349126619,0.5621920157932854,3.3333333333333335
2025-10-18:man city:everton,man city,GKP,1,Man City,2025-10-18,1,90.0,0.0,0.0,0.0,0.0,6.0,1.0,0.6851102124324815,0.2016511213188757,0.1132386662486427,2025-10-18,0.6851102124324815,0.1132386662486427,4.057718799142818,0.34343308485710367,3.7142857142857144
2025-10-26:aston villa:man city,man city,GKP,0,Man City,2025-10-26,1,90.0,0.0,0.0,0.0,0.0,2.0,0.0,0.2191011000515206,0.2445389413857207,0.5363599585627588,2025-10-26,0.5363599585627588,0.2191011000515206,3.7857770905892405,-0.2142229094107595,4.0
2025-11-02:man city:bournemouth,man city,GKP,1,Man City,2025-11-02,1,90.0,0.0,0.0,0.0,0.0,2.0,0.0,0.701016689648254,0.1754047176812589,0.123578592670487,2025-11-02,0.701016689648254,0.123578592670487,4.031157372615345,0.25337959483756745,3.7777777777777777
2025-11-09:man city:liverpool,man city,GKP,1,Man City,2025-11-09,1,90.0,0.0,0.0,0.0,0.0,6.0,1.0,0.5157660821448217,0.2333213399961519,0.2509125778590265,2025-11-09,0.5157660821448217,0.2509125778590265,3.7040590786767633,0.10405907867676323,3.6
2025-11-22:newcastle:man city,man city,GKP,0,Man City,2025-11-22,1,90.0,0.0,0.0,0.0,0.0,1.0,0.0,0.2518244619881634,0.2495622191654477,0.4986133188463889,2025-11-22,0.4986133188463889,0.2518244619881634,3.7017166110121513,-0.11646520716966702,3.8181818181818183
2025-11-29:man city:leeds,man city,GKP,1,Man City,2025-11-29,1,90.0,0.0,0.0,0.0,0.0,5.0,0.0,0.8135073893772191,0.1257095081431664,0.0607831024796144,2025-11-29,0.8135073893772191,0.0607831024796144,4.192467785370102,0.6091344520367685,3.5833333333333335
2025-12-02:fulham:man city,man city,GKP,0,Man City,2025-12-02,1,90.0,0.0,0.0,0.0,0.0,0.0,0.0,0.1729351226918821,0.2245060571474606,0.6025588201606572,2025-12-02,0.6025588201606572,0.1729351226918821,3.9043692512758446,0.21206155896815204,3.6923076923076925
2025-12-06:man city:sunderland,man city,GKP,1,Man City,2025-12-06,1,90.0,0.0,0.0,0.0,0.0,6.0,1.0,0.7935251598632632,0.136902262221719,0.0695725779150177,2025-12-06,0.7935251598632632,0.0695725779150177,4.1698891908552245,0.7413177622837961,3.4285714285714284
2025-12-14:crystal palace:man city,man city,GKP,0,Man City,2025-12-14,1,90.0,0.0,0.0,0.0,0.0,7.0,1.0,0.2271813659410452,0.246354100378557,0.5264645336803977,2025-12-14,0.5264645336803977,0.2271813659410452,3.765020328887954,0.16502032888795393,3.6
2025-12-20:man city:west ham,man city,GKP,1,Man City,2025-12-20,1,90.0,0.0,0.0,0.0,0.0,7.0,1.0,0.8283995531782266,0.1112000484070857,0.0604003984146877,2025-12-20,0.8283995531782266,0.0604003984146877,4.193450883845623,0.3809508838456228,3.8125
2025-12-27:nottm forest:man city,man city,GKP,0,Man City,2025-12-27,1,90.0,0.0,0.0,0.0,0.0,2.0,0.0,0.171039041706111,0.2189619965095336,0.6099989617843553,2025-12-27,0.6099989617843553,0.171039041706111,3.9092399451027657,-0.09076005489723427,4.0
2026-01-01:sunderland:man city,man city,GKP,0,Man City,2026-01-01,1,90.0,0.0,0.0,0.0,0.0,7.0,1.0,0.1145781342274966,0.1901534422350425,0.6952684235374609,2026-01-01,0.6952684235374609,0.1145781342274966,4.054277944841276,0.1653890559523874,3.888888888888889
2026-01-04:man city:chelsea,man city,GKP,1,Man City,2026-01-04,1,90.0,0.0,0.0,0.0,0.0,2.0,0.0,0.6708574748125724,0.1818721588906997,0.1472703662967278,2026-01-04,0.6708574748125724,0.1472703662967278,3.9702974323405793,-0.08233414660678884,4.052631578947368
2026-01-07:man city:brighton,man city,GKP,1,Man City,2026-01-07,1,90.0,0.0,0.0,0.0,0.0,1.0,0.0,0.6566096779730018,0.1939660059301562,0.1494243160968419,2026-01-07,0.6566096779730018,0.1494243160968419,3.9647643195286033,0.014764319528603131,3.95
2026-01-17:man utd:man city,man city,GKP,0,Man City,2026-01-17,1,90.0,0.0,0.0,0.0,0.0,2.0,0.0,0.3129379200200634,0.2547589436172021,0.4323031363627345,2026-01-17,0.4323031363627345,0.3129379200200634,3.544727038830594,-0.2647967706932155,3.8095238095238093
2026-01-24:man city:wolves,man city,GKP,1,Man City,2026-01-24,1,90.0,0.0,0.0,0.0,0.0,8.0,1.0,0.7624961448332451,0.1551808669050925,0.0823229882616623,2026-01-24,0.7624961448332451,0.0823229882616623,4.137135661110365,0.4098629338376383,3.727272727272727
2026-02-01:spurs:man city,man city,GKP,0,Man City,2026-02-01,1,90.0,0.0,0.0,0.0,0.0,2.0,0.0,0.1780721784887403,0.2276874660140517,0.594240355497208,2026-02-01,0.594240355497208,0.1780721784887403,3.891173071288769,-0.021870406972100742,3.9130434782608696
2026-02-08:liverpool:man city,man city,GKP,0,Man City,2026-02-08,1,90.0,0.0,0.0,0.0,0.0,3.0,0.0,0.4489664030848561,0.2386913728416572,0.3123422240734866,2026-02-08,0.3123422240734866,0.4489664030848561,3.1952941307843634,-0.6380392025489701,3.8333333333333335
2026-02-11:man city:fulham,man city,GKP,1,Man City,2026-02-11,1,90.0,0.0,0.0,0.0,0.0,7.0,1.0,0.7214738398217525,0.1674713124462578,0.1110548477319897,2026-02-11,0.7214738398217525,0.1110548477319897,4.06332863935956,0.2633286393595604,3.8
2026-02-21:man city:newcastle,man city,GKP,1,Man City,2026-02-21,1,90.0,0.0,0.0,0.0,0.0,5.0,0.0,0.6392593711897424,0.194461769351227,0.1662788594590304,2026-02-21,0.6392593711897424,0.1662788594590304,3.9214680041676835,-0.0016089189092394207,3.923076923076923
2026-02-28:leeds:man city,man city,GKP,0,Man City,2026-02-28,1,90.0,0.0,0.0,0.0,0.0,5.0,1.0,0.1867822292287648,0.2339193515754636,0.5792984191957716,2026-02-28,0.5792984191957716,0.1867822292287648,3.8687985046484332,-0.09416445831452958,3.962962962962963
2026-03-04:man city:nottm forest,man city,GKP,1,Man City,2026-03-04,1,90.0,0.0,0.0,0.0,0.0,1.0,0.0,0.7104736913325994,0.1831817605070048,0.1063445481603957,2026-03-04,0.7104736913325994,0.1063445481603957,4.075428558729293,0.07542855872929266,4.0
2026-03-14:west ham:man city,man city,GKP,0,Man City,2026-03-14,1,90.0,0.0,0.0,0.0,0.0,2.0,0.0,0.1830565528927545,0.2162774800557313,0.6006659670515141,2026-03-14,0.6006659670515141,0.1830565528927545,3.878369102564393,-0.018182621573537894,3.896551724137931
2026-04-12:chelsea:man city,man city,GKP,0,Man City,2026-04-12,1,90.0,0.0,0.0,0.0,0.0,7.0,1.0,0.2654434043482985,0.2343849810615432,0.5001716145901582,2026-04-12,0.5001716145901582,0.2654434043482985,3.6667319774545657,-0.1666013558787678,3.8333333333333335
2026-04-19:man city:arsenal,man city,GKP,1,Man City,2026-04-19,1,90.0,0.0,0.0,0.0,0.0,2.0,0.0,0.5292309138382678,0.2566844748599273,0.2140846113018049,2026-04-19,0.5292309138382678,0.2140846113018049,3.7986635553391226,-0.1368203156286194,3.935483870967742
2026-04-22:burnley:man city,man city,GKP,0,Man City,2026-04-22,1,90.0,0.0,0.0,0.0,0.0,6.0,1.0,0.0385764664488293,0.0964474758912689,0.8649760576599018,2026-04-22,0.8649760576599018,0.0385764664488293,4.249512672083022,0.3745126720830223,3.875
2026-05-04:everton:man city,man city,GKP,0,Man City,2026-05-04,1,90.0,0.0,0.0,0.0,0.13,1.0,0.0,0.1236057336093848,0.1921707125366613,0.6842235538539538,2026-05-04,0.6842235538539538,0.1236057336093848,4.0310876523847545,0.09169371299081508,3.9393939393939394
2026-05-09:man city:brentford,man city,GKP,1,Man City,2026-05-09,1,90.0,0.0,0.0,0.0,0.0,6.0,1.0,0.7373811728514559,0.1529975676172439,0.1096212595313003,2026-05-09,0.7373811728514559,0.1096212595313003,4.067011271721704,0.21407009525111542,3.8529411764705883
2026-05-13:man city:crystal palace,man city,GKP,1,Man City,2026-05-13,1,90.0,0.0,0.0,0.0,0.0,8.0,1.0,0.7611032402495629,0.1487222193530597,0.0901745403973774,2026-05-13,0.7611032402495629,0.0901745403973774,4.1169664242443424,0.2026807099586283,3.914285714285714
2026-05-19:bournemouth:man city,man city,GKP,0,Man City,2026-05-19,1,90.0,0.0,0.0,0.0,0.0,1.0,0.0,0.190182741818979,0.2100416732763612,0.5997755849046598,2026-05-19,0.5997755849046598,0.190182741818979,3.8600631943922687,-0.16771458338550893,4.027777777777778
2026-05-24:man city:aston villa,man city,GKP,1,Man City,2026-05-24,1,90.0,0.0,0.0,0.0,0.0,2.0,0.0,0.709670321443513,0.168061020462975,0.1222686580935119,2026-05-24,0.709670321443513,0.1222686580935119,4.03452236087567,0.08857641492972368,3.945945945945946
2025-08-16:wolves:man city,man city,MID,0,Man City,2025-08-16,7,441.0,2.0,2.0,0.43,0.75,32.0,1.0,0.1375380716251635,0.2100481357428546,0.6524137926319818,2025-08-16,0.6524137926319818,0.1375380716251635,25.381429436896255,4.888008384264676,20.49342105263158
2025-08-23:man city:spurs,man city,MID,1,Man City,2025-08-23,9,446.0,0.0,0.0,0.92,1.03,11.0,0.0,0.6393375427097084,0.1994851989998035,0.1611772582904879,2025-08-23,0.6393375427097084,0.1611772582904879,25.147208989089826,-6.852791010910174,32.0
2025-08-31:brighton:man city,man city,MID,0,Man City,2025-08-31,6,430.0,0.0,1.0,0.4,0.94,16.0,0.0,0.2679593046984602,0.2541725404433013,0.4778681548582384,2025-08-31,0.4778681548582384,0.2679593046984602,22.254985870504303,0.7549858705043029,21.5
2025-09-14:man city:man utd,man city,MID,1,Man City,2025-09-14,8,448.0,1.0,3.0,0.77,1.42,37.0,1.0,0.5946006537724791,0.2203160196174684,0.1850833266100524,2025-09-14,0.5946006537724791,0.1850833266100524,24.345886421639037,4.679219754972369,19.666666666666668
2025-09-21:arsenal:man city,man city,MID,0,Man City,2025-09-21,7,440.0,0.0,1.0,0.37,0.1,22.0,1.0,0.4741387137165104,0.2621191025338704,0.2637421837496191,2025-09-21,0.2637421837496191,0.4741387137165104,18.419583431872425,-5.580416568127575,24.0
2025-09-27:man city:burnley,man city,MID,1,Man City,2025-09-27,7,448.0,0.0,2.0,0.56,0.8600000000000001,19.0,0.0,0.8352546713971105,0.1177463202483362,0.0469990083545533,2025-09-27,0.8352546713971105,0.0469990083545533,28.65645650935557,5.05645650935557,23.6
2025-10-05:brentford:man city,man city,MID,0,Man City,2025-10-05,8,447.0,0.0,0.0,0.49,0.55,18.0,1.0,0.17637790831977,0.2176451235676607,0.6059769681125693,2025-10-05,0.6059769681125693,0.17637790831977,24.549657797603942,1.7163244642706097,22.833333333333332
2025-10-18:man city:everton,man city,MID,1,Man City,2025-10-18,9,446.0,0.0,1.0,1.02,1.37,20.0,1.0,0.6851102124324815,0.2016511213188757,0.1132386662486427,2025-10-18,0.6851102124324815,0.1132386662486427,25.967084355765273,3.8242272129081307,22.142857142857142
2025-10-26:aston villa:man city,man city,MID,0,Man City,2025-10-26,9,446.0,0.0,0.0,0.6000000000000001,0.89,10.0,0.0,0.2191011000515206,0.2445389413857207,0.5363599585627588,2025-10-26,0.5363599585627588,0.2191011000515206,23.302685060877124,1.427685060877124,21.875
2025-11-02:man city:bournemouth,man city,MID,1,Man City,2025-11-02,9,455.0,0.0,3.0,0.5599999999999999,0.78,26.0,0.0,0.701016689648254,0.1754047176812589,0.123578592670487,2025-11-02,0.701016689648254,0.123578592670487,26.251999544649433,5.696443989093876,20.555555555555557
2025-11-09:man city:liverpool,man city,MID,1,Man City,2025-11-09,7,448.0,2.0,1.0,0.64,0.27,30.0,1.0,0.5157660821448217,0.2333213399961519,0.2509125778590265,2025-11-09,0.5157660821448217,0.2509125778590265,22.933809658116324,1.8338096581163228,21.1
2025-11-22:newcastle:man city,man city,MID,0,Man City,2025-11-22,9,446.0,0.0,1.0,0.8200000000000001,1.46,17.0,0.0,0.2518244619881634,0.2495622191654477,0.4986133188463889,2025-11-22,0.4986133188463889,0.2518244619881634,22.62657112071017,0.7174802116192609,21.90909090909091
2025-11-29:man city:leeds,man city,MID,1,Man City,2025-11-29,7,448.0,2.0,1.0,1.27,1.4400000000000002,30.0,0.0,0.8135073893772191,0.1257095081431664,0.0607831024796144,2025-11-29,0.8135073893772191,0.0607831024796144,28.266921423719484,6.766921423719484,21.5
2025-12-02:fulham:man city,man city,MID,0,Man City,2025-12-02,7,421.0,3.0,2.0,1.27,1.31,37.0,0.0,0.1729351226918821,0.2245060571474606,0.6025588201606572,2025-12-02,0.6025588201606572,0.1729351226918821,24.488432281976422,2.334586128130269,22.153846153846153
2025-12-06:man city:sunderland,man city,MID,1,Man City,2025-12-06,8,460.0,1.0,3.0,1.65,1.59,36.0,1.0,0.7935251598632632,0.136902262221719,0.0695725779150177,2025-12-06,0.7935251598632632,0.0695725779150177,27.90900177758627,4.694716063300554,23.214285714285715
2025-12-14:crystal palace:man city,man city,MID,0,Man City,2025-12-14,7,450.0,1.0,2.0,0.17,0.19,33.0,1.0,0.2271813659410452,0.246354100378557,0.5264645336803977,2025-12-14,0.5264645336803977,0.2271813659410452,23.125439225032885,-0.9412274416337816,24.066666666666666
2025-12-20:man city:west ham,man city,MID,1,Man City,2025-12-20,7,400.0,1.0,0.0,0.63,1.33,22.0,1.0,0.8283995531782266,0.1112000484070857,0.0604003984146877,2025-12-20,0.8283995531782266,0.0604003984146877,28.533668334723174,3.908668334723174,24.625
2025-12-27:nottm forest:man city,man city,MID,0,Man City,2025-12-27,6,447.0,2.0,1.0,1.26,1.15,30.0,0.0,0.171039041706111,0.2189619965095336,0.6099989617843553,2025-12-27,0.6099989617843553,0.171039041706111,24.62169933584922,0.1511111005551058,24.470588235294116
2026-01-01:sunderland:man city,man city,MID,0,Man City,2026-01-01,8,448.0,0.0,0.0,1.23,1.38,16.0,1.0,0.1145781342274966,0.1901534422350425,0.6952684235374609,2026-01-01,0.6952684235374609,0.1145781342274966,26.1490371914837,1.3712594137059213,24.77777777777778
2026-01-04:man city:chelsea,man city,MID,1,Man City,2026-01-04,6,449.0,1.0,0.0,0.39,0.85,23.0,1.0,0.6708574748125724,0.1818721588906997,0.1472703662967278,2026-01-04,0.6708574748125724,0.1472703662967278,25.711790780952484,1.3960013072682749,24.31578947368421
2026-01-07:man city:brighton,man city,MID,1,Man City,2026-01-07,7,448.0,0.0,1.0,0.87,1.39,20.0,0.0,0.6566096779730018,0.1939660059301562,0.1494243160968419,2026-01-07,0.6566096779730018,0.1494243160968419,25.456585704890504,1.2065857048905038,24.25
2026-01-17:man utd:man city,man city,MID,0,Man City,2026-01-17,8,448.0,0.0,0.0,0.13,0.64,13.0,0.0,0.3129379200200634,0.2547589436172021,0.4323031363627345,2026-01-17,0.4323031363627345,0.3129379200200634,21.438829931319738,-2.6087891162993095,24.047619047619047
2026-01-24:man city:wolves,man city,MID,1,Man City,2026-01-24,8,520.0,2.0,1.0,0.74,0.34,35.0,1.0,0.7624961448332451,0.1551808669050925,0.0823229882616623,2026-01-24,0.7624961448332451,0.0823229882616623,27.353213241995192,3.8077586965406454,23.545454545454547
2026-02-01:spurs:man city,man city,MID,0,Man City,2026-02-01,8,379.0,2.0,1.0,1.13,0.98,26.0,0.0,0.1780721784887403,0.2276874660140517,0.594240355497208,2026-02-01,0.594240355497208,0.1780721784887403,24.339432795876334,0.2959545350067678,24.043478260869566
2026-02-08:liverpool:man city,man city,MID,0,Man City,2026-02-08,5,359.0,1.0,0.0,0.97,0.71,16.0,1.0,0.4489664030848561,0.2386913728416572,0.3123422240734866,2026-02-08,0.3123422240734866,0.4489664030848561,19.290102370844167,-4.834897629155833,24.125
2026-02-11:man city:fulham,man city,MID,1,Man City,2026-02-11,8,402.0,1.0,2.0,0.78,0.3,25.0,1.0,0.7214738398217525,0.1674713124462578,0.1110548477319897,2026-02-11,0.7214738398217525,0.1110548477319897,26.618425920939366,2.818425920939365,23.8
2026-02-21:man city:newcastle,man city,MID,1,Man City,2026-02-21,6,358.0,0.0,1.0,0.72,0.4,17.0,0.0,0.6392593711897424,0.194461769351227,0.1662788594590304,2026-02-21,0.6392593711897424,0.1662788594590304,25.14580878883968,1.2996549426858337,23.846153846153847
2026-02-28:leeds:man city,man city,MID,0,Man City,2026-02-28,7,466.0,1.0,0.0,1.28,0.52,21.0,1.0,0.1867822292287648,0.2339193515754636,0.5792984191957716,2026-02-28,0.5792984191957716,0.1867822292287648,24.071794364948495,0.47920177235590344,23.59259259259259
2026-03-04:man city:nottm forest,man city,MID,1,Man City,2026-03-04,7,448.0,2.0,1.0,1.77,1.45,27.0,0.0,0.7104736913325994,0.1831817605070048,0.1063445481603957,2026-03-04,0.7104736913325994,0.1063445481603957,26.421392389125476,2.921392389125476,23.5
2026-03-14:west ham:man city,man city,MID,0,Man City,2026-03-14,8,388.0,1.0,1.0,0.46,1.55,22.0,0.0,0.1830565528927545,0.2162774800557313,0.6006659670515141,2026-03-14,0.6006659670515141,0.1830565528927545,24.454527691173205,0.8338380360007918,23.620689655172413
2026-04-12:chelsea:man city,man city,MID,0,Man City,2026-04-12,8,447.0,1.0,2.0,0.92,0.96,29.0,1.0,0.2654434043482985,0.2343849810615432,0.5001716145901582,2026-04-12,0.5001716145901582,0.2654434043482985,22.654483154289373,-0.9121835123772932,23.566666666666666
2026-04-19:man city:arsenal,man city,MID,1,Man City,2026-04-19,8,447.0,1.0,0.0,0.43,0.4499999999999999,21.0,0.0,0.5292309138382678,0.2566844748599273,0.2140846113018049,2026-04-19,0.5292309138382678,0.2140846113018049,23.174990342763934,-0.5669451411070341,23.741935483870968
2026-04-22:burnley:man city,man city,MID,0,Man City,2026-04-22,6,384.0,0.0,1.0,1.64,1.22,19.0,1.0,0.0385764664488293,0.0964474758912689,0.8649760576599018,2026-04-22,0.8649760576599018,0.0385764664488293,29.188822932548604,5.532572932548604,23.65625
2026-05-04:everton:man city,man city,MID,0,Man City,2026-05-04,8,448.0,2.0,2.0,0.62,1.1,32.0,0.0,0.1236057336093848,0.1921707125366613,0.6842235538539538,2026-05-04,0.6842235538539538,0.1236057336093848,25.951202618222126,2.4360511030706107,23.515151515151516
2026-05-09:man city:brentford,man city,MID,1,Man City,2026-05-09,8,448.0,2.0,0.0,1.4300000000000002,0.86,27.0,1.0,0.7373811728514559,0.1529975676172439,0.1096212595313003,2026-05-09,0.7373811728514559,0.1096212595313003,26.903356439074905,3.138650556721963,23.764705882352942
2026-05-13:man city:crystal palace,man city,MID,1,Man City,2026-05-13,8,471.0,3.0,3.0,1.27,1.28,48.0,1.0,0.7611032402495629,0.1487222193530597,0.0901745403973774,2026-05-13,0.7611032402495629,0.0901745403973774,27.328263677916738,3.47112082077388,23.857142857142858
2026-05-19:bournemouth:man city,man city,MID,0,Man City,2026-05-19,9,446.0,0.0,1.0,0.76,0.48,16.0,0.0,0.190182741818979,0.2100416732763612,0.5997755849046598,2026-05-19,0.5997755849046598,0.190182741818979,24.43857925745599,-0.0891985203217871,24.52777777777778
2026-05-24:man city:aston villa,man city,MID,1,Man City,2026-05-24,9,537.0,1.0,1.0,1.18,0.66,23.0,0.0,0.709670321443513,0.168061020462975,0.1222686580935119,2026-05-24,0.709670321443513,0.1222686580935119,26.407002510047416,2.109705212750118,24.2972972972973
2025-08-17:man utd:arsenal,man utd,DEF,1,Man Utd,2025-08-17,6,413.0,0.0,0.0,0.25,0.26,13.0,0.0,0.2442446181576206,0.250807854298588,0.5049475275437914,2025-08-17,0.2442446181576206,0.5049475275437914,13.933606065994162,-1.905867618216364,15.839473684210526
2025-08-24:fulham:man utd,man utd,DEF,0,Man Utd,2025-08-24,7,396.0,0.0,1.0,0.29,0.08,20.0,0.0,0.2696856275777564,0.2646091700500897,0.4657052023721538,2025-08-24,0.4657052023721538,0.2696856275777564,17.508463034035522,4.508463034035522,13.0
2025-08-30:man utd:burnley,man utd,DEF,1,Man Utd,2025-08-30,5,359.0,0.0,1.0,0.19,0.5,8.0,0.0,0.7164866471470829,0.1752145452237987,0.1082988076291184,2025-08-30,0.7164866471470829,0.1082988076291184,19.9607717075892,3.460771707589199,16.5
2025-09-14:man city:man utd,man utd,DEF,0,Man Utd,2025-09-14,6,420.0,0.0,0.0,0.2,0.18,6.0,0.0,0.5946006537724791,0.2203160196174684,0.1850833266100524,2025-09-14,0.1850833266100524,0.5946006537724791,12.571306845204115,-1.0953598214625515,13.666666666666666
2025-09-20:man utd:chelsea,man utd,DEF,1,Man Utd,2025-09-20,6,423.0,0.0,2.0,0.19,0.89,28.0,1.0,0.3616521218588358,0.2565680717418751,0.3817798063992891,2025-09-20,0.3616521218588358,0.3817798063992891,15.80516702097568,4.055167020975681,11.75
2025-09-27:brentford:man utd,man utd,DEF,0,Man Utd,2025-09-27,6,433.0,0.0,0.0,0.1699999999999999,0.1399999999999999,7.0,0.0,0.283919674186764,0.2474238700389834,0.4686564557742526,2025-09-27,0.4686564557742526,0.283919674186764,17.2921735255729,2.292173525572899,15.0
2025-10-04:man utd:sunderland,man utd,DEF,1,Man Utd,2025-10-04,6,358.0,0.0,1.0,0.07,0.04,31.0,1.0,0.6101654800196796,0.2157765473002459,0.1740579726800744,2025-10-04,0.6101654800196796,0.1740579726800744,18.96154654861135,5.2948798819446825,13.666666666666666
2025-10-19:liverpool:man utd,man utd,DEF,0,Man Utd,2025-10-19,6,390.0,1.0,0.0,0.52,0.04,21.0,0.0,0.5879393659502196,0.2125488586842442,0.1995117753655363,2025-10-19,0.1995117753655363,0.5879393659502196,12.672526597280296,-3.4703305455768465,16.142857142857142
2025-10-25:man utd:brighton,man utd,DEF,1,Man Utd,2025-10-25,6,379.0,0.0,2.0,0.03,0.1699999999999999,14.0,1.0,0.488039148786358,0.2388185778777992,0.2731422733358427,2025-10-25,0.488039148786358,0.2731422733358427,17.455938531869513,0.7059385318695135,16.75
2025-11-01:nottm forest:man utd,man utd,DEF,0,Man Utd,2025-11-01,6,358.0,0.0,0.0,0.33,0.07,5.0,0.0,0.2869669746462254,0.2559202173144018,0.4571128080393729,2025-11-01,0.4571128080393729,0.2869669746462254,17.245869116389798,0.8014246719453553,16.444444444444443
2025-11-08:spurs:man utd,man utd,DEF,0,Man Utd,2025-11-08,7,415.0,1.0,0.0,0.1,0.1699999999999999,22.0,1.0,0.3269165712029485,0.2688886693279793,0.4041947594690721,2025-11-08,0.4041947594690721,0.3269165712029485,16.63882609904674,1.338826099046738,15.3
2025-11-24:man utd:everton,man utd,DEF,1,Man Utd,2025-11-24,6,404.0,0.0,0.0,0.48,0.93,9.0,0.0,0.5247217916768522,0.2511896980482865,0.2240885102748612,2025-11-24,0.5247217916768522,0.2240885102748612,18.20132138694514,2.292230477854231,15.909090909090908
2025-11-30:crystal palace:man utd,man utd,DEF,0,Man Utd,2025-11-30,7,359.0,0.0,0.0,0.13,0.03,9.0,0.0,0.4682412762350407,0.2575108783712589,0.2742478453937003,2025-11-30,0.2742478453937003,0.4682412762350407,14.49136572992916,-0.8419676034041732,15.333333333333334
2025-12-04:man utd:west ham,man utd,DEF,1,Man Utd,2025-12-04,7,358.0,1.0,0.0,0.28,0.14,22.0,1.0,0.7062141041466147,0.1773719437668942,0.1164139520864911,2025-12-04,0.7062141041466147,0.1164139520864911,19.837460280136263,4.991306433982416,14.846153846153847
2025-12-08:wolves:man utd,man utd,DEF,0,Man Utd,2025-12-08,7,357.0,0.0,1.0,0.19,0.33,14.0,0.0,0.1770754304859233,0.2240972860133707,0.5988272835007059,2025-12-08,0.5988272835007059,0.1770754304859233,18.91569560519651,3.5585527480536534,15.357142857142858
2025-12-15:man utd:bournemouth,man utd,DEF,1,Man Utd,2025-12-15,6,360.0,0.0,1.0,0.0,0.15,7.0,0.0,0.5565044294771874,0.2193643196196898,0.2241312509031228,2025-12-15,0.5565044294771874,0.2241312509031228,18.200671933579414,2.934005266912747,15.266666666666667
2025-12-21:aston villa:man utd,man utd,DEF,0,Man Utd,2025-12-21,6,488.0,0.0,1.0,0.11,0.44,13.0,0.0,0.4835179630627075,0.2527113621486059,0.2637706747886866,2025-12-21,0.2637706747886866,0.4835179630627075,14.259233071124847,-0.4907669288751535,14.75
2025-12-26:man utd:newcastle,man utd,DEF,1,Man Utd,2025-12-26,8,477.0,1.0,1.0,0.66,0.23,56.0,1.0,0.3877332145578042,0.2542315138346959,0.3580352716074998,2025-12-26,0.3877332145578042,0.3580352716074998,16.16597051557291,1.5189116920434973,14.647058823529411
2025-12-30:man utd:wolves,man utd,DEF,1,Man Utd,2025-12-30,6,449.0,0.0,0.0,0.14,0.35,11.0,0.0,0.7210049265247721,0.1735952653681198,0.105399808107108,2025-12-30,0.7210049265247721,0.105399808107108,20.004822650997813,3.06037820655337,16.944444444444443
2026-01-04:leeds:man utd,man utd,DEF,0,Man Utd,2026-01-04,6,512.0,0.0,0.0,0.46,0.17,15.0,0.0,0.3481917324432015,0.2832886135991851,0.3685196539576134,2026-01-04,0.3685196539576134,0.3481917324432015,16.31554528554952,-0.3160336618189028,16.63157894736842
2026-01-07:burnley:man utd,man utd,DEF,0,Man Utd,2026-01-07,6,449.0,0.0,1.0,0.5800000000000001,0.47,9.0,0.0,0.1860405326690034,0.244940480913326,0.5690189864176706,2026-01-07,0.5690189864176706,0.1860405326690034,18.779468880796966,2.229468880796965,16.55
2026-01-17:man utd:man city,man utd,DEF,1,Man Utd,2026-01-17,6,451.0,1.0,0.0,0.62,0.09,40.0,1.0,0.3129379200200634,0.2547589436172021,0.4323031363627345,2026-01-17,0.3129379200200634,0.4323031363627345,15.037453769511885,-1.1530224209643052,16.19047619047619
2026-01-25:arsenal:man utd,man utd,DEF,0,Man Utd,2026-01-25,6,442.0,1.0,0.0,0.13,0.02,13.0,0.0,0.638657747284397,0.2090805451442557,0.1522617075713472,2026-01-25,0.1522617075713472,0.638657747284397,11.901849496795947,-5.370877775931326,17.272727272727273
2026-02-01:man utd:fulham,man utd,DEF,1,Man Utd,2026-02-01,6,360.0,0.0,0.0,0.29,0.52,8.0,0.0,0.6474295770963373,0.1931859931572965,0.1593844297463662,2026-02-01,0.6474295770963373,0.1593844297463662,19.184514301613405,2.0975577798742755,17.08695652173913
2026-02-07:man utd:spurs,man utd,DEF,1,Man Utd,2026-02-07,5,359.0,0.0,1.0,0.3,0.23,32.0,1.0,0.6171105796033627,0.2048698415067121,0.1780195788899251,2026-02-07,0.6171105796033627,0.1780195788899251,18.901349059914857,2.1930157265815247,16.708333333333332
2026-02-10:west ham:man utd,man utd,DEF,0,Man Utd,2026-02-10,5,350.0,0.0,0.0,0.21,0.22,8.0,0.0,0.201448197875623,0.2190797314482629,0.5794720706761141,2026-02-10,0.5794720706761141,0.201448197875623,18.545345976352667,1.225345976352667,17.32
2026-02-23:everton:man utd,man utd,DEF,0,Man Utd,2026-02-23,6,373.0,0.0,0.0,0.07,0.0999999999999999,27.0,1.0,0.2610134143788711,0.2529546456180434,0.4860319400030854,2026-02-23,0.4860319400030854,0.2610134143788711,17.640239245087336,0.6787007835488765,16.96153846153846
2026-03-01:man utd:crystal palace,man utd,DEF,1,Man Utd,2026-03-01,6,358.0,0.0,0.0,0.1,0.1699999999999999,13.0,1.0,0.6511993160520385,0.205905608275753,0.1428950756722084,2026-03-01,0.6511993160520385,0.1428950756722084,19.435073709316114,2.101740375982782,17.333333333333332
2026-03-04:newcastle:man utd,man utd,DEF,0,Man Utd,2026-03-04,6,358.0,0.0,0.0,0.32,0.18,6.0,0.0,0.3704410256647362,0.2527265660661163,0.3768324082691475,2026-03-04,0.3768324082691475,0.3704410256647362,15.977462319635862,-1.2011091089355652,17.178571428571427
2026-03-15:man utd:aston villa,man utd,DEF,1,Man Utd,2026-03-15,4,360.0,0.0,0.0,0.16,0.13,10.0,0.0,0.5784017529009264,0.2265097860379494,0.1950884610611241,2026-03-15,0.5784017529009264,0.1950884610611241,18.64198359370381,1.8488801454279482,16.79310344827586
2026-03-20:bournemouth:man utd,man utd,DEF,0,Man Utd,2026-03-20,5,355.0,0.0,0.0,0.25,0.24,6.0,0.0,0.3050021698486883,0.2465826202264859,0.4484152099248257,2026-03-20,0.4484152099248257,0.3050021698486883,16.971820308449292,0.4051536417826256,16.566666666666666
2026-04-13:man utd:leeds,man utd,DEF,1,Man Utd,2026-04-13,5,324.0,0.0,0.0,0.27,0.31,2.0,0.0,0.6049888139176108,0.2224660461241544,0.1725451399582348,2026-04-13,0.6049888139176108,0.1725451399582348,18.984534378761197,2.7587279271482927,16.225806451612904
2026-04-18:chelsea:man utd,man utd,DEF,0,Man Utd,2026-04-18,4,360.0,0.0,0.0,0.0,0.01,34.0,1.0,0.4600857341433466,0.2491711695125119,0.2907430963441416,2026-04-18,0.2907430963441416,0.4600857341433466,14.615291008433058,-1.1659589915669422,15.78125
2026-04-27:man utd:brentford,man utd,DEF,1,Man Utd,2026-04-27,6,404.0,0.0,1.0,0.1699999999999999,0.23,20.0,1.0,0.494300493366166,0.2450557443665498,0.2606437622672841,2026-04-27,0.494300493366166,0.2606437622672841,17.645856191252648,1.3125228579193156,16.333333333333332
2026-05-03:man utd:liverpool,man utd,DEF,1,Man Utd,2026-05-03,6,376.0,0.0,0.0,0.24,0.24,7.0,0.0,0.4075607175828685,0.2472115810270734,0.3452277013900581,2026-05-03,0.4075607175828685,0.3452277013900581,16.36058439755767,-0.08059207303056581,16.441176470588236
2026-05-09:sunderland:man utd,man utd,DEF,0,Man Utd,2026-05-09,5,385.0,0.0,0.0,0.0,0.22,34.0,1.0,0.2897381075435521,0.2623878725800377,0.44787401987641,2026-05-09,0.44787401987641,0.2897381075435521,17.203761134821992,1.032332563393421,16.17142857142857
2026-05-17:man utd:nottm forest,man utd,DEF,1,Man Utd,2026-05-17,5,370.0,1.0,0.0,0.6799999999999999,0.57,14.0,0.0,0.6288663431322682,0.2013631829137087,0.1697704739540232,2026-05-17,0.6288663431322682,0.1697704739540232,19.02669604667502,2.3600293800083527,16.666666666666668
2026-05-24:brighton:man utd,man utd,DEF,0,Man Utd,2026-05-24,7,419.0,1.0,1.0,0.38,0.18,44.0,1.0,0.5183360509366167,0.2195517369872899,0.2621122120760933,2026-05-24,0.2621122120760933,0.5183360509366167,13.730164471118254,-2.864430123476339,16.594594594594593
2025-08-17:man utd:arsenal,man utd,FWD,1,Man Utd,2025-08-17,1,25.0,0.0,0.0,0.11,0.06,1.0,0.0,0.2442446181576206,0.250807854298588,0.5049475275437914,2025-08-17,0.2442446181576206,0.5049475275437914,5.659090909090909,0.0,5.659090909090909
2025-08-24:fulham:man utd,man utd,FWD,0,Man Utd,2025-08-24,1,37.0,0.0,0.0,0.0,0.04,1.0,0.0,0.2696856275777564,0.2646091700500897,0.4657052023721538,2025-08-24,0.4657052023721538,0.2696856275777564,1.0,0.0,1.0
2025-08-30:man utd:burnley,man utd,FWD,1,Man Utd,2025-08-30,2,77.0,0.0,0.0,0.94,0.03,2.0,0.0,0.7164866471470829,0.1752145452237987,0.1082988076291184,2025-08-30,0.7164866471470829,0.1082988076291184,1.0,0.0,1.0
2025-09-14:man city:man utd,man utd,FWD,0,Man Utd,2025-09-14,2,89.0,0.0,0.0,0.03,0.0,3.0,0.0,0.5946006537724791,0.2203160196174684,0.1850833266100524,2025-09-14,0.1850833266100524,0.5946006537724791,1.3333333333333333,0.0,1.3333333333333333
2025-09-20:man utd:chelsea,man utd,FWD,1,Man Utd,2025-09-20,1,45.0,0.0,0.0,0.0,0.01,1.0,0.0,0.3616521218588358,0.2565680717418751,0.3817798063992891,2025-09-20,0.3616521218588358,0.3817798063992891,1.75,0.0,1.75
2025-09-27:brentford:man utd,man utd,FWD,0,Man Utd,2025-09-27,2,95.0,1.0,0.0,1.01,0.01,9.0,0.0,0.283919674186764,0.2474238700389834,0.4686564557742526,2025-09-27,0.4686564557742526,0.283919674186764,1.6,0.0,1.6
2025-10-04:man utd:sunderland,man utd,FWD,1,Man Utd,2025-10-04,1,90.0,1.0,0.0,0.29,0.01,9.0,1.0,0.6101654800196796,0.2157765473002459,0.1740579726800744,2025-10-04,0.6101654800196796,0.1740579726800744,2.8333333333333335,0.0,2.8333333333333335
2025-10-19:liverpool:man utd,man utd,FWD,0,Man Utd,2025-10-19,1,29.0,0.0,0.0,0.01,0.02,1.0,0.0,0.5879393659502196,0.2125488586842442,0.1995117753655363,2025-10-19,0.1995117753655363,0.5879393659502196,3.7142857142857144,0.0,3.7142857142857144
2025-10-25:man utd:brighton,man utd,FWD,1,Man Utd,2025-10-25,2,89.0,0.0,1.0,0.21,0.01,5.0,0.0,0.488039148786358,0.2388185778777992,0.2731422733358427,2025-10-25,0.488039148786358,0.2731422733358427,3.375,0.0,3.375
2025-11-01:nottm forest:man utd,man utd,FWD,0,Man Utd,2025-11-01,1,90.0,0.0,0.0,0.16,0.0,2.0,0.0,0.2869669746462254,0.2559202173144018,0.4571128080393729,2025-11-01,0.4571128080393729,0.2869669746462254,3.5555555555555554,0.0,3.5555555555555554
2025-11-08:spurs:man utd,man utd,FWD,0,Man Utd,2025-11-08,1,32.0,0.0,0.0,0.0,0.0,1.0,0.0,0.3269165712029485,0.2688886693279793,0.4041947594690721,2025-11-08,0.4041947594690721,0.3269165712029485,3.4,0.0,3.4
2025-11-24:man utd:everton,man utd,FWD,1,Man Utd,2025-11-24,1,90.0,0.0,0.0,0.35,0.08,2.0,0.0,0.5247217916768522,0.2511896980482865,0.2240885102748612,2025-11-24,0.5247217916768522,0.2240885102748612,3.1818181818181817,0.0,3.1818181818181817
2025-11-30:crystal palace:man utd,man utd,FWD,0,Man Utd,2025-11-30,1,90.0,1.0,0.0,0.03,0.01,9.0,0.0,0.4682412762350407,0.2575108783712589,0.2742478453937003,2025-11-30,0.2742478453937003,0.4682412762350407,3.0833333333333335,0.0,3.0833333333333335
2025-12-04:man utd:west ham,man utd,FWD,1,Man Utd,2025-12-04,1,77.0,0.0,0.0,0.43,0.0,2.0,1.0,0.7062141041466147,0.1773719437668942,0.1164139520864911,2025-12-04,0.7062141041466147,0.1164139520864911,3.5384615384615383,0.0,3.5384615384615383
2025-12-08:wolves:man utd,man utd,FWD,0,Man Utd,2025-12-08,1,6.0,0.0,0.0,0.0,0.01,0.0,0.0,0.1770754304859233,0.2240972860133707,0.5988272835007059,2025-12-08,0.5988272835007059,0.1770754304859233,3.4285714285714284,0.0,3.4285714285714284
2025-12-15:man utd:bournemouth,man utd,FWD,1,Man Utd,2025-12-15,2,22.0,0.0,1.0,0.0,0.0,5.0,0.0,0.5565044294771874,0.2193643196196898,0.2241312509031228,2025-12-15,0.5565044294771874,0.2241312509031228,3.2,0.0,3.2
2025-12-21:aston villa:man utd,man utd,FWD,0,Man Utd,2025-12-21,2,89.0,0.0,0.0,0.32,0.02,3.0,0.0,0.4835179630627075,0.2527113621486059,0.2637706747886866,2025-12-21,0.2637706747886866,0.4835179630627075,3.3125,0.0,3.3125
2025-12-26:man utd:newcastle,man utd,FWD,1,Man Utd,2025-12-26,2,89.0,0.0,0.0,0.28,0.0,2.0,0.0,0.3877332145578042,0.2542315138346959,0.3580352716074998,2025-12-26,0.3877332145578042,0.3580352716074998,3.2941176470588234,0.0,3.2941176470588234
2025-12-30:man utd:wolves,man utd,FWD,1,Man Utd,2025-12-30,2,135.0,1.0,0.0,0.53,0.0,10.0,0.0,0.7210049265247721,0.1735952653681198,0.105399808107108,2025-12-30,0.7210049265247721,0.105399808107108,3.2222222222222223,0.0,3.2222222222222223
2026-01-04:leeds:man utd,man utd,FWD,0,Man Utd,2026-01-04,2,117.0,0.0,1.0,0.8,0.1699999999999999,6.0,0.0,0.3481917324432015,0.2832886135991851,0.3685196539576134,2026-01-04,0.3685196539576134,0.3481917324432015,3.5789473684210527,0.0,3.5789473684210527
2026-01-07:burnley:man utd,man utd,FWD,0,Man Utd,2026-01-07,2,106.0,2.0,0.0,1.22,0.01,14.0,0.0,0.1860405326690034,0.244940480913326,0.5690189864176706,2026-01-07,0.5690189864176706,0.1860405326690034,3.7,0.0,3.7
2026-01-25:arsenal:man utd,man utd,FWD,0,Man Utd,2026-01-25,1,9.0,0.0,0.0,0.0,0.0,1.0,0.0,0.638657747284397,0.2090805451442557,0.1522617075713472,2026-01-25,0.1522617075713472,0.638657747284397,4.190476190476191,0.0,4.190476190476191
2026-02-01:man utd:fulham,man utd,FWD,1,Man Utd,2026-02-01,1,16.0,1.0,0.0,0.59,0.0,6.0,0.0,0.6474295770963373,0.1931859931572965,0.1593844297463662,2026-02-01,0.6474295770963373,0.1593844297463662,4.045454545454546,0.0,4.045454545454546
2026-02-07:man utd:spurs,man utd,FWD,1,Man Utd,2026-02-07,2,18.0,0.0,0.0,0.2,0.0,2.0,0.0,0.6171105796033627,0.2048698415067121,0.1780195788899251,2026-02-07,0.6171105796033627,0.1780195788899251,4.130434782608695,0.0,4.130434782608695
2026-02-10:west ham:man utd,man utd,FWD,0,Man Utd,2026-02-10,2,29.0,1.0,0.0,0.21,0.0,9.0,0.0,0.201448197875623,0.2190797314482629,0.5794720706761141,2026-02-10,0.5794720706761141,0.201448197875623,4.041666666666667,0.0,4.041666666666667
2026-02-23:everton:man utd,man utd,FWD,0,Man Utd,2026-02-23,1,32.0,1.0,0.0,0.41,0.0,8.0,0.0,0.2610134143788711,0.2529546456180434,0.4860319400030854,2026-02-23,0.4860319400030854,0.2610134143788711,4.24,0.0,4.24
2026-03-01:man utd:crystal palace,man utd,FWD,1,Man Utd,2026-03-01,2,78.0,1.0,0.0,0.59,0.02,9.0,0.0,0.6511993160520385,0.205905608275753,0.1428950756722084,2026-03-01,0.6511993160520385,0.1428950756722084,4.384615384615385,0.0,4.384615384615385
2026-03-04:newcastle:man utd,man utd,FWD,0,Man Utd,2026-03-04,2,103.0,0.0,0.0,0.34,0.03,3.0,0.0,0.3704410256647362,0.2527265660661163,0.3768324082691475,2026-03-04,0.3768324082691475,0.3704410256647362,4.555555555555555,0.0,4.555555555555555
2026-03-15:man utd:aston villa,man utd,FWD,1,Man Utd,2026-03-15,1,15.0,1.0,0.0,0.31,0.0,5.0,0.0,0.5784017529009264,0.2265097860379494,0.1950884610611241,2026-03-15,0.5784017529009264,0.1950884610611241,4.5,0.0,4.5
2026-03-20:bournemouth:man utd,man utd,FWD,0,Man Utd,2026-03-20,1,19.0,0.0,0.0,0.0,0.0,0.0,0.0,0.3050021698486883,0.2465826202264859,0.4484152099248257,2026-03-20,0.4484152099248257,0.3050021698486883,4.517241379310345,0.0,4.517241379310345
2026-04-13:man utd:leeds,man utd,FWD,1,Man Utd,2026-04-13,1,90.0,0.0,0.0,0.31,0.01,2.0,0.0,0.6049888139176108,0.2224660461241544,0.1725451399582348,2026-04-13,0.6049888139176108,0.1725451399582348,4.366666666666666,0.0,4.366666666666666
2026-04-18:chelsea:man utd,man utd,FWD,0,Man Utd,2026-04-18,2,82.0,0.0,0.0,0.03,0.01,3.0,1.0,0.4600857341433466,0.2491711695125119,0.2907430963441416,2026-04-18,0.2907430963441416,0.4600857341433466,4.290322580645161,0.0,4.290322580645161
2026-04-27:man utd:brentford,man utd,FWD,1,Man Utd,2026-04-27,2,89.0,1.0,0.0,0.43,0.03,8.0,0.0,0.494300493366166,0.2450557443665498,0.2606437622672841,2026-04-27,0.494300493366166,0.2606437622672841,4.25,0.0,4.25
2026-05-03:man utd:liverpool,man utd,FWD,1,Man Utd,2026-05-03,2,48.0,1.0,0.0,1.25,0.01,6.0,0.0,0.4075607175828685,0.2472115810270734,0.3452277013900581,2026-05-03,0.4075607175828685,0.3452277013900581,4.363636363636363,0.0,4.363636363636363
2026-05-09:sunderland:man utd,man utd,FWD,0,Man Utd,2026-05-09,1,64.0,0.0,0.0,0.08,0.01,1.0,1.0,0.2897381075435521,0.2623878725800377,0.44787401987641,2026-05-09,0.44787401987641,0.2897381075435521,4.411764705882353,0.0,4.411764705882353
2026-05-17:man utd:nottm forest,man utd,FWD,1,Man Utd,2026-05-17,1,10.0,0.0,0.0,0.48,0.01,1.0,0.0,0.6288663431322682,0.2013631829137087,0.1697704739540232,2026-05-17,0.6288663431322682,0.1697704739540232,4.314285714285714,0.0,4.314285714285714
2026-05-24:brighton:man utd,man utd,FWD,0,Man Utd,2026-05-24,1,16.0,0.0,0.0,0.0,0.0,1.0,0.0,0.5183360509366167,0.2195517369872899,0.2621122120760933,2026-05-24,0.2621122120760933,0.5183360509366167,4.222222222222222,0.0,4.222222222222222
2025-08-17:man utd:arsenal,man utd,GKP,1,Man Utd,2025-08-17,1,90.0,0.0,0.0,0.0,0.0,2.0,0.0,0.2442446181576206,0.250807854298588,0.5049475275437914,2025-08-17,0.2442446181576206,0.5049475275437914,3.051488608039056,-0.32219560248725987,3.373684210526316
2025-08-24:fulham:man utd,man utd,GKP,0,Man Utd,2025-08-24,1,90.0,0.0,0.0,0.0,0.03,2.0,0.0,0.2696856275777564,0.2646091700500897,0.4657052023721538,2025-08-24,0.4657052023721538,0.2696856275777564,3.655834462711682,1.6558344627116819,2.0
2025-08-30:man utd:burnley,man utd,GKP,1,Man Utd,2025-08-30,1,90.0,0.0,0.0,0.0,0.01,1.0,0.0,0.7164866471470829,0.1752145452237987,0.1082988076291184,2025-08-30,0.7164866471470829,0.1082988076291184,4.070408414757626,2.070408414757626,2.0
2025-09-14:man city:man utd,man utd,GKP,0,Man Utd,2025-09-14,1,90.0,0.0,0.0,0.0,0.0,2.0,0.0,0.5946006537724791,0.2203160196174684,0.1850833266100524,2025-09-14,0.1850833266100524,0.5946006537724791,2.8211857192050744,1.1545190525384077,1.6666666666666667
2025-09-20:man utd:chelsea,man utd,GKP,1,Man Utd,2025-09-20,1,90.0,0.0,0.0,0.0,0.0,2.0,0.0,0.3616521218588358,0.2565680717418751,0.3817798063992891,2025-09-20,0.3616521218588358,0.3817798063992891,3.3678845128323958,1.6178845128323958,1.75
2025-09-27:brentford:man utd,man utd,GKP,0,Man Utd,2025-09-27,1,90.0,0.0,0.0,0.0,0.01,2.0,0.0,0.283919674186764,0.2474238700389834,0.4686564557742526,2025-09-27,0.4686564557742526,0.283919674186764,3.6192697360618817,1.8192697360618817,1.8
2025-10-04:man utd:sunderland,man utd,GKP,1,Man Utd,2025-10-04,1,90.0,0.0,0.0,0.0,0.0,9.0,1.0,0.6101654800196796,0.2157765473002459,0.1740579726800744,2025-10-04,0.6101654800196796,0.1740579726800744,3.9014848499516983,2.0681515166183653,1.8333333333333333
2025-10-19:liverpool:man utd,man utd,GKP,0,Man Utd,2025-10-19,1,90.0,0.0,0.0,0.0,0.0,3.0,0.0,0.5879393659502196,0.2125488586842442,0.1995117753655363,2025-10-19,0.1995117753655363,0.5879393659502196,2.8382973793708084,-0.018845477772048813,2.857142857142857
2025-10-25:man utd:brighton,man utd,GKP,1,Man Utd,2025-10-25,1,90.0,0.0,0.0,0.0,0.0,2.0,0.0,0.488039148786358,0.2388185778777992,0.2731422733358427,2025-10-25,0.488039148786358,0.2731422733358427,3.646954956360365,0.7719549563603652,2.875
2025-11-01:nottm forest:man utd,man utd,GKP,0,Man Utd,2025-11-01,1,90.0,0.0,0.0,0.0,0.0,1.0,0.0,0.2869669746462254,0.2559202173144018,0.4571128080393729,2025-11-01,0.4571128080393729,0.2869669746462254,3.6114417647631574,0.8336639869853797,2.7777777777777777
2025-11-08:spurs:man utd,man utd,GKP,0,Man Utd,2025-11-08,1,90.0,0.0,0.0,0.0,0.0,1.0,0.0,0.3269165712029485,0.2688886693279793,0.4041947594690721,2025-11-08,0.4041947594690721,0.3269165712029485,3.508818377472716,0.9088183774727159,2.6
2025-11-24:man utd:everton,man utd,GKP,1,Man Utd,2025-11-24,1,90.0,0.0,0.0,0.0,0.0,2.0,0.0,0.5247217916768522,0.2511896980482865,0.2240885102748612,2025-11-24,0.5247217916768522,0.2240885102748612,3.7729653233865488,1.3184198688410942,2.4545454545454546
2025-11-30:crystal palace:man utd,man utd,GKP,0,Man Utd,2025-11-30,1,90.0,0.0,0.0,0.0,0.0,2.0,0.0,0.4682412762350407,0.2575108783712589,0.2742478453937003,2025-11-30,0.2742478453937003,0.4682412762350407,3.145780419939826,0.7291137532731593,2.4166666666666665
2025-12-04:man utd:west ham,man utd,GKP,1,Man Utd,2025-12-04,1,90.0,0.0,0.0,0.0,0.0,2.0,0.0,0.7062141041466147,0.1773719437668942,0.1164139520864911,2025-12-04,0.7062141041466147,0.1164139520864911,4.049562056237225,1.6649466716218408,2.3846153846153846
2025-12-08:wolves:man utd,man utd,GKP,0,Man Utd,2025-12-08,1,90.0,0.0,0.0,0.0,0.0,2.0,0.0,0.1770754304859233,0.2240972860133707,0.5988272835007059,2025-12-08,0.5988272835007059,0.1770754304859233,3.893733539106731,1.5365906819638737,2.357142857142857
2025-12-15:man utd:bournemouth,man utd,GKP,1,Man Utd,2025-12-15,1,90.0,0.0,0.0,0.0,0.0,1.0,0.0,0.5565044294771874,0.2193643196196898,0.2241312509031228,2025-12-15,0.5565044294771874,0.2241312509031228,3.7728555303366766,1.4395221970033432,2.3333333333333335
2025-12-21:aston villa:man utd,man utd,GKP,0,Man Utd,2025-12-21,1,90.0,0.0,0.0,0.0,0.0,1.0,0.0,0.4835179630627075,0.2527113621486059,0.2637706747886866,2025-12-21,0.2637706747886866,0.4835179630627075,3.1065373365558813,0.8565373365558813,2.25
2025-12-26:man utd:newcastle,man utd,GKP,1,Man Utd,2025-12-26,1,90.0,0.0,0.0,0.0,0.0,9.0,1.0,0.3877332145578042,0.2542315138346959,0.3580352716074998,2025-12-26,0.3877332145578042,0.3580352716074998,3.428879987129847,1.252409398894553,2.176470588235294
2025-12-30:man utd:wolves,man utd,GKP,1,Man Utd,2025-12-30,1,90.0,0.0,0.0,0.0,0.0,3.0,0.0,0.7210049265247721,0.1735952653681198,0.105399808107108,2025-12-30,0.7210049265247721,0.105399808107108,4.077855427402163,1.5222998718466076,2.5555555555555554
2026-01-04:leeds:man utd,man utd,GKP,0,Man Utd,2026-01-04,1,90.0,0.0,0.0,0.0,0.0,2.0,0.0,0.3481917324432015,0.2832886135991851,0.3685196539576134,2026-01-04,0.3685196539576134,0.3481917324432015,3.4541662833389237,0.8752189149178711,2.5789473684210527
2026-01-07:burnley:man utd,man utd,GKP,0,Man Utd,2026-01-07,1,90.0,0.0,0.0,0.0,0.0,1.0,0.0,0.1860405326690034,0.244940480913326,0.5690189864176706,2026-01-07,0.5690189864176706,0.1860405326690034,3.8707037908056114,1.3207037908056116,2.55
2026-01-17:man utd:man city,man utd,GKP,1,Man Utd,2026-01-17,1,90.0,0.0,0.0,0.0,0.0,6.0,1.0,0.3129379200200634,0.2547589436172021,0.4323031363627345,2026-01-17,0.3129379200200634,0.4323031363627345,3.2380990905771405,0.7619086143866642,2.4761904761904763
2026-01-25:arsenal:man utd,man utd,GKP,0,Man Utd,2026-01-25,1,90.0,0.0,0.0,0.0,0.0,2.0,0.0,0.638657747284397,0.2090805451442557,0.1522617075713472,2026-01-25,0.1522617075713472,0.638657747284397,2.708010904937674,0.07164726857403769,2.6363636363636362
2026-02-01:man utd:fulham,man utd,GKP,1,Man Utd,2026-02-01,1,90.0,0.0,0.0,0.0,0.0,2.0,0.0,0.6474295770963373,0.1931859931572965,0.1593844297463662,2026-02-01,0.6474295770963373,0.1593844297463662,3.9391785642616974,1.3304829120877844,2.608695652173913
2026-02-07:man utd:spurs,man utd,GKP,1,Man Utd,2026-02-07,1,90.0,0.0,0.0,0.0,0.0,6.0,1.0,0.6171105796033627,0.2048698415067121,0.1780195788899251,2026-02-07,0.6171105796033627,0.1780195788899251,3.8913081902753364,1.3079748569420029,2.5833333333333335
2026-02-10:west ham:man utd,man utd,GKP,0,Man Utd,2026-02-10,1,90.0,0.0,0.0,0.0,0.0,2.0,0.0,0.201448197875623,0.2190797314482629,0.5794720706761141,2026-02-10,0.5794720706761141,0.201448197875623,3.83112424733024,1.1111242473302396,2.72
2026-02-23:everton:man utd,man utd,GKP,0,Man Utd,2026-02-23,1,90.0,0.0,0.0,0.0,0.0,9.0,1.0,0.2610134143788711,0.2529546456180434,0.4860319400030854,2026-02-23,0.4860319400030854,0.2610134143788711,3.6781118314583434,0.9858041391506509,2.6923076923076925
2026-03-01:man utd:crystal palace,man utd,GKP,1,Man Utd,2026-03-01,1,90.0,0.0,0.0,0.0,0.0,2.0,0.0,0.6511993160520385,0.205905608275753,0.1428950756722084,2026-03-01,0.6511993160520385,0.1428950756722084,3.981536773484632,1.055610847558706,2.925925925925926
2026-03-04:newcastle:man utd,man utd,GKP,0,Man Utd,2026-03-04,1,90.0,0.0,0.0,0.0,0.0,2.0,0.0,0.3704410256647362,0.2527265660661163,0.3768324082691475,2026-03-04,0.3768324082691475,0.3704410256647362,3.397011817912216,0.5041546750550734,2.892857142857143
2026-03-15:man utd:aston villa,man utd,GKP,1,Man Utd,2026-03-15,1,90.0,0.0,0.0,0.0,0.0,2.0,0.0,0.5784017529009264,0.2265097860379494,0.1950884610611241,2026-03-15,0.5784017529009264,0.1950884610611241,3.847461276748119,0.9853923112308776,2.8620689655172415
2026-03-20:bournemouth:man utd,man utd,GKP,0,Man Utd,2026-03-20,1,90.0,0.0,0.0,0.0,0.0,2.0,0.0,0.3050021698486883,0.2465826202264859,0.4484152099248257,2026-03-20,0.4484152099248257,0.3050021698486883,3.5651125654308657,0.7317792320975323,2.8333333333333335
2026-04-13:man utd:leeds,man utd,GKP,1,Man Utd,2026-04-13,1,90.0,0.0,0.0,0.0,0.0,2.0,0.0,0.6049888139176108,0.2224660461241544,0.1725451399582348,2026-04-13,0.6049888139176108,0.1725451399582348,3.90537104735293,1.0989194344497042,2.806451612903226
2026-04-18:chelsea:man utd,man utd,GKP,0,Man Utd,2026-04-18,1,90.0,0.0,0.0,0.0,0.0,10.0,1.0,0.4600857341433466,0.2491711695125119,0.2907430963441416,2026-04-18,0.2907430963441416,0.4600857341433466,3.166730552776613,0.3854805527766132,2.78125
2026-04-27:man utd:brentford,man utd,GKP,1,Man Utd,2026-04-27,1,90.0,0.0,0.0,0.0,0.0,3.0,0.0,0.494300493366166,0.2450557443665498,0.2606437622672841,2026-04-27,0.494300493366166,0.2606437622672841,3.67906140179396,0.6790614017939598,3.0
2026-05-03:man utd:liverpool,man utd,GKP,1,Man Utd,2026-05-03,1,90.0,0.0,0.0,0.0,0.0,2.0,0.0,0.4075607175828685,0.2472115810270734,0.3452277013900581,2026-05-03,0.4075607175828685,0.3452277013900581,3.461780350386528,0.46178035038652787,3.0
2026-05-09:sunderland:man utd,man utd,GKP,0,Man Utd,2026-05-09,1,90.0,0.0,0.0,0.0,0.0,9.0,1.0,0.2897381075435521,0.2623878725800377,0.44787401987641,2026-05-09,0.44787401987641,0.2897381075435521,3.6043232186684087,0.6328946472398371,2.9714285714285715
2026-05-17:man utd:nottm forest,man utd,GKP,1,Man Utd,2026-05-17,1,90.0,0.0,0.0,0.0,0.0,1.0,0.0,0.6288663431322682,0.2013631829137087,0.1697704739540232,2026-05-17,0.6288663431322682,0.1697704739540232,3.9124986693690254,0.7736097804801365,3.138888888888889
2026-05-24:brighton:man utd,man utd,GKP,0,Man Utd,2026-05-24,1,90.0,0.0,0.0,0.0,0.0,6.0,1.0,0.5183360509366167,0.2195517369872899,0.2621122120760933,2026-05-24,0.2621122120760933,0.5183360509366167,3.017095879706038,-0.06398520137504304,3.081081081081081
2025-08-17:man utd:arsenal,man utd,MID,1,Man Utd,2025-08-17,7,458.0,0.0,0.0,1.15,0.62,12.0,0.0,0.2442446181576206,0.250807854298588,0.5049475275437914,2025-08-17,0.2442446181576206,0.5049475275437914,18.070345036213254,-2.4230760164183245,20.49342105263158
2025-08-24:fulham:man utd,man utd,MID,0,Man Utd,2025-08-24,7,462.0,0.0,0.0,1.35,0.58,11.0,1.0,0.2696856275777564,0.2646091700500897,0.4657052023721538,2025-08-24,0.4657052023721538,0.2696856275777564,22.037124312727975,10.037124312727975,12.0
2025-08-30:man utd:burnley,man utd,MID,1,Man Utd,2025-08-30,7,461.0,2.0,2.0,2.5,1.33,33.0,0.0,0.7164866471470829,0.1752145452237987,0.1082988076291184,2025-08-30,0.7164866471470829,0.1082988076291184,26.529095837123183,15.029095837123183,11.5
2025-09-14:man city:man utd,man utd,MID,0,Man Utd,2025-09-14,6,387.0,0.0,0.0,1.28,1.11,12.0,0.0,0.5946006537724791,0.2203160196174684,0.1850833266100524,2025-09-14,0.1850833266100524,0.5946006537724791,17.010654048243133,-1.656012618423535,18.666666666666668
2025-09-20:man utd:chelsea,man utd,MID,1,Man Utd,2025-09-20,8,389.0,2.0,0.0,1.64,0.25,22.0,1.0,0.3616521218588358,0.2565680717418751,0.3817798063992891,2025-09-20,0.3616521218588358,0.3817798063992891,20.17333620387921,3.1733362038792094,17.0
2025-09-27:brentford:man utd,man utd,MID,0,Man Utd,2025-09-27,6,368.0,0.0,0.0,0.9,0.38,7.0,0.0,0.283919674186764,0.2474238700389834,0.4686564557742526,2025-09-27,0.4686564557742526,0.283919674186764,22.089986861053273,4.089986861053273,18.0
2025-10-04:man utd:sunderland,man utd,MID,1,Man Utd,2025-10-04,8,447.0,1.0,1.0,1.53,0.62,29.0,1.0,0.6101654800196796,0.2157765473002459,0.1740579726800744,2025-10-04,0.6101654800196796,0.1740579726800744,24.62468199340605,8.458015326739382,16.166666666666668
2025-10-19:liverpool:man utd,man utd,MID,0,Man Utd,2025-10-19,8,476.0,1.0,2.0,0.8200000000000001,0.67,27.0,1.0,0.5879393659502196,0.2125488586842442,0.1995117753655363,2025-10-19,0.1995117753655363,0.5879393659502196,17.26909494289942,-0.7309050571005784,18.0
2025-10-25:man utd:brighton,man utd,MID,1,Man Utd,2025-10-25,7,428.0,4.0,1.0,1.05,0.77,47.0,1.0,0.488039148786358,0.2388185778777992,0.2731422733358427,2025-10-25,0.488039148786358,0.2731422733358427,22.437167670840104,3.312167670840104,19.125
2025-11-01:nottm forest:man utd,man utd,MID,0,Man Utd,2025-11-01,5,450.0,2.0,1.0,0.63,1.05,32.0,0.0,0.2869669746462254,0.2559202173144018,0.4571128080393729,2025-11-01,0.4571128080393729,0.2869669746462254,21.88321822647879,-0.33900399574343254,22.22222222222222
2025-11-08:spurs:man utd,man utd,MID,0,Man Utd,2025-11-08,7,448.0,1.0,2.0,0.52,0.63,30.0,1.0,0.3269165712029485,0.2688886693279793,0.4041947594690721,2025-11-08,0.4041947594690721,0.3269165712029485,20.93535556655317,-2.264644433446829,23.2
2025-11-24:man utd:everton,man utd,MID,1,Man Utd,2025-11-24,6,404.0,0.0,0.0,0.8200000000000001,1.11,7.0,0.0,0.5247217916768522,0.2511896980482865,0.2240885102748612,2025-11-24,0.5247217916768522,0.2240885102748612,23.09422340896117,-0.7239584092206464,23.818181818181817
2025-11-30:crystal palace:man utd,man utd,MID,0,Man Utd,2025-11-30,6,451.0,1.0,2.0,1.19,0.51,27.0,0.0,0.4682412762350407,0.2575108783712589,0.2742478453937003,2025-11-30,0.2742478453937003,0.4682412762350407,18.60775976602066,-3.808906900646008,22.416666666666668
2025-12-04:man utd:west ham,man utd,MID,1,Man Utd,2025-12-04,7,461.0,0.0,1.0,0.8800000000000001,0.87,21.0,1.0,0.7062141041466147,0.1773719437668942,0.1164139520864911,2025-12-04,0.7062141041466147,0.1164139520864911,26.345095100216025,3.5758643309852545,22.76923076923077
2025-12-08:wolves:man utd,man utd,MID,0,Man Utd,2025-12-08,7,532.0,4.0,3.0,3.97,1.63,47.0,0.0,0.1770754304859233,0.2240972860133707,0.5988272835007059,2025-12-08,0.5988272835007059,0.1770754304859233,24.42159337994449,1.7787362370873474,22.642857142857142
2025-12-15:man utd:bournemouth,man utd,MID,1,Man Utd,2025-12-15,7,517.0,4.0,1.0,3.3,1.43,39.0,0.0,0.5565044294771874,0.2193643196196898,0.2241312509031228,2025-12-15,0.5565044294771874,0.2241312509031228,23.66351075833984,-0.6031559083268263,24.266666666666666
2025-12-21:aston villa:man utd,man utd,MID,0,Man Utd,2025-12-21,6,320.0,1.0,0.0,0.91,0.62,15.0,0.0,0.4835179630627075,0.2527113621486059,0.2637706747886866,2025-12-21,0.2637706747886866,0.4835179630627075,18.420093760442814,-6.767406239557186,25.1875
2025-12-26:man utd:newcastle,man utd,MID,1,Man Utd,2025-12-26,5,330.0,0.0,0.0,0.3299999999999999,0.23,12.0,1.0,0.3877332145578042,0.2542315138346959,0.3580352716074998,2025-12-26,0.3877332145578042,0.3580352716074998,20.640498062022353,-3.947737232095296,24.58823529411765
2025-12-30:man utd:wolves,man utd,MID,1,Man Utd,2025-12-30,5,314.0,0.0,0.0,0.1699999999999999,0.32,12.0,0.0,0.7210049265247721,0.1735952653681198,0.105399808107108,2025-12-30,0.7210049265247721,0.105399808107108,26.610026794044884,2.721137905155995,23.88888888888889
2026-01-04:leeds:man utd,man utd,MID,0,Man Utd,2026-01-04,3,270.0,1.0,0.0,0.32,0.5,20.0,0.0,0.3481917324432015,0.2832886135991851,0.3685196539576134,2026-01-04,0.3685196539576134,0.3481917324432015,20.29634673465538,-2.9668111600814626,23.263157894736842
2026-01-07:burnley:man utd,man utd,MID,0,Man Utd,2026-01-07,7,340.0,0.0,1.0,0.74,1.44,18.0,0.0,0.1860405326690034,0.244940480913326,0.5690189864176706,2026-01-07,0.5690189864176706,0.1860405326690034,23.887670219050836,0.7876702190508347,23.1
2026-01-17:man utd:man city,man utd,MID,1,Man Utd,2026-01-17,8,449.0,1.0,2.0,1.67,0.77,34.0,1.0,0.3129379200200634,0.2547589436172021,0.4323031363627345,2026-01-17,0.3129379200200634,0.4323031363627345,19.30077241555829,-3.556370441584569,22.857142857142858
2026-01-25:arsenal:man utd,man utd,MID,0,Man Utd,2026-01-25,6,446.0,2.0,2.0,0.57,0.31,33.0,0.0,0.638657747284397,0.2090805451442557,0.1522617075713472,2026-01-25,0.1522617075713472,0.638657747284397,16.42275657345695,-6.940879790179412,23.363636363636363
2026-02-01:man utd:fulham,man utd,MID,1,Man Utd,2026-02-01,7,522.0,2.0,3.0,0.92,0.93,41.0,1.0,0.6474295770963373,0.1931859931572965,0.1593844297463662,2026-02-01,0.6474295770963373,0.1593844297463662,25.29215267928902,1.5095439836368456,23.782608695652176
2026-02-07:man utd:spurs,man utd,MID,1,Man Utd,2026-02-07,8,520.0,2.0,1.0,1.28,1.43,34.0,1.0,0.6171105796033627,0.2048698415067121,0.1780195788899251,2026-02-07,0.6171105796033627,0.1780195788899251,24.749081905018297,0.24908190501829708,24.5
2026-02-10:west ham:man utd,man utd,MID,0,Man Utd,2026-02-10,6,518.0,0.0,1.0,0.15,0.47,16.0,0.0,0.201448197875623,0.2190797314482629,0.5794720706761141,2026-02-10,0.5794720706761141,0.201448197875623,24.07490479245866,-0.8050952075413385,24.88
2026-02-23:everton:man utd,man utd,MID,0,Man Utd,2026-02-23,6,494.0,0.0,1.0,0.78,0.36,20.0,1.0,0.2610134143788711,0.2529546456180434,0.4860319400030854,2026-02-23,0.4860319400030854,0.2610134143788711,22.401214752927583,-2.137246785533957,24.53846153846154
2026-03-01:man utd:crystal palace,man utd,MID,1,Man Utd,2026-03-01,6,460.0,1.0,2.0,1.36,1.01,27.0,0.0,0.6511993160520385,0.205905608275753,0.1428950756722084,2026-03-01,0.6511993160520385,0.1428950756722084,25.35967585692527,0.9893054865549011,24.37037037037037
2026-03-04:newcastle:man utd,man utd,MID,0,Man Utd,2026-03-04,7,434.0,1.0,1.0,0.8300000000000001,1.44,23.0,0.0,0.3704410256647362,0.2527265660661163,0.3768324082691475,2026-03-04,0.3768324082691475,0.3704410256647362,20.44524393751749,-4.019041776768226,24.464285714285715
2026-03-15:man utd:aston villa,man utd,MID,1,Man Utd,2026-03-15,7,525.0,2.0,2.0,0.62,0.78,33.0,0.0,0.5784017529009264,0.2265097860379494,0.1950884610611241,2026-03-15,0.5784017529009264,0.1950884610611241,24.055733370216828,-0.3580597332314497,24.413793103448278
2026-03-20:bournemouth:man utd,man utd,MID,0,Man Utd,2026-03-20,8,511.0,1.0,2.0,1.52,0.63,28.0,0.0,0.3050021698486883,0.2465826202264859,0.4484152099248257,2026-03-20,0.4484152099248257,0.3050021698486883,21.727427740877893,-2.9725722591221064,24.7
2026-04-13:man utd:leeds,man utd,MID,1,Man Utd,2026-04-13,6,449.0,1.0,1.0,0.74,0.88,21.0,0.0,0.6049888139176108,0.2224660461241544,0.1725451399582348,2026-04-13,0.6049888139176108,0.1725451399582348,24.531958080986353,-0.2744935319168711,24.806451612903224
2026-04-18:chelsea:man utd,man utd,MID,0,Man Utd,2026-04-18,7,455.0,1.0,1.0,0.26,0.1699999999999999,26.0,1.0,0.4600857341433466,0.2491711695125119,0.2907430963441416,2026-04-18,0.2907430963441416,0.4600857341433466,18.90322100966903,-5.7842789903309715,24.6875
2026-04-27:man utd:brentford,man utd,MID,1,Man Utd,2026-04-27,6,404.0,1.0,1.0,0.6799999999999999,1.05,26.0,1.0,0.494300493366166,0.2450557443665498,0.2606437622672841,2026-04-27,0.494300493366166,0.2606437622672841,22.549320232933226,-2.1779524943395003,24.727272727272727
2026-05-03:man utd:liverpool,man utd,MID,1,Man Utd,2026-05-03,6,475.0,2.0,1.0,0.86,1.44,28.0,0.0,0.4075607175828685,0.2472115810270734,0.3452277013900581,2026-05-03,0.4075607175828685,0.3452277013900581,20.995646263151755,-3.7690596192011867,24.764705882352942
2026-05-09:sunderland:man utd,man utd,MID,0,Man Utd,2026-05-09,6,449.0,0.0,0.0,0.54,0.36,18.0,1.0,0.2897381075435521,0.2623878725800377,0.44787401987641,2026-05-09,0.44787401987641,0.2897381075435521,21.717734000222755,-3.1394088569201024,24.857142857142858
2026-05-17:man utd:nottm forest,man utd,MID,1,Man Utd,2026-05-17,7,517.0,2.0,2.0,3.4,1.82,33.0,0.0,0.6288663431322682,0.2013631829137087,0.1697704739540232,2026-05-17,0.6288663431322682,0.1697704739540232,24.959649935945624,0.292983269278956,24.666666666666668
2026-05-24:brighton:man utd,man utd,MID,0,Man Utd,2026-05-24,7,460.0,2.0,2.0,1.28,1.12,39.0,1.0,0.5183360509366167,0.2195517369872899,0.2621122120760933,2026-05-24,0.2621122120760933,0.5183360509366167,18.390387546388872,-6.501504345503019,24.89189189189189
2025-08-16:aston villa:newcastle,newcastle,DEF,0,Newcastle,2025-08-16,4,360.0,0.0,0.0,0.04,0.13,32.0,1.0,0.4037180250701456,0.2735170175472956,0.3227649573825587,2025-08-16,0.3227649573825587,0.4037180250701456,15.471810902142803,-0.3676627820677236,15.839473684210526
2025-08-25:newcastle:liverpool,newcastle,DEF,1,Newcastle,2025-08-25,6,358.0,0.0,1.0,0.01,0.35,10.0,0.0,0.3245015731775013,0.2543508122674378,0.421147614555061,2025-08-25,0.3245015731775013,0.421147614555061,15.206964407962293,-16.793035592037707,32.0
2025-08-30:leeds:newcastle,newcastle,DEF,0,Newcastle,2025-08-30,6,427.0,0.0,0.0,0.08,0.07,33.0,1.0,0.2518754013613444,0.2776300570662136,0.4704945415724418,2025-08-30,0.4704945415724418,0.2518754013613444,17.77909338812739,-3.2209066118726106,21.0
2025-09-13:newcastle:wolves,newcastle,DEF,1,Newcastle,2025-09-13,5,361.0,0.0,0.0,0.04,0.26,29.0,1.0,0.7275030709714203,0.1777567784959188,0.0947401505326607,2025-09-13,0.7275030709714203,0.0947401505326607,20.166798521984358,-4.833201478015642,25.0
2025-09-21:bournemouth:newcastle,newcastle,DEF,0,Newcastle,2025-09-21,6,449.0,0.0,0.0,0.0,0.12,38.0,1.0,0.4035579310798052,0.2842894975716296,0.3121525713485652,2025-09-21,0.3121525713485652,0.4035579310798052,15.474243565982517,-10.525756434017483,26.0
2025-09-28:newcastle:arsenal,newcastle,DEF,1,Newcastle,2025-09-28,6,382.0,0.0,0.0,0.11,0.02,12.0,1.0,0.2748810715242455,0.2878166068316464,0.4373023216441081,2025-09-28,0.2748810715242455,0.4373023216441081,14.961490035731664,-13.438509964268334,28.4
2025-10-05:newcastle:nottm forest,newcastle,DEF,1,Newcastle,2025-10-05,4,360.0,0.0,1.0,0.6599999999999999,0.38,31.0,1.0,0.6525144813400425,0.2049089496138719,0.1425765690460854,2025-10-05,0.6525144813400425,0.1425765690460854,19.439913488438563,-6.226753178228105,25.666666666666668
2025-10-18:brighton:newcastle,newcastle,DEF,0,Newcastle,2025-10-18,4,360.0,0.0,0.0,0.1,0.19,5.0,0.0,0.3317299990701763,0.2713214827918442,0.3969485181379794,2025-10-18,0.3969485181379794,0.3317299990701763,16.565684990546774,-9.862886438024653,26.428571428571427
2025-10-25:newcastle:fulham,newcastle,DEF,1,Newcastle,2025-10-25,5,359.0,0.0,0.0,0.04,0.52,9.0,0.0,0.6142624407597412,0.2299343911508264,0.1558031680894323,2025-10-25,0.6142624407597412,0.1558031680894323,19.238932370117134,-4.5110676298828665,23.75
2025-11-02:west ham:newcastle,newcastle,DEF,0,Newcastle,2025-11-02,5,334.0,0.0,0.0,0.02,0.09,2.0,0.0,0.1780521935689274,0.2236900389521703,0.5982577674789022,2025-11-02,0.5982577674789022,0.1780521935689274,18.9008534726034,-3.2102576385077093,22.11111111111111
2025-11-09:brentford:newcastle,newcastle,DEF,0,Newcastle,2025-11-09,5,355.0,0.0,0.0,0.04,0.11,6.0,0.0,0.3353640763393813,0.2764271055322367,0.3882088181283819,2025-11-09,0.3882088181283819,0.3353640763393813,16.51046437705137,-3.589535622948631,20.1
2025-11-22:newcastle:man city,newcastle,DEF,1,Newcastle,2025-11-22,5,359.0,0.0,0.0,0.0,0.13,13.0,0.0,0.2518244619881634,0.2495622191654477,0.4986133188463889,2025-11-22,0.2518244619881634,0.4986133188463889,14.029855777920346,-4.78832604026147,18.818181818181817
2025-11-29:everton:newcastle,newcastle,DEF,0,Newcastle,2025-11-29,5,360.0,2.0,2.0,0.5900000000000001,0.5499999999999999,29.0,0.0,0.3558427129822207,0.2839815354974394,0.3601757515203399,2025-11-29,0.3601757515203399,0.3558427129822207,16.199286932215593,-2.1340464011177396,18.333333333333332
2025-12-02:newcastle:spurs,newcastle,DEF,1,Newcastle,2025-12-02,5,361.0,0.0,1.0,0.19,0.13,14.0,0.0,0.5328717588424448,0.2432113532290364,0.2239168879285188,2025-12-02,0.5328717588424448,0.2239168879285188,18.203929226721925,-0.949916927124228,19.153846153846153
2025-12-06:newcastle:burnley,newcastle,DEF,1,Newcastle,2025-12-06,5,359.0,0.0,0.0,0.22,0.13,13.0,1.0,0.7620288501177962,0.1570067381726381,0.0809644117095655,2025-12-06,0.7620288501177962,0.0809644117095655,20.376123941564703,1.5904096558504186,18.785714285714285
2025-12-14:sunderland:newcastle,newcastle,DEF,0,Newcastle,2025-12-14,5,359.0,0.0,0.0,0.02,0.38,11.0,0.0,0.2734842662887987,0.2788654346834891,0.4476502990277121,2025-12-14,0.4476502990277121,0.2734842662887987,17.450741872779908,-0.9492581272200908,18.4
2025-12-20:newcastle:chelsea,newcastle,DEF,1,Newcastle,2025-12-20,3,270.0,0.0,0.0,0.1,0.05,3.0,0.0,0.339674715052421,0.2625872067073865,0.3977380782401924,2025-12-20,0.339674715052421,0.3977380782401924,15.562677526091097,-2.374822473908903,17.9375
2025-12-26:man utd:newcastle,newcastle,DEF,0,Newcastle,2025-12-26,3,270.0,0.0,0.0,0.39,0.09,6.0,0.0,0.3877332145578042,0.2542315138346959,0.3580352716074998,2025-12-26,0.3580352716074998,0.3877332145578042,15.714703658050642,-1.3441198713611229,17.058823529411764
2025-12-30:burnley:newcastle,newcastle,DEF,0,Newcastle,2025-12-30,3,270.0,0.0,0.0,0.3,0.16,12.0,0.0,0.1507112733110231,0.2196723695212754,0.6296163571677014,2025-12-30,0.6296163571677014,0.1507112733110231,19.316304845353276,2.871860400908833,16.444444444444443
2026-01-04:newcastle:crystal palace,newcastle,DEF,1,Newcastle,2026-01-04,4,269.0,1.0,0.0,0.71,0.5,32.0,1.0,0.5836798692971529,0.2338776546157756,0.1824424760870715,2026-01-04,0.5836798692971529,0.1824424760870715,18.834142151926645,2.623615836137173,16.210526315789473
2026-01-07:newcastle:leeds,newcastle,DEF,1,Newcastle,2026-01-07,5,300.0,0.0,2.0,0.26,0.21,11.0,0.0,0.6100147588442982,0.2327185626622083,0.1572666784934934,2026-01-07,0.6100147588442982,0.1572666784934934,19.21669400357111,2.21669400357111,17.0
2026-01-18:wolves:newcastle,newcastle,DEF,0,Newcastle,2026-01-18,4,360.0,0.0,0.0,0.14,0.41,29.0,1.0,0.2005545195887585,0.2302262438559995,0.5692192365552419,2026-01-18,0.5692192365552419,0.2005545195887585,18.558925616963602,1.844639902677887,16.714285714285715
2026-01-25:newcastle:aston villa,newcastle,DEF,1,Newcastle,2026-01-25,4,360.0,0.0,0.0,0.03,0.37,6.0,0.0,0.4497363701274384,0.2631113364111673,0.2871522934613943,2026-01-25,0.4497363701274384,0.2871522934613943,17.243053155718684,-0.029674117008589462,17.272727272727273
2026-01-31:liverpool:newcastle,newcastle,DEF,0,Newcastle,2026-01-31,5,352.0,0.0,0.0,0.06,0.2,6.0,0.0,0.5981145238354573,0.2151190516835814,0.1867664244809614,2026-01-31,0.1867664244809614,0.5981145238354573,12.517912806980148,-4.264695888672028,16.782608695652176
2026-02-07:newcastle:brentford,newcastle,DEF,1,Newcastle,2026-02-07,5,359.0,1.0,0.0,0.5,0.18,10.0,0.0,0.5066368558033975,0.2492511405105034,0.2441120036860991,2026-02-07,0.5066368558033975,0.2441120036860991,17.897059944884063,1.563726611550731,16.333333333333332
2026-02-10:spurs:newcastle,newcastle,DEF,0,Newcastle,2026-02-10,5,361.0,1.0,0.0,1.25,0.22,17.0,0.0,0.3142833613725464,0.2573325441200751,0.4283840945073784,2026-02-10,0.4283840945073784,0.3142833613725464,16.830790536116496,0.7507905361164973,16.08
2026-02-21:man city:newcastle,newcastle,DEF,0,Newcastle,2026-02-21,4,360.0,1.0,0.0,0.0699999999999999,0.12,12.0,0.0,0.6392593711897424,0.194461769351227,0.1662788594590304,2026-02-21,0.1662788594590304,0.6392593711897424,11.892707687559199,-4.222676927825418,16.115384615384617
2026-02-28:newcastle:everton,newcastle,DEF,1,Newcastle,2026-02-28,4,344.0,0.0,0.0,0.37,0.23,3.0,0.0,0.5477586817288053,0.2454193445449611,0.2068219737262336,2026-02-28,0.5477586817288053,0.2068219737262336,18.46369025544324,2.500727292480276,15.962962962962964
2026-03-04:newcastle:man utd,newcastle,DEF,1,Newcastle,2026-03-04,5,361.0,0.0,1.0,0.65,0.09,15.0,0.0,0.3704410256647362,0.2527265660661163,0.3768324082691475,2026-03-04,0.3704410256647362,0.3768324082691475,15.88034383745878,0.38034383745877953,15.5
2026-03-14:chelsea:newcastle,newcastle,DEF,0,Newcastle,2026-03-14,5,373.0,0.0,0.0,0.16,0.3399999999999999,31.0,1.0,0.5786127446294461,0.2123772879990038,0.2090099673715499,2026-03-14,0.2090099673715499,0.5786127446294461,12.814246685495444,-2.6685119351942106,15.482758620689655
2026-03-22:newcastle:sunderland,newcastle,DEF,1,Newcastle,2026-03-22,6,358.0,0.0,0.0,0.43,0.6900000000000001,8.0,0.0,0.6416699703413226,0.2131281450864968,0.1452018845721805,2026-03-22,0.6416699703413226,0.1452018845721805,19.40002123430339,3.4000212343033915,16.0
2026-04-12:crystal palace:newcastle,newcastle,DEF,0,Newcastle,2026-04-12,4,360.0,0.0,0.0,0.11,0.13,7.0,0.0,0.3233820220060561,0.2816574067320091,0.3949605712619347,2026-04-12,0.3949605712619347,0.3233820220060561,16.692534361316234,0.950598877445266,15.741935483870968
2026-04-18:newcastle:bournemouth,newcastle,DEF,1,Newcastle,2026-04-18,6,359.0,0.0,0.0,0.6499999999999999,0.15,8.0,0.0,0.441689235402301,0.250166806635883,0.308143957961816,2026-04-18,0.441689235402301,0.308143957961816,16.92408013832423,1.4553301383242285,15.46875
2026-04-25:arsenal:newcastle,newcastle,DEF,0,Newcastle,2026-04-25,3,270.0,0.0,0.0,0.24,0.08,9.0,0.0,0.7151600894232885,0.1796935682267138,0.1051463423499977,2026-04-25,0.1051463423499977,0.7151600894232885,10.739379369222448,-4.5030448732017945,15.242424242424242
2026-05-02:newcastle:brighton,newcastle,DEF,1,Newcastle,2026-05-02,4,292.0,1.0,0.0,1.08,0.4,14.0,0.0,0.3564706101575721,0.2556037374774693,0.3879256523649586,2026-05-02,0.3564706101575721,0.3879256523649586,15.711779522710751,0.6529559932989866,15.058823529411764
2026-05-10:nottm forest:newcastle,newcastle,DEF,0,Newcastle,2026-05-10,5,361.0,0.0,0.0,0.0,0.12,11.0,0.0,0.2838363013053714,0.2683120420613334,0.4478516566332952,2026-05-10,0.4478516566332952,0.2838363013053714,17.293440395074654,2.2648689665032258,15.028571428571428
2026-05-17:newcastle:west ham,newcastle,DEF,1,Newcastle,2026-05-17,5,369.0,0.0,0.0,0.16,0.0999999999999999,10.0,0.0,0.4694787849911073,0.2369669263172563,0.2935542886916364,2026-05-17,0.4694787849911073,0.2935542886916364,17.145773412328435,2.2291067456617686,14.916666666666666
2026-05-24:fulham:newcastle,newcastle,DEF,0,Newcastle,2026-05-24,5,359.0,0.0,0.0,0.02,0.11,7.0,0.0,0.3733658677046707,0.2516636417346594,0.3749704905606699,2026-05-24,0.3749704905606699,0.3733658677046707,15.933018693411686,1.1492349096279018,14.783783783783784
2025-08-16:aston villa:newcastle,newcastle,FWD,0,Newcastle,2025-08-16,1,1.0,0.0,0.0,0.03,0.02,1.0,0.0,0.4037180250701456,0.2735170175472956,0.3227649573825587,2025-08-16,0.3227649573825587,0.4037180250701456,5.659090909090909,0.0,5.659090909090909
2025-08-25:newcastle:liverpool,newcastle,FWD,1,Newcastle,2025-08-25,1,14.0,1.0,0.0,0.13,0.0,5.0,0.0,0.3245015731775013,0.2543508122674378,0.421147614555061,2025-08-25,0.3245015731775013,0.421147614555061,1.0,0.0,1.0
2025-08-30:leeds:newcastle,newcastle,FWD,0,Newcastle,2025-08-30,1,90.0,0.0,0.0,0.24,0.0,2.0,1.0,0.2518754013613444,0.2776300570662136,0.4704945415724418,2025-08-30,0.4704945415724418,0.2518754013613444,3.0,0.0,3.0
2025-09-13:newcastle:wolves,newcastle,FWD,1,Newcastle,2025-09-13,2,89.0,1.0,0.0,0.27,0.01,10.0,1.0,0.7275030709714203,0.1777567784959188,0.0947401505326607,2025-09-13,0.7275030709714203,0.0947401505326607,2.6666666666666665,0.0,2.6666666666666665
2025-09-21:bournemouth:newcastle,newcastle,FWD,0,Newcastle,2025-09-21,2,89.0,0.0,0.0,0.0,0.02,3.0,1.0,0.4035579310798052,0.2842894975716296,0.3121525713485652,2025-09-21,0.3121525713485652,0.4035579310798052,4.5,0.0,4.5
2025-09-28:newcastle:arsenal,newcastle,FWD,1,Newcastle,2025-09-28,2,89.0,1.0,0.0,0.29,0.02,8.0,1.0,0.2748810715242455,0.2878166068316464,0.4373023216441081,2025-09-28,0.2748810715242455,0.4373023216441081,4.2,0.0,4.2
2025-10-05:newcastle:nottm forest,newcastle,FWD,1,Newcastle,2025-10-05,2,91.0,1.0,0.0,1.37,0.08,7.0,1.0,0.6525144813400425,0.2049089496138719,0.1425765690460854,2025-10-05,0.6525144813400425,0.1425765690460854,4.833333333333333,0.0,4.833333333333333
2025-10-18:brighton:newcastle,newcastle,FWD,0,Newcastle,2025-10-18,2,94.0,1.0,0.0,0.71,0.07,9.0,0.0,0.3317299990701763,0.2713214827918442,0.3969485181379794,2025-10-18,0.3969485181379794,0.3317299990701763,5.142857142857143,0.0,5.142857142857143
2025-10-25:newcastle:fulham,newcastle,FWD,1,Newcastle,2025-10-25,2,89.0,0.0,1.0,0.52,0.01,6.0,0.0,0.6142624407597412,0.2299343911508264,0.1558031680894323,2025-10-25,0.6142624407597412,0.1558031680894323,5.625,0.0,5.625
2025-11-02:west ham:newcastle,newcastle,FWD,0,Newcastle,2025-11-02,2,90.0,0.0,0.0,0.11,0.05,2.0,0.0,0.1780521935689274,0.2236900389521703,0.5982577674789022,2025-11-02,0.5982577674789022,0.1780521935689274,5.666666666666667,0.0,5.666666666666667
2025-11-09:brentford:newcastle,newcastle,FWD,0,Newcastle,2025-11-09,1,90.0,0.0,1.0,0.0,0.01,5.0,0.0,0.3353640763393813,0.2764271055322367,0.3882088181283819,2025-11-09,0.3882088181283819,0.3353640763393813,5.3,0.0,5.3
2025-11-22:newcastle:man city,newcastle,FWD,1,Newcastle,2025-11-22,1,84.0,0.0,0.0,0.61,0.0,2.0,0.0,0.2518244619881634,0.2495622191654477,0.4986133188463889,2025-11-22,0.2518244619881634,0.4986133188463889,5.2727272727272725,0.0,5.2727272727272725
2025-11-29:everton:newcastle,newcastle,FWD,0,Newcastle,2025-11-29,1,89.0,1.0,0.0,0.59,0.11,7.0,0.0,0.3558427129822207,0.2839815354974394,0.3601757515203399,2025-11-29,0.3601757515203399,0.3558427129822207,5.0,0.0,5.0
2025-12-02:newcastle:spurs,newcastle,FWD,1,Newcastle,2025-12-02,1,90.0,0.0,1.0,0.26,0.05,5.0,0.0,0.5328717588424448,0.2432113532290364,0.2239168879285188,2025-12-02,0.5328717588424448,0.2239168879285188,5.153846153846154,0.0,5.153846153846154
2025-12-06:newcastle:burnley,newcastle,FWD,1,Newcastle,2025-12-06,2,89.0,0.0,0.0,0.21,0.06,3.0,1.0,0.7620288501177962,0.1570067381726381,0.0809644117095655,2025-12-06,0.7620288501177962,0.0809644117095655,5.142857142857143,0.0,5.142857142857143
2025-12-14:sunderland:newcastle,newcastle,FWD,0,Newcastle,2025-12-14,2,89.0,0.0,0.0,0.02,0.0,1.0,0.0,0.2734842662887987,0.2788654346834891,0.4476502990277121,2025-12-14,0.4476502990277121,0.2734842662887987,5.0,0.0,5.0
2025-12-20:newcastle:chelsea,newcastle,FWD,1,Newcastle,2025-12-20,2,89.0,2.0,0.0,1.15,0.28,13.0,0.0,0.339674715052421,0.2625872067073865,0.3977380782401924,2025-12-20,0.339674715052421,0.3977380782401924,4.75,0.0,4.75
2025-12-26:man utd:newcastle,newcastle,FWD,0,Newcastle,2025-12-26,2,89.0,0.0,0.0,0.14,0.01,3.0,0.0,0.3877332145578042,0.2542315138346959,0.3580352716074998,2025-12-26,0.3580352716074998,0.3877332145578042,5.235294117647059,0.0,5.235294117647059
2025-12-30:burnley:newcastle,newcastle,FWD,0,Newcastle,2025-12-30,2,89.0,1.0,0.0,1.08,0.01,7.0,0.0,0.1507112733110231,0.2196723695212754,0.6296163571677014,2025-12-30,0.6296163571677014,0.1507112733110231,5.111111111111111,0.0,5.111111111111111
2026-01-04:newcastle:crystal palace,newcastle,FWD,1,Newcastle,2026-01-04,2,89.0,0.0,0.0,0.15,0.04,3.0,1.0,0.5836798692971529,0.2338776546157756,0.1824424760870715,2026-01-04,0.5836798692971529,0.1824424760870715,5.2105263157894735,0.0,5.2105263157894735
2026-01-07:newcastle:leeds,newcastle,FWD,1,Newcastle,2026-01-07,2,89.0,0.0,1.0,0.31,0.28,6.0,0.0,0.6100147588442982,0.2327185626622083,0.1572666784934934,2026-01-07,0.6100147588442982,0.1572666784934934,5.1,0.0,5.1
2026-01-18:wolves:newcastle,newcastle,FWD,0,Newcastle,2026-01-18,2,89.0,0.0,0.0,0.15,0.0,3.0,1.0,0.2005545195887585,0.2302262438559995,0.5692192365552419,2026-01-18,0.5692192365552419,0.2005545195887585,5.142857142857143,0.0,5.142857142857143
2026-01-25:newcastle:aston villa,newcastle,FWD,1,Newcastle,2026-01-25,2,89.0,0.0,0.0,0.05,0.05,3.0,0.0,0.4497363701274384,0.2631113364111673,0.2871522934613943,2026-01-25,0.4497363701274384,0.2871522934613943,5.045454545454546,0.0,5.045454545454546
2026-01-31:liverpool:newcastle,newcastle,FWD,0,Newcastle,2026-01-31,3,40.0,0.0,0.0,0.0,0.0,3.0,0.0,0.5981145238354573,0.2151190516835814,0.1867664244809614,2026-01-31,0.1867664244809614,0.5981145238354573,4.956521739130435,0.0,4.956521739130435
2026-02-07:newcastle:brentford,newcastle,FWD,1,Newcastle,2026-02-07,3,134.0,0.0,0.0,0.38,0.16,4.0,0.0,0.5066368558033975,0.2492511405105034,0.2441120036860991,2026-02-07,0.5066368558033975,0.2441120036860991,4.875,0.0,4.875
2026-02-10:spurs:newcastle,newcastle,FWD,0,Newcastle,2026-02-10,2,4.0,0.0,0.0,0.0,0.0,2.0,0.0,0.3142833613725464,0.2573325441200751,0.4283840945073784,2026-02-10,0.4283840945073784,0.3142833613725464,4.84,0.0,4.84
2026-02-21:man city:newcastle,newcastle,FWD,0,Newcastle,2026-02-21,2,71.0,0.0,0.0,0.0,0.01,2.0,0.0,0.6392593711897424,0.194461769351227,0.1662788594590304,2026-02-21,0.1662788594590304,0.6392593711897424,4.730769230769231,0.0,4.730769230769231
2026-02-28:newcastle:everton,newcastle,FWD,1,Newcastle,2026-02-28,3,74.0,0.0,0.0,0.07,0.01,3.0,0.0,0.5477586817288053,0.2454193445449611,0.2068219737262336,2026-02-28,0.5477586817288053,0.2068219737262336,4.62962962962963,0.0,4.62962962962963
2026-03-04:newcastle:man utd,newcastle,FWD,1,Newcastle,2026-03-04,1,5.0,1.0,0.0,0.05,0.0,7.0,0.0,0.3704410256647362,0.2527265660661163,0.3768324082691475,2026-03-04,0.3704410256647362,0.3768324082691475,4.571428571428571,0.0,4.571428571428571
2026-03-14:chelsea:newcastle,newcastle,FWD,0,Newcastle,2026-03-14,1,66.0,0.0,0.0,0.0,0.0,2.0,1.0,0.5786127446294461,0.2123772879990038,0.2090099673715499,2026-03-14,0.2090099673715499,0.5786127446294461,4.655172413793103,0.0,4.655172413793103
2026-03-22:newcastle:sunderland,newcastle,FWD,1,Newcastle,2026-03-22,3,79.0,0.0,1.0,0.14,0.06,7.0,0.0,0.6416699703413226,0.2131281450864968,0.1452018845721805,2026-03-22,0.6416699703413226,0.1452018845721805,4.566666666666666,0.0,4.566666666666666
2026-04-12:crystal palace:newcastle,newcastle,FWD,0,Newcastle,2026-04-12,3,90.0,1.0,0.0,0.94,0.01,10.0,0.0,0.3233820220060561,0.2816574067320091,0.3949605712619347,2026-04-12,0.3949605712619347,0.3233820220060561,4.645161290322581,0.0,4.645161290322581
2026-04-18:newcastle:bournemouth,newcastle,FWD,1,Newcastle,2026-04-18,2,94.0,1.0,0.0,0.39,0.05,10.0,0.0,0.441689235402301,0.250166806635883,0.308143957961816,2026-04-18,0.441689235402301,0.308143957961816,4.8125,0.0,4.8125
2026-04-25:arsenal:newcastle,newcastle,FWD,0,Newcastle,2026-04-25,3,104.0,0.0,0.0,0.56,0.42,4.0,0.0,0.7151600894232885,0.1796935682267138,0.1051463423499977,2026-04-25,0.1051463423499977,0.7151600894232885,4.96969696969697,0.0,4.96969696969697
2026-05-02:newcastle:brighton,newcastle,FWD,1,Newcastle,2026-05-02,2,89.0,1.0,1.0,1.4,0.31,12.0,0.0,0.3564706101575721,0.2556037374774693,0.3879256523649586,2026-05-02,0.3564706101575721,0.3879256523649586,4.9411764705882355,0.0,4.9411764705882355
2026-05-10:nottm forest:newcastle,newcastle,FWD,0,Newcastle,2026-05-10,3,149.0,0.0,0.0,0.57,0.0999999999999999,5.0,1.0,0.2838363013053714,0.2683120420613334,0.4478516566332952,2026-05-10,0.4478516566332952,0.2838363013053714,5.142857142857143,0.0,5.142857142857143
2026-05-17:newcastle:west ham,newcastle,FWD,1,Newcastle,2026-05-17,3,163.0,3.0,0.0,1.11,0.31,22.0,0.0,0.4694787849911073,0.2369669263172563,0.2935542886916364,2026-05-17,0.4694787849911073,0.2935542886916364,5.138888888888889,0.0,5.138888888888889
2026-05-24:fulham:newcastle,newcastle,FWD,0,Newcastle,2026-05-24,4,179.0,0.0,0.0,0.03,0.07,5.0,0.0,0.3733658677046707,0.2516636417346594,0.3749704905606699,2026-05-24,0.3749704905606699,0.3733658677046707,5.594594594594595,0.0,5.594594594594595
2025-08-16:aston villa:newcastle,newcastle,GKP,0,Newcastle,2025-08-16,1,90.0,0.0,0.0,0.0,0.0,9.0,1.0,0.4037180250701456,0.2735170175472956,0.3227649573825587,2025-08-16,0.3227649573825587,0.4037180250701456,3.311529142436476,-0.06215506808983973,3.373684210526316
2025-08-25:newcastle:liverpool,newcastle,GKP,1,Newcastle,2025-08-25,1,90.0,0.0,1.0,0.0,0.0,4.0,0.0,0.3245015731775013,0.2543508122674378,0.421147614555061,2025-08-25,0.3245015731775013,0.421147614555061,3.2667556361637864,-5.733244363836214,9.0
2025-08-30:leeds:newcastle,newcastle,GKP,0,Newcastle,2025-08-30,1,90.0,0.0,0.0,0.0,0.0,5.0,1.0,0.2518754013613444,0.2776300570662136,0.4704945415724418,2025-08-30,0.4704945415724418,0.2518754013613444,3.7015857568490844,-2.7984142431509156,6.5
2025-09-13:newcastle:wolves,newcastle,GKP,1,Newcastle,2025-09-13,1,90.0,0.0,0.0,0.0,0.0,8.0,1.0,0.7275030709714203,0.1777567784959188,0.0947401505326607,2025-09-13,0.7275030709714203,0.0947401505326607,4.105238186226592,-1.8947618137734077,6.0
2025-09-21:bournemouth:newcastle,newcastle,GKP,0,Newcastle,2025-09-21,1,90.0,0.0,0.0,0.0,0.0,6.0,1.0,0.4035579310798052,0.2842894975716296,0.3121525713485652,2025-09-21,0.3121525713485652,0.4035579310798052,3.3119403953398754,-3.1880596046601246,6.5
2025-09-28:newcastle:arsenal,newcastle,GKP,1,Newcastle,2025-09-28,1,90.0,0.0,0.0,0.0,0.0,2.0,0.0,0.2748810715242455,0.2878166068316464,0.4373023216441081,2025-09-28,0.2748810715242455,0.4373023216441081,3.225257075350813,-3.174742924649187,6.4
2025-10-05:newcastle:nottm forest,newcastle,GKP,1,Newcastle,2025-10-05,1,90.0,0.0,0.0,0.0,0.0,7.0,1.0,0.6525144813400425,0.2049089496138719,0.1425765690460854,2025-10-05,0.6525144813400425,0.1425765690460854,3.982354960191494,-1.6843117064751731,5.666666666666667
2025-10-18:brighton:newcastle,newcastle,GKP,0,Newcastle,2025-10-18,1,90.0,0.0,0.0,0.0,0.0,2.0,0.0,0.3317299990701763,0.2713214827918442,0.3969485181379794,2025-10-18,0.3969485181379794,0.3317299990701763,3.4964535399076673,-2.3606893172351895,5.857142857142857
2025-10-25:newcastle:fulham,newcastle,GKP,1,Newcastle,2025-10-25,1,90.0,0.0,0.0,0.0,0.0,3.0,0.0,0.6142624407597412,0.2299343911508264,0.1558031680894323,2025-10-25,0.6142624407597412,0.1558031680894323,3.9483781866279988,-1.4266218133720012,5.375
2025-11-02:west ham:newcastle,newcastle,GKP,0,Newcastle,2025-11-02,1,90.0,0.0,0.0,0.0,0.0,3.0,0.0,0.1780521935689274,0.2236900389521703,0.5982577674789022,2025-11-02,0.5982577674789022,0.1780521935689274,3.8912244089828305,-1.2198867021282802,5.111111111111111
2025-11-09:brentford:newcastle,newcastle,GKP,0,Newcastle,2025-11-09,2,89.0,0.0,0.0,0.0,0.0,3.0,0.0,0.3353640763393813,0.2764271055322367,0.3882088181283819,2025-11-09,0.3882088181283819,0.3353640763393813,3.4871182436547628,-1.4128817563452376,4.9
2025-11-22:newcastle:man city,newcastle,GKP,1,Newcastle,2025-11-22,1,90.0,0.0,0.0,0.0,0.0,3.0,0.0,0.2518244619881634,0.2495622191654477,0.4986133188463889,2025-11-22,0.2518244619881634,0.4986133188463889,3.0677600602778554,-1.659512666994872,4.7272727272727275
2025-11-29:everton:newcastle,newcastle,GKP,0,Newcastle,2025-11-29,1,90.0,0.0,0.0,0.0,0.0,2.0,0.0,0.3558427129822207,0.2839815354974394,0.3601757515203399,2025-11-29,0.3601757515203399,0.3558427129822207,3.4345122791265768,-1.1488210542067563,4.583333333333333
2025-12-02:newcastle:spurs,newcastle,GKP,1,Newcastle,2025-12-02,1,90.0,0.0,0.0,0.0,0.0,1.0,0.0,0.5328717588424448,0.2432113532290364,0.2239168879285188,2025-12-02,0.5328717588424448,0.2239168879285188,3.773406190580073,-0.6112091940353119,4.384615384615385
2025-12-06:newcastle:burnley,newcastle,GKP,1,Newcastle,2025-12-06,1,90.0,0.0,0.0,0.0,0.0,2.0,0.0,0.7620288501177962,0.1570067381726381,0.0809644117095655,2025-12-06,0.7620288501177962,0.0809644117095655,4.140625601927955,-0.0022315409291886468,4.142857142857143
2025-12-14:sunderland:newcastle,newcastle,GKP,0,Newcastle,2025-12-14,1,90.0,0.0,0.0,0.0,0.0,2.0,0.0,0.2734842662887987,0.2788654346834891,0.4476502990277121,2025-12-14,0.4476502990277121,0.2734842662887987,3.646076437469393,-0.35392356253060697,4.0
2025-12-20:newcastle:chelsea,newcastle,GKP,1,Newcastle,2025-12-20,1,90.0,0.0,0.0,0.0,0.0,1.0,0.0,0.339674715052421,0.2625872067073865,0.3977380782401924,2025-12-20,0.339674715052421,0.3977380782401924,3.3268905591315154,-0.5481094408684846,3.875
2025-12-26:man utd:newcastle,newcastle,GKP,0,Newcastle,2025-12-26,1,90.0,0.0,0.0,0.0,0.0,3.0,0.0,0.3877332145578042,0.2542315138346959,0.3580352716074998,2025-12-26,0.3580352716074998,0.3877332145578042,3.3525912692502766,-0.3532910836909,3.7058823529411766
2025-12-30:burnley:newcastle,newcastle,GKP,0,Newcastle,2025-12-30,1,90.0,0.0,0.0,0.0,0.0,2.0,0.0,0.1507112733110231,0.2196723695212754,0.6296163571677014,2025-12-30,0.6296163571677014,0.1507112733110231,3.961458356014563,0.29479168934789657,3.6666666666666665
2026-01-04:newcastle:crystal palace,newcastle,GKP,1,Newcastle,2026-01-04,1,90.0,0.0,0.0,0.0,0.0,6.0,1.0,0.5836798692971529,0.2338776546157756,0.1824424760870715,2026-01-04,0.5836798692971529,0.1824424760870715,3.8799465563383304,0.30099918791727776,3.5789473684210527
2026-01-07:newcastle:leeds,newcastle,GKP,1,Newcastle,2026-01-07,1,90.0,0.0,0.0,0.0,0.0,2.0,0.0,0.6100147588442982,0.2327185626622083,0.1572666784934934,2026-01-07,0.6100147588442982,0.1572666784934934,3.944618689462957,0.24461868946295695,3.7
2026-01-18:wolves:newcastle,newcastle,GKP,0,Newcastle,2026-01-18,1,90.0,0.0,0.0,0.0,0.0,6.0,1.0,0.2005545195887585,0.2302262438559995,0.5692192365552419,2026-01-18,0.5692192365552419,0.2005545195887585,3.833419947433637,0.21437232838601794,3.619047619047619
2026-01-25:newcastle:aston villa,newcastle,GKP,1,Newcastle,2026-01-25,1,90.0,0.0,0.0,0.0,0.0,3.0,0.0,0.4497363701274384,0.2631113364111673,0.2871522934613943,2026-01-25,0.4497363701274384,0.2871522934613943,3.6109657137844122,-0.11630701348831485,3.727272727272727
2026-01-31:liverpool:newcastle,newcastle,GKP,0,Newcastle,2026-01-31,1,90.0,0.0,0.0,0.0,0.0,1.0,0.0,0.5981145238354573,0.2151190516835814,0.1867664244809614,2026-01-31,0.1867664244809614,0.5981145238354573,2.8121592138222407,-0.8834929600908028,3.6956521739130435
2026-02-07:newcastle:brentford,newcastle,GKP,1,Newcastle,2026-02-07,1,90.0,0.0,0.0,0.0,0.0,2.0,0.0,0.5066368558033975,0.2492511405105034,0.2441120036860991,2026-02-07,0.5066368558033975,0.2441120036860991,3.7215285406312733,0.13819520729793977,3.5833333333333335
2026-02-10:spurs:newcastle,newcastle,GKP,0,Newcastle,2026-02-10,1,90.0,0.0,0.0,0.0,0.0,2.0,0.0,0.3142833613725464,0.2573325441200751,0.4283840945073784,2026-02-10,0.4283840945073784,0.3142833613725464,3.541270839997737,0.021270839997737045,3.52
2026-02-21:man city:newcastle,newcastle,GKP,0,Newcastle,2026-02-21,1,90.0,0.0,0.0,0.16,0.0,2.0,0.0,0.6392593711897424,0.194461769351227,0.1662788594590304,2026-02-21,0.1662788594590304,0.6392593711897424,2.706465440443338,-0.7550730210951238,3.4615384615384617
2026-02-28:newcastle:everton,newcastle,GKP,1,Newcastle,2026-02-28,1,90.0,0.0,0.0,0.0,0.0,1.0,0.0,0.5477586817288053,0.2454193445449611,0.2068219737262336,2026-02-28,0.5477586817288053,0.2068219737262336,3.8173199757515217,0.40991256834411427,3.4074074074074074
2026-03-04:newcastle:man utd,newcastle,GKP,1,Newcastle,2026-03-04,1,90.0,0.0,0.0,0.0,0.0,3.0,0.0,0.3704410256647362,0.2527265660661163,0.3768324082691475,2026-03-04,0.3704410256647362,0.3768324082691475,3.3805934961050714,0.05916492467649981,3.3214285714285716
2026-03-14:chelsea:newcastle,newcastle,GKP,0,Newcastle,2026-03-14,1,90.0,0.0,0.0,0.0,0.0,7.0,1.0,0.5786127446294461,0.2123772879990038,0.2090099673715499,2026-03-14,0.2090099673715499,0.5786127446294461,2.8622558058483833,-0.4480890217378235,3.310344827586207
2026-03-22:newcastle:sunderland,newcastle,GKP,1,Newcastle,2026-03-22,1,90.0,0.0,0.0,0.0,0.0,2.0,0.0,0.6416699703413226,0.2131281450864968,0.1452018845721805,2026-03-22,0.6416699703413226,0.1452018845721805,3.975610992912337,0.5422776595790038,3.433333333333333
2026-04-12:crystal palace:newcastle,newcastle,GKP,0,Newcastle,2026-04-12,1,90.0,0.0,0.0,0.0,0.0,1.0,0.0,0.3233820220060561,0.2816574067320091,0.3949605712619347,2026-04-12,0.3949605712619347,0.3233820220060561,3.517898003861803,0.13080122966825458,3.3870967741935485
2026-04-18:newcastle:bournemouth,newcastle,GKP,1,Newcastle,2026-04-18,1,90.0,0.0,0.0,0.0,0.0,1.0,0.0,0.441689235402301,0.250166806635883,0.308143957961816,2026-04-18,0.441689235402301,0.308143957961816,3.5570418722047097,0.2445418722047097,3.3125
2026-04-25:arsenal:newcastle,newcastle,GKP,0,Newcastle,2026-04-25,1,90.0,0.0,0.0,0.0,0.0,2.0,0.0,0.7151600894232885,0.1796935682267138,0.1051463423499977,2026-04-25,0.1051463423499977,0.7151600894232885,2.5114900345754907,-0.7309342078487515,3.242424242424242
2026-05-02:newcastle:brighton,newcastle,GKP,1,Newcastle,2026-05-02,1,90.0,0.0,0.0,0.0,0.0,3.0,0.0,0.3564706101575721,0.2556037374774693,0.3879256523649586,2026-05-02,0.3564706101575721,0.3879256523649586,3.3520969308510167,0.14621457790984005,3.2058823529411766
2026-05-10:nottm forest:newcastle,newcastle,GKP,0,Newcastle,2026-05-10,1,90.0,0.0,0.0,0.0,0.0,3.0,0.0,0.2838363013053714,0.2683120420613334,0.4478516566332952,2026-05-10,0.4478516566332952,0.2838363013053714,3.61948390612201,0.4194839061220099,3.2
2026-05-17:newcastle:west ham,newcastle,GKP,1,Newcastle,2026-05-17,1,90.0,0.0,0.0,0.0,0.0,4.0,0.0,0.4694787849911073,0.2369669263172563,0.2935542886916364,2026-05-17,0.4694787849911073,0.2935542886916364,3.594520130034603,0.40007568559015816,3.1944444444444446
2026-05-24:fulham:newcastle,newcastle,GKP,0,Newcastle,2026-05-24,1,90.0,0.0,0.0,0.0,0.0,2.0,0.0,0.3733658677046707,0.2516636417346594,0.3749704905606699,2026-05-24,0.3749704905606699,0.3733658677046707,3.3894984204489558,0.17328220423273955,3.2162162162162162
2025-08-16:aston villa:newcastle,newcastle,MID,0,Newcastle,2025-08-16,8,537.0,0.0,0.0,1.35,0.74,19.0,1.0,0.4037180250701456,0.2735170175472956,0.3227649573825587,2025-08-16,0.3227649573825587,0.4037180250701456,19.476793301158953,-1.016627751472626,20.49342105263158
2025-08-25:newcastle:liverpool,newcastle,MID,1,Newcastle,2025-08-25,8,480.0,1.0,0.0,0.8,0.4899999999999999,14.0,0.0,0.3245015731775013,0.2543508122674378,0.421147614555061,2025-08-25,0.3245015731775013,0.421147614555061,19.507899385210337,0.5078993852103366,19.0
2025-08-30:leeds:newcastle,newcastle,MID,0,Newcastle,2025-08-30,7,381.0,0.0,0.0,0.14,0.25,13.0,1.0,0.2518754013613444,0.2776300570662136,0.4704945415724418,2025-08-30,0.4704945415724418,0.2518754013613444,22.12291046539837,5.62291046539837,16.5
2025-09-13:newcastle:wolves,newcastle,MID,1,Newcastle,2025-09-13,7,448.0,0.0,1.0,1.24,0.75,19.0,1.0,0.7275030709714203,0.1777567784959188,0.0947401505326607,2025-09-13,0.7275030709714203,0.0947401505326607,26.726420891072067,11.393087557738733,15.333333333333334
2025-09-21:bournemouth:newcastle,newcastle,MID,0,Newcastle,2025-09-21,6,358.0,0.0,0.0,0.14,0.25,14.0,1.0,0.4035579310798052,0.2842894975716296,0.3121525713485652,2025-09-21,0.3121525713485652,0.4035579310798052,19.286705330681826,3.0367053306818264,16.25
2025-09-28:newcastle:arsenal,newcastle,MID,1,Newcastle,2025-09-28,7,426.0,0.0,1.0,0.21,0.55,19.0,1.0,0.2748810715242455,0.2878166068316464,0.4373023216441081,2025-09-28,0.2748810715242455,0.4373023216441081,18.619102047541787,2.8191020475417865,15.8
2025-10-05:newcastle:nottm forest,newcastle,MID,1,Newcastle,2025-10-05,8,449.0,1.0,1.0,1.24,0.55,29.0,1.0,0.6525144813400425,0.2049089496138719,0.1425765690460854,2025-10-05,0.6525144813400425,0.1425765690460854,25.383232962710707,9.049899629377375,16.333333333333332
2025-10-18:brighton:newcastle,newcastle,MID,0,Newcastle,2025-10-18,9,443.0,0.0,1.0,0.64,1.13,15.0,0.0,0.3317299990701763,0.2713214827918442,0.3969485181379794,2025-10-18,0.3969485181379794,0.3317299990701763,20.805561634839535,2.6627044919823923,18.142857142857142
2025-10-25:newcastle:fulham,newcastle,MID,1,Newcastle,2025-10-25,8,447.0,2.0,0.0,1.61,0.72,29.0,0.0,0.6142624407597412,0.2299343911508264,0.1558031680894323,2025-10-25,0.6142624407597412,0.1558031680894323,24.698066334091372,6.948066334091372,17.75
2025-11-02:west ham:newcastle,newcastle,MID,0,Newcastle,2025-11-02,8,474.0,1.0,1.0,0.39,0.36,19.0,0.0,0.1780521935689274,0.2236900389521703,0.5982577674789022,2025-11-02,0.5982577674789022,0.1780521935689274,24.411392267358487,5.411392267358487,19.0
2025-11-09:brentford:newcastle,newcastle,MID,0,Newcastle,2025-11-09,9,434.0,1.0,0.0,0.38,0.2299999999999999,25.0,0.0,0.3353640763393813,0.2764271055322367,0.3882088181283819,2025-11-09,0.3882088181283819,0.3353640763393813,20.64901702441151,1.6490170244115099,19.0
2025-11-22:newcastle:man city,newcastle,MID,1,Newcastle,2025-11-22,7,454.0,2.0,2.0,1.9,0.89,36.0,0.0,0.2518244619881634,0.2495622191654477,0.4986133188463889,2025-11-22,0.2518244619881634,0.4986133188463889,18.206114421690394,-1.3393401237641527,19.545454545454547
2025-11-29:everton:newcastle,newcastle,MID,0,Newcastle,2025-11-29,9,449.0,1.0,2.0,0.72,0.76,32.0,0.0,0.3558427129822207,0.2839815354974394,0.3601757515203399,2025-11-29,0.3601757515203399,0.3558427129822207,20.146891609758875,-0.7697750569077932,20.916666666666668
2025-12-02:newcastle:spurs,newcastle,MID,1,Newcastle,2025-12-02,8,448.0,2.0,0.0,1.58,0.5599999999999999,27.0,1.0,0.5328717588424448,0.2432113532290364,0.2239168879285188,2025-12-02,0.5328717588424448,0.2239168879285188,23.240204785156898,1.470974015926128,21.76923076923077
2025-12-06:newcastle:burnley,newcastle,MID,1,Newcastle,2025-12-06,8,449.0,2.0,0.0,1.34,1.13,29.0,1.0,0.7620288501177962,0.1570067381726381,0.0809644117095655,2025-12-06,0.7620288501177962,0.0809644117095655,27.34484310696714,5.201985964109998,22.142857142857142
2025-12-14:sunderland:newcastle,newcastle,MID,0,Newcastle,2025-12-14,8,447.0,0.0,0.0,0.2,0.16,7.0,0.0,0.2734842662887987,0.2788654346834891,0.4476502990277121,2025-12-14,0.4476502990277121,0.2734842662887987,21.713726735320577,-0.8862732646794242,22.6
2025-12-20:newcastle:chelsea,newcastle,MID,1,Newcastle,2025-12-20,9,537.0,0.0,2.0,1.24,1.07,27.0,0.0,0.339674715052421,0.2625872067073865,0.3977380782401924,2025-12-20,0.339674715052421,0.3977380782401924,19.779679146663256,-1.8453208533367444,21.625
2025-12-26:man utd:newcastle,newcastle,MID,0,Newcastle,2025-12-26,9,537.0,0.0,0.0,0.65,0.84,14.0,0.0,0.3877332145578042,0.2542315138346959,0.3580352716074998,2025-12-26,0.3580352716074998,0.3877332145578042,20.10855155303878,-1.832624917549456,21.941176470588236
2025-12-30:burnley:newcastle,newcastle,MID,0,Newcastle,2025-12-30,9,539.0,2.0,1.0,1.2999999999999998,0.63,34.0,0.0,0.1507112733110231,0.2196723695212754,0.6296163571677014,2025-12-30,0.6296163571677014,0.1507112733110231,24.973084110444006,3.473084110444006,21.5
2026-01-04:newcastle:crystal palace,newcastle,MID,1,Newcastle,2026-01-04,9,537.0,1.0,1.0,1.39,1.46,33.0,1.0,0.5836798692971529,0.2338776546157756,0.1824424760870715,2026-01-04,0.5836798692971529,0.1824424760870715,24.15027444990305,1.992379713060945,22.157894736842106
2026-01-07:newcastle:leeds,newcastle,MID,1,Newcastle,2026-01-07,8,508.0,4.0,1.0,1.89,1.16,42.0,0.0,0.6100147588442982,0.2327185626622083,0.1572666784934934,2026-01-07,0.6100147588442982,0.1572666784934934,24.621982291167136,1.9219822911671365,22.7
2026-01-18:wolves:newcastle,newcastle,MID,0,Newcastle,2026-01-18,7,448.0,0.0,0.0,0.66,0.78,16.0,1.0,0.2005545195887585,0.2302262438559995,0.5692192365552419,2026-01-18,0.5692192365552419,0.2005545195887585,23.891257078981937,0.27220945993431656,23.61904761904762
2026-01-25:newcastle:aston villa,newcastle,MID,1,Newcastle,2026-01-25,8,447.0,0.0,0.0,2.09,0.5,13.0,0.0,0.4497363701274384,0.2631113364111673,0.2871522934613943,2026-01-25,0.4497363701274384,0.2871522934613943,21.7510922269591,-1.5216350457681749,23.272727272727273
2026-01-31:liverpool:newcastle,newcastle,MID,0,Newcastle,2026-01-31,7,503.0,1.0,0.0,0.3,0.15,16.0,0.0,0.5981145238354573,0.2151190516835814,0.1867664244809614,2026-01-31,0.1867664244809614,0.5981145238354573,17.040801524726806,-5.785285431794932,22.82608695652174
2026-02-07:newcastle:brentford,newcastle,MID,1,Newcastle,2026-02-07,7,404.0,1.0,1.0,1.36,0.9000000000000001,18.0,0.0,0.5066368558033975,0.2492511405105034,0.2441120036860991,2026-02-07,0.5066368558033975,0.2441120036860991,22.77028789197354,0.22862122530687046,22.541666666666668
2026-02-10:spurs:newcastle,newcastle,MID,0,Newcastle,2026-02-10,8,532.0,1.0,1.0,1.25,1.0,23.0,0.0,0.3142833613725464,0.2573325441200751,0.4283840945073784,2026-02-10,0.4283840945073784,0.3142833613725464,21.368632455453962,-0.991367544546037,22.36
2026-02-21:man city:newcastle,newcastle,MID,0,Newcastle,2026-02-21,8,465.0,0.0,1.0,0.38,0.4,13.0,0.0,0.6392593711897424,0.194461769351227,0.1662788594590304,2026-02-21,0.1662788594590304,0.6392593711897424,16.6738303607904,-5.710785023824982,22.384615384615383
2026-02-28:newcastle:everton,newcastle,MID,1,Newcastle,2026-02-28,8,478.0,2.0,2.0,0.59,0.43,27.0,0.0,0.5477586817288053,0.2454193445449611,0.2068219737262336,2026-02-28,0.5477586817288053,0.2068219737262336,23.50685782143482,1.4698207843977826,22.037037037037038
2026-03-04:newcastle:man utd,newcastle,MID,1,Newcastle,2026-03-04,8,488.0,1.0,0.0,1.79,0.97,13.0,0.0,0.3704410256647362,0.2527265660661163,0.3768324082691475,2026-03-04,0.3704410256647362,0.3768324082691475,20.330762147661396,-1.8835235666243193,22.214285714285715
2026-03-14:chelsea:newcastle,newcastle,MID,0,Newcastle,2026-03-14,7,458.0,1.0,1.0,1.2400000000000002,0.35,28.0,1.0,0.5786127446294461,0.2123772879990038,0.2090099673715499,2026-03-14,0.2090099673715499,0.5786127446294461,17.439225584193647,-4.457326139944286,21.896551724137932
2026-03-22:newcastle:sunderland,newcastle,MID,1,Newcastle,2026-03-22,7,457.0,1.0,0.0,0.7,0.08,21.0,0.0,0.6416699703413226,0.2131281450864968,0.1452018845721805,2026-03-22,0.6416699703413226,0.1452018845721805,25.18898719366683,3.088987193666828,22.1
2026-04-12:crystal palace:newcastle,newcastle,MID,0,Newcastle,2026-04-12,8,449.0,0.0,1.0,0.09,0.13,17.0,1.0,0.3233820220060561,0.2816574067320091,0.3949605712619347,2026-04-12,0.3949605712619347,0.3233820220060561,20.769953734234218,-1.2945623947980422,22.06451612903226
2026-04-18:newcastle:bournemouth,newcastle,MID,1,Newcastle,2026-04-18,7,443.0,0.0,0.0,0.56,0.48,13.0,0.0,0.441689235402301,0.250166806635883,0.308143957961816,2026-04-18,0.441689235402301,0.308143957961816,21.606952774892655,-0.29929722510734535,21.90625
2026-04-25:arsenal:newcastle,newcastle,MID,0,Newcastle,2026-04-25,8,522.0,0.0,0.0,0.2,0.47,14.0,0.0,0.7151600894232885,0.1796935682267138,0.1051463423499977,2026-04-25,0.1051463423499977,0.7151600894232885,15.578830982687167,-6.0575326536764695,21.636363636363637
2026-05-02:newcastle:brighton,newcastle,MID,1,Newcastle,2026-05-02,8,517.0,1.0,2.0,0.68,0.47,30.0,0.0,0.3564706101575721,0.2556037374774693,0.3879256523649586,2026-05-02,0.3564706101575721,0.3879256523649586,20.080525497583594,-1.3312392082987579,21.41176470588235
2026-05-10:nottm forest:newcastle,newcastle,MID,0,Newcastle,2026-05-10,6,388.0,1.0,1.0,0.9,1.09,24.0,1.0,0.2838363013053714,0.2683120420613334,0.4478516566332952,2026-05-10,0.4478516566332952,0.2838363013053714,21.717333432105146,0.06019057496228797,21.65714285714286
2026-05-17:newcastle:west ham,newcastle,MID,1,Newcastle,2026-05-17,7,363.0,0.0,3.0,0.4599999999999999,1.21,25.0,0.0,0.4694787849911073,0.2369669263172563,0.2935542886916364,2026-05-17,0.4694787849911073,0.2935542886916364,22.104716337666282,0.38249411544406087,21.72222222222222
2026-05-24:fulham:newcastle,newcastle,MID,0,Newcastle,2026-05-24,6,359.0,0.0,0.0,0.25,0.21,10.0,0.0,0.3733658677046707,0.2516636417346594,0.3749704905606699,2026-05-24,0.3749704905606699,0.3733658677046707,20.411893458438964,-1.3989173523718463,21.81081081081081
2025-08-17:nottm forest:brentford,nottm forest,DEF,1,Nott'm Forest,2025-08-17,4,360.0,0.0,0.0,0.0,0.15,9.0,0.0,0.5098809890482152,0.2708035449847328,0.2193154659670521,2025-08-17,0.5098809890482152,0.2193154659670521,18.27384885826542,2.4343751740548942,15.839473684210526
2025-08-24:crystal palace:nottm forest,nottm forest,DEF,0,Nott'm Forest,2025-08-24,4,360.0,0.0,0.0,0.0,0.21,6.0,0.0,0.4021888679417777,0.2896029687875263,0.3082081632706959,2025-08-24,0.3082081632706959,0.4021888679417777,15.495046785285655,6.4950467852856555,9.0
2025-08-31:nottm forest:west ham,nottm forest,DEF,1,Nott'm Forest,2025-08-31,4,360.0,0.0,0.0,0.12,0.32,4.0,0.0,0.5942403554972079,0.2276874660140517,0.1780721784887402,2025-08-31,0.5942403554972079,0.1780721784887402,18.90054979729576,11.40054979729576,7.5
2025-09-13:arsenal:nottm forest,nottm forest,DEF,0,Nott'm Forest,2025-09-13,5,359.0,0.0,0.0,0.01,0.03,5.0,0.0,0.7009477740536715,0.1878238319234494,0.1112283940228791,2025-09-13,0.1112283940228791,0.7009477740536715,10.955338666662499,4.622005333329166,6.333333333333333
2025-09-20:burnley:nottm forest,nottm forest,DEF,0,Nott'm Forest,2025-09-20,4,360.0,1.0,0.0,0.19,0.2,15.0,0.0,0.2737237770897652,0.2827990428603215,0.4434771800499132,2025-09-20,0.4434771800499132,0.2737237770897652,17.447102452814843,11.447102452814843,6.0
2025-09-27:nottm forest:sunderland,nottm forest,DEF,1,Nott'm Forest,2025-09-27,4,360.0,0.0,0.0,0.05,0.36,6.0,0.0,0.5592188306695749,0.2508348911373194,0.1899462781931056,2025-09-27,0.5592188306695749,0.1899462781931056,18.72012020766184,10.920120207661839,7.8
2025-10-05:newcastle:nottm forest,nottm forest,DEF,0,Nott'm Forest,2025-10-05,5,436.0,0.0,0.0,0.03,0.06,10.0,0.0,0.6525144813400425,0.2049089496138719,0.1425765690460854,2025-10-05,0.1425765690460854,0.6525144813400425,11.691293336617559,4.191293336617559,7.5
2025-10-18:nottm forest:chelsea,nottm forest,DEF,1,Nott'm Forest,2025-10-18,6,432.0,0.0,0.0,0.8400000000000001,0.18,5.0,0.0,0.3056967159054999,0.2706161725084183,0.4236871115860816,2025-10-18,0.3056967159054999,0.4236871115860816,15.168376184973468,7.311233327830611,7.857142857142857
2025-10-26:bournemouth:nottm forest,nottm forest,DEF,0,Nott'm Forest,2025-10-26,4,360.0,0.0,0.0,0.09,0.05,4.0,0.0,0.4992582500504438,0.2589499502007029,0.2417917997488532,2025-10-26,0.2417917997488532,0.4992582500504438,14.020055904634209,6.520055904634209,7.5
2025-11-01:nottm forest:man utd,nottm forest,DEF,1,Nott'm Forest,2025-11-01,4,360.0,1.0,0.0,1.06,0.05,12.0,0.0,0.2869669746462254,0.2559202173144018,0.4571128080393729,2025-11-01,0.2869669746462254,0.4571128080393729,14.660465282719702,7.5493541716085915,7.111111111111111
2025-11-09:nottm forest:leeds,nottm forest,DEF,1,Nott'm Forest,2025-11-09,5,362.0,0.0,0.0,0.0,0.37,10.0,0.0,0.4323741088914895,0.298911449602745,0.2687144415057654,2025-11-09,0.4323741088914895,0.2687144415057654,17.523220422704163,9.923220422704164,7.6
2025-11-22:liverpool:nottm forest,nottm forest,DEF,0,Nott'm Forest,2025-11-22,4,360.0,2.0,1.0,0.63,0.01,50.0,1.0,0.6796293862558919,0.1934465164970564,0.1269240972470517,2025-11-22,0.1269240972470517,0.6796293862558919,11.279276317328854,3.461094499147036,7.818181818181818
2025-11-30:nottm forest:brighton,nottm forest,DEF,1,Nott'm Forest,2025-11-30,4,360.0,0.0,0.0,0.07,0.06,6.0,0.0,0.3331130521278679,0.2850267765323044,0.3818601713398276,2025-11-30,0.3331130521278679,0.3818601713398276,15.80394585780514,4.470612524471806,11.333333333333334
2025-12-03:wolves:nottm forest,nottm forest,DEF,0,Nott'm Forest,2025-12-03,4,360.0,0.0,0.0,0.09,0.17,27.0,1.0,0.3037886967501171,0.2904829934688018,0.4057283097810811,2025-12-03,0.4057283097810811,0.3037886967501171,16.990259302449527,6.067182379372603,10.923076923076923
2025-12-06:everton:nottm forest,nottm forest,DEF,0,Nott'm Forest,2025-12-06,5,360.0,0.0,0.0,0.1,0.16,3.0,0.0,0.4660015324570216,0.2854646243921445,0.2485338431508338,2025-12-06,0.2485338431508338,0.4660015324570216,14.525399135476913,2.4539705640483422,12.071428571428571
2025-12-14:nottm forest:spurs,nottm forest,DEF,1,Nott'm Forest,2025-12-14,4,360.0,0.0,0.0,0.16,0.31,26.0,1.0,0.3643968469352626,0.2828102757222098,0.3527928773425276,2025-12-14,0.3643968469352626,0.3527928773425276,16.245629864026956,4.778963197360289,11.466666666666667
2025-12-22:fulham:nottm forest,nottm forest,DEF,0,Nott'm Forest,2025-12-22,5,359.0,0.0,0.0,0.06,0.21,7.0,0.0,0.3745217543167675,0.2802468528808365,0.3452313928023959,2025-12-22,0.3452313928023959,0.3745217543167675,15.915454738899218,3.540454738899218,12.375
2025-12-27:nottm forest:man city,nottm forest,DEF,1,Nott'm Forest,2025-12-27,4,360.0,0.0,0.0,0.15,0.07,8.0,0.0,0.171039041706111,0.2189619965095336,0.6099989617843553,2025-12-27,0.171039041706111,0.6099989617843553,12.337326125417995,0.2785025960062306,12.058823529411764
2025-12-30:nottm forest:everton,nottm forest,DEF,1,Nott'm Forest,2025-12-30,4,360.0,0.0,0.0,0.19,0.91,4.0,0.0,0.5123111012207142,0.2764198405169359,0.2112690582623499,2025-12-30,0.5123111012207142,0.2112690582623499,18.396115815452323,6.562782482118989,11.833333333333334
2026-01-03:aston villa:nottm forest,nottm forest,DEF,0,Nott'm Forest,2026-01-03,5,359.0,0.0,0.0,0.02,0.02,9.0,0.0,0.5125886361261743,0.2646859542713363,0.2227254096024892,2026-01-03,0.2227254096024892,0.5125886361261743,13.81749771924003,2.3964450876610837,11.421052631578947
2026-01-06:west ham:nottm forest,nottm forest,DEF,0,Nott'm Forest,2026-01-06,5,361.0,0.0,0.0,0.2,0.18,11.0,0.0,0.3235693837247664,0.2748728402781422,0.4015577759970914,2026-01-06,0.4015577759970914,0.3235693837247664,16.68968735827081,5.389687358270809,11.3
2026-01-17:nottm forest:arsenal,nottm forest,DEF,1,Nott'm Forest,2026-01-17,4,360.0,0.0,0.0,0.01,0.22,25.0,1.0,0.1494307738298077,0.236862118987376,0.6137071071828163,2026-01-17,0.1494307738298077,0.6137071071828163,12.28098003020193,0.9952657444876429,11.285714285714286
2026-01-25:brentford:nottm forest,nottm forest,DEF,0,Nott'm Forest,2026-01-25,5,363.0,0.0,1.0,0.0,0.02,36.0,1.0,0.5296049526027676,0.2645843948047461,0.2058106525924863,2026-01-25,0.2058106525924863,0.5296049526027676,13.558931000466066,1.6498400913751574,11.909090909090908
2026-02-01:nottm forest:crystal palace,nottm forest,DEF,1,Nott'm Forest,2026-02-01,5,359.0,0.0,0.0,0.05,0.03,6.0,0.0,0.4628832602915292,0.2903246301799415,0.2467921095285292,2026-02-01,0.4628832602915292,0.2467921095285292,17.85633513968916,4.899813400558726,12.956521739130435
2026-02-06:leeds:nottm forest,nottm forest,DEF,0,Nott'm Forest,2026-02-06,5,359.0,0.0,0.0,0.5,0.38,7.0,0.0,0.4511029870743723,0.2757914411131296,0.273105571812498,2026-02-06,0.273105571812498,0.4511029870743723,14.751785850803676,2.0851191841370103,12.666666666666666
2026-02-11:nottm forest:wolves,nottm forest,DEF,1,Nott'm Forest,2026-02-11,4,360.0,0.0,0.0,0.64,0.8600000000000001,29.0,1.0,0.5653821564118198,0.242493704030543,0.1921241395576372,2026-02-11,0.5653821564118198,0.1921241395576372,18.68702711916962,6.247027119169621,12.44
2026-02-22:nottm forest:liverpool,nottm forest,DEF,1,Nott'm Forest,2026-02-22,4,360.0,0.0,0.0,0.19,0.04,11.0,0.0,0.2382789330306391,0.2418195453101525,0.5199015216592083,2026-02-22,0.2382789330306391,0.5199015216592083,13.706376794823328,0.6294537179002511,13.076923076923077
2026-03-01:brighton:nottm forest,nottm forest,DEF,0,Nott'm Forest,2026-03-01,6,384.0,0.0,0.0,0.14,0.0699999999999999,5.0,0.0,0.4618367101726698,0.2729977727738915,0.2651655170534386,2026-03-01,0.2651655170534386,0.4618367101726698,14.588684537686188,1.5886845376861878,13.0
2026-03-04:man city:nottm forest,nottm forest,DEF,0,Nott'm Forest,2026-03-04,6,450.0,0.0,0.0,0.0,0.02,6.0,0.0,0.7104736913325994,0.1831817605070048,0.1063445481603957,2026-03-04,0.1063445481603957,0.7104736913325994,10.810590231975551,-1.9036954823101624,12.714285714285714
2026-03-15:nottm forest:fulham,nottm forest,DEF,1,Nott'm Forest,2026-03-15,4,360.0,0.0,0.0,0.16,0.05,27.0,1.0,0.4195887945769802,0.281289434905035,0.2991217705179848,2026-03-15,0.4195887945769802,0.2991217705179848,17.061174285975046,4.578415665285391,12.482758620689655
2026-03-22:spurs:nottm forest,nottm forest,DEF,0,Nott'm Forest,2026-03-22,4,360.0,0.0,2.0,0.08,0.42,38.0,1.0,0.4041399763212944,0.2828425743837692,0.3130174492949363,2026-03-22,0.3130174492949363,0.4041399763212944,15.46539925890367,2.498732592237003,12.966666666666667
2026-04-12:nottm forest:aston villa,nottm forest,DEF,1,Nott'm Forest,2026-04-12,4,358.0,1.0,0.0,0.25,0.43,14.0,0.0,0.4072245032987665,0.2793049547261748,0.3134705419750586,2026-04-12,0.4072245032987665,0.3134705419750586,16.84314150789428,3.0689479595071845,13.774193548387096
2026-04-19:nottm forest:burnley,nottm forest,DEF,1,Nott'm Forest,2026-04-19,6,361.0,0.0,1.0,0.07,0.2,12.0,0.0,0.6747686594304744,0.2041070753925782,0.1211242651769474,2026-04-19,0.6747686594304744,0.1211242651769474,19.765886023635296,5.9846360236352965,13.78125
2026-04-24:sunderland:nottm forest,nottm forest,DEF,0,Nott'm Forest,2026-04-24,6,382.0,0.0,1.0,0.08,0.08,25.0,1.0,0.3558585636619406,0.3009500179662152,0.3431914183718442,2026-04-24,0.3431914183718442,0.3558585636619406,16.19904607760695,2.4717733503342245,13.727272727272727
2026-05-04:chelsea:nottm forest,nottm forest,DEF,0,Nott'm Forest,2026-05-04,6,360.0,0.0,0.0,0.0,0.0,9.0,0.0,0.6997496426629848,0.1849174796789225,0.1153328776580926,2026-05-04,0.1153328776580926,0.6997496426629848,10.973544539994492,-3.0852789894172723,14.058823529411764
2026-05-10:nottm forest:newcastle,nottm forest,DEF,1,Nott'm Forest,2026-05-10,5,442.0,0.0,0.0,0.17,0.13,10.0,0.0,0.2838363013053714,0.2683120420613334,0.4478516566332952,2026-05-10,0.2838363013053714,0.4478516566332952,14.801190540999443,0.8869048267137281,13.914285714285715
2026-05-17:man utd:nottm forest,nottm forest,DEF,0,Nott'm Forest,2026-05-17,5,359.0,1.0,0.0,0.51,0.11,13.0,0.0,0.6288663431322682,0.2013631829137087,0.1697704739540232,2026-05-17,0.1697704739540232,0.6288663431322682,12.050632063651014,-1.7549234919045418,13.805555555555555
2026-05-24:nottm forest:bournemouth,nottm forest,DEF,1,Nott'm Forest,2026-05-24,5,359.0,0.0,0.0,0.07,0.26,13.0,0.0,0.2593071524687292,0.2467650579678163,0.4939277895634544,2026-05-24,0.2593071524687292,0.4939277895634544,14.101053438946115,0.3172696551623311,13.783783783783784
2025-08-17:nottm forest:brentford,nottm forest,FWD,1,Nott'm Forest,2025-08-17,2,89.0,2.0,0.0,0.95,0.01,14.0,0.0,0.5098809890482152,0.2708035449847328,0.2193154659670521,2025-08-17,0.5098809890482152,0.2193154659670521,5.659090909090909,0.0,5.659090909090909
2025-08-24:crystal palace:nottm forest,nottm forest,FWD,0,Nott'm Forest,2025-08-24,3,108.0,0.0,0.0,0.3,0.06,4.0,0.0,0.4021888679417777,0.2896029687875263,0.3082081632706959,2025-08-24,0.3082081632706959,0.4021888679417777,14.0,0.0,14.0
2025-08-31:nottm forest:west ham,nottm forest,FWD,1,Nott'm Forest,2025-08-31,3,90.0,0.0,0.0,0.41,0.0,4.0,1.0,0.5942403554972079,0.2276874660140517,0.1780721784887402,2025-08-31,0.5942403554972079,0.1780721784887402,9.0,0.0,9.0
2025-09-13:arsenal:nottm forest,nottm forest,FWD,0,Nott'm Forest,2025-09-13,2,89.0,0.0,0.0,0.14,0.05,2.0,0.0,0.7009477740536715,0.1878238319234494,0.1112283940228791,2025-09-13,0.1112283940228791,0.7009477740536715,7.333333333333333,0.0,7.333333333333333
2025-09-20:burnley:nottm forest,nottm forest,FWD,0,Nott'm Forest,2025-09-20,3,103.0,0.0,0.0,0.69,0.04,4.0,0.0,0.2737237770897652,0.2827990428603215,0.4434771800499132,2025-09-20,0.4434771800499132,0.2737237770897652,6.0,0.0,6.0
2025-09-27:nottm forest:sunderland,nottm forest,FWD,1,Nott'm Forest,2025-09-27,3,120.0,0.0,0.0,0.98,0.01,4.0,0.0,0.5592188306695749,0.2508348911373194,0.1899462781931056,2025-09-27,0.5592188306695749,0.1899462781931056,5.6,0.0,5.6
2025-10-05:newcastle:nottm forest,nottm forest,FWD,0,Nott'm Forest,2025-10-05,2,89.0,0.0,0.0,0.0,0.0,3.0,0.0,0.6525144813400425,0.2049089496138719,0.1425765690460854,2025-10-05,0.1425765690460854,0.6525144813400425,5.333333333333333,0.0,5.333333333333333
2025-10-18:nottm forest:chelsea,nottm forest,FWD,1,Nott'm Forest,2025-10-18,3,106.0,0.0,0.0,0.7699999999999999,0.03,3.0,0.0,0.3056967159054999,0.2706161725084183,0.4236871115860816,2025-10-18,0.3056967159054999,0.4236871115860816,5.0,0.0,5.0
2025-10-26:bournemouth:nottm forest,nottm forest,FWD,0,Nott'm Forest,2025-10-26,3,91.0,0.0,0.0,0.11,0.02,3.0,0.0,0.4992582500504438,0.2589499502007029,0.2417917997488532,2025-10-26,0.2417917997488532,0.4992582500504438,4.75,0.0,4.75
2025-11-01:nottm forest:man utd,nottm forest,FWD,1,Nott'm Forest,2025-11-01,2,89.0,0.0,1.0,0.26,0.03,6.0,0.0,0.2869669746462254,0.2559202173144018,0.4571128080393729,2025-11-01,0.2869669746462254,0.4571128080393729,4.555555555555555,0.0,4.555555555555555
2025-11-09:nottm forest:leeds,nottm forest,FWD,1,Nott'm Forest,2025-11-09,2,89.0,0.0,0.0,0.61,0.01,2.0,0.0,0.4323741088914895,0.298911449602745,0.2687144415057654,2025-11-09,0.4323741088914895,0.2687144415057654,4.7,0.0,4.7
2025-11-22:liverpool:nottm forest,nottm forest,FWD,0,Nott'm Forest,2025-11-22,1,85.0,0.0,0.0,0.06,0.0,2.0,1.0,0.6796293862558919,0.1934465164970564,0.1269240972470517,2025-11-22,0.1269240972470517,0.6796293862558919,4.454545454545454,0.0,4.454545454545454
2025-11-30:nottm forest:brighton,nottm forest,FWD,1,Nott'm Forest,2025-11-30,2,89.0,0.0,0.0,0.19,0.02,3.0,0.0,0.3331130521278679,0.2850267765323044,0.3818601713398276,2025-11-30,0.3331130521278679,0.3818601713398276,4.25,0.0,4.25
2025-12-03:wolves:nottm forest,nottm forest,FWD,0,Nott'm Forest,2025-12-03,1,90.0,1.0,0.0,0.24,0.02,9.0,1.0,0.3037886967501171,0.2904829934688018,0.4057283097810811,2025-12-03,0.4057283097810811,0.3037886967501171,4.153846153846154,0.0,4.153846153846154
2025-12-06:everton:nottm forest,nottm forest,FWD,0,Nott'm Forest,2025-12-06,1,90.0,0.0,0.0,0.07,0.0,2.0,0.0,0.4660015324570216,0.2854646243921445,0.2485338431508338,2025-12-06,0.2485338431508338,0.4660015324570216,4.5,0.0,4.5
2025-12-14:nottm forest:spurs,nottm forest,FWD,1,Nott'm Forest,2025-12-14,1,84.0,0.0,0.0,0.21,0.35,2.0,1.0,0.3643968469352626,0.2828102757222098,0.3527928773425276,2025-12-14,0.3643968469352626,0.3527928773425276,4.333333333333333,0.0,4.333333333333333
2025-12-22:fulham:nottm forest,nottm forest,FWD,0,Nott'm Forest,2025-12-22,3,90.0,0.0,0.0,0.34,0.02,4.0,0.0,0.3745217543167675,0.2802468528808365,0.3452313928023959,2025-12-22,0.3452313928023959,0.3745217543167675,4.1875,0.0,4.1875
2025-12-27:nottm forest:man city,nottm forest,FWD,1,Nott'm Forest,2025-12-27,2,93.0,0.0,1.0,0.1,0.3,6.0,0.0,0.171039041706111,0.2189619965095336,0.6099989617843553,2025-12-27,0.171039041706111,0.6099989617843553,4.176470588235294,0.0,4.176470588235294
2025-12-30:nottm forest:everton,nottm forest,FWD,1,Nott'm Forest,2025-12-30,2,89.0,0.0,0.0,0.48,0.36,3.0,0.0,0.5123111012207142,0.2764198405169359,0.2112690582623499,2025-12-30,0.5123111012207142,0.2112690582623499,4.277777777777778,0.0,4.277777777777778
2026-01-03:aston villa:nottm forest,nottm forest,FWD,0,Nott'm Forest,2026-01-03,2,89.0,0.0,0.0,0.11,0.0,3.0,0.0,0.5125886361261743,0.2646859542713363,0.2227254096024892,2026-01-03,0.2227254096024892,0.5125886361261743,4.2105263157894735,0.0,4.2105263157894735
2026-01-06:west ham:nottm forest,nottm forest,FWD,0,Nott'm Forest,2026-01-06,1,90.0,0.0,0.0,0.02,0.01,2.0,0.0,0.3235693837247664,0.2748728402781422,0.4015577759970914,2026-01-06,0.4015577759970914,0.3235693837247664,4.15,0.0,4.15
2026-01-17:nottm forest:arsenal,nottm forest,FWD,1,Nott'm Forest,2026-01-17,1,75.0,0.0,0.0,0.0,0.01,2.0,1.0,0.1494307738298077,0.236862118987376,0.6137071071828163,2026-01-17,0.1494307738298077,0.6137071071828163,4.0476190476190474,0.0,4.0476190476190474
2026-01-25:brentford:nottm forest,nottm forest,FWD,0,Nott'm Forest,2026-01-25,2,89.0,2.0,0.0,0.62,0.01,15.0,1.0,0.5296049526027676,0.2645843948047461,0.2058106525924863,2026-01-25,0.2058106525924863,0.5296049526027676,3.9545454545454546,0.0,3.9545454545454546
2026-02-01:nottm forest:crystal palace,nottm forest,FWD,1,Nott'm Forest,2026-02-01,1,69.0,0.0,0.0,0.12,0.0,2.0,0.0,0.4628832602915292,0.2903246301799415,0.2467921095285292,2026-02-01,0.4628832602915292,0.2467921095285292,4.434782608695652,0.0,4.434782608695652
2026-02-06:leeds:nottm forest,nottm forest,FWD,0,Nott'm Forest,2026-02-06,2,89.0,1.0,0.0,0.25,0.01,6.0,0.0,0.4511029870743723,0.2757914411131296,0.273105571812498,2026-02-06,0.273105571812498,0.4511029870743723,4.333333333333333,0.0,4.333333333333333
2026-02-11:nottm forest:wolves,nottm forest,FWD,1,Nott'm Forest,2026-02-11,2,89.0,0.0,0.0,0.8900000000000001,0.0,3.0,1.0,0.5653821564118198,0.242493704030543,0.1921241395576372,2026-02-11,0.5653821564118198,0.1921241395576372,4.4,0.0,4.4
2026-02-22:nottm forest:liverpool,nottm forest,FWD,1,Nott'm Forest,2026-02-22,2,89.0,0.0,0.0,0.03,0.02,3.0,1.0,0.2382789330306391,0.2418195453101525,0.5199015216592083,2026-02-22,0.2382789330306391,0.5199015216592083,4.346153846153846,0.0,4.346153846153846
2026-03-01:brighton:nottm forest,nottm forest,FWD,0,Nott'm Forest,2026-03-01,2,89.0,0.0,1.0,0.32,0.04,6.0,0.0,0.4618367101726698,0.2729977727738915,0.2651655170534386,2026-03-01,0.2651655170534386,0.4618367101726698,4.296296296296297,0.0,4.296296296296297
2026-03-04:man city:nottm forest,nottm forest,FWD,0,Nott'm Forest,2026-03-04,2,89.0,0.0,1.0,0.05,0.16,6.0,0.0,0.7104736913325994,0.1831817605070048,0.1063445481603957,2026-03-04,0.1063445481603957,0.7104736913325994,4.357142857142857,0.0,4.357142857142857
2026-03-15:nottm forest:fulham,nottm forest,FWD,1,Nott'm Forest,2026-03-15,2,89.0,0.0,0.0,0.5700000000000001,0.0,3.0,1.0,0.4195887945769802,0.281289434905035,0.2991217705179848,2026-03-15,0.4195887945769802,0.2991217705179848,4.413793103448276,0.0,4.413793103448276
2026-03-22:spurs:nottm forest,nottm forest,FWD,0,Nott'm Forest,2026-03-22,2,89.0,2.0,0.0,0.64,0.01,12.0,1.0,0.4041399763212944,0.2828425743837692,0.3130174492949363,2026-03-22,0.3130174492949363,0.4041399763212944,4.366666666666666,0.0,4.366666666666666
2026-04-12:nottm forest:aston villa,nottm forest,FWD,1,Nott'm Forest,2026-04-12,2,113.0,0.0,0.0,0.4599999999999999,0.0999999999999999,3.0,0.0,0.4072245032987665,0.2793049547261748,0.3134705419750586,2026-04-12,0.4072245032987665,0.3134705419750586,4.612903225806452,0.0,4.612903225806452
2026-04-19:nottm forest:burnley,nottm forest,FWD,1,Nott'm Forest,2026-04-19,2,120.0,1.0,0.0,0.39,0.02,9.0,0.0,0.6747686594304744,0.2041070753925782,0.1211242651769474,2026-04-19,0.6747686594304744,0.1211242651769474,4.5625,0.0,4.5625
2026-04-24:sunderland:nottm forest,nottm forest,FWD,0,Nott'm Forest,2026-04-24,3,155.0,2.0,3.0,0.66,0.08,25.0,1.0,0.3558585636619406,0.3009500179662152,0.3431914183718442,2026-04-24,0.3431914183718442,0.3558585636619406,4.696969696969697,0.0,4.696969696969697
2026-05-04:chelsea:nottm forest,nottm forest,FWD,0,Nott'm Forest,2026-05-04,3,159.0,3.0,1.0,1.94,0.01,22.0,0.0,0.6997496426629848,0.1849174796789225,0.1153328776580926,2026-05-04,0.1153328776580926,0.6997496426629848,5.294117647058823,0.0,5.294117647058823
2026-05-10:nottm forest:newcastle,nottm forest,FWD,1,Nott'm Forest,2026-05-10,4,178.0,0.0,0.0,0.51,0.09,5.0,1.0,0.2838363013053714,0.2683120420613334,0.4478516566332952,2026-05-10,0.2838363013053714,0.4478516566332952,5.771428571428571,0.0,5.771428571428571
2026-05-17:man utd:nottm forest,nottm forest,FWD,0,Nott'm Forest,2026-05-17,3,172.0,0.0,0.0,0.26,0.36,5.0,0.0,0.6288663431322682,0.2013631829137087,0.1697704739540232,2026-05-17,0.1697704739540232,0.6288663431322682,5.75,0.0,5.75
2026-05-24:nottm forest:bournemouth,nottm forest,FWD,1,Nott'm Forest,2026-05-24,3,179.0,0.0,0.0,0.93,0.12,4.0,0.0,0.2593071524687292,0.2467650579678163,0.4939277895634544,2026-05-24,0.2593071524687292,0.4939277895634544,5.72972972972973,0.0,5.72972972972973
2025-08-17:nottm forest:brentford,nottm forest,GKP,1,Nott'm Forest,2025-08-17,1,90.0,0.0,0.0,0.0,0.0,2.0,0.0,0.5098809890482152,0.2708035449847328,0.2193154659670521,2025-08-17,0.5098809890482152,0.2193154659670521,3.785226422791126,0.41154221226481,3.373684210526316
2025-08-24:crystal palace:nottm forest,nottm forest,GKP,0,Nott'm Forest,2025-08-24,1,90.0,0.0,0.0,0.0,0.0,2.0,0.0,0.4021888679417777,0.2896029687875263,0.3082081632706959,2025-08-24,0.3082081632706959,0.4021888679417777,3.315457274326109,1.3154572743261088,2.0
2025-08-31:nottm forest:west ham,nottm forest,GKP,1,Nott'm Forest,2025-08-31,1,90.0,0.0,0.0,0.0,0.0,2.0,0.0,0.5942403554972079,0.2276874660140517,0.1780721784887402,2025-08-31,0.5942403554972079,0.1780721784887402,3.891173071288769,1.8911730712887689,2.0
2025-09-13:arsenal:nottm forest,nottm forest,GKP,0,Nott'm Forest,2025-09-13,1,90.0,0.0,0.0,0.0,0.0,1.0,0.0,0.7009477740536715,0.1878238319234494,0.1112283940228791,2025-09-13,0.1112283940228791,0.7009477740536715,2.5479989375477445,0.5479989375477445,2.0
2025-09-20:burnley:nottm forest,nottm forest,GKP,0,Nott'm Forest,2025-09-20,1,90.0,0.0,0.0,0.0,0.0,3.0,0.0,0.2737237770897652,0.2827990428603215,0.4434771800499132,2025-09-20,0.4434771800499132,0.2737237770897652,3.645461176945975,1.8954611769459748,1.75
2025-09-27:nottm forest:sunderland,nottm forest,GKP,1,Nott'm Forest,2025-09-27,1,90.0,0.0,0.0,0.0,0.0,2.0,0.0,0.5592188306695749,0.2508348911373194,0.1899462781931056,2025-09-27,0.5592188306695749,0.1899462781931056,3.8606706272664315,1.8606706272664315,2.0
2025-10-05:newcastle:nottm forest,nottm forest,GKP,0,Nott'm Forest,2025-10-05,1,90.0,0.0,0.0,0.0,0.0,3.0,0.0,0.6525144813400425,0.2049089496138719,0.1425765690460854,2025-10-05,0.1425765690460854,0.6525144813400425,2.6724154269319302,0.6724154269319302,2.0
2025-10-18:nottm forest:chelsea,nottm forest,GKP,1,Nott'm Forest,2025-10-18,1,90.0,0.0,0.0,0.0,0.0,2.0,0.0,0.3056967159054999,0.2706161725084183,0.4236871115860816,2025-10-18,0.3056967159054999,0.4236871115860816,3.2602321212900547,1.117374978432912,2.142857142857143
2025-10-26:bournemouth:nottm forest,nottm forest,GKP,0,Nott'm Forest,2025-10-26,1,90.0,0.0,0.0,0.0,0.01,2.0,0.0,0.4992582500504438,0.2589499502007029,0.2417917997488532,2025-10-26,0.2417917997488532,0.4992582500504438,3.06610334705835,0.9411033470583501,2.125
2025-11-01:nottm forest:man utd,nottm forest,GKP,1,Nott'm Forest,2025-11-01,1,90.0,0.0,0.0,0.0,0.03,2.0,0.0,0.2869669746462254,0.2559202173144018,0.4571128080393729,2025-11-01,0.2869669746462254,0.4571128080393729,3.1743674696230895,1.0632563585119783,2.111111111111111
2025-11-09:nottm forest:leeds,nottm forest,GKP,1,Nott'm Forest,2025-11-09,1,90.0,0.0,0.0,0.0,0.0,2.0,0.0,0.4323741088914895,0.298911449602745,0.2687144415057654,2025-11-09,0.4323741088914895,0.2687144415057654,3.6583292664891243,1.5583292664891242,2.1
2025-11-22:liverpool:nottm forest,nottm forest,GKP,0,Nott'm Forest,2025-11-22,1,90.0,0.0,0.0,0.0,0.02,7.0,1.0,0.6796293862558919,0.1934465164970564,0.1269240972470517,2025-11-22,0.1269240972470517,0.6796293862558919,2.6027620729970105,0.5118529820879196,2.090909090909091
2025-11-30:nottm forest:brighton,nottm forest,GKP,1,Nott'm Forest,2025-11-30,1,90.0,0.0,0.0,0.0,0.0,2.0,0.0,0.3331130521278679,0.2850267765323044,0.3818601713398276,2025-11-30,0.3331130521278679,0.3818601713398276,3.367678069635761,0.8676780696357609,2.5
2025-12-03:wolves:nottm forest,nottm forest,GKP,0,Nott'm Forest,2025-12-03,1,90.0,0.0,0.0,0.0,0.0,6.0,1.0,0.3037886967501171,0.2904829934688018,0.4057283097810811,2025-12-03,0.4057283097810811,0.3037886967501171,3.568229761360101,1.1066912998216392,2.4615384615384617
2025-12-06:everton:nottm forest,nottm forest,GKP,0,Nott'm Forest,2025-12-06,1,90.0,0.0,0.0,0.0,0.0,2.0,0.0,0.4660015324570216,0.2854646243921445,0.2485338431508338,2025-12-06,0.2485338431508338,0.4660015324570216,3.1515339221769922,0.43724820789127783,2.7142857142857144
2025-12-14:nottm forest:spurs,nottm forest,GKP,1,Nott'm Forest,2025-12-14,1,90.0,0.0,0.0,0.0,0.0,6.0,1.0,0.3643968469352626,0.2828102757222098,0.3527928773425276,2025-12-14,0.3643968469352626,0.3527928773425276,3.4423467628510873,0.7756800961844208,2.6666666666666665
2025-12-22:fulham:nottm forest,nottm forest,GKP,0,Nott'm Forest,2025-12-22,1,90.0,0.0,0.0,0.0,0.0,1.0,0.0,0.3745217543167675,0.2802468528808365,0.3452313928023959,2025-12-22,0.3452313928023959,0.3745217543167675,3.386529153931117,0.5115291539311171,2.875
2025-12-27:nottm forest:man city,nottm forest,GKP,1,Nott'm Forest,2025-12-27,1,90.0,0.0,0.0,0.0,0.0,2.0,0.0,0.171039041706111,0.2189619965095336,0.6099989617843553,2025-12-27,0.171039041706111,0.6099989617843553,2.781630212693849,0.0169243303409079,2.764705882352941
2025-12-30:nottm forest:everton,nottm forest,GKP,1,Nott'm Forest,2025-12-30,1,90.0,0.0,0.0,0.0,0.0,1.0,0.0,0.5123111012207142,0.2764198405169359,0.2112690582623499,2025-12-30,0.5123111012207142,0.2112690582623499,3.8058962088552724,1.08367398663305,2.7222222222222223
2026-01-03:aston villa:nottm forest,nottm forest,GKP,0,Nott'm Forest,2026-01-03,2,89.0,0.0,0.0,0.0,0.0,2.0,0.0,0.5125886361261743,0.2646859542713363,0.2227254096024892,2026-01-03,0.2227254096024892,0.5125886361261743,3.0318599631223346,0.4002810157539134,2.6315789473684212
2026-01-06:west ham:nottm forest,nottm forest,GKP,0,Nott'm Forest,2026-01-06,1,90.0,0.0,0.0,0.0,0.0,3.0,0.0,0.3235693837247664,0.2748728402781422,0.4015577759970914,2026-01-06,0.4015577759970914,0.3235693837247664,3.5174167050282765,0.9174167050282764,2.6
2026-01-17:nottm forest:arsenal,nottm forest,GKP,1,Nott'm Forest,2026-01-17,1,90.0,0.0,0.0,0.0,0.0,10.0,1.0,0.1494307738298077,0.236862118987376,0.6137071071828163,2026-01-17,0.1494307738298077,0.6137071071828163,2.772104648629261,0.15305702958164202,2.619047619047619
2026-01-25:brentford:nottm forest,nottm forest,GKP,0,Nott'm Forest,2026-01-25,1,90.0,0.0,0.0,0.0,0.0,6.0,1.0,0.5296049526027676,0.2645843948047461,0.2058106525924863,2026-01-25,0.2058106525924863,0.5296049526027676,2.9881480814878185,0.03360262694236393,2.9545454545454546
2026-02-01:nottm forest:crystal palace,nottm forest,GKP,1,Nott'm Forest,2026-02-01,2,90.0,0.0,0.0,0.0,0.0,2.0,0.0,0.4628832602915292,0.2903246301799415,0.2467921095285292,2026-02-01,0.4628832602915292,0.2467921095285292,3.7146438268030235,0.6276873050638931,3.0869565217391304
2026-02-06:leeds:nottm forest,nottm forest,GKP,0,Nott'm Forest,2026-02-06,1,90.0,0.0,0.0,0.0,0.01,1.0,0.0,0.4511029870743723,0.2757914411131296,0.273105571812498,2026-02-06,0.273105571812498,0.4511029870743723,3.1898056276420763,0.1481389609754098,3.0416666666666665
2026-02-11:nottm forest:wolves,nottm forest,GKP,1,Nott'm Forest,2026-02-11,1,90.0,0.0,0.0,0.0,0.0,7.0,1.0,0.5653821564118198,0.242493704030543,0.1921241395576372,2026-02-11,0.5653821564118198,0.1921241395576372,3.855076089910845,0.895076089910845,2.96
2026-02-22:nottm forest:liverpool,nottm forest,GKP,1,Nott'm Forest,2026-02-22,1,90.0,0.0,0.0,0.0,0.0,3.0,0.0,0.2382789330306391,0.2418195453101525,0.5199015216592083,2026-02-22,0.2382789330306391,0.5199015216592083,3.013074464670513,-0.10231015071410221,3.1153846153846154
2026-03-01:brighton:nottm forest,nottm forest,GKP,0,Nott'm Forest,2026-03-01,1,90.0,0.0,0.0,0.0,0.0,2.0,0.0,0.4618367101726698,0.2729977727738915,0.2651655170534386,2026-03-01,0.2651655170534386,0.4618367101726698,3.162232607698786,0.05112149658767473,3.111111111111111
2026-03-04:man city:nottm forest,nottm forest,GKP,0,Nott'm Forest,2026-03-04,1,90.0,0.0,0.0,0.0,0.0,1.0,0.0,0.7104736913325994,0.1831817605070048,0.1063445481603957,2026-03-04,0.1063445481603957,0.7104736913325994,2.523528555304357,-0.5479000161242147,3.0714285714285716
2026-03-15:nottm forest:fulham,nottm forest,GKP,1,Nott'm Forest,2026-03-15,1,90.0,0.0,0.0,0.0,0.0,6.0,1.0,0.4195887945769802,0.281289434905035,0.2991217705179848,2026-03-15,0.4195887945769802,0.2991217705179848,3.580218262357752,0.5802182623577519,3.0
2026-03-22:spurs:nottm forest,nottm forest,GKP,0,Nott'm Forest,2026-03-22,1,90.0,0.0,0.0,0.0,0.0,7.0,1.0,0.4041399763212944,0.2828425743837692,0.3130174492949363,2026-03-22,0.3130174492949363,0.4041399763212944,3.3104452249405174,0.21044522494051732,3.1
2026-04-12:nottm forest:aston villa,nottm forest,GKP,1,Nott'm Forest,2026-04-12,1,90.0,0.0,0.0,0.0,0.0,3.0,0.0,0.4072245032987665,0.2793049547261748,0.3134705419750586,2026-04-12,0.4072245032987665,0.3134705419750586,3.5433588280380452,0.3175523764251422,3.225806451612903
2026-04-19:nottm forest:burnley,nottm forest,GKP,1,Nott'm Forest,2026-04-19,1,90.0,0.0,0.0,0.0,0.0,2.0,0.0,0.6747686594304744,0.2041070753925782,0.1211242651769474,2026-04-19,0.6747686594304744,0.1211242651769474,4.037462102139947,0.8187121021399468,3.21875
2026-04-24:sunderland:nottm forest,nottm forest,GKP,0,Nott'm Forest,2026-04-24,1,90.0,0.0,0.0,0.0,0.0,7.0,1.0,0.3558585636619406,0.3009500179662152,0.3431914183718442,2026-04-24,0.3431914183718442,0.3558585636619406,3.4344715615578423,0.2526533797396606,3.1818181818181817
2026-05-04:chelsea:nottm forest,nottm forest,GKP,0,Nott'm Forest,2026-05-04,1,90.0,0.0,0.0,0.0,0.0,8.0,0.0,0.6997496426629848,0.1849174796789225,0.1153328776580926,2026-05-04,0.1153328776580926,0.6997496426629848,2.5510767233660996,-0.7430409236927238,3.2941176470588234
2026-05-10:nottm forest:newcastle,nottm forest,GKP,1,Nott'm Forest,2026-05-10,1,90.0,0.0,0.0,0.0,0.0,3.0,0.0,0.2838363013053714,0.2683120420613334,0.4478516566332952,2026-05-10,0.2838363013053714,0.4478516566332952,3.1981577155684238,-0.23041371300300462,3.4285714285714284
2026-05-17:man utd:nottm forest,nottm forest,GKP,0,Nott'm Forest,2026-05-17,1,90.0,0.0,0.0,0.0,0.0,2.0,0.0,0.6288663431322682,0.2013631829137087,0.1697704739540232,2026-05-17,0.1697704739540232,0.6288663431322682,2.7331632756004014,-0.6835033910662651,3.4166666666666665
2026-05-24:nottm forest:bournemouth,nottm forest,GKP,1,Nott'm Forest,2026-05-24,1,90.0,0.0,0.0,0.0,0.0,3.0,0.0,0.2593071524687292,0.2467650579678163,0.4939277895634544,2026-05-24,0.2593071524687292,0.4939277895634544,3.079796349194579,-0.2985820291837995,3.3783783783783785
2025-08-17:nottm forest:brentford,nottm forest,MID,1,Nott'm Forest,2025-08-17,7,448.0,1.0,2.0,0.91,0.8300000000000001,26.0,0.0,0.5098809890482152,0.2708035449847328,0.2193154659670521,2025-08-17,0.5098809890482152,0.2193154659670521,22.828396474010553,2.3349754213789744,20.49342105263158
2025-08-24:crystal palace:nottm forest,nottm forest,MID,0,Nott'm Forest,2025-08-24,8,427.0,1.0,1.0,0.63,0.54,26.0,0.0,0.4021888679417777,0.2896029687875263,0.3082081632706959,2025-08-24,0.3082081632706959,0.4021888679417777,19.216053497639372,-6.783946502360628,26.0
2025-08-31:nottm forest:west ham,nottm forest,MID,1,Nott'm Forest,2025-08-31,7,446.0,0.0,0.0,0.21,0.43,13.0,0.0,0.5942403554972079,0.2276874660140517,0.1780721784887402,2025-08-31,0.5942403554972079,0.1780721784887402,24.339432795876334,-1.6605672041236659,26.0
2025-09-13:arsenal:nottm forest,nottm forest,MID,0,Nott'm Forest,2025-09-13,8,447.0,0.0,0.0,0.04,0.1,14.0,0.0,0.7009477740536715,0.1878238319234494,0.1112283940228791,2025-09-13,0.1112283940228791,0.7009477740536715,15.687772068615605,-5.978894598051063,21.666666666666668
2025-09-20:burnley:nottm forest,nottm forest,MID,0,Nott'm Forest,2025-09-20,7,433.0,0.0,1.0,0.21,0.55,16.0,0.0,0.2737237770897652,0.2827990428603215,0.4434771800499132,2025-09-20,0.4434771800499132,0.2737237770897652,21.63897825608995,1.888978256089949,19.75
2025-09-27:nottm forest:sunderland,nottm forest,MID,1,Nott'm Forest,2025-09-27,8,417.0,0.0,0.0,0.65,0.76,10.0,0.0,0.5592188306695749,0.2508348911373194,0.1899462781931056,2025-09-27,0.5592188306695749,0.1899462781931056,23.712130834170935,4.712130834170935,19.0
2025-10-05:newcastle:nottm forest,nottm forest,MID,0,Nott'm Forest,2025-10-05,7,371.0,0.0,0.0,0.26,0.22,11.0,0.0,0.6525144813400425,0.2049089496138719,0.1425765690460854,2025-10-05,0.1425765690460854,0.6525144813400425,16.249277365278914,-1.250722634721086,17.5
2025-10-18:nottm forest:chelsea,nottm forest,MID,1,Nott'm Forest,2025-10-18,5,359.0,0.0,0.0,0.75,1.16,9.0,0.0,0.3056967159054999,0.2706161725084183,0.4236871115860816,2025-10-18,0.3056967159054999,0.4236871115860816,19.171068709950625,2.5996401385220516,16.571428571428573
2025-10-26:bournemouth:nottm forest,nottm forest,MID,0,Nott'm Forest,2025-10-26,8,447.0,0.0,0.0,0.15,0.27,10.0,0.0,0.4992582500504438,0.2589499502007029,0.2417917997488532,2025-10-26,0.2417917997488532,0.4992582500504438,18.02641040438041,2.4014104043804103,15.625
2025-11-01:nottm forest:man utd,nottm forest,MID,1,Nott'm Forest,2025-11-01,7,450.0,1.0,1.0,0.6,0.75,22.0,0.0,0.2869669746462254,0.2559202173144018,0.4571128080393729,2025-11-01,0.2869669746462254,0.4571128080393729,18.83558350500869,3.835583505008689,15.0
2025-11-09:nottm forest:leeds,nottm forest,MID,1,Nott'm Forest,2025-11-09,7,445.0,3.0,3.0,1.94,1.05,39.0,0.0,0.4323741088914895,0.298911449602745,0.2687144415057654,2025-11-09,0.4323741088914895,0.2687144415057654,21.440101183977475,5.740101183977476,15.7
2025-11-22:liverpool:nottm forest,nottm forest,MID,0,Nott'm Forest,2025-11-22,8,452.0,1.0,2.0,0.93,0.2299999999999999,32.0,1.0,0.6796293862558919,0.1934465164970564,0.1269240972470517,2025-11-22,0.1269240972470517,0.6796293862558919,15.96891189537439,-1.8492699228074265,17.818181818181817
2025-11-30:nottm forest:brighton,nottm forest,MID,1,Nott'm Forest,2025-11-30,9,448.0,0.0,0.0,0.45,0.45,18.0,0.0,0.3331130521278679,0.2850267765323044,0.3818601713398276,2025-11-30,0.3331130521278679,0.3818601713398276,19.66214731317284,0.6621473131728415,19.0
2025-12-03:wolves:nottm forest,nottm forest,MID,0,Nott'm Forest,2025-12-03,8,449.0,0.0,1.0,0.41,0.95,20.0,1.0,0.3037886967501171,0.2904829934688018,0.4057283097810811,2025-12-03,0.4057283097810811,0.3037886967501171,20.962824362496004,2.039747439419081,18.923076923076923
2025-12-06:everton:nottm forest,nottm forest,MID,0,Nott'm Forest,2025-12-06,8,449.0,0.0,0.0,0.36,0.0699999999999999,13.0,0.0,0.4660015324570216,0.2854646243921445,0.2485338431508338,2025-12-06,0.2485338431508338,0.4660015324570216,18.147173194486808,-0.8528268055131925,19.0
2025-12-14:nottm forest:spurs,nottm forest,MID,1,Nott'm Forest,2025-12-14,7,456.0,3.0,3.0,1.97,0.97,50.0,1.0,0.3643968469352626,0.2828102757222098,0.3527928773425276,2025-12-14,0.3643968469352626,0.3527928773425276,20.222499438011894,1.622499438011893,18.6
2025-12-22:fulham:nottm forest,nottm forest,MID,0,Nott'm Forest,2025-12-22,7,448.0,0.0,0.0,0.19,0.3,13.0,0.0,0.3745217543167675,0.2802468528808365,0.3452313928023959,2025-12-22,0.3452313928023959,0.3745217543167675,19.879209788754935,-0.6832902112450654,20.5625
2025-12-27:nottm forest:man city,nottm forest,MID,1,Nott'm Forest,2025-12-27,6,447.0,1.0,0.0,0.32,0.1699999999999999,19.0,0.0,0.171039041706111,0.2189619965095336,0.6099989617843553,2025-12-27,0.171039041706111,0.6099989617843553,16.75909425710461,-3.3585528017189183,20.11764705882353
2025-12-30:nottm forest:everton,nottm forest,MID,1,Nott'm Forest,2025-12-30,7,449.0,0.0,0.0,0.8800000000000001,1.09,12.0,0.0,0.5123111012207142,0.2764198405169359,0.2112690582623499,2025-12-30,0.5123111012207142,0.2112690582623499,22.87192439406759,2.816368838512034,20.055555555555557
2026-01-03:aston villa:nottm forest,nottm forest,MID,0,Nott'm Forest,2026-01-03,7,448.0,1.0,1.0,0.75,0.49,23.0,0.0,0.5125886361261743,0.2646859542713363,0.2227254096024892,2026-01-03,0.2227254096024892,0.5125886361261743,17.684895179091946,-1.9466837682764755,19.63157894736842
2026-01-06:west ham:nottm forest,nottm forest,MID,0,Nott'm Forest,2026-01-06,6,451.0,2.0,1.0,1.16,0.44,30.0,0.0,0.3235693837247664,0.2748728402781422,0.4015577759970914,2026-01-06,0.4015577759970914,0.3235693837247664,20.888122188991808,1.0881221889918073,19.8
2026-01-17:nottm forest:arsenal,nottm forest,MID,1,Nott'm Forest,2026-01-17,7,463.0,0.0,0.0,0.3299999999999999,0.31,19.0,1.0,0.1494307738298077,0.236862118987376,0.6137071071828163,2026-01-17,0.1494307738298077,0.6137071071828163,16.37204917855436,-3.9136651071599253,20.285714285714285
2026-01-25:brentford:nottm forest,nottm forest,MID,0,Nott'm Forest,2026-01-25,6,445.0,0.0,1.0,0.15,0.16,23.0,1.0,0.5296049526027676,0.2645843948047461,0.2058106525924863,2026-01-25,0.2058106525924863,0.5296049526027676,17.381919785919663,-2.845352941353063,20.227272727272727
2026-02-01:nottm forest:crystal palace,nottm forest,MID,1,Nott'm Forest,2026-02-01,7,425.0,1.0,0.0,0.31,0.22,21.0,0.0,0.4628832602915292,0.2903246301799415,0.2467921095285292,2026-02-01,0.4628832602915292,0.2467921095285292,21.986577975533713,1.6387518885771897,20.347826086956523
2026-02-06:leeds:nottm forest,nottm forest,MID,0,Nott'm Forest,2026-02-06,8,447.0,0.0,1.0,0.6,0.88,16.0,0.0,0.4511029870743723,0.2757914411131296,0.273105571812498,2026-02-06,0.273105571812498,0.4511029870743723,18.587299478759636,-1.7877005212403638,20.375
2026-02-11:nottm forest:wolves,nottm forest,MID,1,Nott'm Forest,2026-02-11,6,449.0,0.0,0.0,1.14,1.28,18.0,1.0,0.5653821564118198,0.242493704030543,0.1921241395576372,2026-02-11,0.5653821564118198,0.1921241395576372,23.8225276928962,3.6225276928962025,20.2
2026-02-22:nottm forest:liverpool,nottm forest,MID,1,Nott'm Forest,2026-02-22,9,448.0,0.0,0.0,0.96,0.44,21.0,1.0,0.2382789330306391,0.2418195453101525,0.5199015216592083,2026-02-22,0.2382789330306391,0.5199015216592083,17.963488295923085,-2.1518963194615317,20.115384615384617
2026-03-01:brighton:nottm forest,nottm forest,MID,0,Nott'm Forest,2026-03-01,7,422.0,1.0,0.0,0.47,0.44,17.0,0.0,0.4618367101726698,0.2729977727738915,0.2651655170534386,2026-03-01,0.2651655170534386,0.4618367101726698,18.445078032065908,-1.703070116082241,20.14814814814815
2026-03-04:man city:nottm forest,nottm forest,MID,0,Nott'm Forest,2026-03-04,6,360.0,2.0,1.0,0.92,0.16,28.0,0.0,0.7104736913325994,0.1831817605070048,0.1063445481603957,2026-03-04,0.1063445481603957,0.7104736913325994,15.600293122302412,-4.435421163411872,20.035714285714285
2026-03-15:nottm forest:fulham,nottm forest,MID,1,Nott'm Forest,2026-03-15,9,448.0,0.0,0.0,0.21,0.47,14.0,1.0,0.4195887945769802,0.281289434905035,0.2991217705179848,2026-03-15,0.4195887945769802,0.2991217705179848,21.21109194494561,0.9007471173594048,20.310344827586206
2026-03-22:spurs:nottm forest,nottm forest,MID,0,Nott'm Forest,2026-03-22,9,450.0,1.0,1.0,0.77,0.51,30.0,1.0,0.4041399763212944,0.2828425743837692,0.3130174492949363,2026-03-22,0.3130174492949363,0.4041399763212944,19.302196935775108,-0.7978030642248939,20.1
2026-04-12:nottm forest:aston villa,nottm forest,MID,1,Nott'm Forest,2026-04-12,8,425.0,0.0,1.0,0.44,0.48,21.0,0.0,0.4072245032987665,0.2793049547261748,0.3134705419750586,2026-04-12,0.4072245032987665,0.3134705419750586,20.989624027369373,0.5702691886596973,20.419354838709676
2026-04-19:nottm forest:burnley,nottm forest,MID,1,Nott'm Forest,2026-04-19,7,415.0,3.0,3.0,0.73,0.47,40.0,0.0,0.6747686594304744,0.2041070753925782,0.1211242651769474,2026-04-19,0.6747686594304744,0.1211242651769474,25.78184751878664,5.344347518786641,20.4375
2026-04-24:sunderland:nottm forest,nottm forest,MID,0,Nott'm Forest,2026-04-24,6,359.0,2.0,1.0,0.37,0.33,26.0,1.0,0.3558585636619406,0.3009500179662152,0.3431914183718442,2026-04-24,0.3431914183718442,0.3558585636619406,19.842669975928047,-1.1876330543749845,21.03030303030303
2026-05-04:chelsea:nottm forest,nottm forest,MID,0,Nott'm Forest,2026-05-04,7,379.0,0.0,2.0,0.11,0.9,20.0,1.0,0.6997496426629848,0.1849174796789225,0.1153328776580926,2026-05-04,0.1153328776580926,0.6997496426629848,15.761291158627516,-5.415179429607777,21.176470588235293
2026-05-10:nottm forest:newcastle,nottm forest,MID,1,Nott'm Forest,2026-05-10,6,276.0,1.0,1.0,0.43,0.4800000000000001,21.0,1.0,0.2838363013053714,0.2683120420613334,0.4478516566332952,2026-05-10,0.2838363013053714,0.4478516566332952,18.77950720513762,-2.363349937719523,21.142857142857142
2026-05-17:man utd:nottm forest,nottm forest,MID,0,Nott'm Forest,2026-05-17,7,364.0,1.0,2.0,1.11,1.09,26.0,0.0,0.6288663431322682,0.2013631829137087,0.1697704739540232,2026-05-17,0.1697704739540232,0.6288663431322682,16.73637180160453,-4.402517087284359,21.13888888888889
2026-05-24:nottm forest:bournemouth,nottm forest,MID,1,Nott'm Forest,2026-05-24,7,357.0,1.0,1.0,0.74,0.62,23.0,0.0,0.2593071524687292,0.2467650579678163,0.4939277895634544,2026-05-24,0.2593071524687292,0.4939277895634544,18.34014360632457,-2.9301266639456998,21.27027027027027
2025-08-16:spurs:burnley,spurs,DEF,1,Spurs,2025-08-16,4,360.0,0.0,0.0,0.7899999999999999,0.36,24.0,1.0,0.6342647111408798,0.2272341100432418,0.1385011788158784,2025-08-16,0.6342647111408798,0.1385011788158784,19.5018399506666,3.6623662664560737,15.839473684210526
2025-08-23:man city:spurs,spurs,DEF,0,Spurs,2025-08-23,5,361.0,0.0,0.0,0.08,0.15,25.0,1.0,0.6393375427097084,0.1994851989998035,0.1611772582904879,2025-08-23,0.1611772582904879,0.6393375427097084,11.891519853902778,-12.108480146097222,24.0
2025-08-30:spurs:bournemouth,spurs,DEF,1,Spurs,2025-08-30,5,359.0,0.0,0.0,0.03,0.12,9.0,0.0,0.5151768508358865,0.245611052299158,0.2392120968649554,2025-08-30,0.5151768508358865,0.2392120968649554,17.97151512034957,-6.528484879650431,24.5
2025-09-13:west ham:spurs,spurs,DEF,0,Spurs,2025-09-13,6,358.0,1.0,1.0,0.16,0.53,39.0,1.0,0.287504874445436,0.2661083026565234,0.4463868228980405,2025-09-13,0.4463868228980405,0.287504874445436,17.237695609138544,-2.0956377241947877,19.333333333333332
2025-09-20:brighton:spurs,spurs,DEF,0,Spurs,2025-09-20,5,359.0,0.0,0.0,0.0,0.17,6.0,0.0,0.4454390656542685,0.255257804191518,0.2993031301542134,2025-09-20,0.2993031301542134,0.4454390656542685,14.837850398263422,-9.412149601736578,24.25
2025-09-27:spurs:wolves,spurs,DEF,1,Spurs,2025-09-27,5,352.0,0.0,0.0,0.04,0.28,9.0,0.0,0.6437106998509815,0.2132285940989117,0.1430607060501067,2025-09-27,0.6437106998509815,0.1430607060501067,19.43255691883438,-1.1674430811656222,20.6
2025-10-04:leeds:spurs,spurs,DEF,0,Spurs,2025-10-04,5,365.0,0.0,1.0,0.0,0.1,13.0,0.0,0.3458354489080169,0.2790621301359102,0.375102420956073,2025-10-04,0.375102420956073,0.3458354489080169,16.351349538663396,-2.3153171280032723,18.666666666666668
2025-10-19:spurs:aston villa,spurs,DEF,1,Spurs,2025-10-19,4,355.0,0.0,0.0,0.1,0.07,2.0,0.0,0.4304226860998624,0.2776602546144194,0.2919170592857181,2025-10-19,0.4304226860998624,0.2919170592857181,17.170651477798764,-0.6864913793440941,17.857142857142858
2025-10-26:everton:spurs,spurs,DEF,0,Spurs,2025-10-26,4,360.0,2.0,1.0,1.07,0.36,49.0,1.0,0.4388834440792065,0.2796340749305097,0.2814824809902838,2025-10-26,0.2814824809902838,0.4388834440792065,14.937464528179214,-0.9375354718207856,15.875
2025-11-01:spurs:chelsea,spurs,DEF,1,Spurs,2025-11-01,6,358.0,0.0,0.0,0.0,0.1,8.0,0.0,0.3123248459684,0.2708881545065957,0.4167869995250043,2025-11-01,0.3123248459684,0.4167869995250043,15.273224924549954,-4.282330631005603,19.555555555555557
2025-11-08:spurs:man utd,spurs,DEF,1,Spurs,2025-11-08,6,358.0,0.0,1.0,0.31,0.07,9.0,0.0,0.3269165712029485,0.2688886693279793,0.4041947594690721,2025-11-08,0.3269165712029485,0.4041947594690721,15.464566816771761,-2.9354331832282377,18.4
2025-11-23:arsenal:spurs,spurs,DEF,0,Spurs,2025-11-23,6,404.0,0.0,0.0,0.0,0.01,1.0,0.0,0.6710305350374077,0.2118708439088065,0.1170986210537856,2025-11-23,0.1170986210537856,0.6710305350374077,11.40993777674913,-6.135516768705417,17.545454545454547
2025-11-29:spurs:fulham,spurs,DEF,1,Spurs,2025-11-29,4,354.0,0.0,0.0,0.19,0.49,4.0,0.0,0.4110667115287058,0.2788652764559476,0.3100680120153466,2025-11-29,0.4110667115287058,0.3100680120153466,16.8948437084512,0.7281770417845337,16.166666666666668
2025-12-02:newcastle:spurs,spurs,DEF,0,Spurs,2025-12-02,4,360.0,2.0,0.0,0.33,0.05,22.0,0.0,0.5328717588424448,0.2432113532290364,0.2239168879285188,2025-12-02,0.2239168879285188,0.5328717588424448,13.509291152063767,-1.7214780787054629,15.23076923076923
2025-12-06:spurs:brentford,spurs,DEF,1,Spurs,2025-12-06,5,359.0,0.0,0.0,0.3899999999999999,0.31,24.0,1.0,0.3960122636786898,0.2782322138978332,0.3257555224234769,2025-12-06,0.3960122636786898,0.3257555224234769,16.656468493842198,0.9421827795564841,15.714285714285714
2025-12-14:nottm forest:spurs,spurs,DEF,0,Spurs,2025-12-14,5,359.0,0.0,0.0,0.14,0.06,3.0,0.0,0.3643968469352626,0.2828102757222098,0.3527928773425276,2025-12-14,0.3527928773425276,0.3643968469352626,16.069304961603244,-0.19736170506342177,16.266666666666666
2025-12-20:spurs:liverpool,spurs,DEF,1,Spurs,2025-12-20,4,360.0,0.0,0.0,0.09,0.25,2.0,0.0,0.2619068942174514,0.2578761035939674,0.4802170021885812,2025-12-20,0.2619068942174514,0.4802170021885812,14.309391906804596,-1.1281080931954044,15.4375
2025-12-28:crystal palace:spurs,spurs,DEF,0,Spurs,2025-12-28,5,365.0,0.0,0.0,0.08,0.15,32.0,1.0,0.4326949001864595,0.2761197924038664,0.2911853074096741,2025-12-28,0.2911853074096741,0.4326949001864595,15.031500830955865,0.38444200742645407,14.647058823529411
2026-01-01:brentford:spurs,spurs,DEF,0,Spurs,2026-01-01,4,360.0,0.0,0.0,0.13,0.12,31.0,1.0,0.4002156365141107,0.2745100204793367,0.3252743430065526,2026-01-01,0.3252743430065526,0.4002156365141107,15.52503047631158,-0.0860806347995311,15.61111111111111
2026-01-04:spurs:sunderland,spurs,DEF,1,Spurs,2026-01-04,5,359.0,1.0,1.0,0.65,0.54,23.0,0.0,0.4932081892014756,0.2748105583930533,0.2319812524054711,2026-01-04,0.4932081892014756,0.2319812524054711,18.081389412381313,1.6603367808023641,16.42105263157895
2026-01-07:bournemouth:spurs,spurs,DEF,0,Spurs,2026-01-07,4,360.0,0.0,0.0,0.52,0.5800000000000001,4.0,0.0,0.4447185615236004,0.263987173858917,0.2912942646174825,2026-01-07,0.2912942646174825,0.4447185615236004,14.848798619001219,-1.9012013809987813,16.75
2026-01-17:spurs:west ham,spurs,DEF,1,Spurs,2026-01-17,5,359.0,1.0,1.0,0.34,0.77,13.0,0.0,0.530392764313625,0.2484518251135966,0.2211554105727783,2026-01-17,0.530392764313625,0.2211554105727783,18.245890490184827,2.1030333473276848,16.142857142857142
2026-01-24:burnley:spurs,spurs,DEF,0,Spurs,2026-01-24,7,438.0,2.0,0.0,0.35,0.67,23.0,0.0,0.2380435500716076,0.279617509382321,0.4823389405460714,2026-01-24,0.4823389405460714,0.2380435500716076,17.98927144913585,1.989271449135849,16.0
2026-02-01:spurs:man city,spurs,DEF,1,Spurs,2026-02-01,4,226.0,0.0,0.0,0.06,0.02,3.0,0.0,0.1780721784887403,0.2276874660140517,0.594240355497208,2026-02-01,0.1780721784887403,0.594240355497208,12.576781657743298,-3.7275661683436585,16.304347826086957
2026-02-07:man utd:spurs,spurs,DEF,0,Spurs,2026-02-07,5,265.0,0.0,0.0,0.14,0.1399999999999999,-1.0,0.0,0.6171105796033627,0.2048698415067121,0.1780195788899251,2026-02-07,0.1780195788899251,0.6171105796033627,12.229263508742724,-3.520736491257276,15.75
2026-02-10:spurs:newcastle,spurs,DEF,1,Spurs,2026-02-10,3,270.0,0.0,0.0,0.29,0.02,6.0,0.0,0.3142833613725464,0.2573325441200751,0.4283840945073784,2026-02-10,0.3142833613725464,0.4283840945073784,15.0970044833618,0.017004483361800382,15.08
2026-02-22:spurs:arsenal,spurs,DEF,1,Spurs,2026-02-22,3,270.0,0.0,0.0,0.0,0.35,2.0,0.0,0.1139034799441945,0.2063904575983205,0.6797060624574849,2026-02-22,0.1139034799441945,0.6797060624574849,11.278111205368154,-3.4526580254010764,14.73076923076923
2026-03-01:fulham:spurs,spurs,DEF,0,Spurs,2026-03-01,5,280.0,0.0,0.0,0.21,0.11,5.0,0.0,0.4796514819122349,0.2516484690172199,0.2687000490705452,2026-03-01,0.2687000490705452,0.4796514819122349,14.317985113357622,0.05872585409836262,14.25925925925926
2026-03-05:spurs:crystal palace,spurs,DEF,1,Spurs,2026-03-05,4,242.0,0.0,0.0,0.16,0.02,1.0,0.0,0.3914621693335194,0.2751816367252757,0.3333561939412048,2026-03-05,0.3914621693335194,0.3333561939412048,16.54097459729173,2.6124031687203004,13.928571428571429
2026-03-15:liverpool:spurs,spurs,DEF,0,Spurs,2026-03-15,6,401.0,0.0,0.0,0.09,0.05,16.0,0.0,0.7612574688382169,0.1440277934502409,0.0947147377115422,2026-03-15,0.0947147377115422,0.7612574688382169,10.038919422100987,-3.443839198588668,13.482758620689655
2026-03-22:spurs:nottm forest,spurs,DEF,1,Spurs,2026-03-22,6,405.0,0.0,0.0,0.12,0.41,6.0,0.0,0.4041399763212944,0.2828425743837692,0.3130174492949363,2026-03-22,0.4041399763212944,0.3130174492949363,16.85002635208256,3.283359685415892,13.566666666666666
2026-04-12:sunderland:spurs,spurs,DEF,0,Spurs,2026-04-12,5,359.0,0.0,0.0,0.14,0.22,6.0,0.0,0.3435682357302128,0.2803178841284624,0.3761138801413249,2026-04-12,0.3761138801413249,0.3435682357302128,16.38580034785893,3.063219702697639,13.32258064516129
2026-04-18:spurs:brighton,spurs,DEF,1,Spurs,2026-04-18,5,359.0,1.0,0.0,0.18,0.07,16.0,0.0,0.3209769797903036,0.2436295385201989,0.4353934816894975,2026-04-18,0.3209769797903036,0.4353934816894975,14.990495283983085,1.8967452839830852,13.09375
2026-04-25:wolves:spurs,spurs,DEF,0,Spurs,2026-04-25,5,361.0,0.0,0.0,0.04,0.11,28.0,1.0,0.1901094812876562,0.2140271244251184,0.5958633942872252,2026-04-25,0.5958633942872252,0.1901094812876562,18.717640300291183,5.535822118473002,13.181818181818182
2026-05-03:aston villa:spurs,spurs,DEF,0,Spurs,2026-05-03,5,383.0,0.0,0.0,0.11,0.09,12.0,0.0,0.4280755991518464,0.2592472082791773,0.3126771925689763,2026-05-03,0.3126771925689763,0.4280755991518464,15.101692138997887,1.4840450801743579,13.617647058823529
2026-05-11:spurs:leeds,spurs,DEF,1,Spurs,2026-05-11,5,359.0,0.0,0.0,0.12,0.42,9.0,0.0,0.5378640253775095,0.2449737323325291,0.2171622422899613,2026-05-11,0.5378640253775095,0.2171622422899613,18.306567571609616,4.735139000181045,13.571428571428571
2026-05-19:chelsea:spurs,spurs,DEF,0,Spurs,2026-05-19,5,359.0,0.0,0.0,0.0,0.39,4.0,0.0,0.4368492650175419,0.2801255151523035,0.2830252198301545,2026-05-19,0.2830252198301545,0.4368492650175419,14.968374332078126,1.523929887633681,13.444444444444445
2026-05-24:spurs:everton,spurs,DEF,1,Spurs,2026-05-24,6,450.0,0.0,0.0,0.33,0.15,38.0,1.0,0.5184327208340264,0.2630979889399157,0.2184692902260577,2026-05-24,0.5184327208340264,0.2184692902260577,18.286706687111987,5.097517497922798,13.18918918918919
2025-08-16:spurs:burnley,spurs,FWD,1,Spurs,2025-08-16,2,90.0,2.0,0.0,0.86,0.01,14.0,1.0,0.6342647111408798,0.2272341100432418,0.1385011788158784,2025-08-16,0.6342647111408798,0.1385011788158784,5.659090909090909,0.0,5.659090909090909
2025-08-23:man city:spurs,spurs,FWD,0,Spurs,2025-08-23,2,89.0,0.0,1.0,0.22,0.11,5.0,1.0,0.6393375427097084,0.1994851989998035,0.1611772582904879,2025-08-23,0.1611772582904879,0.6393375427097084,14.0,0.0,14.0
2025-08-30:spurs:bournemouth,spurs,FWD,1,Spurs,2025-08-30,1,90.0,0.0,0.0,0.0,0.01,2.0,0.0,0.5151768508358865,0.245611052299158,0.2392120968649554,2025-08-30,0.5151768508358865,0.2392120968649554,9.5,0.0,9.5
2025-09-13:west ham:spurs,spurs,FWD,0,Spurs,2025-09-13,1,19.0,0.0,0.0,0.0,0.0,1.0,0.0,0.287504874445436,0.2661083026565234,0.4463868228980405,2025-09-13,0.4463868228980405,0.287504874445436,7.0,0.0,7.0
2025-09-20:brighton:spurs,spurs,FWD,0,Spurs,2025-09-20,1,90.0,1.0,0.0,0.76,0.05,9.0,0.0,0.4454390656542685,0.255257804191518,0.2993031301542134,2025-09-20,0.2993031301542134,0.4454390656542685,5.5,0.0,5.5
2025-09-27:spurs:wolves,spurs,FWD,1,Spurs,2025-09-27,1,90.0,0.0,0.0,0.02,0.01,2.0,0.0,0.6437106998509815,0.2132285940989117,0.1430607060501067,2025-09-27,0.6437106998509815,0.1430607060501067,6.2,0.0,6.2
2025-10-04:leeds:spurs,spurs,FWD,0,Spurs,2025-10-04,1,16.0,0.0,0.0,0.03,0.0,1.0,0.0,0.3458354489080169,0.2790621301359102,0.375102420956073,2025-10-04,0.375102420956073,0.3458354489080169,5.5,0.0,5.5
2025-10-19:spurs:aston villa,spurs,FWD,1,Spurs,2025-10-19,2,41.0,0.0,0.0,0.13,0.11,2.0,0.0,0.4304226860998624,0.2776602546144194,0.2919170592857181,2025-10-19,0.4304226860998624,0.2919170592857181,4.857142857142857,0.0,4.857142857142857
2025-10-26:everton:spurs,spurs,FWD,0,Spurs,2025-10-26,2,89.0,0.0,1.0,0.36,0.29,6.0,1.0,0.4388834440792065,0.2796340749305097,0.2814824809902838,2025-10-26,0.2814824809902838,0.4388834440792065,4.5,0.0,4.5
2025-11-01:spurs:chelsea,spurs,FWD,1,Spurs,2025-11-01,2,102.0,0.0,0.0,0.0,0.02,3.0,0.0,0.3123248459684,0.2708881545065957,0.4167869995250043,2025-11-01,0.3123248459684,0.4167869995250043,4.666666666666667,0.0,4.666666666666667
2025-11-08:spurs:man utd,spurs,FWD,1,Spurs,2025-11-08,2,135.0,1.0,0.0,0.21,0.06,7.0,0.0,0.3269165712029485,0.2688886693279793,0.4041947594690721,2025-11-08,0.3269165712029485,0.4041947594690721,4.5,0.0,4.5
2025-11-23:arsenal:spurs,spurs,FWD,0,Spurs,2025-11-23,2,114.0,1.0,0.0,0.03,0.01,7.0,0.0,0.6710305350374077,0.2118708439088065,0.1170986210537856,2025-11-23,0.1170986210537856,0.6710305350374077,4.7272727272727275,0.0,4.7272727272727275
2025-11-29:spurs:fulham,spurs,FWD,1,Spurs,2025-11-29,2,149.0,0.0,0.0,0.4,0.03,2.0,0.0,0.4110667115287058,0.2788652764559476,0.3100680120153466,2025-11-29,0.4110667115287058,0.3100680120153466,4.916666666666667,0.0,4.916666666666667
2025-12-02:newcastle:spurs,spurs,FWD,0,Spurs,2025-12-02,2,89.0,0.0,0.0,0.0,0.04,2.0,0.0,0.5328717588424448,0.2432113532290364,0.2239168879285188,2025-12-02,0.2239168879285188,0.5328717588424448,4.6923076923076925,0.0,4.6923076923076925
2025-12-06:spurs:brentford,spurs,FWD,1,Spurs,2025-12-06,2,163.0,1.0,0.0,1.1,0.07,10.0,1.0,0.3960122636786898,0.2782322138978332,0.3257555224234769,2025-12-06,0.3960122636786898,0.3257555224234769,4.5,0.0,4.5
2025-12-14:nottm forest:spurs,spurs,FWD,0,Spurs,2025-12-14,2,169.0,0.0,0.0,0.09,0.13,4.0,0.0,0.3643968469352626,0.2828102757222098,0.3527928773425276,2025-12-14,0.3527928773425276,0.3643968469352626,4.866666666666666,0.0,4.866666666666666
2025-12-20:spurs:liverpool,spurs,FWD,1,Spurs,2025-12-20,2,89.0,1.0,0.0,0.76,0.02,6.0,0.0,0.2619068942174514,0.2578761035939674,0.4802170021885812,2025-12-20,0.2619068942174514,0.4802170021885812,4.8125,0.0,4.8125
2025-12-28:crystal palace:spurs,spurs,FWD,0,Spurs,2025-12-28,2,152.0,0.0,1.0,0.33,0.36,7.0,1.0,0.4326949001864595,0.2761197924038664,0.2911853074096741,2025-12-28,0.2911853074096741,0.4326949001864595,4.882352941176471,0.0,4.882352941176471
2026-01-01:brentford:spurs,spurs,FWD,0,Spurs,2026-01-01,2,113.0,0.0,0.0,0.29,0.36,3.0,1.0,0.4002156365141107,0.2745100204793367,0.3252743430065526,2026-01-01,0.3252743430065526,0.4002156365141107,5.0,0.0,5.0
2026-01-04:spurs:sunderland,spurs,FWD,1,Spurs,2026-01-04,3,163.0,0.0,0.0,0.32,0.19,5.0,0.0,0.4932081892014756,0.2748105583930533,0.2319812524054711,2026-01-04,0.4932081892014756,0.2319812524054711,4.894736842105263,0.0,4.894736842105263
2026-01-07:bournemouth:spurs,spurs,FWD,0,Spurs,2026-01-07,2,89.0,0.0,0.0,0.38,0.03,2.0,0.0,0.4447185615236004,0.263987173858917,0.2912942646174825,2026-01-07,0.2912942646174825,0.4447185615236004,4.9,0.0,4.9
2026-01-17:spurs:west ham,spurs,FWD,1,Spurs,2026-01-17,2,118.0,0.0,0.0,0.0,0.23,3.0,0.0,0.530392764313625,0.2484518251135966,0.2211554105727783,2026-01-17,0.530392764313625,0.2211554105727783,4.761904761904762,0.0,4.761904761904762
2026-01-24:burnley:spurs,spurs,FWD,0,Spurs,2026-01-24,2,95.0,0.0,0.0,0.48,0.03,3.0,0.0,0.2380435500716076,0.279617509382321,0.4823389405460714,2026-01-24,0.4823389405460714,0.2380435500716076,4.681818181818182,0.0,4.681818181818182
2026-02-01:spurs:man city,spurs,FWD,1,Spurs,2026-02-01,2,156.0,2.0,0.0,0.25,0.14,14.0,0.0,0.1780721784887403,0.2276874660140517,0.594240355497208,2026-02-01,0.1780721784887403,0.594240355497208,4.608695652173913,0.0,4.608695652173913
2026-02-07:man utd:spurs,spurs,FWD,0,Spurs,2026-02-07,2,89.0,0.0,0.0,0.0,0.03,3.0,0.0,0.6171105796033627,0.2048698415067121,0.1780195788899251,2026-02-07,0.1780195788899251,0.6171105796033627,5.0,0.0,5.0
2026-02-10:spurs:newcastle,spurs,FWD,1,Spurs,2026-02-10,2,110.0,0.0,0.0,0.27,0.16,3.0,0.0,0.3142833613725464,0.2573325441200751,0.4283840945073784,2026-02-10,0.3142833613725464,0.4283840945073784,4.92,0.0,4.92
2026-02-22:spurs:arsenal,spurs,FWD,1,Spurs,2026-02-22,3,117.0,1.0,0.0,0.63,0.01,9.0,0.0,0.1139034799441945,0.2063904575983205,0.6797060624574849,2026-02-22,0.1139034799441945,0.6797060624574849,4.846153846153846,0.0,4.846153846153846
2026-03-01:fulham:spurs,spurs,FWD,0,Spurs,2026-03-01,3,179.0,1.0,0.0,0.24,0.07,8.0,0.0,0.4796514819122349,0.2516484690172199,0.2687000490705452,2026-03-01,0.2687000490705452,0.4796514819122349,5.0,0.0,5.0
2026-03-05:spurs:crystal palace,spurs,FWD,1,Spurs,2026-03-05,3,131.0,1.0,0.0,0.95,0.0,9.0,0.0,0.3914621693335194,0.2751816367252757,0.3333561939412048,2026-03-05,0.3914621693335194,0.3333561939412048,5.107142857142857,0.0,5.107142857142857
2026-03-15:liverpool:spurs,spurs,FWD,0,Spurs,2026-03-15,3,195.0,1.0,1.0,0.93,0.17,15.0,0.0,0.7612574688382169,0.1440277934502409,0.0947147377115422,2026-03-15,0.0947147377115422,0.7612574688382169,5.241379310344827,0.0,5.241379310344827
2026-03-22:spurs:nottm forest,spurs,FWD,1,Spurs,2026-03-22,3,179.0,0.0,0.0,0.4,0.03,5.0,0.0,0.4041399763212944,0.2828425743837692,0.3130174492949363,2026-03-22,0.4041399763212944,0.3130174492949363,5.566666666666666,0.0,5.566666666666666
2026-04-12:sunderland:spurs,spurs,FWD,0,Spurs,2026-04-12,3,240.0,0.0,0.0,0.7000000000000001,0.06,6.0,0.0,0.3435682357302128,0.2803178841284624,0.3761138801413249,2026-04-12,0.3761138801413249,0.3435682357302128,5.548387096774194,0.0,5.548387096774194
2026-04-18:spurs:brighton,spurs,FWD,1,Spurs,2026-04-18,2,146.0,0.0,0.0,0.12,0.05,3.0,0.0,0.3209769797903036,0.2436295385201989,0.4353934816894975,2026-04-18,0.3209769797903036,0.4353934816894975,5.5625,0.0,5.5625
2026-04-25:wolves:spurs,spurs,FWD,0,Spurs,2026-04-25,3,134.0,0.0,1.0,0.12,0.0999999999999999,6.0,0.0,0.1901094812876562,0.2140271244251184,0.5958633942872252,2026-04-25,0.5958633942872252,0.1901094812876562,5.484848484848484,0.0,5.484848484848484
2026-05-03:aston villa:spurs,spurs,FWD,0,Spurs,2026-05-03,2,156.0,1.0,0.0,0.73,0.04,10.0,1.0,0.4280755991518464,0.2592472082791773,0.3126771925689763,2026-05-03,0.3126771925689763,0.4280755991518464,5.5,0.0,5.5
2026-05-11:spurs:leeds,spurs,FWD,1,Spurs,2026-05-11,2,180.0,0.0,0.0,0.53,0.28,4.0,0.0,0.5378640253775095,0.2449737323325291,0.2171622422899613,2026-05-11,0.5378640253775095,0.2171622422899613,5.628571428571429,0.0,5.628571428571429
2026-05-19:chelsea:spurs,spurs,FWD,0,Spurs,2026-05-19,2,158.0,1.0,0.0,0.96,0.04,9.0,0.0,0.4368492650175419,0.2801255151523035,0.2830252198301545,2026-05-19,0.2830252198301545,0.4368492650175419,5.583333333333333,0.0,5.583333333333333
2026-05-24:spurs:everton,spurs,FWD,1,Spurs,2026-05-24,2,89.0,0.0,0.0,0.08,0.09,3.0,1.0,0.5184327208340264,0.2630979889399157,0.2184692902260577,2026-05-24,0.5184327208340264,0.2184692902260577,5.675675675675675,0.0,5.675675675675675
2025-08-16:spurs:burnley,spurs,GKP,1,Spurs,2025-08-16,1,90.0,0.0,0.0,0.0,0.0,9.0,1.0,0.6342647111408798,0.2272341100432418,0.1385011788158784,2025-08-16,0.6342647111408798,0.1385011788158784,3.9928239107192014,0.6191397001928856,3.373684210526316
2025-08-23:man city:spurs,spurs,GKP,0,Spurs,2025-08-23,1,90.0,0.0,0.0,0.0,0.01,9.0,1.0,0.6393375427097084,0.1994851989998035,0.1611772582904879,2025-08-23,0.1611772582904879,0.6393375427097084,2.7062646317528882,-6.293735368247112,9.0
2025-08-30:spurs:bournemouth,spurs,GKP,1,Spurs,2025-08-30,1,90.0,0.0,0.0,0.0,0.0,3.0,0.0,0.5151768508358865,0.245611052299158,0.2392120968649554,2025-08-30,0.5151768508358865,0.2392120968649554,3.734115527202698,-5.2658844727973015,9.0
2025-09-13:west ham:spurs,spurs,GKP,0,Spurs,2025-09-13,1,90.0,0.0,0.0,0.0,0.0,8.0,1.0,0.287504874445436,0.2661083026565234,0.4463868228980405,2025-09-13,0.4463868228980405,0.287504874445436,3.6100599961302886,-3.3899400038697114,7.0
2025-09-20:brighton:spurs,spurs,GKP,0,Spurs,2025-09-20,1,90.0,0.0,0.0,0.0,0.0,1.0,0.0,0.4454390656542685,0.255257804191518,0.2993031301542134,2025-09-20,0.2993031301542134,0.4454390656542685,3.204355231432258,-4.045644768567742,7.25
2025-09-27:spurs:wolves,spurs,GKP,1,Spurs,2025-09-27,1,90.0,0.0,0.0,0.0,0.0,2.0,0.0,0.6437106998509815,0.2132285940989117,0.1430607060501067,2025-09-27,0.6437106998509815,0.1430607060501067,3.981111298589185,-2.018888701410815,6.0
2025-10-04:leeds:spurs,spurs,GKP,0,Spurs,2025-10-04,1,90.0,0.0,0.0,0.0,0.0,3.0,0.0,0.3458354489080169,0.2790621301359102,0.375102420956073,2025-10-04,0.375102420956073,0.3458354489080169,3.4602191554237267,-1.8731141779096063,5.333333333333333
2025-10-19:spurs:aston villa,spurs,GKP,1,Spurs,2025-10-19,1,90.0,0.0,0.0,0.0,0.0,1.0,0.0,0.4304226860998624,0.2776602546144194,0.2919170592857181,2025-10-19,0.4304226860998624,0.2919170592857181,3.5987258803271818,-1.4012741196728182,5.0
2025-10-26:everton:spurs,spurs,GKP,0,Spurs,2025-10-26,1,90.0,0.0,0.0,0.0,0.0,6.0,1.0,0.4388834440792065,0.2796340749305097,0.2814824809902838,2025-10-26,0.2814824809902838,0.4388834440792065,3.221195453857832,-1.278804546142168,4.5
2025-11-01:spurs:chelsea,spurs,GKP,1,Spurs,2025-11-01,1,90.0,0.0,0.0,0.0,0.0,4.0,0.0,0.3123248459684,0.2708881545065957,0.4167869995250043,2025-11-01,0.3123248459684,0.4167869995250043,3.277957278323517,-1.38870938834315,4.666666666666667
2025-11-08:spurs:man utd,spurs,GKP,1,Spurs,2025-11-08,1,90.0,0.0,0.0,0.0,0.0,1.0,0.0,0.3269165712029485,0.2688886693279793,0.4041947594690721,2025-11-08,0.3269165712029485,0.4041947594690721,3.3103044968061694,-1.2896955031938302,4.6
2025-11-23:arsenal:spurs,spurs,GKP,0,Spurs,2025-11-23,1,90.0,0.0,0.0,0.0,0.0,1.0,0.0,0.6710305350374077,0.2118708439088065,0.1170986210537856,2025-11-23,0.1170986210537856,0.6710305350374077,2.624850987902432,-1.6478762848248403,4.2727272727272725
2025-11-29:spurs:fulham,spurs,GKP,1,Spurs,2025-11-29,1,90.0,0.0,0.0,0.0,0.0,1.0,0.0,0.4110667115287058,0.2788652764559476,0.3100680120153466,2025-11-29,0.4110667115287058,0.3100680120153466,3.5520993205565885,-0.4479006794434115,4.0
2025-12-02:newcastle:spurs,spurs,GKP,0,Spurs,2025-12-02,1,90.0,0.0,0.0,0.0,0.0,2.0,0.0,0.5328717588424448,0.2432113532290364,0.2239168879285188,2025-12-02,0.2239168879285188,0.5328717588424448,2.9797562389954617,-0.7894745302353074,3.769230769230769
2025-12-06:spurs:brentford,spurs,GKP,1,Spurs,2025-12-06,1,90.0,0.0,0.0,0.0,0.0,6.0,1.0,0.3960122636786898,0.2782322138978332,0.3257555224234769,2025-12-06,0.3960122636786898,0.3257555224234769,3.511800904677706,-0.13105623817943668,3.642857142857143
2025-12-14:nottm forest:spurs,spurs,GKP,0,Spurs,2025-12-14,1,90.0,0.0,0.0,0.0,0.0,2.0,0.0,0.3643968469352626,0.2828102757222098,0.3527928773425276,2025-12-14,0.3527928773425276,0.3643968469352626,3.4125382348993494,-0.38746176510065045,3.8
2025-12-20:spurs:liverpool,spurs,GKP,1,Spurs,2025-12-20,1,90.0,0.0,0.0,0.0,0.0,1.0,0.0,0.2619068942174514,0.2578761035939674,0.4802170021885812,2025-12-20,0.2619068942174514,0.4802170021885812,3.1150169162115873,-0.5724830837884127,3.6875
2025-12-28:crystal palace:spurs,spurs,GKP,0,Spurs,2025-12-28,1,90.0,0.0,0.0,0.0,0.01,7.0,1.0,0.4326949001864595,0.2761197924038664,0.2911853074096741,2025-12-28,0.2911853074096741,0.4326949001864595,3.237092719197359,-0.29231904550852317,3.5294117647058822
2026-01-01:brentford:spurs,spurs,GKP,0,Spurs,2026-01-01,1,90.0,0.0,0.0,0.0,0.0,5.0,1.0,0.4002156365141107,0.2745100204793367,0.3252743430065526,2026-01-01,0.3252743430065526,0.4002156365141107,3.3205261538760595,-0.4016960683461628,3.7222222222222223
2026-01-04:spurs:sunderland,spurs,GKP,1,Spurs,2026-01-04,1,90.0,0.0,0.0,0.0,0.0,2.0,0.0,0.4932081892014756,0.2748105583930533,0.2319812524054711,2026-01-04,0.4932081892014756,0.2319812524054711,3.7526902767711694,-0.03678340743935671,3.789473684210526
2026-01-07:bournemouth:spurs,spurs,GKP,0,Spurs,2026-01-07,1,90.0,0.0,0.0,0.0,0.0,1.0,0.0,0.4447185615236004,0.263987173858917,0.2912942646174825,2026-01-07,0.2912942646174825,0.4447185615236004,3.2062060780194304,-0.4937939219805698,3.7
2026-01-17:spurs:west ham,spurs,GKP,1,Spurs,2026-01-17,1,90.0,0.0,0.0,0.0,0.0,1.0,0.0,0.530392764313625,0.2484518251135966,0.2211554105727783,2026-01-17,0.530392764313625,0.2211554105727783,3.7804999333108555,0.20907136188228392,3.5714285714285716
2026-01-24:burnley:spurs,spurs,GKP,0,Spurs,2026-01-24,1,90.0,0.0,0.0,0.0,0.0,1.0,0.0,0.2380435500716076,0.279617509382321,0.4823389405460714,2026-01-24,0.4823389405460714,0.2380435500716076,3.73711731546783,0.2825718609223755,3.4545454545454546
2026-02-01:spurs:man city,spurs,GKP,1,Spurs,2026-02-01,1,90.0,0.0,0.0,0.0,0.0,1.0,0.0,0.1780721784887403,0.2276874660140517,0.594240355497208,2026-02-01,0.1780721784887403,0.594240355497208,2.8221112612037453,-0.5257148257527766,3.347826086956522
2026-02-07:man utd:spurs,spurs,GKP,0,Spurs,2026-02-07,1,90.0,0.0,0.0,0.0,0.0,3.0,0.0,0.6171105796033627,0.2048698415067121,0.1780195788899251,2026-02-07,0.1780195788899251,0.6171105796033627,2.763361735096952,-0.48663826490304807,3.25
2026-02-10:spurs:newcastle,spurs,GKP,1,Spurs,2026-02-10,1,90.0,0.0,0.0,0.0,0.0,2.0,0.0,0.3142833613725464,0.2573325441200751,0.4283840945073784,2026-02-10,0.3142833613725464,0.4283840945073784,3.2481664100194934,0.008166410019493142,3.24
2026-02-22:spurs:arsenal,spurs,GKP,1,Spurs,2026-02-22,1,90.0,0.0,0.0,0.0,0.0,0.0,0.0,0.1139034799441945,0.2063904575983205,0.6797060624574849,2026-02-22,0.1139034799441945,0.6797060624574849,2.602565105512724,-0.5897425867949684,3.1923076923076925
2026-03-01:fulham:spurs,spurs,GKP,0,Spurs,2026-03-01,1,90.0,0.0,0.0,0.0,0.0,1.0,0.0,0.4796514819122349,0.2516484690172199,0.2687000490705452,2026-03-01,0.2687000490705452,0.4796514819122349,3.116469636923239,0.042395562849165014,3.074074074074074
2026-03-05:spurs:crystal palace,spurs,GKP,1,Spurs,2026-03-05,1,90.0,0.0,0.0,0.0,0.0,1.0,0.0,0.3914621693335194,0.2751816367252757,0.3333561939412048,2026-03-05,0.3914621693335194,0.3333561939412048,3.4922761353668648,0.49227613536686476,3.0
2026-03-15:liverpool:spurs,spurs,GKP,0,Spurs,2026-03-15,1,90.0,0.0,0.0,0.0,0.02,3.0,0.0,0.7612574688382169,0.1440277934502409,0.0947147377115422,2026-03-15,0.0947147377115422,0.7612574688382169,2.3930740897722513,-0.5379603929863692,2.9310344827586206
2026-03-22:spurs:nottm forest,spurs,GKP,1,Spurs,2026-03-22,1,90.0,0.0,0.0,0.0,0.0,2.0,0.0,0.4041399763212944,0.2828425743837692,0.3130174492949363,2026-03-22,0.4041399763212944,0.3130174492949363,3.544522742309986,0.611189408976653,2.933333333333333
2026-04-12:sunderland:spurs,spurs,GKP,0,Spurs,2026-04-12,1,90.0,0.0,0.0,0.0,0.0,2.0,0.0,0.3435682357302128,0.2803178841284624,0.3761138801413249,2026-04-12,0.3761138801413249,0.3435682357302128,3.466043221648912,0.5628174151972991,2.903225806451613
2026-04-18:spurs:brighton,spurs,GKP,1,Spurs,2026-04-18,1,90.0,0.0,0.0,0.0,0.0,1.0,0.0,0.3209769797903036,0.2436295385201989,0.4353934816894975,2026-04-18,0.3209769797903036,0.4353934816894975,3.230160544692721,0.35516054469272085,2.875
2026-04-25:wolves:spurs,spurs,GKP,0,Spurs,2026-04-25,1,90.0,0.0,0.0,0.0,0.0,6.0,1.0,0.1901094812876562,0.2140271244251184,0.5958633942872252,2026-04-25,0.5958633942872252,0.1901094812876562,3.860251387628923,1.0420695694471047,2.8181818181818183
2026-05-03:aston villa:spurs,spurs,GKP,0,Spurs,2026-05-03,1,90.0,0.0,0.0,0.0,0.0,2.0,0.0,0.4280755991518464,0.2592472082791773,0.3126771925689763,2026-05-03,0.3126771925689763,0.4280755991518464,3.248958879558031,0.33719417367567805,2.911764705882353
2026-05-11:spurs:leeds,spurs,GKP,1,Spurs,2026-05-11,1,90.0,0.0,0.0,0.0,0.0,3.0,0.0,0.5378640253775095,0.2449737323325291,0.2171622422899613,2026-05-11,0.5378640253775095,0.2171622422899613,3.7907576703225816,0.9050433846082959,2.8857142857142857
2026-05-19:chelsea:spurs,spurs,GKP,0,Spurs,2026-05-19,1,90.0,0.0,0.0,0.0,0.0,1.0,0.0,0.4368492650175419,0.2801255151523035,0.2830252198301545,2026-05-19,0.2830252198301545,0.4368492650175419,3.2264208970076,0.337532008118711,2.888888888888889
2026-05-24:spurs:everton,spurs,GKP,1,Spurs,2026-05-24,1,90.0,0.0,0.0,0.0,0.0,5.0,1.0,0.5184327208340264,0.2630979889399157,0.2184692902260577,2026-05-24,0.5184327208340264,0.2184692902260577,3.787400097327752,0.9495622594899142,2.8378378378378377
2025-08-16:spurs:burnley,spurs,MID,1,Spurs,2025-08-16,9,446.0,1.0,3.0,0.6799999999999999,0.93,34.0,1.0,0.6342647111408798,0.2272341100432418,0.1385011788158784,2025-08-16,0.6342647111408798,0.1385011788158784,25.056344950182634,4.562923897551055,20.49342105263158
2025-08-23:man city:spurs,spurs,MID,0,Spurs,2025-08-23,7,448.0,2.0,0.0,0.8200000000000001,0.18,31.0,1.0,0.6393375427097084,0.1994851989998035,0.1611772582904879,2025-08-23,0.1611772582904879,0.6393375427097084,16.582451003763083,-17.417548996236917,34.0
2025-08-30:spurs:bournemouth,spurs,MID,1,Spurs,2025-08-30,8,447.0,0.0,0.0,0.16,0.15,11.0,0.0,0.5151768508358865,0.245611052299158,0.2392120968649554,2025-08-30,0.5151768508358865,0.2392120968649554,22.923255407328774,-9.576744592671226,32.5
2025-09-13:west ham:spurs,spurs,MID,0,Spurs,2025-09-13,8,518.0,2.0,2.0,1.14,0.37,36.0,1.0,0.287504874445436,0.2661083026565234,0.4463868228980405,2025-09-13,0.4463868228980405,0.287504874445436,21.69109548043913,-3.642237852894201,25.333333333333332
2025-09-20:brighton:spurs,spurs,MID,0,Spurs,2025-09-20,8,447.0,0.0,2.0,0.47,0.66,22.0,0.0,0.4454390656542685,0.255257804191518,0.2993031301542134,2025-09-20,0.2993031301542134,0.4454390656542685,19.056547457553606,-8.943452542446394,28.0
2025-09-27:spurs:wolves,spurs,MID,1,Spurs,2025-09-27,9,453.0,1.0,1.0,0.81,0.52,22.0,0.0,0.6437106998509815,0.2132285940989117,0.1430607060501067,2025-09-27,0.6437106998509815,0.1430607060501067,25.225540531393264,-1.5744594686067366,26.8
2025-10-04:leeds:spurs,spurs,MID,0,Spurs,2025-10-04,8,516.0,2.0,1.0,0.51,0.36,32.0,0.0,0.3458354489080169,0.2790621301359102,0.375102420956073,2025-10-04,0.375102420956073,0.3458354489080169,20.41425658215366,-5.585743417846341,26.0
2025-10-19:spurs:aston villa,spurs,MID,1,Spurs,2025-10-19,9,499.0,1.0,1.0,0.51,0.5,31.0,0.0,0.4304226860998624,0.2776602546144194,0.2919170592857181,2025-10-19,0.4304226860998624,0.2919170592857181,21.405147499027173,-5.451995358115685,26.857142857142858
2025-10-26:everton:spurs,spurs,MID,0,Spurs,2025-10-26,8,449.0,1.0,1.0,0.65,0.11,30.0,1.0,0.4388834440792065,0.2796340749305097,0.2814824809902838,2025-10-26,0.2814824809902838,0.4388834440792065,18.737345817007785,-8.637654182992215,27.375
2025-11-01:spurs:chelsea,spurs,MID,1,Spurs,2025-11-01,8,434.0,0.0,0.0,0.1,0.12,15.0,0.0,0.3123248459684,0.2708881545065957,0.4167869995250043,2025-11-01,0.3123248459684,0.4167869995250043,19.289791096007757,-8.37687557065891,27.666666666666668
2025-11-08:spurs:man utd,spurs,MID,1,Spurs,2025-11-08,7,403.0,1.0,1.0,0.41,0.4,22.0,0.0,0.3269165712029485,0.2688886693279793,0.4041947594690721,2025-11-08,0.3269165712029485,0.4041947594690721,19.551156582215146,-6.8488434177848525,26.4
2025-11-23:arsenal:spurs,spurs,MID,0,Spurs,2025-11-23,7,378.0,0.0,1.0,0.05,0.02,16.0,0.0,0.6710305350374077,0.2118708439088065,0.1170986210537856,2025-11-23,0.1170986210537856,0.6710305350374077,15.792918973276883,-10.207081026723117,26.0
2025-11-29:spurs:fulham,spurs,MID,1,Spurs,2025-11-29,9,392.0,1.0,1.0,0.27,0.3399999999999999,20.0,0.0,0.4110667115287058,0.2788652764559476,0.3100680120153466,2025-11-29,0.4110667115287058,0.3100680120153466,21.058445267214985,-4.108221399451683,25.166666666666668
2025-12-02:newcastle:spurs,spurs,MID,0,Spurs,2025-12-02,9,446.0,0.0,2.0,0.41,0.82,23.0,0.0,0.5328717588424448,0.2432113532290364,0.2239168879285188,2025-12-02,0.2239168879285188,0.5328717588424448,17.706236816697004,-7.062993952533766,24.76923076923077
2025-12-06:spurs:brentford,spurs,MID,1,Spurs,2025-12-06,7,374.0,1.0,1.0,0.6799999999999999,0.87,27.0,1.0,0.3960122636786898,0.2782322138978332,0.3257555224234769,2025-12-06,0.3960122636786898,0.3257555224234769,20.788791540965597,-3.854065601891545,24.642857142857142
2025-12-14:nottm forest:spurs,spurs,MID,0,Spurs,2025-12-14,8,367.0,0.0,0.0,0.1,0.41,10.0,0.0,0.3643968469352626,0.2828102757222098,0.3527928773425276,2025-12-14,0.3527928773425276,0.3643968469352626,20.014650324504736,-4.785349675495265,24.8
2025-12-20:spurs:liverpool,spurs,MID,1,Spurs,2025-12-20,8,389.0,0.0,1.0,0.21,0.12,12.0,0.0,0.2619068942174514,0.2578761035939674,0.4802170021885812,2025-12-20,0.2619068942174514,0.4802170021885812,18.38670991395759,-5.4882900860424115,23.875
2025-12-28:crystal palace:spurs,spurs,MID,0,Spurs,2025-12-28,7,379.0,1.0,0.0,0.42,0.06,24.0,1.0,0.4326949001864595,0.2761197924038664,0.2911853074096741,2025-12-28,0.2911853074096741,0.4326949001864595,18.911141848931784,-4.265328739303509,23.176470588235293
2026-01-01:brentford:spurs,spurs,MID,0,Spurs,2026-01-01,6,425.0,0.0,0.0,0.5800000000000001,0.12,17.0,1.0,0.4002156365141107,0.2745100204793367,0.3252743430065526,2026-01-01,0.3252743430065526,0.4002156365141107,19.521741159150693,-3.7004810630715284,23.22222222222222
2026-01-04:spurs:sunderland,spurs,MID,1,Spurs,2026-01-04,7,373.0,0.0,0.0,0.22,0.12,13.0,1.0,0.4932081892014756,0.2748105583930533,0.2319812524054711,2026-01-04,0.4932081892014756,0.2319812524054711,22.529754992737047,-0.36498184936821687,22.894736842105264
2026-01-07:bournemouth:spurs,spurs,MID,0,Spurs,2026-01-07,7,448.0,2.0,1.0,0.3399999999999999,0.41,29.0,0.0,0.4447185615236004,0.263987173858917,0.2912942646174825,2026-01-07,0.2912942646174825,0.4447185615236004,18.91309347926589,-3.4869065207341094,22.4
2026-01-17:spurs:west ham,spurs,MID,1,Spurs,2026-01-17,7,421.0,0.0,0.0,1.15,0.43,10.0,0.0,0.530392764313625,0.2484518251135966,0.2211554105727783,2026-01-17,0.530392764313625,0.2211554105727783,23.195801289345702,0.4815155750599871,22.714285714285715
2026-01-24:burnley:spurs,spurs,MID,0,Spurs,2026-01-24,6,365.0,0.0,1.0,1.23,1.07,20.0,0.0,0.2380435500716076,0.279617509382321,0.4823389405460714,2026-01-24,0.4823389405460714,0.2380435500716076,22.335066125323166,0.1987024889595297,22.136363636363637
2026-02-01:spurs:man city,spurs,MID,1,Spurs,2026-02-01,8,516.0,0.0,2.0,0.74,0.7300000000000001,23.0,0.0,0.1780721784887403,0.2276874660140517,0.594240355497208,2026-02-01,0.1780721784887403,0.594240355497208,16.885071081997303,-5.158407178872263,22.043478260869566
2026-02-07:man utd:spurs,spurs,MID,0,Spurs,2026-02-07,8,479.0,0.0,0.0,0.35,0.37,12.0,0.0,0.6171105796033627,0.2048698415067121,0.1780195788899251,2026-02-07,0.1780195788899251,0.6171105796033627,16.884128923376736,-5.199204409956597,22.083333333333332
2026-02-10:spurs:newcastle,spurs,MID,1,Spurs,2026-02-10,8,518.0,1.0,1.0,1.29,1.16,25.0,0.0,0.3142833613725464,0.2573325441200751,0.4283840945073784,2026-02-10,0.3142833613725464,0.4283840945073784,19.32487182310625,-2.35512817689375,21.68
2026-02-22:spurs:arsenal,spurs,MID,1,Spurs,2026-02-22,7,510.0,0.0,0.0,0.13,0.18,17.0,0.0,0.1139034799441945,0.2063904575983205,0.6797060624574849,2026-02-22,0.1139034799441945,0.6797060624574849,15.735687933342534,-6.072004374349772,21.807692307692307
2026-03-01:fulham:spurs,spurs,MID,0,Spurs,2026-03-01,7,437.0,0.0,1.0,0.42,0.36,13.0,0.0,0.4796514819122349,0.2516484690172199,0.2687000490705452,2026-03-01,0.2687000490705452,0.4796514819122349,18.5083882071355,-3.12124142249413,21.62962962962963
2026-03-05:spurs:crystal palace,spurs,MID,1,Spurs,2026-03-05,7,470.0,0.0,1.0,0.48,0.8900000000000001,14.0,0.0,0.3914621693335194,0.2751816367252757,0.3333561939412048,2026-03-05,0.3914621693335194,0.3333561939412048,20.70729071760859,-0.6141378538199831,21.321428571428573
2026-03-15:liverpool:spurs,spurs,MID,0,Spurs,2026-03-15,5,302.0,0.0,0.0,0.16,0.32,10.0,0.0,0.7612574688382169,0.1440277934502409,0.0947147377115422,2026-03-15,0.0947147377115422,0.7612574688382169,15.391981150030107,-5.676984367211274,21.06896551724138
2026-03-22:spurs:nottm forest,spurs,MID,1,Spurs,2026-03-22,6,313.0,0.0,0.0,0.63,0.22,9.0,0.0,0.4041399763212944,0.2828425743837692,0.3130174492949363,2026-03-22,0.4041399763212944,0.3130174492949363,20.93437429642748,0.23437429642748242,20.7
2026-04-12:sunderland:spurs,spurs,MID,0,Spurs,2026-04-12,7,296.0,0.0,0.0,0.0,0.17,10.0,0.0,0.3435682357302128,0.2803178841284624,0.3761138801413249,2026-04-12,0.3761138801413249,0.3435682357302128,20.432373735367754,0.10979309020646255,20.322580645161292
2026-04-18:spurs:brighton,spurs,MID,1,Spurs,2026-04-18,8,390.0,1.0,2.0,0.8400000000000001,0.3999999999999999,24.0,0.0,0.3209769797903036,0.2436295385201989,0.4353934816894975,2026-04-18,0.3209769797903036,0.4353934816894975,19.444767229860595,-0.5552327701394049,20.0
2026-04-25:wolves:spurs,spurs,MID,0,Spurs,2026-04-25,7,403.0,1.0,0.0,0.7699999999999999,0.16,25.0,1.0,0.1901094812876562,0.2140271244251184,0.5958633942872252,2026-04-25,0.5958633942872252,0.1901094812876562,24.36850450026136,4.247292379049238,20.12121212121212
2026-05-03:aston villa:spurs,spurs,MID,0,Spurs,2026-05-03,7,361.0,1.0,1.0,0.14,0.5800000000000001,21.0,1.0,0.4280755991518464,0.2592472082791773,0.3126771925689763,2026-05-03,0.3126771925689763,0.4280755991518464,19.296102292188664,-0.9686035901642782,20.264705882352942
2026-05-11:spurs:leeds,spurs,MID,1,Spurs,2026-05-11,6,358.0,1.0,0.0,0.62,0.22,21.0,0.0,0.5378640253775095,0.2449737323325291,0.2171622422899613,2026-05-11,0.5378640253775095,0.2171622422899613,23.329625751440226,3.043911465725941,20.285714285714285
2026-05-19:chelsea:spurs,spurs,MID,0,Spurs,2026-05-19,6,380.0,0.0,1.0,0.76,0.2299999999999999,15.0,0.0,0.4368492650175419,0.2801255151523035,0.2830252198301545,2026-05-19,0.2830252198301545,0.4368492650175419,18.764979196919512,-1.540576358636045,20.305555555555557
2026-05-24:spurs:everton,spurs,MID,1,Spurs,2026-05-24,7,357.0,1.0,0.0,0.74,0.3,25.0,1.0,0.5184327208340264,0.2630979889399157,0.2184692902260577,2026-05-24,0.5184327208340264,0.2184692902260577,22.981574216887843,2.8194120547256816,20.16216216216216
2025-08-16:sunderland:west ham,sunderland,DEF,1,Sunderland,2025-08-16,5,359.0,1.0,1.0,0.18,0.2199999999999999,34.0,1.0,0.2746434944483355,0.2965062392976128,0.4288502662540516,2025-08-16,0.2746434944483355,0.4288502662540516,15.089920899844287,-0.7495527843662391,15.839473684210526
2025-08-23:burnley:sunderland,sunderland,DEF,0,Sunderland,2025-08-23,5,359.0,0.0,0.0,0.09,0.25,7.0,0.0,0.4044828037974167,0.3033830669190509,0.2921341292835323,2025-08-23,0.2921341292835323,0.4044828037974167,15.460189919048688,-18.539810080951312,34.0
2025-08-30:sunderland:brentford,sunderland,DEF,1,Sunderland,2025-08-30,4,360.0,0.0,0.0,0.18,0.03,11.0,0.0,0.3031875201755344,0.2879193847006765,0.4088930951237891,2025-08-30,0.3031875201755344,0.4088930951237891,15.393174560074494,-5.106825439925506,20.5
2025-09-13:crystal palace:sunderland,sunderland,DEF,0,Sunderland,2025-09-13,5,366.0,0.0,0.0,0.0,0.13,32.0,1.0,0.5835937273539467,0.2537046133017643,0.1627016593442889,2025-09-13,0.1627016593442889,0.5835937273539467,12.738559543621028,-4.594773789712304,17.333333333333332
2025-09-21:sunderland:aston villa,sunderland,DEF,1,Sunderland,2025-09-21,7,374.0,0.0,0.0,0.24,0.22,13.0,0.0,0.2426939804898888,0.2816538694206522,0.4756521500894589,2025-09-21,0.2426939804898888,0.4756521500894589,14.378755851144847,-6.621244148855153,21.0
2025-09-27:nottm forest:sunderland,sunderland,DEF,0,Sunderland,2025-09-27,6,374.0,1.0,0.0,0.79,0.23,31.0,1.0,0.5592188306695749,0.2508348911373194,0.1899462781931056,2025-09-27,0.1899462781931056,0.5592188306695749,13.108941527571657,-6.291058472428341,19.4
2025-10-04:man utd:sunderland,sunderland,DEF,0,Sunderland,2025-10-04,6,379.0,0.0,0.0,0.2,0.1,8.0,0.0,0.6101654800196796,0.2157765473002459,0.1740579726800744,2025-10-04,0.1740579726800744,0.6101654800196796,12.334795843744928,-8.998537489588404,21.333333333333332
2025-10-18:sunderland:wolves,sunderland,DEF,1,Sunderland,2025-10-18,5,374.0,1.0,1.0,0.54,0.32,45.0,1.0,0.3841623605586533,0.3106674042471397,0.3051702351942069,2025-10-18,0.3841623605586533,0.3051702351942069,16.969266518092248,-2.4593049104791795,19.428571428571427
2025-10-25:chelsea:sunderland,sunderland,DEF,0,Sunderland,2025-10-25,5,450.0,0.0,0.0,0.08,0.21,10.0,0.0,0.6853445211946624,0.1991494312078585,0.115506047597479,2025-10-25,0.115506047597479,0.6853445211946624,11.192433569046578,-11.432566430953422,22.625
2025-11-03:sunderland:everton,sunderland,DEF,1,Sunderland,2025-11-03,5,450.0,0.0,0.0,0.63,0.5,10.0,0.0,0.289471877097654,0.304827312544626,0.4057008103577199,2025-11-03,0.289471877097654,0.4057008103577199,15.44168203808773,-5.780540184134491,21.22222222222222
2025-11-08:sunderland:arsenal,sunderland,DEF,1,Sunderland,2025-11-08,5,446.0,1.0,2.0,0.13,0.18,16.0,0.0,0.1117039132178697,0.2133379934951181,0.6749580932870121,2025-11-08,0.1117039132178697,0.6749580932870121,11.350257654391818,-8.749742345608183,20.1
2025-11-22:fulham:sunderland,sunderland,DEF,0,Sunderland,2025-11-22,5,449.0,0.0,0.0,0.0,0.1899999999999999,9.0,0.0,0.4797344060724516,0.2795251286468765,0.2407404652806718,2025-11-22,0.2407404652806718,0.4797344060724516,14.316725062274074,-5.410547664998653,19.727272727272727
2025-11-29:sunderland:bournemouth,sunderland,DEF,1,Sunderland,2025-11-29,6,391.0,0.0,1.0,0.1,0.05,8.0,0.0,0.2987944725929862,0.282958428045034,0.4182470993619798,2025-11-29,0.2987944725929862,0.4182470993619798,15.251038382330403,-3.582294951002929,18.833333333333332
2025-12-03:liverpool:sunderland,sunderland,DEF,0,Sunderland,2025-12-03,7,462.0,0.0,0.0,0.11,0.22,16.0,0.0,0.7325938788393985,0.1666492896167544,0.1007568315438471,2025-12-03,0.1007568315438471,0.7325938788393985,10.474469056152017,-7.525530943847983,18.0
2025-12-06:man city:sunderland,sunderland,DEF,0,Sunderland,2025-12-06,6,450.0,0.0,0.0,0.02,0.21,3.0,0.0,0.7935251598632632,0.136902262221719,0.0695725779150177,2025-12-06,0.0695725779150177,0.7935251598632632,9.548604670242968,-8.30853818689989,17.857142857142858
2025-12-14:sunderland:newcastle,sunderland,DEF,1,Sunderland,2025-12-14,5,380.0,0.0,1.0,0.16,0.07,34.0,1.0,0.2734842662887987,0.2788654346834891,0.4476502990277121,2025-12-14,0.2734842662887987,0.4476502990277121,14.804250214663096,-2.0624164520035713,16.866666666666667
2025-12-20:brighton:sunderland,sunderland,DEF,0,Sunderland,2025-12-20,5,450.0,0.0,0.0,0.45,0.34,37.0,1.0,0.5333923133213674,0.2536482357799124,0.2129594508987202,2025-12-20,0.2129594508987202,0.5333923133213674,13.501381210817478,-4.4361187891825224,17.9375
2025-12-28:sunderland:leeds,sunderland,DEF,1,Sunderland,2025-12-28,5,450.0,0.0,0.0,0.06,0.06,13.0,0.0,0.3338122655766268,0.303522064695559,0.3626656697278141,2025-12-28,0.3338122655766268,0.3626656697278141,16.09561058484209,-2.963212944569676,19.058823529411764
2026-01-01:sunderland:man city,sunderland,DEF,1,Sunderland,2026-01-01,5,450.0,0.0,0.0,0.13,0.11,39.0,1.0,0.1145781342274966,0.1901534422350425,0.6952684235374609,2026-01-01,0.1145781342274966,0.6952684235374609,11.04163766267399,-7.680584559548231,18.72222222222222
2026-01-04:spurs:sunderland,sunderland,DEF,0,Sunderland,2026-01-04,6,442.0,0.0,0.0,0.08,0.22,10.0,0.0,0.4932081892014756,0.2748105583930533,0.2319812524054711,2026-01-04,0.2319812524054711,0.4932081892014756,14.111987926717388,-5.677485757493139,19.789473684210527
2026-01-07:brentford:sunderland,sunderland,DEF,0,Sunderland,2026-01-07,7,436.0,0.0,0.0,0.22,0.12,8.0,0.0,0.4833720670335067,0.2915061735136992,0.2251217594527941,2026-01-07,0.2251217594527941,0.4833720670335067,14.261449993782843,-5.038550006217157,19.3
2026-01-17:sunderland:crystal palace,sunderland,DEF,1,Sunderland,2026-01-17,6,452.0,0.0,1.0,1.02,0.34,15.0,0.0,0.402976626889355,0.299552444896086,0.297470928214559,2026-01-17,0.402976626889355,0.297470928214559,17.086259202454897,-1.6756455594498654,18.761904761904763
2026-01-24:west ham:sunderland,sunderland,DEF,0,Sunderland,2026-01-24,7,404.0,0.0,1.0,0.1,0.1999999999999999,8.0,0.0,0.4357573059215052,0.2802365260814357,0.2840061679970592,2026-01-24,0.2840061679970592,0.4357573059215052,14.98496689374598,-3.6059421971631096,18.59090909090909
2026-02-02:sunderland:burnley,sunderland,DEF,1,Sunderland,2026-02-02,7,459.0,0.0,2.0,0.72,0.48,42.0,1.0,0.5091474912053919,0.2891525500447728,0.2016999587498353,2026-02-02,0.5091474912053919,0.2016999587498353,18.541520413796263,0.4110856311875679,18.130434782608695
2026-02-07:arsenal:sunderland,sunderland,DEF,0,Sunderland,2026-02-07,6,463.0,0.0,0.0,0.02,0.03,6.0,0.0,0.7872677017122277,0.1533117190819995,0.0594205792057727,2026-02-07,0.0594205792057727,0.7872677017122277,9.643688140523052,-9.481311859476948,19.125
2026-02-11:sunderland:liverpool,sunderland,DEF,1,Sunderland,2026-02-11,6,438.0,0.0,0.0,0.3,0.39,12.0,0.0,0.2021860312801276,0.2394006625698644,0.558413306150008,2026-02-11,0.2021860312801276,0.558413306150008,13.121181652054702,-5.4788183479453,18.6
2026-02-22:sunderland:fulham,sunderland,DEF,1,Sunderland,2026-02-22,5,359.0,0.0,1.0,0.13,0.21,8.0,0.0,0.3316557350105978,0.2942734381282113,0.3740708268611909,2026-02-22,0.3316557350105978,0.3740708268611909,15.922306682018277,-2.4238471641355694,18.346153846153847
2026-02-28:bournemouth:sunderland,sunderland,DEF,0,Sunderland,2026-02-28,4,360.0,0.0,0.0,0.13,0.02,14.0,0.0,0.5410380933372749,0.2487216178006218,0.2102402888621032,2026-02-28,0.2102402888621032,0.5410380933372749,13.385201880590508,-4.577761082372454,17.962962962962962
2026-03-03:leeds:sunderland,sunderland,DEF,0,Sunderland,2026-03-03,5,414.0,0.0,0.0,0.01,0.06,30.0,1.0,0.5384605486740861,0.2631173311691029,0.1984221201568108,2026-03-03,0.1984221201568108,0.5384605486740861,13.424368245824184,-4.397060325604389,17.821428571428573
2026-03-14:sunderland:brighton,sunderland,DEF,1,Sunderland,2026-03-14,6,364.0,0.0,0.0,0.41,0.07,12.0,0.0,0.2520052760778218,0.2666747791773395,0.4813199447448386,2026-03-14,0.2520052760778218,0.4813199447448386,14.292632449012428,-3.948746861332401,18.24137931034483
2026-03-22:newcastle:sunderland,sunderland,DEF,0,Sunderland,2026-03-22,5,361.0,0.0,0.0,0.27,0.55,7.0,0.0,0.6416699703413226,0.2131281450864968,0.1452018845721805,2026-03-22,0.1452018845721805,0.6416699703413226,11.856078096556894,-6.177255236776441,18.033333333333335
2026-04-12:sunderland:spurs,sunderland,DEF,1,Sunderland,2026-04-12,5,359.0,1.0,0.0,0.28,0.28,35.0,1.0,0.3435682357302128,0.2803178841284624,0.3761138801413249,2026-04-12,0.3435682357302128,0.3761138801413249,15.89126203239324,-1.7861573224454688,17.677419354838708
2026-04-19:aston villa:sunderland,sunderland,DEF,0,Sunderland,2026-04-19,6,358.0,1.0,0.0,0.08,0.06,8.0,0.0,0.5646347080118905,0.2508880288125403,0.1844772631755691,2026-04-19,0.1844772631755691,0.5646347080118905,13.026646065118834,-5.192103934881166,18.21875
2026-04-24:sunderland:nottm forest,sunderland,DEF,1,Sunderland,2026-04-24,5,405.0,0.0,0.0,0.29,0.34,-1.0,0.0,0.3558585636619406,0.3009500179662152,0.3431914183718442,2026-04-24,0.3558585636619406,0.3431914183718442,16.391526171544946,-1.517564737545964,17.90909090909091
2026-05-02:wolves:sunderland,sunderland,DEF,0,Sunderland,2026-05-02,6,382.0,1.0,0.0,0.25,0.06,17.0,0.0,0.2495496860465719,0.2614672107189751,0.4889831032344529,2026-05-02,0.4889831032344529,0.2495496860465719,17.814433150323882,0.46149197385329543,17.352941176470587
2026-05-09:sunderland:man utd,sunderland,DEF,1,Sunderland,2026-05-09,5,449.0,0.0,0.0,0.3,0.21,34.0,1.0,0.2897381075435521,0.2623878725800377,0.44787401987641,2026-05-09,0.2897381075435521,0.44787401987641,14.800850726539522,-2.5420064163176193,17.34285714285714
2026-05-17:everton:sunderland,sunderland,DEF,0,Sunderland,2026-05-17,6,418.0,0.0,0.0,0.13,0.07,12.0,0.0,0.5277126253290055,0.255234239867435,0.2170531348035595,2026-05-17,0.2170531348035595,0.5277126253290055,13.58768533485425,-4.2178702207013075,17.805555555555557
2026-05-24:sunderland:chelsea,sunderland,DEF,1,Sunderland,2026-05-24,5,450.0,1.0,1.0,0.36,0.6,21.0,0.0,0.2726942717731145,0.2511220017227591,0.4761837265041262,2026-05-24,0.2726942717731145,0.4761837265041262,14.370678429130088,-3.2779702195185614,17.64864864864865
2025-08-16:sunderland:west ham,sunderland,FWD,1,Sunderland,2025-08-16,2,89.0,2.0,0.0,0.13,0.0,13.0,1.0,0.2746434944483355,0.2965062392976128,0.4288502662540516,2025-08-16,0.2746434944483355,0.4288502662540516,5.659090909090909,0.0,5.659090909090909
2025-08-23:burnley:sunderland,sunderland,FWD,0,Sunderland,2025-08-23,3,99.0,0.0,0.0,0.32,0.01,4.0,0.0,0.4044828037974167,0.3033830669190509,0.2921341292835323,2025-08-23,0.2921341292835323,0.4044828037974167,13.0,0.0,13.0
2025-08-30:sunderland:brentford,sunderland,FWD,1,Sunderland,2025-08-30,3,92.0,1.0,0.0,0.24,0.0,11.0,1.0,0.3031875201755344,0.2879193847006765,0.4088930951237891,2025-08-30,0.3031875201755344,0.4088930951237891,8.5,0.0,8.5
2025-09-13:crystal palace:sunderland,sunderland,FWD,0,Sunderland,2025-09-13,2,111.0,0.0,0.0,0.11,0.0,3.0,1.0,0.5835937273539467,0.2537046133017643,0.1627016593442889,2025-09-13,0.1627016593442889,0.5835937273539467,9.333333333333334,0.0,9.333333333333334
2025-09-21:sunderland:aston villa,sunderland,FWD,1,Sunderland,2025-09-21,2,89.0,1.0,0.0,0.62,0.0,10.0,0.0,0.2426939804898888,0.2816538694206522,0.4756521500894589,2025-09-21,0.2426939804898888,0.4756521500894589,7.75,0.0,7.75
2025-09-27:nottm forest:sunderland,sunderland,FWD,0,Sunderland,2025-09-27,2,89.0,0.0,0.0,0.22,0.03,3.0,1.0,0.5592188306695749,0.2508348911373194,0.1899462781931056,2025-09-27,0.1899462781931056,0.5592188306695749,8.2,0.0,8.2
2025-10-04:man utd:sunderland,sunderland,FWD,0,Sunderland,2025-10-04,3,121.0,0.0,0.0,0.08,0.06,3.0,0.0,0.6101654800196796,0.2157765473002459,0.1740579726800744,2025-10-04,0.1740579726800744,0.6101654800196796,7.333333333333333,0.0,7.333333333333333
2025-10-18:sunderland:wolves,sunderland,FWD,1,Sunderland,2025-10-18,2,89.0,0.0,0.0,0.04,0.0,3.0,1.0,0.3841623605586533,0.3106674042471397,0.3051702351942069,2025-10-18,0.3841623605586533,0.3051702351942069,6.714285714285714,0.0,6.714285714285714
2025-10-25:chelsea:sunderland,sunderland,FWD,0,Sunderland,2025-10-25,2,89.0,1.0,1.0,0.8,0.04,11.0,0.0,0.6853445211946624,0.1991494312078585,0.115506047597479,2025-10-25,0.115506047597479,0.6853445211946624,6.25,0.0,6.25
2025-11-03:sunderland:everton,sunderland,FWD,1,Sunderland,2025-11-03,2,89.0,0.0,0.0,0.28,0.0,3.0,0.0,0.289471877097654,0.304827312544626,0.4057008103577199,2025-11-03,0.289471877097654,0.4057008103577199,6.777777777777778,0.0,6.777777777777778
2025-11-08:sunderland:arsenal,sunderland,FWD,1,Sunderland,2025-11-08,3,92.0,1.0,0.0,0.22,0.01,8.0,0.0,0.1117039132178697,0.2133379934951181,0.6749580932870121,2025-11-08,0.1117039132178697,0.6749580932870121,6.4,0.0,6.4
2025-11-22:fulham:sunderland,sunderland,FWD,0,Sunderland,2025-11-22,3,90.0,0.0,0.0,0.11,0.01,4.0,1.0,0.4797344060724516,0.2795251286468765,0.2407404652806718,2025-11-22,0.2407404652806718,0.4797344060724516,6.545454545454546,0.0,6.545454545454546
2025-11-29:sunderland:bournemouth,sunderland,FWD,1,Sunderland,2025-11-29,2,89.0,1.0,0.0,0.16,0.0,8.0,0.0,0.2987944725929862,0.282958428045034,0.4182470993619798,2025-11-29,0.2987944725929862,0.4182470993619798,6.333333333333333,0.0,6.333333333333333
2025-12-03:liverpool:sunderland,sunderland,FWD,0,Sunderland,2025-12-03,2,89.0,0.0,0.0,0.18,0.01,3.0,1.0,0.7325938788393985,0.1666492896167544,0.1007568315438471,2025-12-03,0.1007568315438471,0.7325938788393985,6.461538461538462,0.0,6.461538461538462
2025-12-06:man city:sunderland,sunderland,FWD,0,Sunderland,2025-12-06,2,89.0,0.0,0.0,0.45,0.02,2.0,0.0,0.7935251598632632,0.136902262221719,0.0695725779150177,2025-12-06,0.0695725779150177,0.7935251598632632,6.214285714285714,0.0,6.214285714285714
2025-12-14:sunderland:newcastle,sunderland,FWD,1,Sunderland,2025-12-14,2,89.0,0.0,0.0,0.03,0.0,1.0,1.0,0.2734842662887987,0.2788654346834891,0.4476502990277121,2025-12-14,0.2734842662887987,0.4476502990277121,5.933333333333334,0.0,5.933333333333334
2025-12-20:brighton:sunderland,sunderland,FWD,0,Sunderland,2025-12-20,2,89.0,0.0,0.0,0.41,0.02,3.0,1.0,0.5333923133213674,0.2536482357799124,0.2129594508987202,2025-12-20,0.2129594508987202,0.5333923133213674,5.625,0.0,5.625
2025-12-28:sunderland:leeds,sunderland,FWD,1,Sunderland,2025-12-28,3,111.0,0.0,0.0,0.53,0.01,4.0,0.0,0.3338122655766268,0.303522064695559,0.3626656697278141,2025-12-28,0.3338122655766268,0.3626656697278141,5.470588235294118,0.0,5.470588235294118
2026-01-01:sunderland:man city,sunderland,FWD,1,Sunderland,2026-01-01,3,179.0,0.0,0.0,0.64,0.06,4.0,1.0,0.1145781342274966,0.1901534422350425,0.6952684235374609,2026-01-01,0.1145781342274966,0.6952684235374609,5.388888888888889,0.0,5.388888888888889
2026-01-04:spurs:sunderland,sunderland,FWD,0,Sunderland,2026-01-04,2,171.0,1.0,0.0,0.2,0.06,11.0,0.0,0.4932081892014756,0.2748105583930533,0.2319812524054711,2026-01-04,0.2319812524054711,0.4932081892014756,5.315789473684211,0.0,5.315789473684211
2026-01-07:brentford:sunderland,sunderland,FWD,0,Sunderland,2026-01-07,2,128.0,0.0,0.0,0.25,0.01,3.0,0.0,0.4833720670335067,0.2915061735136992,0.2251217594527941,2026-01-07,0.2251217594527941,0.4833720670335067,5.6,0.0,5.6
2026-01-17:sunderland:crystal palace,sunderland,FWD,1,Sunderland,2026-01-17,2,89.0,1.0,0.0,0.33,0.04,10.0,0.0,0.402976626889355,0.299552444896086,0.297470928214559,2026-01-17,0.402976626889355,0.297470928214559,5.476190476190476,0.0,5.476190476190476
2026-01-24:west ham:sunderland,sunderland,FWD,0,Sunderland,2026-01-24,3,179.0,1.0,0.0,0.4599999999999999,0.02,10.0,0.0,0.4357573059215052,0.2802365260814357,0.2840061679970592,2026-01-24,0.2840061679970592,0.4357573059215052,5.681818181818182,0.0,5.681818181818182
2026-02-02:sunderland:burnley,sunderland,FWD,1,Sunderland,2026-02-02,2,89.0,0.0,0.0,0.26,0.01,3.0,1.0,0.5091474912053919,0.2891525500447728,0.2016999587498353,2026-02-02,0.5091474912053919,0.2016999587498353,5.869565217391305,0.0,5.869565217391305
2026-02-07:arsenal:sunderland,sunderland,FWD,0,Sunderland,2026-02-07,2,89.0,0.0,0.0,0.08,0.02,2.0,0.0,0.7872677017122277,0.1533117190819995,0.0594205792057727,2026-02-07,0.0594205792057727,0.7872677017122277,5.75,0.0,5.75
2026-02-11:sunderland:liverpool,sunderland,FWD,1,Sunderland,2026-02-11,2,91.0,0.0,0.0,0.1,0.08,3.0,0.0,0.2021860312801276,0.2394006625698644,0.558413306150008,2026-02-11,0.2021860312801276,0.558413306150008,5.6,0.0,5.6
2026-02-22:sunderland:fulham,sunderland,FWD,1,Sunderland,2026-02-22,3,109.0,0.0,0.0,0.18,0.27,3.0,0.0,0.3316557350105978,0.2942734381282113,0.3740708268611909,2026-02-22,0.3316557350105978,0.3740708268611909,5.5,0.0,5.5
2026-02-28:bournemouth:sunderland,sunderland,FWD,0,Sunderland,2026-02-28,2,91.0,1.0,0.0,0.99,0.02,10.0,0.0,0.5410380933372749,0.2487216178006218,0.2102402888621032,2026-02-28,0.2102402888621032,0.5410380933372749,5.407407407407407,0.0,5.407407407407407
2026-03-03:leeds:sunderland,sunderland,FWD,0,Sunderland,2026-03-03,2,89.0,0.0,1.0,0.06,0.0,5.0,0.0,0.5384605486740861,0.2631173311691029,0.1984221201568108,2026-03-03,0.1984221201568108,0.5384605486740861,5.571428571428571,0.0,5.571428571428571
2026-03-14:sunderland:brighton,sunderland,FWD,1,Sunderland,2026-03-14,2,89.0,0.0,0.0,0.13,0.0,3.0,0.0,0.2520052760778218,0.2666747791773395,0.4813199447448386,2026-03-14,0.2520052760778218,0.4813199447448386,5.551724137931035,0.0,5.551724137931035
2026-03-22:newcastle:sunderland,sunderland,FWD,0,Sunderland,2026-03-22,2,91.0,1.0,0.0,1.06,0.05,9.0,0.0,0.6416699703413226,0.2131281450864968,0.1452018845721805,2026-03-22,0.1452018845721805,0.6416699703413226,5.466666666666667,0.0,5.466666666666667
2026-04-12:sunderland:spurs,sunderland,FWD,1,Sunderland,2026-04-12,2,91.0,0.0,0.0,0.67,0.0,2.0,1.0,0.3435682357302128,0.2803178841284624,0.3761138801413249,2026-04-12,0.3435682357302128,0.3761138801413249,5.580645161290323,0.0,5.580645161290323
2026-04-19:aston villa:sunderland,sunderland,FWD,0,Sunderland,2026-04-19,2,89.0,1.0,0.0,0.73,0.0,7.0,0.0,0.5646347080118905,0.2508880288125403,0.1844772631755691,2026-04-19,0.1844772631755691,0.5646347080118905,5.46875,0.0,5.46875
2026-04-24:sunderland:nottm forest,sunderland,FWD,1,Sunderland,2026-04-24,2,115.0,0.0,0.0,0.04,0.02,3.0,0.0,0.3558585636619406,0.3009500179662152,0.3431914183718442,2026-04-24,0.3558585636619406,0.3431914183718442,5.515151515151516,0.0,5.515151515151516
2026-05-02:wolves:sunderland,sunderland,FWD,0,Sunderland,2026-05-02,2,89.0,0.0,0.0,0.06,0.09,2.0,0.0,0.2495496860465719,0.2614672107189751,0.4889831032344529,2026-05-02,0.4889831032344529,0.2495496860465719,5.4411764705882355,0.0,5.4411764705882355
2026-05-09:sunderland:man utd,sunderland,FWD,1,Sunderland,2026-05-09,2,91.0,0.0,0.0,0.18,0.11,3.0,1.0,0.2897381075435521,0.2623878725800377,0.44787401987641,2026-05-09,0.2897381075435521,0.44787401987641,5.3428571428571425,0.0,5.3428571428571425
2026-05-17:everton:sunderland,sunderland,FWD,0,Sunderland,2026-05-17,2,89.0,2.0,0.0,0.52,0.18,12.0,0.0,0.5277126253290055,0.255234239867435,0.2170531348035595,2026-05-17,0.2170531348035595,0.5277126253290055,5.277777777777778,0.0,5.277777777777778
2026-05-24:sunderland:chelsea,sunderland,FWD,1,Sunderland,2026-05-24,2,89.0,0.0,1.0,1.0,0.02,6.0,0.0,0.2726942717731145,0.2511220017227591,0.4761837265041262,2026-05-24,0.2726942717731145,0.4761837265041262,5.45945945945946,0.0,5.45945945945946
2025-08-16:sunderland:west ham,sunderland,GKP,1,Sunderland,2025-08-16,1,90.0,0.0,0.0,0.0,0.0,8.0,1.0,0.2746434944483355,0.2965062392976128,0.4288502662540516,2025-08-16,0.2746434944483355,0.4288502662540516,3.246968897958645,-0.12671531256767077,3.373684210526316
2025-08-23:burnley:sunderland,sunderland,GKP,0,Sunderland,2025-08-23,1,90.0,0.0,0.0,0.0,0.0,1.0,0.0,0.4044828037974167,0.3033830669190509,0.2921341292835323,2025-08-23,0.2921341292835323,0.4044828037974167,3.309564562308394,-4.690435437691606,8.0
2025-08-30:sunderland:brentford,sunderland,GKP,1,Sunderland,2025-08-30,1,90.0,0.0,0.0,0.0,0.0,8.0,0.0,0.3031875201755344,0.2879193847006765,0.4088930951237891,2025-08-30,0.3031875201755344,0.4088930951237891,3.2982353106047544,-1.2017646893952456,4.5
2025-09-13:crystal palace:sunderland,sunderland,GKP,0,Sunderland,2025-09-13,1,90.0,0.0,0.0,0.0,0.0,10.0,1.0,0.5835937273539467,0.2537046133017643,0.1627016593442889,2025-09-13,0.1627016593442889,0.5835937273539467,2.849460549743666,-2.817206116923001,5.666666666666667
2025-09-21:sunderland:aston villa,sunderland,GKP,1,Sunderland,2025-09-21,1,90.0,0.0,0.0,0.0,0.0,2.0,0.0,0.2426939804898888,0.2816538694206522,0.4756521500894589,2025-09-21,0.2426939804898888,0.4756521500894589,3.1267432069696595,-3.6232567930303405,6.75
2025-09-27:nottm forest:sunderland,sunderland,GKP,0,Sunderland,2025-09-27,1,90.0,0.0,0.0,0.0,0.01,10.0,1.0,0.5592188306695749,0.2508348911373194,0.1899462781931056,2025-09-27,0.1899462781931056,0.5592188306695749,2.912075311298343,-2.887924688701657,5.8
2025-10-04:man utd:sunderland,sunderland,GKP,0,Sunderland,2025-10-04,1,90.0,0.0,0.0,0.0,0.0,2.0,0.0,0.6101654800196796,0.2157765473002459,0.1740579726800744,2025-10-04,0.1740579726800744,0.6101654800196796,2.781202457051052,-3.718797542948948,6.5
2025-10-18:sunderland:wolves,sunderland,GKP,1,Sunderland,2025-10-18,1,90.0,0.0,0.0,0.0,0.0,7.0,1.0,0.3841623605586533,0.3106674042471397,0.3051702351942069,2025-10-18,0.3841623605586533,0.3051702351942069,3.564680835537955,-2.292462021604902,5.857142857142857
2025-10-25:chelsea:sunderland,sunderland,GKP,0,Sunderland,2025-10-25,1,90.0,0.0,0.0,0.0,0.0,4.0,0.0,0.6853445211946624,0.1991494312078585,0.115506047597479,2025-10-25,0.115506047597479,0.6853445211946624,2.588080910812911,-3.411919089187089,6.0
2025-11-03:sunderland:everton,sunderland,GKP,1,Sunderland,2025-11-03,1,90.0,0.0,0.0,0.0,0.0,2.0,0.0,0.289471877097654,0.304827312544626,0.4057008103577199,2025-11-03,0.289471877097654,0.4057008103577199,3.3064357207246546,-2.471342057053123,5.777777777777778
2025-11-08:sunderland:arsenal,sunderland,GKP,1,Sunderland,2025-11-08,1,90.0,0.0,0.0,0.0,0.0,2.0,0.0,0.1117039132178697,0.2133379934951181,0.6749580932870121,2025-11-08,0.1117039132178697,0.6749580932870121,2.6147617913624215,-2.785238208637579,5.4
2025-11-22:fulham:sunderland,sunderland,GKP,0,Sunderland,2025-11-22,1,90.0,0.0,0.0,0.0,0.0,3.0,0.0,0.4797344060724516,0.2795251286468765,0.2407404652806718,2025-11-22,0.2407404652806718,0.4797344060724516,3.1162566195477677,-1.9746524713613232,5.090909090909091
2025-11-29:sunderland:bournemouth,sunderland,GKP,1,Sunderland,2025-11-29,1,90.0,0.0,0.0,0.0,0.02,1.0,0.0,0.2987944725929862,0.282958428045034,0.4182470993619798,2025-11-29,0.2987944725929862,0.4182470993619798,3.2742065422969366,-1.6424601243697303,4.916666666666667
2025-12-03:liverpool:sunderland,sunderland,GKP,0,Sunderland,2025-12-03,1,90.0,0.0,0.0,0.0,0.0,3.0,0.0,0.7325938788393985,0.1666492896167544,0.1007568315438471,2025-12-03,0.1007568315438471,0.7325938788393985,2.4667057394287513,-2.1486788759558637,4.615384615384615
2025-12-06:man city:sunderland,sunderland,GKP,0,Sunderland,2025-12-06,1,90.0,0.0,0.0,0.0,0.0,1.0,0.0,0.7935251598632632,0.136902262221719,0.0695725779150177,2025-12-06,0.0695725779150177,0.7935251598632632,2.310184147483852,-2.189815852516148,4.5
2025-12-14:sunderland:newcastle,sunderland,GKP,1,Sunderland,2025-12-14,1,90.0,0.0,0.0,0.0,0.0,9.0,1.0,0.2734842662887987,0.2788654346834891,0.4476502990277121,2025-12-14,0.2734842662887987,0.4476502990277121,3.198674967338721,-1.0679916993279455,4.266666666666667
2025-12-20:brighton:sunderland,sunderland,GKP,0,Sunderland,2025-12-20,1,90.0,0.0,0.0,0.0,0.0,7.0,1.0,0.5333923133213674,0.2536482357799124,0.2129594508987202,2025-12-20,0.2129594508987202,0.5333923133213674,2.978419027396331,-1.5840809726036689,4.5625
2025-12-28:sunderland:leeds,sunderland,GKP,1,Sunderland,2025-12-28,1,90.0,0.0,0.0,0.0,0.0,3.0,0.0,0.3338122655766268,0.303522064695559,0.3626656697278141,2025-12-28,0.3338122655766268,0.3626656697278141,3.4169853203355216,-1.288897032605655,4.705882352941177
2026-01-01:sunderland:man city,sunderland,GKP,1,Sunderland,2026-01-01,1,90.0,0.0,0.0,0.0,0.01,7.0,1.0,0.1145781342274966,0.1901534422350425,0.6952684235374609,2026-01-01,0.1145781342274966,0.6952684235374609,2.562588175933562,-2.048522935177549,4.611111111111111
2026-01-04:spurs:sunderland,sunderland,GKP,0,Sunderland,2026-01-04,1,90.0,0.0,0.0,0.0,0.0,3.0,0.0,0.4932081892014756,0.2748105583930533,0.2319812524054711,2026-01-04,0.2319812524054711,0.4932081892014756,3.081644874161204,-1.6551972311019534,4.7368421052631575
2026-01-07:brentford:sunderland,sunderland,GKP,0,Sunderland,2026-01-07,1,90.0,0.0,0.0,0.0,0.0,2.0,0.0,0.4833720670335067,0.2915061735136992,0.2251217594527941,2026-01-07,0.2251217594527941,0.4833720670335067,3.1069121174297645,-1.5430878825702359,4.65
2026-01-17:sunderland:crystal palace,sunderland,GKP,1,Sunderland,2026-01-17,1,90.0,0.0,0.0,0.0,0.0,2.0,0.0,0.402976626889355,0.299552444896086,0.297470928214559,2026-01-17,0.402976626889355,0.297470928214559,3.5844589817557404,-0.9393505420537833,4.523809523809524
2026-01-24:west ham:sunderland,sunderland,GKP,0,Sunderland,2026-01-24,1,90.0,0.0,0.0,0.0,0.01,1.0,0.0,0.4357573059215052,0.2802365260814357,0.2840061679970592,2026-01-24,0.2840061679970592,0.4357573059215052,3.229225945140158,-1.179864963950751,4.409090909090909
2026-02-02:sunderland:burnley,sunderland,GKP,1,Sunderland,2026-02-02,1,90.0,0.0,0.0,0.0,0.01,6.0,1.0,0.5091474912053919,0.2891525500447728,0.2016999587498353,2026-02-02,0.5091474912053919,0.2016999587498353,3.8304775185538382,-0.43039204666355335,4.260869565217392
2026-02-07:arsenal:sunderland,sunderland,GKP,0,Sunderland,2026-02-07,1,90.0,0.0,0.0,0.0,0.01,1.0,0.0,0.7872677017122277,0.1533117190819995,0.0594205792057727,2026-02-07,0.0594205792057727,0.7872677017122277,2.326258441259902,-2.007074892073431,4.333333333333333
2026-02-11:sunderland:liverpool,sunderland,GKP,1,Sunderland,2026-02-11,1,90.0,0.0,0.0,0.0,0.0,2.0,0.0,0.2021860312801276,0.2394006625698644,0.558413306150008,2026-02-11,0.2021860312801276,0.558413306150008,2.914144560098543,-1.2858554399014572,4.2
2026-02-22:sunderland:fulham,sunderland,GKP,1,Sunderland,2026-02-22,1,90.0,0.0,0.0,0.0,0.03,1.0,0.0,0.3316557350105978,0.2942734381282113,0.3740708268611909,2026-02-22,0.3316557350105978,0.3740708268611909,3.3876875061274356,-0.7276971092571793,4.115384615384615
2026-02-28:bournemouth:sunderland,sunderland,GKP,0,Sunderland,2026-02-28,1,90.0,0.0,0.0,0.0,0.0,2.0,0.0,0.5410380933372749,0.2487216178006218,0.2102402888621032,2026-02-28,0.2102402888621032,0.5410380933372749,2.9587783824001814,-1.0412216175998186,4.0
2026-03-03:leeds:sunderland,sunderland,GKP,0,Sunderland,2026-03-03,1,90.0,0.0,0.0,0.0,0.0,10.0,1.0,0.5384605486740861,0.2631173311691029,0.1984221201568108,2026-03-03,0.1984221201568108,0.5384605486740861,2.965399634853964,-0.9631717937174642,3.9285714285714284
2026-03-14:sunderland:brighton,sunderland,GKP,1,Sunderland,2026-03-14,1,90.0,0.0,0.0,0.0,0.02,3.0,0.0,0.2520052760778218,0.2666747791773395,0.4813199447448386,2026-03-14,0.2520052760778218,0.4813199447448386,3.112183653528967,-1.025747380953792,4.137931034482759
2026-03-22:newcastle:sunderland,sunderland,GKP,0,Sunderland,2026-03-22,1,90.0,0.0,0.0,0.0,0.0,3.0,0.0,0.6416699703413226,0.2131281450864968,0.1452018845721805,2026-03-22,0.1452018845721805,0.6416699703413226,2.7002730412289084,-1.3997269587710912,4.1
2026-04-12:sunderland:spurs,sunderland,GKP,1,Sunderland,2026-04-12,1,90.0,0.0,0.0,0.0,0.0,11.0,1.0,0.3435682357302128,0.2803178841284624,0.3761138801413249,2026-04-12,0.3435682357302128,0.3761138801413249,3.3824392666934155,-0.6820768623388425,4.064516129032258
2026-04-19:aston villa:sunderland,sunderland,GKP,0,Sunderland,2026-04-19,1,90.0,0.0,0.0,0.0,0.0,1.0,0.0,0.5646347080118905,0.2508880288125403,0.1844772631755691,2026-04-19,0.1844772631755691,0.5646347080118905,2.8981628884975565,-1.3830871115024435,4.28125
2026-04-24:sunderland:nottm forest,sunderland,GKP,1,Sunderland,2026-04-24,1,90.0,0.0,0.0,0.0,0.0,0.0,0.0,0.3558585636619406,0.3009500179662152,0.3431914183718442,2026-04-24,0.3558585636619406,0.3431914183718442,3.467011198225364,-0.7148069835928177,4.181818181818182
2026-05-02:wolves:sunderland,sunderland,GKP,0,Sunderland,2026-05-02,1,90.0,0.0,0.0,0.0,0.0,3.0,0.0,0.2495496860465719,0.2614672107189751,0.4889831032344529,2026-05-02,0.4889831032344529,0.2495496860465719,3.70756010462845,-0.3512634247833146,4.0588235294117645
2026-05-09:sunderland:man utd,sunderland,GKP,1,Sunderland,2026-05-09,1,90.0,0.0,0.0,0.0,0.0,6.0,1.0,0.2897381075435521,0.2623878725800377,0.44787401987641,2026-05-09,0.2897381075435521,0.44787401987641,3.1981002683860478,-0.8304711601853807,4.0285714285714285
2026-05-17:everton:sunderland,sunderland,GKP,0,Sunderland,2026-05-17,1,90.0,0.0,0.0,0.0,0.0,3.0,0.0,0.5277126253290055,0.255234239867435,0.2170531348035595,2026-05-17,0.2170531348035595,0.5277126253290055,2.993009132698181,-1.090324200635152,4.083333333333333
2026-05-24:sunderland:chelsea,sunderland,GKP,1,Sunderland,2026-05-24,1,90.0,0.0,0.0,0.0,0.0,2.0,0.0,0.2726942717731145,0.2511220017227591,0.4761837265041262,2026-05-24,0.2726942717731145,0.4761837265041262,3.1253776819837085,-0.9286763720703459,4.054054054054054
2025-08-16:sunderland:west ham,sunderland,MID,1,Sunderland,2025-08-16,7,450.0,0.0,2.0,0.37,0.09,23.0,1.0,0.2746434944483355,0.2965062392976128,0.4288502662540516,2025-08-16,0.2746434944483355,0.4288502662540516,18.61484659131856,-1.8785744613130184,20.49342105263158
2025-08-23:burnley:sunderland,sunderland,MID,0,Sunderland,2025-08-23,7,437.0,0.0,0.0,0.35,0.35,13.0,0.0,0.4044828037974167,0.3033830669190509,0.2921341292835323,2025-08-23,0.2921341292835323,0.4044828037974167,18.928137049046846,-4.071862950953154,23.0
2025-08-30:sunderland:brentford,sunderland,MID,1,Sunderland,2025-08-30,6,445.0,1.0,2.0,1.12,0.36,25.0,1.0,0.3031875201755344,0.2879193847006765,0.4088930951237891,2025-08-30,0.3031875201755344,0.4088930951237891,19.126124253321247,1.1261242533212474,18.0
2025-09-13:crystal palace:sunderland,sunderland,MID,0,Sunderland,2025-09-13,6,422.0,0.0,0.0,0.25,0.38,18.0,1.0,0.5835937273539467,0.2537046133017643,0.1627016593442889,2025-09-13,0.1627016593442889,0.5835937273539467,16.609755919131036,-3.723577414202296,20.333333333333332
2025-09-21:sunderland:aston villa,sunderland,MID,1,Sunderland,2025-09-21,6,376.0,0.0,1.0,0.2,0.1699999999999999,11.0,0.0,0.2426939804898888,0.2816538694206522,0.4756521500894589,2025-09-21,0.2426939804898888,0.4756521500894589,18.042570173306803,-1.7074298266931969,19.75
2025-09-27:nottm forest:sunderland,sunderland,MID,0,Sunderland,2025-09-27,7,432.0,0.0,1.0,0.19,0.45,20.0,1.0,0.5592188306695749,0.2508348911373194,0.1899462781931056,2025-09-27,0.1899462781931056,0.5592188306695749,17.097758738365613,-0.9022412616343871,18.0
2025-10-04:man utd:sunderland,sunderland,MID,0,Sunderland,2025-10-04,6,395.0,0.0,0.0,0.44,0.2,8.0,0.0,0.6101654800196796,0.2157765473002459,0.1740579726800744,2025-10-04,0.1740579726800744,0.6101654800196796,16.813169039157682,-1.5201642941756504,18.333333333333332
2025-10-18:sunderland:wolves,sunderland,MID,1,Sunderland,2025-10-18,7,435.0,0.0,1.0,0.06,0.1,24.0,1.0,0.3841623605586533,0.3106674042471397,0.3051702351942069,2025-10-18,0.3841623605586533,0.3051702351942069,20.576537291334738,3.71939443419188,16.857142857142858
2025-10-25:chelsea:sunderland,sunderland,MID,0,Sunderland,2025-10-25,6,358.0,1.0,1.0,0.43,0.15,19.0,0.0,0.6853445211946624,0.1991494312078585,0.115506047597479,2025-10-25,0.115506047597479,0.6853445211946624,15.764392960825454,-1.9856070391745462,17.75
2025-11-03:sunderland:everton,sunderland,MID,1,Sunderland,2025-11-03,5,359.0,1.0,1.0,0.18,0.7,22.0,0.0,0.289471877097654,0.304827312544626,0.4057008103577199,2025-11-03,0.289471877097654,0.4057008103577199,18.880451060873135,0.9915621719842456,17.88888888888889
2025-11-08:sunderland:arsenal,sunderland,MID,1,Sunderland,2025-11-08,6,358.0,0.0,0.0,0.08,0.14,13.0,0.0,0.1117039132178697,0.2133379934951181,0.6749580932870121,2025-11-08,0.1117039132178697,0.6749580932870121,15.696289519677896,-2.603710480322105,18.3
2025-11-22:fulham:sunderland,sunderland,MID,0,Sunderland,2025-11-22,6,359.0,0.0,0.0,0.06,0.36,11.0,1.0,0.4797344060724516,0.2795251286468765,0.2407404652806718,2025-11-22,0.2407404652806718,0.4797344060724516,18.007579009187182,0.18939719100536578,17.818181818181817
2025-11-29:sunderland:bournemouth,sunderland,MID,1,Sunderland,2025-11-29,6,416.0,2.0,2.0,1.02,0.59,30.0,0.0,0.2987944725929862,0.282958428045034,0.4182470993619798,2025-11-29,0.2987944725929862,0.4182470993619798,19.0474364354732,1.7974364354732018,17.25
2025-12-03:liverpool:sunderland,sunderland,MID,0,Sunderland,2025-12-03,4,349.0,1.0,1.0,0.12,0.08,21.0,1.0,0.7325938788393985,0.1666492896167544,0.1007568315438471,2025-12-03,0.1007568315438471,0.7325938788393985,15.500206515215302,-2.730562715553928,18.23076923076923
2025-12-06:man city:sunderland,sunderland,MID,0,Sunderland,2025-12-06,7,357.0,0.0,0.0,0.25,0.07,10.0,0.0,0.7935251598632632,0.136902262221719,0.0695725779150177,2025-12-06,0.0695725779150177,0.7935251598632632,14.94163736176004,-3.4869340668113864,18.428571428571427
2025-12-14:sunderland:newcastle,sunderland,MID,1,Sunderland,2025-12-14,6,428.0,0.0,0.0,0.11,0.34,15.0,1.0,0.2734842662887987,0.2788654346834891,0.4476502990277121,2025-12-14,0.2734842662887987,0.4476502990277121,18.59408261538888,0.7274159487222143,17.866666666666667
2025-12-20:brighton:sunderland,sunderland,MID,0,Sunderland,2025-12-20,6,358.0,0.0,0.0,0.54,0.8,13.0,1.0,0.5333923133213674,0.2536482357799124,0.2129594508987202,2025-12-20,0.2129594508987202,0.5333923133213674,17.50996832816356,-0.1775316718364408,17.6875
2025-12-28:sunderland:leeds,sunderland,MID,1,Sunderland,2025-12-28,5,336.0,1.0,1.0,0.12,0.65,21.0,0.0,0.3338122655766268,0.303522064695559,0.3626656697278141,2025-12-28,0.3338122655766268,0.3626656697278141,19.67467155277166,2.262906846889308,17.41176470588235
2026-01-01:sunderland:man city,sunderland,MID,1,Sunderland,2026-01-01,4,269.0,0.0,0.0,0.04,0.46,13.0,1.0,0.1145781342274966,0.1901534422350425,0.6952684235374609,2026-01-01,0.1145781342274966,0.6952684235374609,15.747772271687918,-1.863338839423193,17.61111111111111
2026-01-04:spurs:sunderland,sunderland,MID,0,Sunderland,2026-01-04,5,284.0,0.0,1.0,0.2,0.3,12.0,0.0,0.4932081892014756,0.2748105583930533,0.2319812524054711,2026-01-04,0.2319812524054711,0.4932081892014756,17.850684886311264,0.48226383367968495,17.36842105263158
2026-01-07:brentford:sunderland,sunderland,MID,0,Sunderland,2026-01-07,6,331.0,0.0,0.0,1.25,0.46,6.0,0.0,0.4833720670335067,0.2915061735136992,0.2251217594527941,2026-01-07,0.2251217594527941,0.4833720670335067,17.727818351895735,0.6278183518957334,17.1
2026-01-17:sunderland:crystal palace,sunderland,MID,1,Sunderland,2026-01-17,4,357.0,1.0,1.0,0.48,0.2,17.0,0.0,0.402976626889355,0.299552444896086,0.297470928214559,2026-01-17,0.402976626889355,0.297470928214559,20.913536500689112,4.342107929260539,16.571428571428573
2026-01-24:west ham:sunderland,sunderland,MID,0,Sunderland,2026-01-24,5,315.0,0.0,0.0,0.11,0.11,7.0,0.0,0.4357573059215052,0.2802365260814357,0.2840061679970592,2026-01-24,0.2840061679970592,0.4357573059215052,18.782549839901485,2.191640748992395,16.59090909090909
2026-02-02:sunderland:burnley,sunderland,MID,1,Sunderland,2026-02-02,5,348.0,2.0,1.0,0.53,0.24,31.0,1.0,0.5091474912053919,0.2891525500447728,0.2016999587498353,2026-02-02,0.5091474912053919,0.2016999587498353,22.815258135860674,6.641345092382412,16.17391304347826
2026-02-07:arsenal:sunderland,sunderland,MID,0,Sunderland,2026-02-07,6,344.0,0.0,0.0,0.08,0.11,9.0,0.0,0.7872677017122277,0.1533117190819995,0.0594205792057727,2026-02-07,0.0594205792057727,0.7872677017122277,14.759795801837006,-2.0318708648296617,16.791666666666668
2026-02-11:sunderland:liverpool,sunderland,MID,1,Sunderland,2026-02-11,6,369.0,0.0,0.0,0.21,0.48,10.0,0.0,0.2021860312801276,0.2394006625698644,0.558413306150008,2026-02-11,0.2021860312801276,0.558413306150008,17.316995940631017,0.8369959406310166,16.48
2026-02-22:sunderland:fulham,sunderland,MID,1,Sunderland,2026-02-22,7,427.0,1.0,0.0,1.54,0.42,19.0,0.0,0.3316557350105978,0.2942734381282113,0.3740708268611909,2026-02-22,0.3316557350105978,0.3740708268611909,19.636043998397433,3.405274767628203,16.23076923076923
2026-02-28:bournemouth:sunderland,sunderland,MID,0,Sunderland,2026-02-28,7,448.0,0.0,1.0,0.33,0.18,14.0,0.0,0.5410380933372749,0.2487216178006218,0.2102402888621032,2026-02-28,0.2102402888621032,0.5410380933372749,17.461262976578787,1.127929643245455,16.333333333333332
2026-03-03:leeds:sunderland,sunderland,MID,0,Sunderland,2026-03-03,7,399.0,1.0,0.0,0.79,0.06,21.0,1.0,0.5384605486740861,0.2631173311691029,0.1984221201568108,2026-03-03,0.1984221201568108,0.5384605486740861,17.249577150530865,0.9995771505308646,16.25
2026-03-14:sunderland:brighton,sunderland,MID,1,Sunderland,2026-03-14,5,444.0,0.0,0.0,0.37,0.5,9.0,0.0,0.2520052760778218,0.2666747791773395,0.4813199447448386,2026-03-14,0.2520052760778218,0.4813199447448386,18.209353145124194,1.795560041675916,16.413793103448278
2026-03-22:newcastle:sunderland,sunderland,MID,0,Sunderland,2026-03-22,6,449.0,1.0,1.0,1.2000000000000002,1.0,22.0,0.0,0.6416699703413226,0.2131281450864968,0.1452018845721805,2026-03-22,0.1452018845721805,0.6416699703413226,16.296301747789972,0.12963508112330402,16.166666666666668
2026-04-12:sunderland:spurs,sunderland,MID,1,Sunderland,2026-04-12,6,449.0,0.0,1.0,0.38,0.75,20.0,1.0,0.3435682357302128,0.2803178841284624,0.3761138801413249,2026-04-12,0.3435682357302128,0.3761138801413249,19.849419489813368,3.494580780135948,16.35483870967742
2026-04-19:aston villa:sunderland,sunderland,MID,0,Sunderland,2026-04-19,6,449.0,1.0,2.0,0.9,0.48,25.0,0.0,0.5646347080118905,0.2508880288125403,0.1844772631755691,2026-04-19,0.1844772631755691,0.5646347080118905,16.999798302148683,0.5310483021486831,16.46875
2026-04-24:sunderland:nottm forest,sunderland,MID,1,Sunderland,2026-04-24,5,379.0,0.0,0.0,0.39,1.15,7.0,0.0,0.3558585636619406,0.3009500179662152,0.3431914183718442,2026-04-24,0.3558585636619406,0.3431914183718442,20.069562583511342,3.342289856238615,16.727272727272727
2026-05-02:wolves:sunderland,sunderland,MID,0,Sunderland,2026-05-02,5,359.0,0.0,1.0,0.35,0.5700000000000001,18.0,0.0,0.2495496860465719,0.2614672107189751,0.4889831032344529,2026-05-02,0.4889831032344529,0.2495496860465719,22.454075686123986,6.01289921553575,16.441176470588236
2026-05-09:sunderland:man utd,sunderland,MID,1,Sunderland,2026-05-09,5,359.0,0.0,0.0,0.77,0.69,17.0,1.0,0.2897381075435521,0.2623878725800377,0.44787401987641,2026-05-09,0.2897381075435521,0.44787401987641,18.88521975332155,2.3995054676072662,16.485714285714284
2026-05-17:everton:sunderland,sunderland,MID,0,Sunderland,2026-05-17,7,388.0,1.0,3.0,0.12,0.48,28.0,0.0,0.5277126253290055,0.255234239867435,0.2170531348035595,2026-05-17,0.2170531348035595,0.5277126253290055,17.58329397451238,1.0832939745123795,16.5
2026-05-24:sunderland:chelsea,sunderland,MID,1,Sunderland,2026-05-24,6,360.0,0.0,0.0,0.49,1.01,9.0,0.0,0.2726942717731145,0.2511220017227591,0.4761837265041262,2026-05-24,0.2726942717731145,0.4761837265041262,18.57993231462773,1.769121503816919,16.81081081081081
2025-08-16:sunderland:west ham,west ham,DEF,0,West Ham,2025-08-16,5,441.0,0.0,0.0,0.16,0.2,4.0,0.0,0.2746434944483355,0.2965062392976128,0.4288502662540516,2025-08-16,0.4288502662540516,0.2746434944483355,17.433127142709854,1.5936534584993272,15.839473684210526
2025-08-22:west ham:chelsea,west ham,DEF,1,West Ham,2025-08-22,6,425.0,0.0,1.0,0.33,0.08,6.0,0.0,0.1890775876684122,0.2414353988597687,0.5694870134718191,2025-08-22,0.1890775876684122,0.5694870134718191,12.952914202938878,8.952914202938878,4.0
2025-08-31:nottm forest:west ham,west ham,DEF,0,West Ham,2025-08-31,4,360.0,0.0,1.0,0.06,0.1399999999999999,28.0,1.0,0.5942403554972079,0.2276874660140517,0.1780721784887402,2025-08-31,0.1780721784887402,0.5942403554972079,12.576781657743298,7.5767816577432985,5.0
2025-09-13:west ham:spurs,west ham,DEF,1,West Ham,2025-09-13,4,360.0,0.0,0.0,0.21,0.06,6.0,0.0,0.287504874445436,0.2661083026565234,0.4463868228980405,2025-09-13,0.287504874445436,0.4463868228980405,14.82344901585769,2.1567823491910243,12.666666666666666
2025-09-20:west ham:crystal palace,west ham,DEF,1,West Ham,2025-09-20,4,360.0,0.0,1.0,0.32,0.44,9.0,0.0,0.3102603774628032,0.2728060938578318,0.4169335286793648,2025-09-20,0.3102603774628032,0.4169335286793648,15.270998381414145,4.270998381414145,11.0
2025-09-29:everton:west ham,west ham,DEF,0,West Ham,2025-09-29,5,361.0,0.0,1.0,0.15,0.25,11.0,0.0,0.5947618709872167,0.2378345655420752,0.1674035634707081,2025-09-29,0.1674035634707081,0.5947618709872167,12.568857113719517,1.9688571137195172,10.6
2025-10-04:arsenal:west ham,west ham,DEF,0,West Ham,2025-10-04,5,359.0,0.0,0.0,0.0,0.05,9.0,0.0,0.842586166852527,0.112553754703992,0.0448600784434808,2025-10-04,0.0448600784434808,0.842586166852527,8.80311174206371,-1.8635549246029566,10.666666666666666
2025-10-20:west ham:brentford,west ham,DEF,1,West Ham,2025-10-20,7,405.0,0.0,0.0,0.0,0.03,9.0,0.0,0.3450312947637052,0.2837749859496023,0.3711937192866925,2025-10-20,0.3450312947637052,0.3711937192866925,15.966024972408626,5.537453543837197,10.428571428571429
2025-10-24:leeds:west ham,west ham,DEF,0,West Ham,2025-10-24,6,383.0,0.0,0.0,0.04,0.11,4.0,0.0,0.5463986653521108,0.2551191119491087,0.1984822226987806,2025-10-24,0.1984822226987806,0.5463986653521108,13.303746794906466,3.0537467949064663,10.25
2025-11-02:west ham:newcastle,west ham,DEF,1,West Ham,2025-11-02,6,376.0,0.0,1.0,0.09,0.05,17.0,0.0,0.1780521935689274,0.2236900389521703,0.5982577674789022,2025-11-02,0.1780521935689274,0.5982577674789022,12.515736187914456,2.9601806323589006,9.555555555555555
2025-11-08:west ham:burnley,west ham,DEF,1,West Ham,2025-11-08,6,374.0,1.0,0.0,1.01,0.03,14.0,0.0,0.5242576529950546,0.2606323261220115,0.2151100208829339,2025-11-08,0.5242576529950546,0.2151100208829339,18.33775153296475,8.037751532964748,10.3
2025-11-22:bournemouth:west ham,west ham,DEF,0,West Ham,2025-11-22,6,495.0,0.0,1.0,0.0,0.21,16.0,0.0,0.5875778439552475,0.2316613112578836,0.1807608447868689,2025-11-22,0.1807608447868689,0.5875778439552475,12.678020004512886,2.0416563681492494,10.636363636363637
2025-11-30:west ham:liverpool,west ham,DEF,1,West Ham,2025-11-30,4,360.0,0.0,0.0,0.0,0.06,6.0,0.0,0.1757374424441924,0.2017131982885957,0.6225493592672119,2025-11-30,0.1757374424441924,0.6225493592672119,12.146620040413344,1.0632867070800103,11.083333333333334
2025-12-04:man utd:west ham,west ham,DEF,0,West Ham,2025-12-04,5,363.0,0.0,0.0,0.09,0.13,15.0,0.0,0.7062141041466147,0.1773719437668942,0.1164139520864911,2025-12-04,0.1164139520864911,0.7062141041466147,10.875315607971391,0.18300791566369945,10.692307692307692
2025-12-07:brighton:west ham,west ham,DEF,0,West Ham,2025-12-07,6,449.0,0.0,0.0,0.33,0.28,21.0,1.0,0.6140475919353147,0.2144275861817264,0.1715248218829589,2025-12-07,0.1715248218829589,0.6140475919353147,12.27580628855419,1.2758062885541896,11.0
2025-12-14:west ham:aston villa,west ham,DEF,1,West Ham,2025-12-14,4,360.0,0.0,0.0,0.05,0.04,3.0,0.0,0.2831111672391836,0.2731609535813335,0.4437278791794828,2025-12-14,0.2831111672391836,0.4437278791794828,14.863852257867077,3.1971855912004106,11.666666666666666
2025-12-20:man city:west ham,west ham,DEF,0,West Ham,2025-12-20,6,370.0,0.0,0.0,0.0,0.36,8.0,0.0,0.8283995531782266,0.1112000484070857,0.0604003984146877,2025-12-20,0.0604003984146877,0.8283995531782266,9.018680496519087,-2.106319503480913,11.125
2025-12-27:west ham:fulham,west ham,DEF,1,West Ham,2025-12-27,4,360.0,0.0,0.0,0.04,0.16,9.0,0.0,0.3170487376676419,0.2808985626491988,0.4020526996831592,2025-12-27,0.3170487376676419,0.4020526996831592,15.497115892303063,4.555939421714827,10.941176470588236
2025-12-30:west ham:brighton,west ham,DEF,1,West Ham,2025-12-30,6,359.0,0.0,0.0,0.27,0.15,7.0,0.0,0.2811669754950288,0.2579520024466649,0.4608810220583063,2025-12-30,0.2811669754950288,0.4608810220583063,14.603206431436941,3.7698730981036075,10.833333333333334
2026-01-03:wolves:west ham,west ham,DEF,0,West Ham,2026-01-03,5,405.0,0.0,0.0,0.09,0.28,7.0,0.0,0.3630297197226849,0.2783401005870013,0.3586301796903136,2026-01-03,0.3586301796903136,0.3630297197226849,16.090078764088,5.458499816719577,10.631578947368421
2026-01-06:west ham:nottm forest,west ham,DEF,1,West Ham,2026-01-06,5,359.0,0.0,0.0,0.03,0.08,9.0,0.0,0.3235693837247664,0.2748728402781422,0.4015577759970914,2026-01-06,0.3235693837247664,0.4015577759970914,15.504636367943375,5.054636367943376,10.45
2026-01-17:spurs:west ham,west ham,DEF,0,West Ham,2026-01-17,5,361.0,0.0,0.0,0.22,0.13,15.0,0.0,0.530392764313625,0.2484518251135966,0.2211554105727783,2026-01-17,0.2211554105727783,0.530392764313625,13.546960026056398,3.166007645104017,10.380952380952381
2026-01-24:west ham:sunderland,west ham,DEF,1,West Ham,2026-01-24,6,361.0,0.0,1.0,0.05,0.05,13.0,0.0,0.4357573059215052,0.2802365260814357,0.2840061679970592,2026-01-24,0.4357573059215052,0.2840061679970592,17.29085923286137,6.699950141952277,10.590909090909092
2026-01-31:chelsea:west ham,west ham,DEF,0,West Ham,2026-01-31,6,383.0,0.0,2.0,0.2,0.12,11.0,0.0,0.6180040892387358,0.2087090184896463,0.1732868922716177,2026-01-31,0.1732868922716177,0.6180040892387358,12.215686430828761,1.520034256915718,10.695652173913043
2026-02-07:burnley:west ham,west ham,DEF,0,West Ham,2026-02-07,6,360.0,0.0,1.0,0.02,0.18,33.0,1.0,0.301489701572919,0.2581899360496202,0.4403203623774607,2026-02-07,0.4403203623774607,0.301489701572919,17.02519304620441,6.316859712871077,10.708333333333334
2026-02-10:west ham:man utd,west ham,DEF,1,West Ham,2026-02-10,6,360.0,0.0,0.0,0.0,0.04,14.0,1.0,0.201448197875623,0.2190797314482629,0.5794720706761141,2026-02-10,0.201448197875623,0.5794720706761141,12.801189034825303,1.201189034825303,11.6
2026-02-21:west ham:bournemouth,west ham,DEF,1,West Ham,2026-02-21,4,360.0,0.0,0.0,0.67,0.4,27.0,1.0,0.3569818895479906,0.2546028425107758,0.3884152679412335,2026-02-21,0.3569818895479906,0.3884152679412335,15.704339704980976,4.012032012673284,11.692307692307692
2026-02-28:liverpool:west ham,west ham,DEF,0,West Ham,2026-02-28,5,360.0,0.0,1.0,0.43,0.41,4.0,0.0,0.699693474766086,0.1762091883903524,0.1240973368435615,2026-02-28,0.1240973368435615,0.699693474766086,10.974398023697708,-1.2848612355615519,12.25925925925926
2026-03-04:fulham:west ham,west ham,DEF,0,West Ham,2026-03-04,5,361.0,0.0,0.0,0.0,0.14,29.0,1.0,0.4377617404303001,0.2633692420695303,0.2988690175001697,2026-03-04,0.2988690175001697,0.4377617404303001,14.954509064952695,2.990223350666982,11.964285714285714
2026-03-14:west ham:man city,west ham,DEF,1,West Ham,2026-03-14,5,450.0,1.0,0.0,0.54,0.02,22.0,0.0,0.1830565528927545,0.2162774800557313,0.6006659670515141,2026-03-14,0.1830565528927545,0.6006659670515141,12.479143059049015,-0.0725810788820187,12.551724137931034
2026-03-22:aston villa:west ham,west ham,DEF,0,West Ham,2026-03-22,4,352.0,0.0,0.0,0.41,0.28,5.0,0.0,0.5641495785408511,0.240492942635241,0.1953574788239078,2026-03-22,0.1953574788239078,0.5641495785408511,13.0340177154804,0.16735104881373353,12.866666666666667
2026-04-10:west ham:wolves,west ham,DEF,1,West Ham,2026-04-10,4,360.0,2.0,0.0,0.38,0.18,39.0,1.0,0.5509397355966867,0.2445394501926664,0.2045208142106468,2026-04-10,0.5509397355966867,0.2045208142106468,18.498656886801985,5.885753660995533,12.612903225806452
2026-04-20:crystal palace:west ham,west ham,DEF,0,West Ham,2026-04-20,4,360.0,0.0,0.0,0.13,0.14,26.0,1.0,0.3771290036842804,0.2795964582449706,0.343274538070749,2026-04-20,0.343274538070749,0.3771290036842804,15.87583700406744,2.4383370040674404,13.4375
2026-04-25:west ham:everton,west ham,DEF,1,West Ham,2026-04-25,5,361.0,0.0,0.0,0.04,0.27,12.0,0.0,0.3937540155027055,0.2728963362139262,0.3333496482833682,2026-04-25,0.3937540155027055,0.3333496482833682,16.54107406002042,2.7228922418386023,13.818181818181818
2026-05-02:brentford:west ham,west ham,DEF,0,West Ham,2026-05-02,6,344.0,0.0,0.0,0.03,0.05,3.0,0.0,0.5230023679248957,0.2364026005344833,0.240595031540621,2026-05-02,0.240595031540621,0.5230023679248957,13.659258745188781,-0.10544713716416076,13.764705882352942
2026-05-10:west ham:arsenal,west ham,DEF,1,West Ham,2026-05-10,5,444.0,0.0,0.0,0.02,0.11,11.0,0.0,0.1455454489570799,0.217000640619052,0.6374539104238681,2026-05-10,0.1455454489570799,0.6374539104238681,11.920142066012925,-1.5370007911299322,13.457142857142857
2026-05-17:newcastle:west ham,west ham,DEF,0,West Ham,2026-05-17,5,357.0,0.0,0.0,0.07,0.28,5.0,0.0,0.4694787849911073,0.2369669263172563,0.2935542886916364,2026-05-17,0.2935542886916364,0.4694787849911073,14.472561508760005,1.0836726198711162,13.38888888888889
2026-05-24:west ham:leeds,west ham,DEF,1,West Ham,2026-05-24,4,360.0,0.0,0.0,0.0,0.03,26.0,1.0,0.5747232295802224,0.2195096133798219,0.2057671570399558,2026-05-24,0.5747232295802224,0.2057671570399558,18.479718429922368,5.317556267760207,13.162162162162161
2025-08-16:sunderland:west ham,west ham,FWD,0,West Ham,2025-08-16,3,199.0,0.0,0.0,0.31,0.13,5.0,0.0,0.2746434944483355,0.2965062392976128,0.4288502662540516,2025-08-16,0.4288502662540516,0.2746434944483355,5.659090909090909,0.0,5.659090909090909
2025-08-22:west ham:chelsea,west ham,FWD,1,West Ham,2025-08-22,3,180.0,0.0,0.0,0.12,0.17,4.0,0.0,0.1890775876684122,0.2414353988597687,0.5694870134718191,2025-08-22,0.1890775876684122,0.5694870134718191,5.0,0.0,5.0
2025-08-31:nottm forest:west ham,west ham,FWD,0,West Ham,2025-08-31,3,179.0,2.0,0.0,1.26,0.04,18.0,1.0,0.5942403554972079,0.2276874660140517,0.1780721784887402,2025-08-31,0.1780721784887402,0.5942403554972079,4.5,0.0,4.5
2025-09-13:west ham:spurs,west ham,FWD,1,West Ham,2025-09-13,2,112.0,0.0,0.0,0.12,0.02,3.0,0.0,0.287504874445436,0.2661083026565234,0.4463868228980405,2025-09-13,0.287504874445436,0.4463868228980405,9.0,0.0,9.0
2025-09-20:west ham:crystal palace,west ham,FWD,1,West Ham,2025-09-20,3,179.0,1.0,0.0,0.24,0.26,11.0,0.0,0.3102603774628032,0.2728060938578318,0.4169335286793648,2025-09-20,0.3102603774628032,0.4169335286793648,7.5,0.0,7.5
2025-09-29:everton:west ham,west ham,FWD,0,West Ham,2025-09-29,2,180.0,1.0,0.0,0.4,0.1,11.0,0.0,0.5947618709872167,0.2378345655420752,0.1674035634707081,2025-09-29,0.1674035634707081,0.5947618709872167,8.2,0.0,8.2
2025-10-04:arsenal:west ham,west ham,FWD,0,West Ham,2025-10-04,3,179.0,0.0,0.0,0.46,0.01,5.0,0.0,0.842586166852527,0.112553754703992,0.0448600784434808,2025-10-04,0.0448600784434808,0.842586166852527,8.666666666666666,0.0,8.666666666666666
2025-10-20:west ham:brentford,west ham,FWD,1,West Ham,2025-10-20,2,119.0,0.0,0.0,0.08,0.01,3.0,0.0,0.3450312947637052,0.2837749859496023,0.3711937192866925,2025-10-20,0.3450312947637052,0.3711937192866925,8.142857142857142,0.0,8.142857142857142
2025-10-24:leeds:west ham,west ham,FWD,0,West Ham,2025-10-24,2,155.0,0.0,1.0,0.19,0.64,7.0,1.0,0.5463986653521108,0.2551191119491087,0.1984822226987806,2025-10-24,0.1984822226987806,0.5463986653521108,7.5,0.0,7.5
2025-11-02:west ham:newcastle,west ham,FWD,1,West Ham,2025-11-02,2,150.0,0.0,0.0,0.31,0.09,4.0,0.0,0.1780521935689274,0.2236900389521703,0.5982577674789022,2025-11-02,0.1780521935689274,0.5982577674789022,7.444444444444445,0.0,7.444444444444445
2025-11-08:west ham:burnley,west ham,FWD,1,West Ham,2025-11-08,2,160.0,1.0,0.0,1.04,0.04,9.0,0.0,0.5242576529950546,0.2606323261220115,0.2151100208829339,2025-11-08,0.5242576529950546,0.2151100208829339,7.1,0.0,7.1
2025-11-22:bournemouth:west ham,west ham,FWD,0,West Ham,2025-11-22,3,157.0,2.0,0.0,0.64,0.02,17.0,0.0,0.5875778439552475,0.2316613112578836,0.1807608447868689,2025-11-22,0.1807608447868689,0.5875778439552475,7.2727272727272725,0.0,7.2727272727272725
2025-11-30:west ham:liverpool,west ham,FWD,1,West Ham,2025-11-30,3,179.0,0.0,0.0,0.27,0.07,5.0,0.0,0.1757374424441924,0.2017131982885957,0.6225493592672119,2025-11-30,0.1757374424441924,0.6225493592672119,8.083333333333334,0.0,8.083333333333334
2025-12-04:man utd:west ham,west ham,FWD,0,West Ham,2025-12-04,2,176.0,0.0,1.0,0.25,0.03,7.0,0.0,0.7062141041466147,0.1773719437668942,0.1164139520864911,2025-12-04,0.1164139520864911,0.7062141041466147,7.846153846153846,0.0,7.846153846153846
2025-12-07:brighton:west ham,west ham,FWD,0,West Ham,2025-12-07,2,108.0,1.0,1.0,0.38,0.03,13.0,0.0,0.6140475919353147,0.2144275861817264,0.1715248218829589,2025-12-07,0.1715248218829589,0.6140475919353147,7.785714285714286,0.0,7.785714285714286
2025-12-14:west ham:aston villa,west ham,FWD,1,West Ham,2025-12-14,2,99.0,1.0,0.0,0.65,0.0,9.0,0.0,0.2831111672391836,0.2731609535813335,0.4437278791794828,2025-12-14,0.2831111672391836,0.4437278791794828,8.133333333333333,0.0,8.133333333333333
2025-12-20:man city:west ham,west ham,FWD,0,West Ham,2025-12-20,2,101.0,0.0,0.0,0.5900000000000001,0.01,2.0,0.0,0.8283995531782266,0.1112000484070857,0.0604003984146877,2025-12-20,0.0604003984146877,0.8283995531782266,8.1875,0.0,8.1875
2025-12-27:west ham:fulham,west ham,FWD,1,West Ham,2025-12-27,2,124.0,0.0,0.0,0.53,0.04,3.0,0.0,0.3170487376676419,0.2808985626491988,0.4020526996831592,2025-12-27,0.3170487376676419,0.4020526996831592,7.823529411764706,0.0,7.823529411764706
2025-12-30:west ham:brighton,west ham,FWD,1,West Ham,2025-12-30,2,152.0,1.0,1.0,0.84,0.02,12.0,0.0,0.2811669754950288,0.2579520024466649,0.4608810220583063,2025-12-30,0.2811669754950288,0.4608810220583063,7.555555555555555,0.0,7.555555555555555
2026-01-03:wolves:west ham,west ham,FWD,0,West Ham,2026-01-03,2,180.0,0.0,0.0,0.14,0.07,6.0,0.0,0.3630297197226849,0.2783401005870013,0.3586301796903136,2026-01-03,0.3586301796903136,0.3630297197226849,7.7894736842105265,0.0,7.7894736842105265
2026-01-06:west ham:nottm forest,west ham,FWD,1,West Ham,2026-01-06,3,207.0,0.0,0.0,0.63,0.19,5.0,0.0,0.3235693837247664,0.2748728402781422,0.4015577759970914,2026-01-06,0.3235693837247664,0.4015577759970914,7.7,0.0,7.7
2026-01-17:spurs:west ham,west ham,FWD,0,West Ham,2026-01-17,4,259.0,1.0,0.0,1.91,0.06,12.0,0.0,0.530392764313625,0.2484518251135966,0.2211554105727783,2026-01-17,0.2211554105727783,0.530392764313625,7.571428571428571,0.0,7.571428571428571
2026-01-24:west ham:sunderland,west ham,FWD,1,West Ham,2026-01-24,4,253.0,1.0,2.0,1.28,0.16,19.0,0.0,0.4357573059215052,0.2802365260814357,0.2840061679970592,2026-01-24,0.4357573059215052,0.2840061679970592,7.7727272727272725,0.0,7.7727272727272725
2026-01-31:chelsea:west ham,west ham,FWD,0,West Ham,2026-01-31,4,234.0,1.0,0.0,0.5,0.2,13.0,0.0,0.6180040892387358,0.2087090184896463,0.1732868922716177,2026-01-31,0.1732868922716177,0.6180040892387358,8.26086956521739,0.0,8.26086956521739
2026-02-07:burnley:west ham,west ham,FWD,0,West Ham,2026-02-07,4,235.0,1.0,0.0,0.25,0.17,10.0,1.0,0.301489701572919,0.2581899360496202,0.4403203623774607,2026-02-07,0.4403203623774607,0.301489701572919,8.458333333333334,0.0,8.458333333333334
2026-02-10:west ham:man utd,west ham,FWD,1,West Ham,2026-02-10,3,178.0,0.0,1.0,0.44,0.52,8.0,1.0,0.201448197875623,0.2190797314482629,0.5794720706761141,2026-02-10,0.201448197875623,0.5794720706761141,8.52,0.0,8.52
2026-02-21:west ham:bournemouth,west ham,FWD,1,West Ham,2026-02-21,3,198.0,0.0,0.0,1.46,1.22,7.0,1.0,0.3569818895479906,0.2546028425107758,0.3884152679412335,2026-02-21,0.3569818895479906,0.3884152679412335,8.5,0.0,8.5
2026-02-28:liverpool:west ham,west ham,FWD,0,West Ham,2026-02-28,2,180.0,1.0,1.0,0.29,0.29,14.0,0.0,0.699693474766086,0.1762091883903524,0.1240973368435615,2026-02-28,0.1240973368435615,0.699693474766086,8.444444444444445,0.0,8.444444444444445
2026-03-04:fulham:west ham,west ham,FWD,0,West Ham,2026-03-04,3,236.0,0.0,1.0,0.83,0.15,7.0,1.0,0.4377617404303001,0.2633692420695303,0.2988690175001697,2026-03-04,0.2988690175001697,0.4377617404303001,8.642857142857142,0.0,8.642857142857142
2026-03-14:west ham:man city,west ham,FWD,1,West Ham,2026-03-14,3,227.0,0.0,1.0,0.0,0.2,10.0,0.0,0.1830565528927545,0.2162774800557313,0.6006659670515141,2026-03-14,0.1830565528927545,0.6006659670515141,8.586206896551724,0.0,8.586206896551724
2026-03-22:aston villa:west ham,west ham,FWD,0,West Ham,2026-03-22,4,270.0,0.0,0.0,0.4599999999999999,0.25,6.0,0.0,0.5641495785408511,0.240492942635241,0.1953574788239078,2026-03-22,0.1953574788239078,0.5641495785408511,8.633333333333333,0.0,8.633333333333333
2026-04-10:west ham:wolves,west ham,FWD,1,West Ham,2026-04-10,4,256.0,2.0,4.0,1.16,0.47,31.0,1.0,0.5509397355966867,0.2445394501926664,0.2045208142106468,2026-04-10,0.5509397355966867,0.2045208142106468,8.548387096774194,0.0,8.548387096774194
2026-04-20:crystal palace:west ham,west ham,FWD,0,West Ham,2026-04-20,4,262.0,0.0,0.0,0.36,0.13,7.0,1.0,0.3771290036842804,0.2795964582449706,0.343274538070749,2026-04-20,0.343274538070749,0.3771290036842804,9.25,0.0,9.25
2026-04-25:west ham:everton,west ham,FWD,1,West Ham,2026-04-25,4,257.0,1.0,2.0,0.75,0.52,17.0,1.0,0.3937540155027055,0.2728963362139262,0.3333496482833682,2026-04-25,0.3937540155027055,0.3333496482833682,9.181818181818182,0.0,9.181818181818182
2026-05-02:brentford:west ham,west ham,FWD,0,West Ham,2026-05-02,4,266.0,0.0,0.0,0.59,0.38,6.0,0.0,0.5230023679248957,0.2364026005344833,0.240595031540621,2026-05-02,0.240595031540621,0.5230023679248957,9.411764705882353,0.0,9.411764705882353
2026-05-10:west ham:arsenal,west ham,FWD,1,West Ham,2026-05-10,4,184.0,0.0,0.0,0.51,0.6100000000000001,5.0,1.0,0.1455454489570799,0.217000640619052,0.6374539104238681,2026-05-10,0.1455454489570799,0.6374539104238681,9.314285714285715,0.0,9.314285714285715
2026-05-17:newcastle:west ham,west ham,FWD,0,West Ham,2026-05-17,4,271.0,1.0,0.0,0.7,0.21,11.0,0.0,0.4694787849911073,0.2369669263172563,0.2935542886916364,2026-05-17,0.2935542886916364,0.4694787849911073,9.194444444444445,0.0,9.194444444444445
2026-05-24:west ham:leeds,west ham,FWD,1,West Ham,2026-05-24,4,267.0,3.0,1.0,1.74,0.35,26.0,1.0,0.5747232295802224,0.2195096133798219,0.2057671570399558,2026-05-24,0.5747232295802224,0.2057671570399558,9.243243243243244,0.0,9.243243243243244
2025-08-16:sunderland:west ham,west ham,GKP,0,West Ham,2025-08-16,1,90.0,0.0,0.0,0.0,0.01,1.0,0.0,0.2746434944483355,0.2965062392976128,0.4288502662540516,2025-08-16,0.4288502662540516,0.2746434944483355,3.6430985871122505,0.2694143765859347,3.373684210526316
2025-08-22:west ham:chelsea,west ham,GKP,1,West Ham,2025-08-22,1,90.0,0.0,0.0,0.0,0.0,0.0,0.0,0.1890775876684122,0.2414353988597687,0.5694870134718191,2025-08-22,0.1890775876684122,0.5694870134718191,2.8856981813318976,1.8856981813318976,1.0
2025-08-31:nottm forest:west ham,west ham,GKP,0,West Ham,2025-08-31,1,90.0,0.0,0.0,0.0,0.0,7.0,1.0,0.5942403554972079,0.2276874660140517,0.1780721784887402,2025-08-31,0.1780721784887402,0.5942403554972079,2.8221112612037462,2.3221112612037462,0.5
2025-09-13:west ham:spurs,west ham,GKP,1,West Ham,2025-09-13,1,90.0,0.0,0.0,0.0,0.0,1.0,0.0,0.287504874445436,0.2661083026565234,0.4463868228980405,2025-09-13,0.287504874445436,0.4463868228980405,3.201920612135244,0.5352539454685776,2.6666666666666665
2025-09-20:west ham:crystal palace,west ham,GKP,1,West Ham,2025-09-20,1,90.0,0.0,0.0,0.0,0.0,1.0,0.0,0.3102603774628032,0.2728060938578318,0.4169335286793648,2025-09-20,0.3102603774628032,0.4169335286793648,3.2775808710640364,1.0275808710640364,2.25
2025-09-29:everton:west ham,west ham,GKP,0,West Ham,2025-09-29,1,90.0,0.0,0.0,0.0,0.0,3.0,0.0,0.5947618709872167,0.2378345655420752,0.1674035634707081,2025-09-29,0.1674035634707081,0.5947618709872167,2.820771580938561,0.820771580938561,2.0
2025-10-04:arsenal:west ham,west ham,GKP,0,West Ham,2025-10-04,1,90.0,0.0,0.0,0.0,0.0,2.0,0.0,0.842586166852527,0.112553754703992,0.0448600784434808,2025-10-04,0.0448600784434808,0.842586166852527,2.184155172098093,0.01748850543142666,2.1666666666666665
2025-10-20:west ham:brentford,west ham,GKP,1,West Ham,2025-10-20,1,90.0,0.0,0.0,0.0,0.0,2.0,0.0,0.3450312947637052,0.2837749859496023,0.3711937192866925,2025-10-20,0.3450312947637052,0.3711937192866925,3.3950782822639303,1.2522211394067875,2.142857142857143
2025-10-24:leeds:west ham,west ham,GKP,0,West Ham,2025-10-24,1,90.0,0.0,0.0,0.0,0.0,2.0,0.0,0.5463986653521108,0.2551191119491087,0.1984822226987806,2025-10-24,0.1984822226987806,0.5463986653521108,2.9450080291202503,0.8200080291202503,2.125
2025-11-02:west ham:newcastle,west ham,GKP,1,West Ham,2025-11-02,1,90.0,0.0,0.0,0.0,0.0,3.0,0.0,0.1780521935689274,0.2236900389521703,0.5982577674789022,2025-11-02,0.1780521935689274,0.5982577674789022,2.811791246454228,0.7006801353431169,2.111111111111111
2025-11-08:west ham:burnley,west ham,GKP,1,West Ham,2025-11-08,1,90.0,0.0,0.0,0.0,0.0,2.0,0.0,0.5242576529950546,0.2606323261220115,0.2151100208829339,2025-11-08,0.5242576529950546,0.2151100208829339,3.796029461039168,1.5960294610391679,2.2
2025-11-22:bournemouth:west ham,west ham,GKP,0,West Ham,2025-11-22,1,90.0,0.0,1.0,0.0,0.0,9.0,0.0,0.5875778439552475,0.2316613112578836,0.1807608447868689,2025-11-22,0.1807608447868689,0.5875778439552475,2.839226064887103,0.6574078830689212,2.1818181818181817
2025-11-30:west ham:liverpool,west ham,GKP,1,West Ham,2025-11-30,1,90.0,0.0,0.0,0.0,0.0,2.0,0.0,0.1757374424441924,0.2017131982885957,0.6225493592672119,2025-11-30,0.1757374424441924,0.6225493592672119,2.7493904803174924,-0.0006095196825075533,2.75
2025-12-04:man utd:west ham,west ham,GKP,0,West Ham,2025-12-04,1,90.0,0.0,0.0,0.0,0.0,3.0,0.0,0.7062141041466147,0.1773719437668942,0.1164139520864911,2025-12-04,0.1164139520864911,0.7062141041466147,2.534470674954153,-0.15783701735353972,2.6923076923076925
2025-12-07:brighton:west ham,west ham,GKP,0,West Ham,2025-12-07,1,90.0,0.0,0.0,0.0,0.0,3.0,0.0,0.6140475919353147,0.2144275861817264,0.1715248218829589,2025-12-07,0.1715248218829589,0.6140475919353147,2.771230004036229,0.0569442897505148,2.7142857142857144
2025-12-14:west ham:aston villa,west ham,GKP,1,West Ham,2025-12-14,1,90.0,0.0,0.0,0.0,0.0,1.0,0.0,0.2831111672391836,0.2731609535813335,0.4437278791794828,2025-12-14,0.2831111672391836,0.4437278791794828,3.2087509642421943,0.4754176309088609,2.7333333333333334
2025-12-20:man city:west ham,west ham,GKP,0,West Ham,2025-12-20,1,90.0,0.0,0.0,0.0,0.0,2.0,0.0,0.8283995531782266,0.1112000484070857,0.0604003984146877,2025-12-20,0.0604003984146877,0.8283995531782266,2.2205980519997826,-0.40440194800021745,2.625
2025-12-27:west ham:fulham,west ham,GKP,1,West Ham,2025-12-27,1,90.0,0.0,0.0,0.0,0.0,3.0,0.0,0.3170487376676419,0.2808985626491988,0.4020526996831592,2025-12-27,0.3170487376676419,0.4020526996831592,3.31580706629262,0.7275717721749726,2.588235294117647
2025-12-30:west ham:brighton,west ham,GKP,1,West Ham,2025-12-30,1,90.0,0.0,0.0,0.0,0.0,2.0,0.0,0.2811669754950288,0.2579520024466649,0.4608810220583063,2025-12-30,0.2811669754950288,0.4608810220583063,3.16468759998763,0.5535764888765189,2.611111111111111
2026-01-03:wolves:west ham,west ham,GKP,0,West Ham,2026-01-03,1,90.0,0.0,0.0,0.0,0.0,2.0,0.0,0.3630297197226849,0.2783401005870013,0.3586301796903136,2026-01-03,0.3586301796903136,0.3630297197226849,3.416050140838436,0.8371027724173832,2.5789473684210527
2026-01-06:west ham:nottm forest,west ham,GKP,1,West Ham,2026-01-06,1,90.0,0.0,0.0,0.0,0.0,2.0,0.0,0.3235693837247664,0.2748728402781422,0.4015577759970914,2026-01-06,0.3235693837247664,0.4015577759970914,3.3170784369569626,0.7670784369569628,2.55
2026-01-17:spurs:west ham,west ham,GKP,0,West Ham,2026-01-17,1,90.0,0.0,0.0,0.0,0.0,3.0,0.0,0.530392764313625,0.2484518251135966,0.2211554105727783,2026-01-17,0.2211554105727783,0.530392764313625,2.9861243337335583,0.4623148099240346,2.5238095238095237
2026-01-24:west ham:sunderland,west ham,GKP,1,West Ham,2026-01-24,1,90.0,0.0,0.0,0.0,0.0,2.0,0.0,0.4357573059215052,0.2802365260814357,0.2840061679970592,2026-01-24,0.4357573059215052,0.2840061679970592,3.6190475488921177,1.0735930034375722,2.5454545454545454
2026-01-31:chelsea:west ham,west ham,GKP,0,West Ham,2026-01-31,1,90.0,0.0,0.0,0.0,0.0,2.0,0.0,0.6180040892387358,0.2087090184896463,0.1732868922716177,2026-01-31,0.1732868922716177,0.6180040892387358,2.761066468229151,0.23932733779436832,2.5217391304347827
2026-02-07:burnley:west ham,west ham,GKP,0,West Ham,2026-02-07,1,90.0,0.0,0.0,0.0,0.0,10.0,1.0,0.301489701572919,0.2581899360496202,0.4403203623774607,2026-02-07,0.4403203623774607,0.301489701572919,3.5741354698724126,1.0741354698724126,2.5
2026-02-10:west ham:man utd,west ham,GKP,1,West Ham,2026-02-10,1,90.0,0.0,0.0,0.0,0.0,2.0,0.0,0.201448197875623,0.2190797314482629,0.5794720706761141,2026-02-10,0.201448197875623,0.5794720706761141,2.860048350522251,0.060048350522251326,2.8
2026-02-21:west ham:bournemouth,west ham,GKP,1,West Ham,2026-02-21,1,90.0,0.0,0.0,0.0,0.0,10.0,1.0,0.3569818895479906,0.2546028425107758,0.3884152679412335,2026-02-21,0.3569818895479906,0.3884152679412335,3.350839195773864,0.5816084265430947,2.769230769230769
2026-02-28:liverpool:west ham,west ham,GKP,0,West Ham,2026-02-28,1,90.0,0.0,0.0,0.0,0.0,0.0,0.0,0.699693474766086,0.1762091883903524,0.1240973368435615,2026-02-28,0.1240973368435615,0.699693474766086,2.551221008673926,-0.4858160283631112,3.037037037037037
2026-03-04:fulham:west ham,west ham,GKP,0,West Ham,2026-03-04,1,90.0,0.0,0.0,0.0,0.0,9.0,1.0,0.4377617404303001,0.2633692420695303,0.2988690175001697,2026-03-04,0.2988690175001697,0.4377617404303001,3.2240769104408384,0.29550548186941006,2.9285714285714284
2026-03-14:west ham:man city,west ham,GKP,1,West Ham,2026-03-14,1,90.0,0.0,0.0,0.0,0.0,3.0,0.0,0.1830565528927545,0.2162774800557313,0.6006659670515141,2026-03-14,0.1830565528927545,0.6006659670515141,2.805605011330128,-0.3323260231526306,3.1379310344827585
2026-03-22:aston villa:west ham,west ham,GKP,0,West Ham,2026-03-22,1,90.0,0.0,0.0,0.0,0.0,2.0,0.0,0.5641495785408511,0.240492942635241,0.1953574788239078,2026-03-22,0.1953574788239078,0.5641495785408511,2.8994090995705966,-0.23392423376273674,3.1333333333333333
2026-04-10:west ham:wolves,west ham,GKP,1,West Ham,2026-04-10,1,90.0,0.0,0.0,0.0,0.0,7.0,1.0,0.5509397355966867,0.2445394501926664,0.2045208142106468,2026-04-10,0.5509397355966867,0.2045208142106468,3.8232312440630762,0.7264570505146892,3.096774193548387
2026-04-20:crystal palace:west ham,west ham,GKP,0,West Ham,2026-04-20,1,90.0,0.0,0.0,0.0,0.0,6.0,1.0,0.3771290036842804,0.2795964582449706,0.343274538070749,2026-04-20,0.343274538070749,0.3771290036842804,3.3798315953906917,0.16108159539069167,3.21875
2026-04-25:west ham:everton,west ham,GKP,1,West Ham,2026-04-25,1,90.0,0.0,0.0,0.0,0.0,2.0,0.0,0.3937540155027055,0.2728963362139262,0.3333496482833682,2026-04-25,0.3937540155027055,0.3333496482833682,3.4922929499942232,0.18926264696392003,3.303030303030303
2026-05-02:brentford:west ham,west ham,GKP,0,West Ham,2026-05-02,1,90.0,0.0,0.0,0.0,0.0,2.0,0.0,0.5230023679248957,0.2364026005344833,0.240595031540621,2026-05-02,0.240595031540621,0.5230023679248957,3.0051089437471683,-0.2595969386057728,3.264705882352941
2026-05-10:west ham:arsenal,west ham,GKP,1,West Ham,2026-05-10,1,90.0,0.0,0.0,0.0,0.0,2.0,0.0,0.1455454489570799,0.217000640619052,0.6374539104238681,2026-05-10,0.1455454489570799,0.6374539104238681,2.7111033470903037,-0.517468081481125,3.2285714285714286
2026-05-17:newcastle:west ham,west ham,GKP,0,West Ham,2026-05-17,1,90.0,0.0,1.0,0.0,0.0,5.0,0.0,0.4694787849911073,0.2369669263172563,0.2935542886916364,2026-05-17,0.2935542886916364,0.4694787849911073,3.1426014806939984,-0.05184296375044628,3.1944444444444446
2026-05-24:west ham:leeds,west ham,GKP,1,West Ham,2026-05-24,1,90.0,0.0,0.0,0.0,0.0,7.0,1.0,0.5747232295802224,0.2195096133798219,0.2057671570399558,2026-05-24,0.5747232295802224,0.2057671570399558,3.8200296116589234,0.57678636841568,3.2432432432432434
2025-08-16:sunderland:west ham,west ham,MID,0,West Ham,2025-08-16,5,257.0,0.0,0.0,0.1,0.19,8.0,0.0,0.2746434944483355,0.2965062392976128,0.4288502662540516,2025-08-16,0.4288502662540516,0.2746434944483355,21.37698247598045,0.8835614233488727,20.49342105263158
2025-08-22:west ham:chelsea,west ham,MID,1,West Ham,2025-08-22,4,294.0,1.0,0.0,0.27,0.4,14.0,0.0,0.1890775876684122,0.2414353988597687,0.5694870134718191,2025-08-22,0.1890775876684122,0.5694870134718191,17.08219884276035,9.082198842760349,8.0
2025-08-31:nottm forest:west ham,west ham,MID,0,West Ham,2025-08-31,6,358.0,1.0,2.0,1.11,0.28,27.0,1.0,0.5942403554972079,0.2276874660140517,0.1780721784887402,2025-08-31,0.1780721784887402,0.5942403554972079,16.8850710819973,5.8850710819973,11.0
2025-09-13:west ham:spurs,west ham,MID,1,West Ham,2025-09-13,8,389.0,0.0,0.0,0.26,0.41,9.0,0.0,0.287504874445436,0.2661083026565234,0.4463868228980405,2025-09-13,0.287504874445436,0.4463868228980405,18.84521831105744,2.511884977724108,16.333333333333332
2025-09-20:west ham:crystal palace,west ham,MID,1,West Ham,2025-09-20,6,358.0,0.0,0.0,0.12,0.52,9.0,0.0,0.3102603774628032,0.2728060938578318,0.4169335286793648,2025-09-20,0.3102603774628032,0.4169335286793648,19.252812547820213,4.752812547820213,14.5
2025-09-29:everton:west ham,west ham,MID,0,West Ham,2025-09-29,7,359.0,0.0,0.0,0.62,0.36,11.0,0.0,0.5947618709872167,0.2378345655420752,0.1674035634707081,2025-09-29,0.1674035634707081,0.5947618709872167,16.693975943723633,3.2939759437236322,13.4
2025-10-04:arsenal:west ham,west ham,MID,0,West Ham,2025-10-04,5,359.0,0.0,0.0,0.03,0.36,9.0,0.0,0.842586166852527,0.112553754703992,0.0448600784434808,2025-10-04,0.0448600784434808,0.842586166852527,14.498989605175009,1.4989896051750087,13.0
2025-10-20:west ham:brentford,west ham,MID,1,West Ham,2025-10-20,6,374.0,0.0,0.0,0.26,0.16,9.0,0.0,0.3450312947637052,0.2837749859496023,0.3711937192866925,2025-10-20,0.3450312947637052,0.3711937192866925,19.875625653203386,7.447054224631957,12.428571428571429
2025-10-24:leeds:west ham,west ham,MID,0,West Ham,2025-10-24,7,358.0,1.0,0.0,0.42,0.18,14.0,0.0,0.5463986653521108,0.2551191119491087,0.1984822226987806,2025-10-24,0.1984822226987806,0.5463986653521108,17.250653701099885,5.2506537010998855,12.0
2025-11-02:west ham:newcastle,west ham,MID,1,West Ham,2025-11-02,5,371.0,2.0,1.0,1.52,0.19,26.0,0.0,0.1780521935689274,0.2236900389521703,0.5982577674789022,2025-11-02,0.1780521935689274,0.5982577674789022,16.88471311416281,4.662490891940589,12.222222222222221
2025-11-08:west ham:burnley,west ham,MID,1,West Ham,2025-11-08,6,362.0,1.0,3.0,1.0,0.51,27.0,0.0,0.5242576529950546,0.2606323261220115,0.2151100208829339,2025-11-08,0.5242576529950546,0.2151100208829339,23.085909804484267,9.485909804484267,13.6
2025-11-22:bournemouth:west ham,west ham,MID,0,West Ham,2025-11-22,4,246.0,0.0,0.0,0.0,0.03,8.0,0.0,0.5875778439552475,0.2316613112578836,0.1807608447868689,2025-11-22,0.1807608447868689,0.5875778439552475,16.933230197041215,2.115048378859397,14.818181818181818
2025-11-30:west ham:liverpool,west ham,MID,1,West Ham,2025-11-30,6,351.0,0.0,0.0,0.03,0.24,6.0,0.0,0.1757374424441924,0.2017131982885957,0.6225493592672119,2025-11-30,0.1757374424441924,0.6225493592672119,16.84325152936453,2.5932515293645295,14.25
2025-12-04:man utd:west ham,west ham,MID,0,West Ham,2025-12-04,6,358.0,1.0,0.0,0.46,0.18,21.0,0.0,0.7062141041466147,0.1773719437668942,0.1164139520864911,2025-12-04,0.1164139520864911,0.7062141041466147,15.780655252938704,2.165270637554089,13.615384615384615
2025-12-07:brighton:west ham,west ham,MID,0,West Ham,2025-12-07,7,338.0,0.0,0.0,0.45,0.27,15.0,1.0,0.6140475919353147,0.2144275861817264,0.1715248218829589,2025-12-07,0.1715248218829589,0.6140475919353147,16.767795501821798,2.6249383589646555,14.142857142857142
2025-12-14:west ham:aston villa,west ham,MID,1,West Ham,2025-12-14,8,437.0,1.0,1.0,0.32,0.19,25.0,0.0,0.2831111672391836,0.2731609535813335,0.4437278791794828,2025-12-14,0.2831111672391836,0.4437278791794828,18.766518678097242,4.566518678097243,14.2
2025-12-20:man city:west ham,west ham,MID,0,West Ham,2025-12-20,7,424.0,0.0,0.0,0.41,0.16,12.0,0.0,0.8283995531782266,0.1112000484070857,0.0604003984146877,2025-12-20,0.0604003984146877,0.8283995531782266,14.777346223039228,-0.09765377696077238,14.875
2025-12-27:west ham:fulham,west ham,MID,1,West Ham,2025-12-27,7,413.0,0.0,0.0,0.3299999999999999,0.48,15.0,1.0,0.3170487376676419,0.2808985626491988,0.4020526996831592,2025-12-27,0.3170487376676419,0.4020526996831592,19.374404959750212,4.668522606809036,14.705882352941176
2025-12-30:west ham:brighton,west ham,MID,1,West Ham,2025-12-30,7,385.0,1.0,1.0,0.94,0.34,23.0,0.0,0.2811669754950288,0.2579520024466649,0.4608810220583063,2025-12-30,0.2811669754950288,0.4608810220583063,18.73169451492781,4.009472292705588,14.722222222222221
2026-01-03:wolves:west ham,west ham,MID,0,West Ham,2026-01-03,5,315.0,0.0,0.0,0.02,0.45,7.0,0.0,0.3630297197226849,0.2783401005870013,0.3586301796903136,2026-01-03,0.3586301796903136,0.3630297197226849,20.119207485617963,4.961312748775859,15.157894736842104
2026-01-06:west ham:nottm forest,west ham,MID,1,West Ham,2026-01-06,5,331.0,0.0,1.0,0.29,0.13,15.0,0.0,0.3235693837247664,0.2748728402781422,0.4015577759970914,2026-01-06,0.3235693837247664,0.4015577759970914,19.491202103316997,4.741202103316997,14.75
2026-01-17:spurs:west ham,west ham,MID,0,West Ham,2026-01-17,4,281.0,1.0,1.0,0.57,0.39,23.0,0.0,0.530392764313625,0.2484518251135966,0.2211554105727783,2026-01-17,0.2211554105727783,0.530392764313625,17.656773517454983,2.8948687555502204,14.761904761904763
2026-01-24:west ham:sunderland,west ham,MID,1,West Ham,2026-01-24,4,285.0,2.0,0.0,0.2,0.81,19.0,0.0,0.4357573059215052,0.2802365260814357,0.2840061679970592,2026-01-24,0.4357573059215052,0.2840061679970592,21.500700662275754,6.364337025912118,15.136363636363637
2026-01-31:chelsea:west ham,west ham,MID,0,West Ham,2026-01-31,4,279.0,1.0,0.0,0.41,0.19,13.0,0.0,0.6180040892387358,0.2087090184896463,0.1732868922716177,2026-01-31,0.1732868922716177,0.6180040892387358,16.799357525945787,1.49500969985883,15.304347826086957
2026-02-07:burnley:west ham,west ham,MID,0,West Ham,2026-02-07,5,304.0,1.0,1.0,0.76,0.31,24.0,1.0,0.301489701572919,0.2581899360496202,0.4403203623774607,2026-02-07,0.4403203623774607,0.301489701572919,21.58243366163205,6.374100328298715,15.208333333333334
2026-02-10:west ham:man utd,west ham,MID,1,West Ham,2026-02-10,6,360.0,1.0,0.0,0.65,0.22,20.0,1.0,0.201448197875623,0.2190797314482629,0.5794720706761141,2026-02-10,0.201448197875623,0.5794720706761141,17.30377994434486,1.74377994434486,15.56
2026-02-21:west ham:bournemouth,west ham,MID,1,West Ham,2026-02-21,5,340.0,0.0,0.0,1.14,0.39,14.0,1.0,0.3569818895479906,0.2546028425107758,0.3884152679412335,2026-02-21,0.3569818895479906,0.3884152679412335,20.08968348159964,4.358914250830409,15.73076923076923
2026-02-28:liverpool:west ham,west ham,MID,0,West Ham,2026-02-28,6,359.0,1.0,0.0,1.14,0.13,13.0,0.0,0.699693474766086,0.1762091883903524,0.1240973368435615,2026-02-28,0.1240973368435615,0.699693474766086,15.918279252875013,0.25161258620834737,15.666666666666666
2026-03-04:fulham:west ham,west ham,MID,0,West Ham,2026-03-04,6,303.0,1.0,0.0,0.26,0.4,18.0,1.0,0.4377617404303001,0.2633692420695303,0.2988690175001697,2026-03-04,0.2988690175001697,0.4377617404303001,19.04877167620705,3.4773431047784786,15.571428571428571
2026-03-14:west ham:man city,west ham,MID,1,West Ham,2026-03-14,5,222.0,0.0,0.0,0.0,0.02,7.0,0.0,0.1830565528927545,0.2162774800557313,0.6006659670515141,2026-03-14,0.1830565528927545,0.6006659670515141,16.974350685238484,1.3191782714453808,15.655172413793103
2026-03-22:aston villa:west ham,west ham,MID,0,West Ham,2026-03-22,6,276.0,0.0,0.0,0.06,0.26,8.0,0.0,0.5641495785408511,0.240492942635241,0.1953574788239078,2026-03-22,0.1953574788239078,0.5641495785408511,17.194683609215478,1.8280169425488104,15.366666666666667
2026-04-10:west ham:wolves,west ham,MID,1,West Ham,2026-04-10,6,280.0,0.0,0.0,0.7999999999999999,0.24,11.0,1.0,0.5509397355966867,0.2445394501926664,0.2045208142106468,2026-04-10,0.5509397355966867,0.2045208142106468,23.563836532140133,8.434804274075617,15.129032258064516
2026-04-20:crystal palace:west ham,west ham,MID,0,West Ham,2026-04-20,4,276.0,0.0,0.0,0.12,0.09,12.0,1.0,0.3771290036842804,0.2795964582449706,0.343274538070749,2026-04-20,0.343274538070749,0.3771290036842804,19.84415880745197,4.844158807451969,15.0
2026-04-25:west ham:everton,west ham,MID,1,West Ham,2026-04-25,4,281.0,1.0,0.0,0.39,0.8300000000000001,15.0,0.0,0.3937540155027055,0.2728963362139262,0.3333496482833682,2026-04-25,0.3937540155027055,0.3333496482833682,20.748342031191687,5.839251122100778,14.909090909090908
2026-05-02:brentford:west ham,west ham,MID,0,West Ham,2026-05-02,5,285.0,0.0,0.0,0.3,0.11,9.0,0.0,0.5230023679248957,0.2364026005344833,0.240595031540621,2026-05-02,0.240595031540621,0.5230023679248957,18.00497401494775,3.0932093090653954,14.911764705882353
2026-05-10:west ham:arsenal,west ham,MID,1,West Ham,2026-05-10,3,270.0,0.0,0.0,0.6300000000000001,0.14,5.0,0.0,0.1455454489570799,0.217000640619052,0.6374539104238681,2026-05-10,0.1455454489570799,0.6374539104238681,16.302455637824178,1.5595984949670356,14.742857142857142
2026-05-17:newcastle:west ham,west ham,MID,0,West Ham,2026-05-17,4,269.0,0.0,0.0,0.18,0.35,7.0,0.0,0.4694787849911073,0.2369669263172563,0.2935542886916364,2026-05-17,0.2935542886916364,0.4694787849911073,18.95357479874572,4.4813525765234985,14.472222222222221
2026-05-24:west ham:leeds,west ham,MID,1,West Ham,2026-05-24,4,272.0,0.0,2.0,0.88,0.52,19.0,1.0,0.5747232295802224,0.2195096133798219,0.2057671570399558,2026-05-24,0.5747232295802224,0.2057671570399558,23.989844037681657,9.719573767411386,14.27027027027027
2025-08-16:wolves:man city,wolves,DEF,1,Wolves,2025-08-16,7,448.0,0.0,0.0,0.02,0.17,3.0,0.0,0.1375380716251635,0.2100481357428546,0.6524137926319818,2025-08-16,0.1375380716251635,0.6524137926319818,11.692823323962154,-4.146650360248373,15.839473684210526
2025-08-23:bournemouth:wolves,wolves,DEF,0,Wolves,2025-08-23,8,441.0,0.0,0.0,0.16,0.27,7.0,0.0,0.5427933333468303,0.246956978540398,0.2102496881127716,2025-08-23,0.2102496881127716,0.5427933333468303,13.358530617714326,10.358530617714326,3.0
2025-08-30:wolves:everton,wolves,DEF,1,Wolves,2025-08-30,7,448.0,1.0,1.0,0.53,0.25,20.0,0.0,0.281402328600158,0.3031596718836625,0.4154379995161794,2025-08-30,0.281402328600158,0.4154379995161794,15.293723280136353,10.293723280136353,5.0
2025-09-13:newcastle:wolves,wolves,DEF,0,Wolves,2025-09-13,7,514.0,0.0,0.0,0.27,0.38,16.0,0.0,0.7275030709714203,0.1777567784959188,0.0947401505326607,2025-09-13,0.0947401505326607,0.7275030709714203,10.55182501554208,0.5518250155420805,10.0
2025-09-20:wolves:leeds,wolves,DEF,1,Wolves,2025-09-20,7,502.0,1.0,0.0,0.89,0.5700000000000001,14.0,0.0,0.327216961633576,0.3040482302071911,0.3687348081592328,2025-09-20,0.327216961633576,0.3687348081592328,16.003388674644572,4.503388674644572,11.5
2025-09-27:spurs:wolves,wolves,DEF,0,Wolves,2025-09-27,7,406.0,1.0,0.0,0.96,0.04,19.0,0.0,0.6437106998509815,0.2132285940989117,0.1430607060501067,2025-09-27,0.1430607060501067,0.6437106998509815,11.825068757141779,-0.17493124285822148,12.0
2025-10-05:wolves:brighton,wolves,DEF,1,Wolves,2025-10-05,7,390.0,0.0,0.0,0.01,0.22,18.0,1.0,0.2697346091012072,0.2638681849406781,0.4663972059581145,2025-10-05,0.2697346091012072,0.4663972059581145,14.519386788502517,1.3527201218358513,13.166666666666666
2025-10-18:sunderland:wolves,wolves,DEF,0,Wolves,2025-10-18,7,448.0,0.0,0.0,0.36,0.7999999999999999,7.0,0.0,0.3841623605586533,0.3106674042471397,0.3051702351942069,2025-10-18,0.3051702351942069,0.3841623605586533,15.768963579876342,1.9118207227334842,13.857142857142858
2025-10-26:wolves:burnley,wolves,DEF,1,Wolves,2025-10-26,7,448.0,0.0,2.0,0.41,0.98,13.0,0.0,0.5071690339164177,0.2835667585745762,0.209264207509006,2025-10-26,0.5071690339164177,0.209264207509006,18.426579969174234,5.4265799691742345,13.0
2025-11-01:fulham:wolves,wolves,DEF,0,Wolves,2025-11-01,8,485.0,0.0,0.0,0.07,0.19,-1.0,0.0,0.5458618107761658,0.2504750235989306,0.2036631656249035,2025-11-01,0.2036631656249035,0.5458618107761658,13.311904419757404,0.3119044197574041,13.0
2025-11-08:chelsea:wolves,wolves,DEF,0,Wolves,2025-11-08,5,450.0,0.0,0.0,0.0,0.03,7.0,0.0,0.727307436162894,0.173236899658658,0.099455664178448,2025-11-08,0.099455664178448,0.727307436162894,10.554797730029861,-1.0452022699701384,11.6
2025-11-22:wolves:crystal palace,wolves,DEF,1,Wolves,2025-11-22,6,433.0,0.0,0.0,0.7000000000000001,0.6200000000000001,10.0,0.0,0.2052592601779916,0.2545511853031266,0.5401895545188818,2025-11-22,0.2052592601779916,0.5401895545188818,13.398095616924456,2.2162774351062744,11.181818181818182
2025-11-30:aston villa:wolves,wolves,DEF,0,Wolves,2025-11-30,6,435.0,0.0,0.0,0.07,0.19,11.0,0.0,0.6753992566591637,0.2018503332514132,0.122750410089423,2025-11-30,0.122750410089423,0.6753992566591637,11.34355407869508,0.260220745361746,11.083333333333334
2025-12-03:wolves:nottm forest,wolves,DEF,1,Wolves,2025-12-03,6,439.0,0.0,0.0,0.08,0.47,10.0,0.0,0.3037886967501171,0.2904829934688018,0.4057283097810811,2025-12-03,0.3037886967501171,0.4057283097810811,15.441264178225023,4.364341101301946,11.076923076923077
2025-12-08:wolves:man utd,wolves,DEF,1,Wolves,2025-12-08,8,538.0,0.0,1.0,0.07,0.39,8.0,0.0,0.1770754304859233,0.2240972860133707,0.5988272835007059,2025-12-08,0.1770754304859233,0.5988272835007059,12.507082265119266,1.5070822651192657,11.0
2025-12-13:arsenal:wolves,wolves,DEF,0,Wolves,2025-12-13,7,523.0,0.0,0.0,0.0,0.04,12.0,1.0,0.8893601094349843,0.0871086051269131,0.0235312854381026,2025-12-13,0.0235312854381026,0.8893601094349843,8.092371266925982,-2.707628733074019,10.8
2025-12-20:wolves:brentford,wolves,DEF,1,Wolves,2025-12-20,6,440.0,0.0,0.0,0.1,0.14,11.0,0.0,0.2727787770162843,0.2772224625661694,0.4499987604175463,2025-12-20,0.2727787770162843,0.4499987604175463,14.768564820789983,3.893564820789983,10.875
2025-12-27:liverpool:wolves,wolves,DEF,0,Wolves,2025-12-27,7,436.0,1.0,0.0,0.75,0.1699999999999999,15.0,0.0,0.8007996425051203,0.1327762667683771,0.0664240907265024,2025-12-27,0.0664240907265024,0.8007996425051203,9.43806728631088,-1.4442856548655918,10.882352941176471
2025-12-30:man utd:wolves,wolves,DEF,0,Wolves,2025-12-30,6,451.0,1.0,1.0,0.96,0.34,21.0,0.0,0.7210049265247721,0.1735952653681198,0.105399808107108,2025-12-30,0.105399808107108,0.7210049265247721,10.650565767690189,-0.4605453434209217,11.11111111111111
2026-01-03:wolves:west ham,wolves,DEF,1,Wolves,2026-01-03,6,452.0,0.0,1.0,0.1,0.11,35.0,1.0,0.3630297197226849,0.2783401005870013,0.3586301796903136,2026-01-03,0.3630297197226849,0.3586301796903136,16.15693075475529,4.525351807386869,11.631578947368421
2026-01-07:everton:wolves,wolves,DEF,0,Wolves,2026-01-07,6,428.0,0.0,0.0,0.05,0.4,12.0,0.0,0.5304313206543895,0.2691921903896451,0.2003764889559655,2026-01-07,0.2003764889559655,0.5304313206543895,13.546374153871128,0.7463741538711268,12.8
2026-01-18:wolves:newcastle,wolves,DEF,1,Wolves,2026-01-18,6,455.0,0.0,0.0,0.14,0.08,33.0,1.0,0.2005545195887585,0.2302262438559995,0.5692192365552419,2026-01-18,0.2005545195887585,0.5692192365552419,12.956983132826142,0.19507837092137947,12.761904761904763
2026-01-24:man city:wolves,wolves,DEF,0,Wolves,2026-01-24,6,450.0,0.0,0.0,0.35,0.17,4.0,0.0,0.7624961448332451,0.1551808669050925,0.0823229882616623,2026-01-24,0.0823229882616623,0.7624961448332451,10.02009746447584,-3.661720717342341,13.681818181818182
2026-01-31:wolves:bournemouth,wolves,DEF,1,Wolves,2026-01-31,7,428.0,0.0,0.0,0.24,0.35,11.0,0.0,0.3213604902232742,0.2732914953572209,0.4053480144195048,2026-01-31,0.3213604902232742,0.4053480144195048,15.44704285094441,2.186173285727019,13.26086956521739
2026-02-07:wolves:chelsea,wolves,DEF,1,Wolves,2026-02-07,7,408.0,0.0,0.0,0.37,0.61,6.0,0.0,0.1637670836021671,0.2151706969330385,0.6210622194647943,2026-02-07,0.1637670836021671,0.6210622194647943,12.169217460930186,-0.9974492057364799,13.166666666666666
2026-02-11:nottm forest:wolves,wolves,DEF,0,Wolves,2026-02-11,7,448.0,0.0,0.0,0.0,0.18,23.0,1.0,0.5653821564118198,0.242493704030543,0.1921241395576372,2026-02-11,0.1921241395576372,0.5653821564118198,13.015288420208527,0.13528842020852672,12.88
2026-02-18:wolves:arsenal,wolves,DEF,1,Wolves,2026-02-18,6,449.0,1.0,1.0,0.04,0.18,16.0,0.0,0.0563248938265521,0.14356120778233,0.8001138983911179,2026-02-18,0.0563248938265521,0.8001138983911179,9.44848732085361,-3.8207434483771596,13.26923076923077
2026-02-22:crystal palace:wolves,wolves,DEF,0,Wolves,2026-02-22,6,447.0,0.0,0.0,0.12,0.65,12.0,0.0,0.5511638015950926,0.2471080820617529,0.2017281163431545,2026-02-22,0.2017281163431545,0.5511638015950926,13.231339488392537,-0.13903088197783298,13.37037037037037
2026-02-27:wolves:aston villa,wolves,DEF,1,Wolves,2026-02-27,6,451.0,1.0,0.0,0.48,0.08,42.0,1.0,0.1937921821335682,0.2449586813669348,0.5612491364994968,2026-02-27,0.1937921821335682,0.5612491364994968,13.07809057829173,-0.24333799313684068,13.321428571428571
2026-03-03:wolves:liverpool,wolves,DEF,1,Wolves,2026-03-03,8,468.0,1.0,1.0,0.35,0.04,26.0,1.0,0.1214042913252634,0.1887867215077338,0.6898089871670028,2026-03-03,0.1214042913252634,0.6898089871670028,11.124595014261002,-3.185749813325204,14.310344827586206
2026-03-16:brentford:wolves,wolves,DEF,0,Wolves,2026-03-16,6,453.0,0.0,0.0,0.15,0.62,5.0,0.0,0.6423880874914603,0.2094458408612735,0.1481660716472662,2026-03-16,0.1481660716472662,0.6423880874914603,11.845166146519892,-2.854833853480107,14.7
2026-04-10:west ham:wolves,wolves,DEF,0,Wolves,2026-04-10,6,459.0,0.0,0.0,0.14,0.24,0.0,0.0,0.5509397355966867,0.2445394501926664,0.2045208142106468,2026-04-10,0.2045208142106468,0.5509397355966867,13.234744221142796,-1.1523525530507523,14.387096774193548
2026-04-18:leeds:wolves,wolves,DEF,0,Wolves,2026-04-18,7,457.0,0.0,0.0,0.2799999999999999,0.16,9.0,0.0,0.6429828492591493,0.2210827729628726,0.1359343777779781,2026-04-18,0.1359343777779781,0.6429828492591493,11.836128608993183,-2.1013713910068166,13.9375
2026-04-25:wolves:spurs,wolves,DEF,1,Wolves,2026-04-25,8,514.0,0.0,0.0,0.28,0.24,19.0,1.0,0.1901094812876562,0.2140271244251184,0.5958633942872252,2026-04-25,0.1901094812876562,0.5958633942872252,12.55211922184215,-1.2357595660366378,13.787878787878787
2026-05-02:wolves:sunderland,wolves,DEF,1,Wolves,2026-05-02,6,437.0,1.0,1.0,0.69,1.13,23.0,0.0,0.2495496860465719,0.2614672107189751,0.4889831032344529,2026-05-02,0.2495496860465719,0.4889831032344529,14.176189049006911,0.23501257841867584,13.941176470588236
2026-05-09:brighton:wolves,wolves,DEF,0,Wolves,2026-05-09,7,449.0,0.0,0.0,0.19,0.04,10.0,0.0,0.7805911051576281,0.143472616998918,0.075936277843454,2026-05-09,0.075936277843454,0.7805911051576281,9.745140512196738,-4.454859487803262,14.2
2026-05-17:wolves:fulham,wolves,DEF,1,Wolves,2026-05-17,7,448.0,0.0,0.0,0.78,0.14,12.0,0.0,0.2223779015717846,0.2504628130322595,0.5271592853959559,2026-05-17,0.2223779015717846,0.5271592853959559,13.59609345837805,-0.487239874955284,14.083333333333334
2026-05-24:burnley:wolves,wolves,DEF,0,Wolves,2026-05-24,8,447.0,0.0,1.0,0.87,0.06,18.0,0.0,0.3985530631395923,0.2686972301047273,0.3327497067556804,2026-05-24,0.3327497067556804,0.3985530631395923,15.550293649029452,1.523266622002426,14.027027027027026
2025-08-16:wolves:man city,wolves,FWD,1,Wolves,2025-08-16,1,81.0,0.0,0.0,0.38,0.01,2.0,0.0,0.1375380716251635,0.2100481357428546,0.6524137926319818,2025-08-16,0.1375380716251635,0.6524137926319818,5.659090909090909,0.0,5.659090909090909
2025-08-23:bournemouth:wolves,wolves,FWD,0,Wolves,2025-08-23,1,77.0,0.0,0.0,0.1,0.01,2.0,0.0,0.5427933333468303,0.246956978540398,0.2102496881127716,2025-08-23,0.2102496881127716,0.5427933333468303,2.0,0.0,2.0
2025-08-30:wolves:everton,wolves,FWD,1,Wolves,2025-08-30,1,14.0,0.0,0.0,0.0,0.01,1.0,0.0,0.281402328600158,0.3031596718836625,0.4154379995161794,2025-08-30,0.281402328600158,0.4154379995161794,2.0,0.0,2.0
2025-09-13:newcastle:wolves,wolves,FWD,0,Wolves,2025-09-13,1,65.0,0.0,0.0,0.0,0.0,2.0,0.0,0.7275030709714203,0.1777567784959188,0.0947401505326607,2025-09-13,0.0947401505326607,0.7275030709714203,1.6666666666666667,0.0,1.6666666666666667
2025-09-20:wolves:leeds,wolves,FWD,1,Wolves,2025-09-20,2,135.0,0.0,0.0,0.26,0.15,3.0,0.0,0.327216961633576,0.3040482302071911,0.3687348081592328,2025-09-20,0.327216961633576,0.3687348081592328,1.75,0.0,1.75
2025-09-27:spurs:wolves,wolves,FWD,0,Wolves,2025-09-27,2,89.0,0.0,0.0,0.08,0.01,3.0,1.0,0.6437106998509815,0.2132285940989117,0.1430607060501067,2025-09-27,0.1430607060501067,0.6437106998509815,2.0,0.0,2.0
2025-10-05:wolves:brighton,wolves,FWD,1,Wolves,2025-10-05,2,77.0,0.0,0.0,0.05,0.01,3.0,1.0,0.2697346091012072,0.2638681849406781,0.4663972059581145,2025-10-05,0.2697346091012072,0.4663972059581145,2.1666666666666665,0.0,2.1666666666666665
2025-10-18:sunderland:wolves,wolves,FWD,0,Wolves,2025-10-18,2,104.0,0.0,0.0,0.16,0.07,3.0,0.0,0.3841623605586533,0.3106674042471397,0.3051702351942069,2025-10-18,0.3051702351942069,0.3841623605586533,2.2857142857142856,0.0,2.2857142857142856
2025-10-26:wolves:burnley,wolves,FWD,1,Wolves,2025-10-26,2,96.0,1.0,0.0,0.83,0.13,7.0,0.0,0.5071690339164177,0.2835667585745762,0.209264207509006,2025-10-26,0.5071690339164177,0.209264207509006,2.375,0.0,2.375
2025-11-01:fulham:wolves,wolves,FWD,0,Wolves,2025-11-01,2,101.0,0.0,0.0,0.07,0.01,3.0,0.0,0.5458618107761658,0.2504750235989306,0.2036631656249035,2025-11-01,0.2036631656249035,0.5458618107761658,2.888888888888889,0.0,2.888888888888889
2025-11-08:chelsea:wolves,wolves,FWD,0,Wolves,2025-11-08,2,110.0,0.0,0.0,0.07,0.03,3.0,0.0,0.727307436162894,0.173236899658658,0.099455664178448,2025-11-08,0.099455664178448,0.727307436162894,2.9,0.0,2.9
2025-11-22:wolves:crystal palace,wolves,FWD,1,Wolves,2025-11-22,2,155.0,0.0,0.0,0.04,0.02,3.0,0.0,0.2052592601779916,0.2545511853031266,0.5401895545188818,2025-11-22,0.2052592601779916,0.5401895545188818,2.909090909090909,0.0,2.909090909090909
2025-11-30:aston villa:wolves,wolves,FWD,0,Wolves,2025-11-30,3,105.0,0.0,0.0,0.14,0.0,4.0,0.0,0.6753992566591637,0.2018503332514132,0.122750410089423,2025-11-30,0.122750410089423,0.6753992566591637,2.9166666666666665,0.0,2.9166666666666665
2025-12-03:wolves:nottm forest,wolves,FWD,1,Wolves,2025-12-03,3,108.0,0.0,0.0,0.03,0.02,4.0,0.0,0.3037886967501171,0.2904829934688018,0.4057283097810811,2025-12-03,0.3037886967501171,0.4057283097810811,3.0,0.0,3.0
2025-12-08:wolves:man utd,wolves,FWD,1,Wolves,2025-12-08,3,109.0,0.0,0.0,0.0,0.02,3.0,0.0,0.1770754304859233,0.2240972860133707,0.5988272835007059,2025-12-08,0.1770754304859233,0.5988272835007059,3.0714285714285716,0.0,3.0714285714285716
2025-12-13:arsenal:wolves,wolves,FWD,0,Wolves,2025-12-13,3,93.0,1.0,1.0,0.23,0.14,13.0,1.0,0.8893601094349843,0.0871086051269131,0.0235312854381026,2025-12-13,0.0235312854381026,0.8893601094349843,3.066666666666667,0.0,3.066666666666667
2025-12-20:wolves:brentford,wolves,FWD,1,Wolves,2025-12-20,3,124.0,0.0,0.0,0.8899999999999999,0.12,2.0,0.0,0.2727787770162843,0.2772224625661694,0.4499987604175463,2025-12-20,0.2727787770162843,0.4499987604175463,3.6875,0.0,3.6875
2025-12-27:liverpool:wolves,wolves,FWD,0,Wolves,2025-12-27,3,208.0,0.0,1.0,0.4,0.04,8.0,0.0,0.8007996425051203,0.1327762667683771,0.0664240907265024,2025-12-27,0.0664240907265024,0.8007996425051203,3.588235294117647,0.0,3.588235294117647
2025-12-30:man utd:wolves,wolves,FWD,0,Wolves,2025-12-30,3,179.0,0.0,0.0,0.18,0.11,4.0,0.0,0.7210049265247721,0.1735952653681198,0.105399808107108,2025-12-30,0.105399808107108,0.7210049265247721,3.8333333333333335,0.0,3.8333333333333335
2026-01-03:wolves:west ham,wolves,FWD,1,Wolves,2026-01-03,3,201.0,1.0,1.0,0.41,0.03,15.0,1.0,0.3630297197226849,0.2783401005870013,0.3586301796903136,2026-01-03,0.3630297197226849,0.3586301796903136,3.8421052631578947,0.0,3.8421052631578947
2026-01-07:everton:wolves,wolves,FWD,0,Wolves,2026-01-07,3,203.0,1.0,1.0,0.54,0.1,15.0,0.0,0.5304313206543895,0.2691921903896451,0.2003764889559655,2026-01-07,0.2003764889559655,0.5304313206543895,4.4,0.0,4.4
2026-01-18:wolves:newcastle,wolves,FWD,1,Wolves,2026-01-18,3,179.0,0.0,0.0,0.14,0.18,5.0,1.0,0.2005545195887585,0.2302262438559995,0.5692192365552419,2026-01-18,0.2005545195887585,0.5692192365552419,4.904761904761905,0.0,4.904761904761905
2026-01-24:man city:wolves,wolves,FWD,0,Wolves,2026-01-24,3,154.0,0.0,0.0,0.2,0.24,4.0,0.0,0.7624961448332451,0.1551808669050925,0.0823229882616623,2026-01-24,0.0823229882616623,0.7624961448332451,4.909090909090909,0.0,4.909090909090909
2026-01-31:wolves:bournemouth,wolves,FWD,1,Wolves,2026-01-31,3,200.0,0.0,0.0,1.01,0.49,5.0,0.0,0.3213604902232742,0.2732914953572209,0.4053480144195048,2026-01-31,0.3213604902232742,0.4053480144195048,4.869565217391305,0.0,4.869565217391305
2026-02-07:wolves:chelsea,wolves,FWD,1,Wolves,2026-02-07,3,270.0,1.0,1.0,0.68,0.43,14.0,0.0,0.1637670836021671,0.2151706969330385,0.6210622194647943,2026-02-07,0.1637670836021671,0.6210622194647943,4.875,0.0,4.875
2026-02-11:nottm forest:wolves,wolves,FWD,0,Wolves,2026-02-11,3,270.0,0.0,0.0,0.31,0.04,6.0,1.0,0.5653821564118198,0.242493704030543,0.1921241395576372,2026-02-11,0.1921241395576372,0.5653821564118198,5.24,0.0,5.24
2026-02-18:wolves:arsenal,wolves,FWD,1,Wolves,2026-02-18,3,248.0,0.0,0.0,0.05,0.03,6.0,0.0,0.0563248938265521,0.14356120778233,0.8001138983911179,2026-02-18,0.0563248938265521,0.8001138983911179,5.269230769230769,0.0,5.269230769230769
2026-02-22:crystal palace:wolves,wolves,FWD,0,Wolves,2026-02-22,3,242.0,0.0,0.0,1.25,0.48,4.0,1.0,0.5511638015950926,0.2471080820617529,0.2017281163431545,2026-02-22,0.2017281163431545,0.5511638015950926,5.296296296296297,0.0,5.296296296296297
2026-02-27:wolves:aston villa,wolves,FWD,1,Wolves,2026-02-27,3,189.0,0.0,1.0,0.09,0.03,7.0,1.0,0.1937921821335682,0.2449586813669348,0.5612491364994968,2026-02-27,0.1937921821335682,0.5612491364994968,5.25,0.0,5.25
2026-03-03:wolves:liverpool,wolves,FWD,1,Wolves,2026-03-03,3,158.0,0.0,1.0,0.0,0.02,7.0,1.0,0.1214042913252634,0.1887867215077338,0.6898089871670028,2026-03-03,0.1214042913252634,0.6898089871670028,5.310344827586207,0.0,5.310344827586207
2026-03-16:brentford:wolves,wolves,FWD,0,Wolves,2026-03-16,3,147.0,2.0,0.0,1.09,0.11,11.0,0.0,0.6423880874914603,0.2094458408612735,0.1481660716472662,2026-03-16,0.1481660716472662,0.6423880874914603,5.366666666666666,0.0,5.366666666666666
2026-04-10:west ham:wolves,wolves,FWD,0,Wolves,2026-04-10,3,118.0,0.0,0.0,0.16,0.02,4.0,0.0,0.5509397355966867,0.2445394501926664,0.2045208142106468,2026-04-10,0.2045208142106468,0.5509397355966867,5.548387096774194,0.0,5.548387096774194
2026-04-18:leeds:wolves,wolves,FWD,0,Wolves,2026-04-18,2,142.0,0.0,0.0,0.29,0.08,3.0,0.0,0.6429828492591493,0.2210827729628726,0.1359343777779781,2026-04-18,0.1359343777779781,0.6429828492591493,5.5,0.0,5.5
2026-04-25:wolves:spurs,wolves,FWD,1,Wolves,2026-04-25,3,199.0,0.0,0.0,0.36,0.34,5.0,0.0,0.1901094812876562,0.2140271244251184,0.5958633942872252,2026-04-25,0.1901094812876562,0.5958633942872252,5.424242424242424,0.0,5.424242424242424
2026-05-02:wolves:sunderland,wolves,FWD,1,Wolves,2026-05-02,3,270.0,0.0,0.0,0.97,0.39,6.0,0.0,0.2495496860465719,0.2614672107189751,0.4889831032344529,2026-05-02,0.2495496860465719,0.4889831032344529,5.411764705882353,0.0,5.411764705882353
2026-05-09:brighton:wolves,wolves,FWD,0,Wolves,2026-05-09,3,157.0,0.0,0.0,0.14,0.36,5.0,0.0,0.7805911051576281,0.143472616998918,0.075936277843454,2026-05-09,0.075936277843454,0.7805911051576281,5.428571428571429,0.0,5.428571428571429
2026-05-17:wolves:fulham,wolves,FWD,1,Wolves,2026-05-17,3,179.0,1.0,0.0,0.5599999999999999,0.4,14.0,0.0,0.2223779015717846,0.2504628130322595,0.5271592853959559,2026-05-17,0.2223779015717846,0.5271592853959559,5.416666666666667,0.0,5.416666666666667
2026-05-24:burnley:wolves,wolves,FWD,0,Wolves,2026-05-24,3,187.0,1.0,0.0,1.16,0.7,10.0,0.0,0.3985530631395923,0.2686972301047273,0.3327497067556804,2026-05-24,0.3327497067556804,0.3985530631395923,5.648648648648648,0.0,5.648648648648648
2025-08-16:wolves:man city,wolves,GKP,1,Wolves,2025-08-16,1,90.0,0.0,0.0,0.0,0.0,0.0,0.0,0.1375380716251635,0.2100481357428546,0.6524137926319818,2025-08-16,0.1375380716251635,0.6524137926319818,2.6726740782619487,-0.7010101322643671,3.373684210526316
2025-08-23:bournemouth:wolves,wolves,GKP,0,Wolves,2025-08-23,1,90.0,0.0,0.0,0.0,0.03,3.0,0.0,0.5427933333468303,0.246956978540398,0.2102496881127716,2025-08-23,0.2102496881127716,0.5427933333468303,2.954269483917752,2.954269483917752,0.0
2025-08-30:wolves:everton,wolves,GKP,1,Wolves,2025-08-30,1,90.0,0.0,0.0,0.0,0.0,1.0,0.0,0.281402328600158,0.3031596718836625,0.4154379995161794,2025-08-30,0.281402328600158,0.4154379995161794,3.281422618709718,1.7814226187097182,1.5
2025-09-13:newcastle:wolves,wolves,GKP,0,Wolves,2025-09-13,1,90.0,0.0,0.0,0.0,0.0,3.0,0.0,0.7275030709714203,0.1777567784959188,0.0947401505326607,2025-09-13,0.0947401505326607,0.7275030709714203,2.4797831167363036,1.1464497834029703,1.3333333333333333
2025-09-20:wolves:leeds,wolves,GKP,1,Wolves,2025-09-20,1,90.0,0.0,0.0,0.0,0.0,1.0,0.0,0.327216961633576,0.3040482302071911,0.3687348081592328,2025-09-20,0.327216961633576,0.3687348081592328,3.4013947863264375,1.6513947863264375,1.75
2025-09-27:spurs:wolves,wolves,GKP,0,Wolves,2025-09-27,1,90.0,0.0,0.0,0.0,0.0,2.0,0.0,0.6437106998509815,0.2132285940989117,0.1430607060501067,2025-09-27,0.1430607060501067,0.6437106998509815,2.6950307711467216,1.0950307711467215,1.6
2025-10-05:wolves:brighton,wolves,GKP,1,Wolves,2025-10-05,1,90.0,0.0,0.0,0.0,0.0,3.0,0.0,0.2697346091012072,0.2638681849406781,0.4663972059581145,2025-10-05,0.2697346091012072,0.4663972059581145,3.150517507533466,1.4838508408667994,1.6666666666666667
2025-10-18:sunderland:wolves,wolves,GKP,0,Wolves,2025-10-18,1,90.0,0.0,0.0,0.0,0.01,1.0,0.0,0.3841623605586533,0.3106674042471397,0.3051702351942069,2025-10-18,0.3051702351942069,0.3841623605586533,3.361764156200265,1.504621299057408,1.8571428571428572
2025-10-26:wolves:burnley,wolves,GKP,1,Wolves,2025-10-26,1,90.0,0.0,0.0,0.0,0.0,2.0,0.0,0.5071690339164177,0.2835667585745762,0.209264207509006,2025-10-26,0.5071690339164177,0.209264207509006,3.8110463128125884,2.0610463128125884,1.75
2025-11-01:fulham:wolves,wolves,GKP,0,Wolves,2025-11-01,1,90.0,0.0,0.0,0.0,0.0,2.0,0.0,0.5458618107761658,0.2504750235989306,0.2036631656249035,2025-11-01,0.2036631656249035,0.5458618107761658,2.946387112760998,1.1686093349832203,1.7777777777777777
2025-11-08:chelsea:wolves,wolves,GKP,0,Wolves,2025-11-08,1,90.0,0.0,0.0,0.0,0.0,2.0,0.0,0.727307436162894,0.173236899658658,0.099455664178448,2025-11-08,0.099455664178448,0.727307436162894,2.4802856676618026,0.6802856676618025,1.8
2025-11-22:wolves:crystal palace,wolves,GKP,1,Wolves,2025-11-22,1,90.0,0.0,0.0,0.0,0.0,1.0,0.0,0.2052592601779916,0.2545511853031266,0.5401895545188818,2025-11-22,0.2052592601779916,0.5401895545188818,2.960958127261116,1.142776309079298,1.8181818181818181
2025-11-30:aston villa:wolves,wolves,GKP,0,Wolves,2025-11-30,1,90.0,0.0,0.0,0.0,0.0,3.0,0.0,0.6753992566591637,0.2018503332514132,0.122750410089423,2025-11-30,0.122750410089423,0.6753992566591637,2.613628521354691,0.8636285213546908,1.75
2025-12-03:wolves:nottm forest,wolves,GKP,1,Wolves,2025-12-03,1,90.0,0.0,0.0,0.0,0.01,2.0,0.0,0.3037886967501171,0.2904829934688018,0.4057283097810811,2025-12-03,0.3037886967501171,0.4057283097810811,3.3063650796114246,1.4602112334575783,1.8461538461538463
2025-12-08:wolves:man utd,wolves,GKP,1,Wolves,2025-12-08,1,90.0,0.0,0.0,0.0,0.0,1.0,0.0,0.1770754304859233,0.2240972860133707,0.5988272835007059,2025-12-08,0.1770754304859233,0.5988272835007059,2.810328261385263,0.9531854042424057,1.8571428571428572
2025-12-13:arsenal:wolves,wolves,GKP,0,Wolves,2025-12-13,1,90.0,0.0,0.0,0.0,0.0,-1.0,0.0,0.8893601094349843,0.0871086051269131,0.0235312854381026,2025-12-13,0.0235312854381026,0.8893601094349843,2.0640012572037367,0.2640012572037367,1.8
2025-12-20:wolves:brentford,wolves,GKP,1,Wolves,2025-12-20,1,90.0,0.0,0.0,0.0,0.0,2.0,0.0,0.2727787770162843,0.2772224625661694,0.4499987604175463,2025-12-20,0.2727787770162843,0.4499987604175463,3.192642188949998,1.567642188949998,1.625
2025-12-27:liverpool:wolves,wolves,GKP,0,Wolves,2025-12-27,1,90.0,0.0,0.0,0.0,0.0,1.0,0.0,0.8007996425051203,0.1327762667683771,0.0664240907265024,2025-12-27,0.0664240907265024,0.8007996425051203,2.291497299209104,0.6444384756796921,1.6470588235294117
2025-12-30:man utd:wolves,wolves,GKP,0,Wolves,2025-12-30,1,90.0,0.0,0.0,0.0,0.0,4.0,0.0,0.7210049265247721,0.1735952653681198,0.105399808107108,2025-12-30,0.105399808107108,0.7210049265247721,2.496475690671831,0.8853645795607199,1.6111111111111112
2026-01-03:wolves:west ham,wolves,GKP,1,Wolves,2026-01-03,1,90.0,0.0,0.0,0.0,0.0,6.0,1.0,0.3630297197226849,0.2783401005870013,0.3586301796903136,2026-01-03,0.3630297197226849,0.3586301796903136,3.4273517743856177,1.6905096691224597,1.736842105263158
2026-01-07:everton:wolves,wolves,GKP,0,Wolves,2026-01-07,1,90.0,0.0,0.0,0.0,0.0,1.0,0.0,0.5304313206543895,0.2691921903896451,0.2003764889559655,2026-01-07,0.2003764889559655,0.5304313206543895,2.9860252893718675,1.0360252893718676,1.95
2026-01-18:wolves:newcastle,wolves,GKP,1,Wolves,2026-01-18,1,90.0,0.0,0.0,0.0,0.0,7.0,1.0,0.2005545195887585,0.2302262438559995,0.5692192365552419,2026-01-18,0.2005545195887585,0.5692192365552419,2.8863860524641707,0.981624147702266,1.9047619047619047
2026-01-24:man city:wolves,wolves,GKP,0,Wolves,2026-01-24,1,90.0,0.0,0.0,0.0,0.0,1.0,0.0,0.7624961448332451,0.1551808669050925,0.0823229882616623,2026-01-24,0.0823229882616623,0.7624961448332451,2.389892152097745,0.25352851573410895,2.1363636363636362
2026-01-31:wolves:bournemouth,wolves,GKP,1,Wolves,2026-01-31,1,90.0,0.0,0.0,0.0,0.0,1.0,0.0,0.3213604902232742,0.2732914953572209,0.4053480144195048,2026-01-31,0.3213604902232742,0.4053480144195048,3.307341990557706,1.2203854688185758,2.0869565217391304
2026-02-07:wolves:chelsea,wolves,GKP,1,Wolves,2026-02-07,1,90.0,0.0,0.0,0.0,0.0,2.0,0.0,0.1637670836021671,0.2151706969330385,0.6210622194647943,2026-02-07,0.1637670836021671,0.6210622194647943,2.753210677191867,0.7115440105252007,2.0416666666666665
2026-02-11:nottm forest:wolves,wolves,GKP,0,Wolves,2026-02-11,1,90.0,0.0,0.0,0.0,0.0,12.0,1.0,0.5653821564118198,0.242493704030543,0.1921241395576372,2026-02-11,0.1921241395576372,0.5653821564118198,2.896242826889008,0.8562428268890079,2.04
2026-02-18:wolves:arsenal,wolves,GKP,1,Wolves,2026-02-18,1,90.0,0.0,0.0,0.0,0.0,1.0,0.0,0.0563248938265521,0.14356120778233,0.8001138983911179,2026-02-18,0.0563248938265521,0.8001138983911179,2.293258853514001,-0.12981806956292186,2.423076923076923
2026-02-22:crystal palace:wolves,wolves,GKP,0,Wolves,2026-02-22,1,90.0,0.0,0.0,0.0,0.0,2.0,0.0,0.5511638015950926,0.2471080820617529,0.2017281163431545,2026-02-22,0.2017281163431545,0.5511638015950926,2.9327672441235633,0.562396873753193,2.3703703703703702
2026-02-27:wolves:aston villa,wolves,GKP,1,Wolves,2026-02-27,1,90.0,0.0,0.0,0.0,0.0,8.0,1.0,0.1937921821335682,0.2449586813669348,0.5612491364994968,2026-02-27,0.1937921821335682,0.5612491364994968,2.90685981779001,0.5497169606471526,2.357142857142857
2026-03-03:wolves:liverpool,wolves,GKP,1,Wolves,2026-03-03,1,90.0,0.0,0.0,0.0,0.0,3.0,0.0,0.1214042913252634,0.1887867215077338,0.6898089871670028,2026-03-03,0.1214042913252634,0.6898089871670028,2.5766124941075272,0.024888356176492543,2.5517241379310347
2026-03-16:brentford:wolves,wolves,GKP,0,Wolves,2026-03-16,1,90.0,0.0,0.0,0.0,0.0,0.0,0.0,0.6423880874914603,0.2094458408612735,0.1481660716472662,2026-03-16,0.1481660716472662,0.6423880874914603,2.6984283263689264,0.1317616597022595,2.566666666666667
2026-04-10:west ham:wolves,wolves,GKP,0,Wolves,2026-04-10,1,90.0,0.0,0.0,0.0,0.0,1.0,0.0,0.5509397355966867,0.2445394501926664,0.2045208142106468,2026-04-10,0.2045208142106468,0.5509397355966867,2.9333428297042676,0.44947186196233213,2.4838709677419355
2026-04-18:leeds:wolves,wolves,GKP,0,Wolves,2026-04-18,1,90.0,0.0,0.0,0.0,0.0,2.0,0.0,0.6429828492591493,0.2210827729628726,0.1359343777779781,2026-04-18,0.1359343777779781,0.6429828492591493,2.696900489482152,0.259400489482152,2.4375
2026-04-25:wolves:spurs,wolves,GKP,1,Wolves,2026-04-25,1,90.0,0.0,0.0,0.0,0.0,2.0,0.0,0.1901094812876562,0.2140271244251184,0.5958633942872252,2026-04-25,0.1901094812876562,0.5958633942872252,2.817941964072075,0.39369953982965056,2.4242424242424243
2026-05-02:wolves:sunderland,wolves,GKP,1,Wolves,2026-05-02,1,90.0,0.0,0.0,0.0,0.0,2.0,0.0,0.2495496860465719,0.2614672107189751,0.4889831032344529,2026-05-02,0.2495496860465719,0.4889831032344529,3.092498366333861,0.6807336604515082,2.411764705882353
2026-05-09:brighton:wolves,wolves,GKP,0,Wolves,2026-05-09,1,90.0,0.0,0.0,0.0,0.0,2.0,0.0,0.7805911051576281,0.143472616998918,0.075936277843454,2026-05-09,0.075936277843454,0.7805911051576281,2.3434094268282255,-0.056590573171774405,2.4
2026-05-17:wolves:fulham,wolves,GKP,1,Wolves,2026-05-17,1,90.0,0.0,0.0,0.0,0.01,3.0,0.0,0.2223779015717846,0.2504628130322595,0.5271592853959559,2026-05-17,0.2223779015717846,0.5271592853959559,2.99443056428065,0.6055416753917613,2.388888888888889
2026-05-24:burnley:wolves,wolves,GKP,0,Wolves,2026-05-24,1,90.0,0.0,0.0,0.0,0.0,6.0,0.0,0.3985530631395923,0.2686972301047273,0.3327497067556804,2026-05-24,0.3327497067556804,0.3985530631395923,3.3247970083030802,0.919391602897675,2.4054054054054053
2025-08-16:wolves:man city,wolves,MID,1,Wolves,2025-08-16,7,366.0,0.0,0.0,0.15,0.16,13.0,0.0,0.1375380716251635,0.2100481357428546,0.6524137926319818,2025-08-16,0.1375380716251635,0.6524137926319818,16.1590283161085,-4.334392736523078,20.49342105263158
2025-08-23:bournemouth:wolves,wolves,MID,0,Wolves,2025-08-23,6,337.0,0.0,0.0,0.2,0.06,7.0,0.0,0.5427933333468303,0.246956978540398,0.2102496881127716,2025-08-23,0.2102496881127716,0.5427933333468303,17.461431334992987,4.461431334992987,13.0
2025-08-30:wolves:everton,wolves,MID,1,Wolves,2025-08-30,7,433.0,1.0,1.0,0.58,0.22,20.0,0.0,0.281402328600158,0.3031596718836625,0.4154379995161794,2025-08-30,0.281402328600158,0.4154379995161794,18.73591013561445,8.73591013561445,10.0
2025-09-13:newcastle:wolves,wolves,MID,0,Wolves,2025-09-13,7,316.0,0.0,0.0,0.23,0.19,9.0,0.0,0.7275030709714203,0.1777567784959188,0.0947401505326607,2025-09-13,0.0947401505326607,0.7275030709714203,15.392436341876223,2.0591030085428894,13.333333333333334
2025-09-20:wolves:leeds,wolves,MID,1,Wolves,2025-09-20,6,261.0,0.0,1.0,0.63,0.63,11.0,0.0,0.327216961633576,0.3040482302071911,0.3687348081592328,2025-09-20,0.327216961633576,0.3687348081592328,19.55653714480737,7.306537144807368,12.25
2025-09-27:spurs:wolves,wolves,MID,0,Wolves,2025-09-27,6,404.0,0.0,0.0,0.15,0.28,18.0,1.0,0.6437106998509815,0.2132285940989117,0.1430607060501067,2025-09-27,0.1430607060501067,0.6437106998509815,16.257949177652918,4.257949177652918,12.0
2025-10-05:wolves:brighton,wolves,MID,1,Wolves,2025-10-05,6,433.0,0.0,1.0,0.49,0.13,17.0,0.0,0.2697346091012072,0.2638681849406781,0.4663972059581145,2025-10-05,0.2697346091012072,0.4663972059581145,18.526919140323887,5.526919140323887,13.0
2025-10-18:sunderland:wolves,wolves,MID,0,Wolves,2025-10-18,5,345.0,0.0,0.0,0.32,0.38,13.0,0.0,0.3841623605586533,0.3106674042471397,0.3051702351942069,2025-10-18,0.3051702351942069,0.3841623605586533,19.161638441433773,5.590209870005202,13.571428571428571
2025-10-26:wolves:burnley,wolves,MID,1,Wolves,2025-10-26,6,351.0,1.0,0.0,1.28,0.26,15.0,0.0,0.5071690339164177,0.2835667585745762,0.209264207509006,2025-10-26,0.5071690339164177,0.209264207509006,22.77982021176593,9.27982021176593,13.5
2025-11-01:fulham:wolves,wolves,MID,0,Wolves,2025-11-01,5,257.0,0.0,0.0,0.1,0.12,9.0,0.0,0.5458618107761658,0.2504750235989306,0.2036631656249035,2025-11-01,0.2036631656249035,0.5458618107761658,17.343454219553504,3.6767875528868377,13.666666666666666
2025-11-08:chelsea:wolves,wolves,MID,0,Wolves,2025-11-08,5,338.0,0.0,0.0,0.1,0.05,7.0,0.0,0.727307436162894,0.173236899658658,0.099455664178448,2025-11-08,0.099455664178448,0.727307436162894,15.476900138784261,2.276900138784262,13.2
2025-11-22:wolves:crystal palace,wolves,MID,1,Wolves,2025-11-22,6,308.0,0.0,0.0,1.12,0.19,12.0,0.0,0.2052592601779916,0.2545511853031266,0.5401895545188818,2025-11-22,0.2052592601779916,0.5401895545188818,17.372043301529438,4.735679665165801,12.636363636363637
2025-11-30:aston villa:wolves,wolves,MID,0,Wolves,2025-11-30,5,356.0,0.0,0.0,0.29,0.14,11.0,0.0,0.6753992566591637,0.2018503332514132,0.122750410089423,2025-11-30,0.122750410089423,0.6753992566591637,15.89415323896491,3.3108199056315755,12.583333333333334
2025-12-03:wolves:nottm forest,wolves,MID,1,Wolves,2025-12-03,6,348.0,0.0,0.0,0.8099999999999999,0.14,10.0,1.0,0.3037886967501171,0.2904829934688018,0.4057283097810811,2025-12-03,0.3037886967501171,0.4057283097810811,19.136892466482244,6.675354004943783,12.461538461538462
2025-12-08:wolves:man utd,wolves,MID,1,Wolves,2025-12-08,4,248.0,1.0,0.0,0.33,0.13,11.0,0.0,0.1770754304859233,0.2240972860133707,0.5988272835007059,2025-12-08,0.1770754304859233,0.5988272835007059,16.867217433974538,4.581503148260252,12.285714285714286
2025-12-13:arsenal:wolves,wolves,MID,0,Wolves,2025-12-13,5,279.0,0.0,0.0,0.14,0.19,12.0,0.0,0.8893601094349843,0.0871086051269131,0.0235312854381026,2025-12-13,0.0235312854381026,0.8893601094349843,14.116950451856212,1.9169504518562128,12.2
2025-12-20:wolves:brentford,wolves,MID,1,Wolves,2025-12-20,5,334.0,0.0,0.0,0.28,0.07,7.0,0.0,0.2727787770162843,0.2772224625661694,0.4499987604175463,2025-12-20,0.2727787770162843,0.4499987604175463,18.58144596387846,6.393945963878458,12.1875
2025-12-27:liverpool:wolves,wolves,MID,0,Wolves,2025-12-27,4,252.0,0.0,0.0,0.03,0.18,10.0,0.0,0.8007996425051203,0.1327762667683771,0.0664240907265024,2025-12-27,0.0664240907265024,0.8007996425051203,14.885241982076241,3.0028890408997704,11.882352941176471
2025-12-30:man utd:wolves,wolves,MID,0,Wolves,2025-12-30,4,269.0,0.0,0.0,0.15,0.1,11.0,0.0,0.7210049265247721,0.1735952653681198,0.105399808107108,2025-12-30,0.105399808107108,0.7210049265247721,15.583371035338871,3.8055932575610925,11.777777777777779
2026-01-03:wolves:west ham,wolves,MID,1,Wolves,2026-01-03,5,244.0,2.0,1.0,1.36,0.78,23.0,1.0,0.3630297197226849,0.2783401005870013,0.3586301796903136,2026-01-03,0.3630297197226849,0.3586301796903136,20.198011595561525,8.461169490298367,11.736842105263158
2026-01-07:everton:wolves,wolves,MID,0,Wolves,2026-01-07,4,270.0,0.0,0.0,0.13,0.12,7.0,0.0,0.5304313206543895,0.2691921903896451,0.2003764889559655,2026-01-07,0.2003764889559655,0.5304313206543895,17.284583604065926,4.984583604065925,12.3
2026-01-18:wolves:newcastle,wolves,MID,1,Wolves,2026-01-18,4,263.0,0.0,0.0,0.0,0.3,9.0,1.0,0.2005545195887585,0.2302262438559995,0.5692192365552419,2026-01-18,0.2005545195887585,0.5692192365552419,17.287772470505764,5.240153422886717,12.047619047619047
2026-01-24:man city:wolves,wolves,MID,0,Wolves,2026-01-24,4,295.0,0.0,0.0,0.05,0.04,7.0,0.0,0.7624961448332451,0.1551808669050925,0.0823229882616623,2026-01-24,0.0823229882616623,0.7624961448332451,15.170021404498467,3.2609304954075586,11.909090909090908
2026-01-31:wolves:bournemouth,wolves,MID,1,Wolves,2026-01-31,5,267.0,0.0,0.0,0.13,0.14,10.0,0.0,0.3213604902232742,0.2732914953572209,0.4053480144195048,2026-01-31,0.3213604902232742,0.4053480144195048,19.4516366294119,7.755984455498858,11.695652173913043
2026-02-07:wolves:chelsea,wolves,MID,1,Wolves,2026-02-07,4,221.0,0.0,0.0,0.0,0.18,6.0,0.0,0.1637670836021671,0.2151706969330385,0.6210622194647943,2026-02-07,0.1637670836021671,0.6210622194647943,16.62883968919259,5.0038396891925885,11.625
2026-02-11:nottm forest:wolves,wolves,MID,0,Wolves,2026-02-11,3,179.0,0.0,0.0,0.12,0.02,8.0,1.0,0.5653821564118198,0.242493704030543,0.1921241395576372,2026-02-11,0.1921241395576372,0.5653821564118198,17.136768367815417,5.736768367815417,11.4
2026-02-18:wolves:arsenal,wolves,MID,1,Wolves,2026-02-18,4,200.0,1.0,0.0,0.21,0.02,10.0,0.0,0.0563248938265521,0.14356120778233,0.8001138983911179,2026-02-18,0.0563248938265521,0.8001138983911179,14.704346202747146,3.4351154335163763,11.26923076923077
2026-02-22:crystal palace:wolves,wolves,MID,0,Wolves,2026-02-22,4,180.0,0.0,0.0,0.26,0.02,8.0,1.0,0.5511638015950926,0.2471080820617529,0.2017281163431545,2026-02-22,0.2017281163431545,0.5511638015950926,17.308793815233244,6.086571593011023,11.222222222222221
2026-02-27:wolves:aston villa,wolves,MID,1,Wolves,2026-02-27,4,259.0,1.0,1.0,0.29,0.05,22.0,1.0,0.1937921821335682,0.2449586813669348,0.5612491364994968,2026-02-27,0.1937921821335682,0.5612491364994968,17.16664617539917,6.059503318256311,11.107142857142858
2026-03-03:wolves:liverpool,wolves,MID,1,Wolves,2026-03-03,4,269.0,1.0,0.0,0.09,0.07,17.0,0.0,0.1214042913252634,0.1887867215077338,0.6898089871670028,2026-03-03,0.1214042913252634,0.6898089871670028,15.870041697688457,4.387283076998802,11.482758620689655
2026-03-16:brentford:wolves,wolves,MID,0,Wolves,2026-03-16,4,298.0,0.0,2.0,0.15,0.89,14.0,0.0,0.6423880874914603,0.2094458408612735,0.1481660716472662,2026-03-16,0.1481660716472662,0.6423880874914603,16.349395962739628,4.682729296072962,11.666666666666666
2026-04-10:west ham:wolves,wolves,MID,0,Wolves,2026-04-10,6,318.0,0.0,0.0,0.27,0.18,11.0,0.0,0.5509397355966867,0.2445394501926664,0.2045208142106468,2026-04-10,0.2045208142106468,0.5509397355966867,17.3588163330805,5.616880849209533,11.741935483870968
2026-04-18:leeds:wolves,wolves,MID,0,Wolves,2026-04-18,5,298.0,0.0,0.0,0.0,0.07,10.0,0.0,0.6429828492591493,0.2210827729628726,0.1359343777779781,2026-04-18,0.1359343777779781,0.6429828492591493,16.130303116355904,4.411553116355904,11.71875
2026-04-25:wolves:spurs,wolves,MID,1,Wolves,2026-04-25,3,185.0,0.0,0.0,0.07,0.02,5.0,0.0,0.1901094812876562,0.2140271244251184,0.5958633942872252,2026-04-25,0.1901094812876562,0.5958633942872252,17.100682015460823,5.434015348794157,11.666666666666666
2026-05-02:wolves:sunderland,wolves,MID,1,Wolves,2026-05-02,4,193.0,0.0,0.0,0.08,0.24,6.0,0.0,0.2495496860465719,0.2614672107189751,0.4889831032344529,2026-05-02,0.2495496860465719,0.4889831032344529,18.16536886827364,6.694780632979521,11.470588235294118
2026-05-09:brighton:wolves,wolves,MID,0,Wolves,2026-05-09,5,290.0,0.0,0.0,0.17,0.15,8.0,0.0,0.7805911051576281,0.143472616998918,0.075936277843454,2026-05-09,0.075936277843454,0.7805911051576281,15.055623302362571,3.7413375880768562,11.314285714285715
2026-05-17:wolves:fulham,wolves,MID,1,Wolves,2026-05-17,4,269.0,0.0,1.0,0.05,0.3399999999999999,11.0,0.0,0.2223779015717846,0.2504628130322595,0.5271592853959559,2026-05-17,0.2223779015717846,0.5271592853959559,17.67867065087845,6.456448428656227,11.222222222222221
2026-05-24:burnley:wolves,wolves,MID,0,Wolves,2026-05-24,4,261.0,0.0,0.0,0.07,0.35,8.0,0.0,0.3985530631395923,0.2686972301047273,0.3327497067556804,2026-05-24,0.3327497067556804,0.3985530631395923,19.655639108122614,8.439422891906398,11.216216216216216
