player_id,gw,score,created_at,deadline,note,logs_hash,odds_hash,exchange_hash,bootstrap_hash,fixtures_hash,minutes_hash,entry_hash
2026-27:1,6,3.7928260805907885,2026-10-10T09:11:16Z,2026-10-10T10:00:00Z,Current formula at this deadline. This file does not replace the published Gameweeks 1-5 total of 280.,ffe911b65b5019529f8a7a322ad058e013a0e6146677c35d796f075e2572f09b,8e21d4821be776332f3504f55f85b4277f326f03513b2c7501fbdedf92b8b1a2,98e5bb4281312953f19a18383d2d6691e34279618c900c736d39c22085bb1b0a,f53c43b2c822d111bca9e3ae615ceb539ff324fbf9fae9a07ded738891b01546,477fee196153c242d686d57bb9605fedb219ebdcdb8ee09b33660fc52cd8c120,efb2c9b0cb1be3de920b75bf0f5f5f1cace273389576971cd0b9d19ef382067d,3049c664dd1b2e517d0ef8b59c0078d485f327951d4603e1bc460e11248013c2
2026-27:102,6,2.3927795415180726,2026-10-10T09:11:16Z,2026-10-10T10:00:00Z,Current formula at this deadline. This file does not replace the published Gameweeks 1-5 total of 280.,ffe911b65b5019529f8a7a322ad058e013a0e6146677c35d796f075e2572f09b,8e21d4821be776332f3504f55f85b4277f326f03513b2c7501fbdedf92b8b1a2,98e5bb4281312953f19a18383d2d6691e34279618c900c736d39c22085bb1b0a,f53c43b2c822d111bca9e3ae615ceb539ff324fbf9fae9a07ded738891b01546,477fee196153c242d686d57bb9605fedb219ebdcdb8ee09b33660fc52cd8c120,efb2c9b0cb1be3de920b75bf0f5f5f1cace273389576971cd0b9d19ef382067d,3049c664dd1b2e517d0ef8b59c0078d485f327951d4603e1bc460e11248013c2
2026-27:104,6,2.2713461689396,2026-10-10T09:11:16Z,2026-10-10T10:00:00Z,Current formula at this deadline. This file does not replace the published Gameweeks 1-5 total of 280.,ffe911b65b5019529f8a7a322ad058e013a0e6146677c35d796f075e2572f09b,8e21d4821be776332f3504f55f85b4277f326f03513b2c7501fbdedf92b8b1a2,98e5bb4281312953f19a18383d2d6691e34279618c900c736d39c22085bb1b0a,f53c43b2c822d111bca9e3ae615ceb539ff324fbf9fae9a07ded738891b01546,477fee196153c242d686d57bb9605fedb219ebdcdb8ee09b33660fc52cd8c120,efb2c9b0cb1be3de920b75bf0f5f5f1cace273389576971cd0b9d19ef382067d,3049c664dd1b2e517d0ef8b59c0078d485f327951d4603e1bc460e11248013c2
2026-27:105,6,3.4844665368364582,2026-10-10T09:11:16Z,2026-10-10T10:00:00Z,Current formula at this deadline. This file does not replace the published Gameweeks 1-5 total of 280.,ffe911b65b5019529f8a7a322ad058e013a0e6146677c35d796f075e2572f09b,8e21d4821be776332f3504f55f85b4277f326f03513b2c7501fbdedf92b8b1a2,98e5bb4281312953f19a18383d2d6691e34279618c900c736d39c22085bb1b0a,f53c43b2c822d111bca9e3ae615ceb539ff324fbf9fae9a07ded738891b01546,477fee196153c242d686d57bb9605fedb219ebdcdb8ee09b33660fc52cd8c120,efb2c9b0cb1be3de920b75bf0f5f5f1cace273389576971cd0b9d19ef382067d,3049c664dd1b2e517d0ef8b59c0078d485f327951d4603e1bc460e11248013c2
2026-27:106,6,3.939197433663541,2026-10-10T09:11:16Z,2026-10-10T10:00:00Z,Current formula at this deadline. This file does not replace the published Gameweeks 1-5 total of 280.,ffe911b65b5019529f8a7a322ad058e013a0e6146677c35d796f075e2572f09b,8e21d4821be776332f3504f55f85b4277f326f03513b2c7501fbdedf92b8b1a2,98e5bb4281312953f19a18383d2d6691e34279618c900c736d39c22085bb1b0a,f53c43b2c822d111bca9e3ae615ceb539ff324fbf9fae9a07ded738891b01546,477fee196153c242d686d57bb9605fedb219ebdcdb8ee09b33660fc52cd8c120,efb2c9b0cb1be3de920b75bf0f5f5f1cace273389576971cd0b9d19ef382067d,3049c664dd1b2e517d0ef8b59c0078d485f327951d4603e1bc460e11248013c2
2026-27:109,6,3.6631816454248,2026-10-10T09:11:16Z,2026-10-10T10:00:00Z,Current formula at this deadline. This file does not replace the published Gameweeks 1-5 total of 280.,ffe911b65b5019529f8a7a322ad058e013a0e6146677c35d796f075e2572f09b,8e21d4821be776332f3504f55f85b4277f326f03513b2c7501fbdedf92b8b1a2,98e5bb4281312953f19a18383d2d6691e34279618c900c736d39c22085bb1b0a,f53c43b2c822d111bca9e3ae615ceb539ff324fbf9fae9a07ded738891b01546,477fee196153c242d686d57bb9605fedb219ebdcdb8ee09b33660fc52cd8c120,efb2c9b0cb1be3de920b75bf0f5f5f1cace273389576971cd0b9d19ef382067d,3049c664dd1b2e517d0ef8b59c0078d485f327951d4603e1bc460e11248013c2
2026-27:110,6,3.433545184593164,2026-10-10T09:11:16Z,2026-10-10T10:00:00Z,Current formula at this deadline. This file does not replace the published Gameweeks 1-5 total of 280.,ffe911b65b5019529f8a7a322ad058e013a0e6146677c35d796f075e2572f09b,8e21d4821be776332f3504f55f85b4277f326f03513b2c7501fbdedf92b8b1a2,98e5bb4281312953f19a18383d2d6691e34279618c900c736d39c22085bb1b0a,f53c43b2c822d111bca9e3ae615ceb539ff324fbf9fae9a07ded738891b01546,477fee196153c242d686d57bb9605fedb219ebdcdb8ee09b33660fc52cd8c120,efb2c9b0cb1be3de920b75bf0f5f5f1cace273389576971cd0b9d19ef382067d,3049c664dd1b2e517d0ef8b59c0078d485f327951d4603e1bc460e11248013c2
2026-27:112,6,3.4661479915073987,2026-10-10T09:11:16Z,2026-10-10T10:00:00Z,Current formula at this deadline. This file does not replace the published Gameweeks 1-5 total of 280.,ffe911b65b5019529f8a7a322ad058e013a0e6146677c35d796f075e2572f09b,8e21d4821be776332f3504f55f85b4277f326f03513b2c7501fbdedf92b8b1a2,98e5bb4281312953f19a18383d2d6691e34279618c900c736d39c22085bb1b0a,f53c43b2c822d111bca9e3ae615ceb539ff324fbf9fae9a07ded738891b01546,477fee196153c242d686d57bb9605fedb219ebdcdb8ee09b33660fc52cd8c120,efb2c9b0cb1be3de920b75bf0f5f5f1cace273389576971cd0b9d19ef382067d,3049c664dd1b2e517d0ef8b59c0078d485f327951d4603e1bc460e11248013c2
2026-27:113,6,2.9888332869650553,2026-10-10T09:11:16Z,2026-10-10T10:00:00Z,Current formula at this deadline. This file does not replace the published Gameweeks 1-5 total of 280.,ffe911b65b5019529f8a7a322ad058e013a0e6146677c35d796f075e2572f09b,8e21d4821be776332f3504f55f85b4277f326f03513b2c7501fbdedf92b8b1a2,98e5bb4281312953f19a18383d2d6691e34279618c900c736d39c22085bb1b0a,f53c43b2c822d111bca9e3ae615ceb539ff324fbf9fae9a07ded738891b01546,477fee196153c242d686d57bb9605fedb219ebdcdb8ee09b33660fc52cd8c120,efb2c9b0cb1be3de920b75bf0f5f5f1cace273389576971cd0b9d19ef382067d,3049c664dd1b2e517d0ef8b59c0078d485f327951d4603e1bc460e11248013c2
2026-27:114,6,3.209757590401245,2026-10-10T09:11:16Z,2026-10-10T10:00:00Z,Current formula at this deadline. This file does not replace the published Gameweeks 1-5 total of 280.,ffe911b65b5019529f8a7a322ad058e013a0e6146677c35d796f075e2572f09b,8e21d4821be776332f3504f55f85b4277f326f03513b2c7501fbdedf92b8b1a2,98e5bb4281312953f19a18383d2d6691e34279618c900c736d39c22085bb1b0a,f53c43b2c822d111bca9e3ae615ceb539ff324fbf9fae9a07ded738891b01546,477fee196153c242d686d57bb9605fedb219ebdcdb8ee09b33660fc52cd8c120,efb2c9b0cb1be3de920b75bf0f5f5f1cace273389576971cd0b9d19ef382067d,3049c664dd1b2e517d0ef8b59c0078d485f327951d4603e1bc460e11248013c2
2026-27:115,6,4.568314442812357,2026-10-10T09:11:16Z,2026-10-10T10:00:00Z,Current formula at this deadline. This file does not replace the published Gameweeks 1-5 total of 280.,ffe911b65b5019529f8a7a322ad058e013a0e6146677c35d796f075e2572f09b,8e21d4821be776332f3504f55f85b4277f326f03513b2c7501fbdedf92b8b1a2,98e5bb4281312953f19a18383d2d6691e34279618c900c736d39c22085bb1b0a,f53c43b2c822d111bca9e3ae615ceb539ff324fbf9fae9a07ded738891b01546,477fee196153c242d686d57bb9605fedb219ebdcdb8ee09b33660fc52cd8c120,efb2c9b0cb1be3de920b75bf0f5f5f1cace273389576971cd0b9d19ef382067d,3049c664dd1b2e517d0ef8b59c0078d485f327951d4603e1bc460e11248013c2
2026-27:116,6,3.319291996594857,2026-10-10T09:11:16Z,2026-10-10T10:00:00Z,Current formula at this deadline. This file does not replace the published Gameweeks 1-5 total of 280.,ffe911b65b5019529f8a7a322ad058e013a0e6146677c35d796f075e2572f09b,8e21d4821be776332f3504f55f85b4277f326f03513b2c7501fbdedf92b8b1a2,98e5bb4281312953f19a18383d2d6691e34279618c900c736d39c22085bb1b0a,f53c43b2c822d111bca9e3ae615ceb539ff324fbf9fae9a07ded738891b01546,477fee196153c242d686d57bb9605fedb219ebdcdb8ee09b33660fc52cd8c120,efb2c9b0cb1be3de920b75bf0f5f5f1cace273389576971cd0b9d19ef382067d,3049c664dd1b2e517d0ef8b59c0078d485f327951d4603e1bc460e11248013c2
2026-27:12,6,3.3241409706015013,2026-10-10T09:11:16Z,2026-10-10T10:00:00Z,Current formula at this deadline. This file does not replace the published Gameweeks 1-5 total of 280.,ffe911b65b5019529f8a7a322ad058e013a0e6146677c35d796f075e2572f09b,8e21d4821be776332f3504f55f85b4277f326f03513b2c7501fbdedf92b8b1a2,98e5bb4281312953f19a18383d2d6691e34279618c900c736d39c22085bb1b0a,f53c43b2c822d111bca9e3ae615ceb539ff324fbf9fae9a07ded738891b01546,477fee196153c242d686d57bb9605fedb219ebdcdb8ee09b33660fc52cd8c120,efb2c9b0cb1be3de920b75bf0f5f5f1cace273389576971cd0b9d19ef382067d,3049c664dd1b2e517d0ef8b59c0078d485f327951d4603e1bc460e11248013c2
2026-27:124,6,4.065953367053511,2026-10-10T09:11:16Z,2026-10-10T10:00:00Z,Current formula at this deadline. This file does not replace the published Gameweeks 1-5 total of 280.,ffe911b65b5019529f8a7a322ad058e013a0e6146677c35d796f075e2572f09b,8e21d4821be776332f3504f55f85b4277f326f03513b2c7501fbdedf92b8b1a2,98e5bb4281312953f19a18383d2d6691e34279618c900c736d39c22085bb1b0a,f53c43b2c822d111bca9e3ae615ceb539ff324fbf9fae9a07ded738891b01546,477fee196153c242d686d57bb9605fedb219ebdcdb8ee09b33660fc52cd8c120,efb2c9b0cb1be3de920b75bf0f5f5f1cace273389576971cd0b9d19ef382067d,3049c664dd1b2e517d0ef8b59c0078d485f327951d4603e1bc460e11248013c2
2026-27:127,6,3.721404546992688,2026-10-10T09:11:16Z,2026-10-10T10:00:00Z,Current formula at this deadline. This file does not replace the published Gameweeks 1-5 total of 280.,ffe911b65b5019529f8a7a322ad058e013a0e6146677c35d796f075e2572f09b,8e21d4821be776332f3504f55f85b4277f326f03513b2c7501fbdedf92b8b1a2,98e5bb4281312953f19a18383d2d6691e34279618c900c736d39c22085bb1b0a,f53c43b2c822d111bca9e3ae615ceb539ff324fbf9fae9a07ded738891b01546,477fee196153c242d686d57bb9605fedb219ebdcdb8ee09b33660fc52cd8c120,efb2c9b0cb1be3de920b75bf0f5f5f1cace273389576971cd0b9d19ef382067d,3049c664dd1b2e517d0ef8b59c0078d485f327951d4603e1bc460e11248013c2
2026-27:129,6,2.8428619970595936,2026-10-10T09:11:16Z,2026-10-10T10:00:00Z,Current formula at this deadline. This file does not replace the published Gameweeks 1-5 total of 280.,ffe911b65b5019529f8a7a322ad058e013a0e6146677c35d796f075e2572f09b,8e21d4821be776332f3504f55f85b4277f326f03513b2c7501fbdedf92b8b1a2,98e5bb4281312953f19a18383d2d6691e34279618c900c736d39c22085bb1b0a,f53c43b2c822d111bca9e3ae615ceb539ff324fbf9fae9a07ded738891b01546,477fee196153c242d686d57bb9605fedb219ebdcdb8ee09b33660fc52cd8c120,efb2c9b0cb1be3de920b75bf0f5f5f1cace273389576971cd0b9d19ef382067d,3049c664dd1b2e517d0ef8b59c0078d485f327951d4603e1bc460e11248013c2
2026-27:13,6,3.359792867294769,2026-10-10T09:11:16Z,2026-10-10T10:00:00Z,Current formula at this deadline. This file does not replace the published Gameweeks 1-5 total of 280.,ffe911b65b5019529f8a7a322ad058e013a0e6146677c35d796f075e2572f09b,8e21d4821be776332f3504f55f85b4277f326f03513b2c7501fbdedf92b8b1a2,98e5bb4281312953f19a18383d2d6691e34279618c900c736d39c22085bb1b0a,f53c43b2c822d111bca9e3ae615ceb539ff324fbf9fae9a07ded738891b01546,477fee196153c242d686d57bb9605fedb219ebdcdb8ee09b33660fc52cd8c120,efb2c9b0cb1be3de920b75bf0f5f5f1cace273389576971cd0b9d19ef382067d,3049c664dd1b2e517d0ef8b59c0078d485f327951d4603e1bc460e11248013c2
2026-27:138,6,2.6709469078161137,2026-10-10T09:11:16Z,2026-10-10T10:00:00Z,Current formula at this deadline. This file does not replace the published Gameweeks 1-5 total of 280.,ffe911b65b5019529f8a7a322ad058e013a0e6146677c35d796f075e2572f09b,8e21d4821be776332f3504f55f85b4277f326f03513b2c7501fbdedf92b8b1a2,98e5bb4281312953f19a18383d2d6691e34279618c900c736d39c22085bb1b0a,f53c43b2c822d111bca9e3ae615ceb539ff324fbf9fae9a07ded738891b01546,477fee196153c242d686d57bb9605fedb219ebdcdb8ee09b33660fc52cd8c120,efb2c9b0cb1be3de920b75bf0f5f5f1cace273389576971cd0b9d19ef382067d,3049c664dd1b2e517d0ef8b59c0078d485f327951d4603e1bc460e11248013c2
2026-27:142,6,3.8416585219044808,2026-10-10T09:11:16Z,2026-10-10T10:00:00Z,Current formula at this deadline. This file does not replace the published Gameweeks 1-5 total of 280.,ffe911b65b5019529f8a7a322ad058e013a0e6146677c35d796f075e2572f09b,8e21d4821be776332f3504f55f85b4277f326f03513b2c7501fbdedf92b8b1a2,98e5bb4281312953f19a18383d2d6691e34279618c900c736d39c22085bb1b0a,f53c43b2c822d111bca9e3ae615ceb539ff324fbf9fae9a07ded738891b01546,477fee196153c242d686d57bb9605fedb219ebdcdb8ee09b33660fc52cd8c120,efb2c9b0cb1be3de920b75bf0f5f5f1cace273389576971cd0b9d19ef382067d,3049c664dd1b2e517d0ef8b59c0078d485f327951d4603e1bc460e11248013c2
2026-27:145,6,3.8629941323782484,2026-10-10T09:11:16Z,2026-10-10T10:00:00Z,Current formula at this deadline. This file does not replace the published Gameweeks 1-5 total of 280.,ffe911b65b5019529f8a7a322ad058e013a0e6146677c35d796f075e2572f09b,8e21d4821be776332f3504f55f85b4277f326f03513b2c7501fbdedf92b8b1a2,98e5bb4281312953f19a18383d2d6691e34279618c900c736d39c22085bb1b0a,f53c43b2c822d111bca9e3ae615ceb539ff324fbf9fae9a07ded738891b01546,477fee196153c242d686d57bb9605fedb219ebdcdb8ee09b33660fc52cd8c120,efb2c9b0cb1be3de920b75bf0f5f5f1cace273389576971cd0b9d19ef382067d,3049c664dd1b2e517d0ef8b59c0078d485f327951d4603e1bc460e11248013c2
2026-27:149,6,3.085470288966832,2026-10-10T09:11:16Z,2026-10-10T10:00:00Z,Current formula at this deadline. This file does not replace the published Gameweeks 1-5 total of 280.,ffe911b65b5019529f8a7a322ad058e013a0e6146677c35d796f075e2572f09b,8e21d4821be776332f3504f55f85b4277f326f03513b2c7501fbdedf92b8b1a2,98e5bb4281312953f19a18383d2d6691e34279618c900c736d39c22085bb1b0a,f53c43b2c822d111bca9e3ae615ceb539ff324fbf9fae9a07ded738891b01546,477fee196153c242d686d57bb9605fedb219ebdcdb8ee09b33660fc52cd8c120,efb2c9b0cb1be3de920b75bf0f5f5f1cace273389576971cd0b9d19ef382067d,3049c664dd1b2e517d0ef8b59c0078d485f327951d4603e1bc460e11248013c2
2026-27:15,6,3.503818948384059,2026-10-10T09:11:16Z,2026-10-10T10:00:00Z,Current formula at this deadline. This file does not replace the published Gameweeks 1-5 total of 280.,ffe911b65b5019529f8a7a322ad058e013a0e6146677c35d796f075e2572f09b,8e21d4821be776332f3504f55f85b4277f326f03513b2c7501fbdedf92b8b1a2,98e5bb4281312953f19a18383d2d6691e34279618c900c736d39c22085bb1b0a,f53c43b2c822d111bca9e3ae615ceb539ff324fbf9fae9a07ded738891b01546,477fee196153c242d686d57bb9605fedb219ebdcdb8ee09b33660fc52cd8c120,efb2c9b0cb1be3de920b75bf0f5f5f1cace273389576971cd0b9d19ef382067d,3049c664dd1b2e517d0ef8b59c0078d485f327951d4603e1bc460e11248013c2
2026-27:152,6,1.9837831592606283,2026-10-10T09:11:16Z,2026-10-10T10:00:00Z,Current formula at this deadline. This file does not replace the published Gameweeks 1-5 total of 280.,ffe911b65b5019529f8a7a322ad058e013a0e6146677c35d796f075e2572f09b,8e21d4821be776332f3504f55f85b4277f326f03513b2c7501fbdedf92b8b1a2,98e5bb4281312953f19a18383d2d6691e34279618c900c736d39c22085bb1b0a,f53c43b2c822d111bca9e3ae615ceb539ff324fbf9fae9a07ded738891b01546,477fee196153c242d686d57bb9605fedb219ebdcdb8ee09b33660fc52cd8c120,efb2c9b0cb1be3de920b75bf0f5f5f1cace273389576971cd0b9d19ef382067d,3049c664dd1b2e517d0ef8b59c0078d485f327951d4603e1bc460e11248013c2
2026-27:154,6,4.900789453345315,2026-10-10T09:11:16Z,2026-10-10T10:00:00Z,Current formula at this deadline. This file does not replace the published Gameweeks 1-5 total of 280.,ffe911b65b5019529f8a7a322ad058e013a0e6146677c35d796f075e2572f09b,8e21d4821be776332f3504f55f85b4277f326f03513b2c7501fbdedf92b8b1a2,98e5bb4281312953f19a18383d2d6691e34279618c900c736d39c22085bb1b0a,f53c43b2c822d111bca9e3ae615ceb539ff324fbf9fae9a07ded738891b01546,477fee196153c242d686d57bb9605fedb219ebdcdb8ee09b33660fc52cd8c120,efb2c9b0cb1be3de920b75bf0f5f5f1cace273389576971cd0b9d19ef382067d,3049c664dd1b2e517d0ef8b59c0078d485f327951d4603e1bc460e11248013c2
2026-27:155,6,2.7458078982462735,2026-10-10T09:11:16Z,2026-10-10T10:00:00Z,Current formula at this deadline. This file does not replace the published Gameweeks 1-5 total of 280.,ffe911b65b5019529f8a7a322ad058e013a0e6146677c35d796f075e2572f09b,8e21d4821be776332f3504f55f85b4277f326f03513b2c7501fbdedf92b8b1a2,98e5bb4281312953f19a18383d2d6691e34279618c900c736d39c22085bb1b0a,f53c43b2c822d111bca9e3ae615ceb539ff324fbf9fae9a07ded738891b01546,477fee196153c242d686d57bb9605fedb219ebdcdb8ee09b33660fc52cd8c120,efb2c9b0cb1be3de920b75bf0f5f5f1cace273389576971cd0b9d19ef382067d,3049c664dd1b2e517d0ef8b59c0078d485f327951d4603e1bc460e11248013c2
2026-27:156,6,3.8078428579827306,2026-10-10T09:11:16Z,2026-10-10T10:00:00Z,Current formula at this deadline. This file does not replace the published Gameweeks 1-5 total of 280.,ffe911b65b5019529f8a7a322ad058e013a0e6146677c35d796f075e2572f09b,8e21d4821be776332f3504f55f85b4277f326f03513b2c7501fbdedf92b8b1a2,98e5bb4281312953f19a18383d2d6691e34279618c900c736d39c22085bb1b0a,f53c43b2c822d111bca9e3ae615ceb539ff324fbf9fae9a07ded738891b01546,477fee196153c242d686d57bb9605fedb219ebdcdb8ee09b33660fc52cd8c120,efb2c9b0cb1be3de920b75bf0f5f5f1cace273389576971cd0b9d19ef382067d,3049c664dd1b2e517d0ef8b59c0078d485f327951d4603e1bc460e11248013c2
2026-27:165,6,4.544618205393286,2026-10-10T09:11:16Z,2026-10-10T10:00:00Z,Current formula at this deadline. This file does not replace the published Gameweeks 1-5 total of 280.,ffe911b65b5019529f8a7a322ad058e013a0e6146677c35d796f075e2572f09b,8e21d4821be776332f3504f55f85b4277f326f03513b2c7501fbdedf92b8b1a2,98e5bb4281312953f19a18383d2d6691e34279618c900c736d39c22085bb1b0a,f53c43b2c822d111bca9e3ae615ceb539ff324fbf9fae9a07ded738891b01546,477fee196153c242d686d57bb9605fedb219ebdcdb8ee09b33660fc52cd8c120,efb2c9b0cb1be3de920b75bf0f5f5f1cace273389576971cd0b9d19ef382067d,3049c664dd1b2e517d0ef8b59c0078d485f327951d4603e1bc460e11248013c2
2026-27:166,6,3.459876981847943,2026-10-10T09:11:16Z,2026-10-10T10:00:00Z,Current formula at this deadline. This file does not replace the published Gameweeks 1-5 total of 280.,ffe911b65b5019529f8a7a322ad058e013a0e6146677c35d796f075e2572f09b,8e21d4821be776332f3504f55f85b4277f326f03513b2c7501fbdedf92b8b1a2,98e5bb4281312953f19a18383d2d6691e34279618c900c736d39c22085bb1b0a,f53c43b2c822d111bca9e3ae615ceb539ff324fbf9fae9a07ded738891b01546,477fee196153c242d686d57bb9605fedb219ebdcdb8ee09b33660fc52cd8c120,efb2c9b0cb1be3de920b75bf0f5f5f1cace273389576971cd0b9d19ef382067d,3049c664dd1b2e517d0ef8b59c0078d485f327951d4603e1bc460e11248013c2
2026-27:167,6,2.5175638273369856,2026-10-10T09:11:16Z,2026-10-10T10:00:00Z,Current formula at this deadline. This file does not replace the published Gameweeks 1-5 total of 280.,ffe911b65b5019529f8a7a322ad058e013a0e6146677c35d796f075e2572f09b,8e21d4821be776332f3504f55f85b4277f326f03513b2c7501fbdedf92b8b1a2,98e5bb4281312953f19a18383d2d6691e34279618c900c736d39c22085bb1b0a,f53c43b2c822d111bca9e3ae615ceb539ff324fbf9fae9a07ded738891b01546,477fee196153c242d686d57bb9605fedb219ebdcdb8ee09b33660fc52cd8c120,efb2c9b0cb1be3de920b75bf0f5f5f1cace273389576971cd0b9d19ef382067d,3049c664dd1b2e517d0ef8b59c0078d485f327951d4603e1bc460e11248013c2
2026-27:173,6,4.826002069289678,2026-10-10T09:11:16Z,2026-10-10T10:00:00Z,Current formula at this deadline. This file does not replace the published Gameweeks 1-5 total of 280.,ffe911b65b5019529f8a7a322ad058e013a0e6146677c35d796f075e2572f09b,8e21d4821be776332f3504f55f85b4277f326f03513b2c7501fbdedf92b8b1a2,98e5bb4281312953f19a18383d2d6691e34279618c900c736d39c22085bb1b0a,f53c43b2c822d111bca9e3ae615ceb539ff324fbf9fae9a07ded738891b01546,477fee196153c242d686d57bb9605fedb219ebdcdb8ee09b33660fc52cd8c120,efb2c9b0cb1be3de920b75bf0f5f5f1cace273389576971cd0b9d19ef382067d,3049c664dd1b2e517d0ef8b59c0078d485f327951d4603e1bc460e11248013c2
2026-27:175,6,2.2126438045736045,2026-10-10T09:11:16Z,2026-10-10T10:00:00Z,Current formula at this deadline. This file does not replace the published Gameweeks 1-5 total of 280.,ffe911b65b5019529f8a7a322ad058e013a0e6146677c35d796f075e2572f09b,8e21d4821be776332f3504f55f85b4277f326f03513b2c7501fbdedf92b8b1a2,98e5bb4281312953f19a18383d2d6691e34279618c900c736d39c22085bb1b0a,f53c43b2c822d111bca9e3ae615ceb539ff324fbf9fae9a07ded738891b01546,477fee196153c242d686d57bb9605fedb219ebdcdb8ee09b33660fc52cd8c120,efb2c9b0cb1be3de920b75bf0f5f5f1cace273389576971cd0b9d19ef382067d,3049c664dd1b2e517d0ef8b59c0078d485f327951d4603e1bc460e11248013c2
2026-27:176,6,3.840493958461347,2026-10-10T09:11:16Z,2026-10-10T10:00:00Z,Current formula at this deadline. This file does not replace the published Gameweeks 1-5 total of 280.,ffe911b65b5019529f8a7a322ad058e013a0e6146677c35d796f075e2572f09b,8e21d4821be776332f3504f55f85b4277f326f03513b2c7501fbdedf92b8b1a2,98e5bb4281312953f19a18383d2d6691e34279618c900c736d39c22085bb1b0a,f53c43b2c822d111bca9e3ae615ceb539ff324fbf9fae9a07ded738891b01546,477fee196153c242d686d57bb9605fedb219ebdcdb8ee09b33660fc52cd8c120,efb2c9b0cb1be3de920b75bf0f5f5f1cace273389576971cd0b9d19ef382067d,3049c664dd1b2e517d0ef8b59c0078d485f327951d4603e1bc460e11248013c2
2026-27:177,6,1.7487614550446529,2026-10-10T09:11:16Z,2026-10-10T10:00:00Z,Current formula at this deadline. This file does not replace the published Gameweeks 1-5 total of 280.,ffe911b65b5019529f8a7a322ad058e013a0e6146677c35d796f075e2572f09b,8e21d4821be776332f3504f55f85b4277f326f03513b2c7501fbdedf92b8b1a2,98e5bb4281312953f19a18383d2d6691e34279618c900c736d39c22085bb1b0a,f53c43b2c822d111bca9e3ae615ceb539ff324fbf9fae9a07ded738891b01546,477fee196153c242d686d57bb9605fedb219ebdcdb8ee09b33660fc52cd8c120,efb2c9b0cb1be3de920b75bf0f5f5f1cace273389576971cd0b9d19ef382067d,3049c664dd1b2e517d0ef8b59c0078d485f327951d4603e1bc460e11248013c2
2026-27:183,6,4.948221586413327,2026-10-10T09:11:16Z,2026-10-10T10:00:00Z,Current formula at this deadline. This file does not replace the published Gameweeks 1-5 total of 280.,ffe911b65b5019529f8a7a322ad058e013a0e6146677c35d796f075e2572f09b,8e21d4821be776332f3504f55f85b4277f326f03513b2c7501fbdedf92b8b1a2,98e5bb4281312953f19a18383d2d6691e34279618c900c736d39c22085bb1b0a,f53c43b2c822d111bca9e3ae615ceb539ff324fbf9fae9a07ded738891b01546,477fee196153c242d686d57bb9605fedb219ebdcdb8ee09b33660fc52cd8c120,efb2c9b0cb1be3de920b75bf0f5f5f1cace273389576971cd0b9d19ef382067d,3049c664dd1b2e517d0ef8b59c0078d485f327951d4603e1bc460e11248013c2
2026-27:184,6,2.478772610145161,2026-10-10T09:11:16Z,2026-10-10T10:00:00Z,Current formula at this deadline. This file does not replace the published Gameweeks 1-5 total of 280.,ffe911b65b5019529f8a7a322ad058e013a0e6146677c35d796f075e2572f09b,8e21d4821be776332f3504f55f85b4277f326f03513b2c7501fbdedf92b8b1a2,98e5bb4281312953f19a18383d2d6691e34279618c900c736d39c22085bb1b0a,f53c43b2c822d111bca9e3ae615ceb539ff324fbf9fae9a07ded738891b01546,477fee196153c242d686d57bb9605fedb219ebdcdb8ee09b33660fc52cd8c120,efb2c9b0cb1be3de920b75bf0f5f5f1cace273389576971cd0b9d19ef382067d,3049c664dd1b2e517d0ef8b59c0078d485f327951d4603e1bc460e11248013c2
2026-27:186,6,3.003938952269669,2026-10-10T09:11:16Z,2026-10-10T10:00:00Z,Current formula at this deadline. This file does not replace the published Gameweeks 1-5 total of 280.,ffe911b65b5019529f8a7a322ad058e013a0e6146677c35d796f075e2572f09b,8e21d4821be776332f3504f55f85b4277f326f03513b2c7501fbdedf92b8b1a2,98e5bb4281312953f19a18383d2d6691e34279618c900c736d39c22085bb1b0a,f53c43b2c822d111bca9e3ae615ceb539ff324fbf9fae9a07ded738891b01546,477fee196153c242d686d57bb9605fedb219ebdcdb8ee09b33660fc52cd8c120,efb2c9b0cb1be3de920b75bf0f5f5f1cace273389576971cd0b9d19ef382067d,3049c664dd1b2e517d0ef8b59c0078d485f327951d4603e1bc460e11248013c2
2026-27:199,6,3.5351152572604625,2026-10-10T09:11:16Z,2026-10-10T10:00:00Z,Current formula at this deadline. This file does not replace the published Gameweeks 1-5 total of 280.,ffe911b65b5019529f8a7a322ad058e013a0e6146677c35d796f075e2572f09b,8e21d4821be776332f3504f55f85b4277f326f03513b2c7501fbdedf92b8b1a2,98e5bb4281312953f19a18383d2d6691e34279618c900c736d39c22085bb1b0a,f53c43b2c822d111bca9e3ae615ceb539ff324fbf9fae9a07ded738891b01546,477fee196153c242d686d57bb9605fedb219ebdcdb8ee09b33660fc52cd8c120,efb2c9b0cb1be3de920b75bf0f5f5f1cace273389576971cd0b9d19ef382067d,3049c664dd1b2e517d0ef8b59c0078d485f327951d4603e1bc460e11248013c2
2026-27:200,6,4.693708275068994,2026-10-10T09:11:16Z,2026-10-10T10:00:00Z,Current formula at this deadline. This file does not replace the published Gameweeks 1-5 total of 280.,ffe911b65b5019529f8a7a322ad058e013a0e6146677c35d796f075e2572f09b,8e21d4821be776332f3504f55f85b4277f326f03513b2c7501fbdedf92b8b1a2,98e5bb4281312953f19a18383d2d6691e34279618c900c736d39c22085bb1b0a,f53c43b2c822d111bca9e3ae615ceb539ff324fbf9fae9a07ded738891b01546,477fee196153c242d686d57bb9605fedb219ebdcdb8ee09b33660fc52cd8c120,efb2c9b0cb1be3de920b75bf0f5f5f1cace273389576971cd0b9d19ef382067d,3049c664dd1b2e517d0ef8b59c0078d485f327951d4603e1bc460e11248013c2
2026-27:201,6,3.494986069110502,2026-10-10T09:11:16Z,2026-10-10T10:00:00Z,Current formula at this deadline. This file does not replace the published Gameweeks 1-5 total of 280.,ffe911b65b5019529f8a7a322ad058e013a0e6146677c35d796f075e2572f09b,8e21d4821be776332f3504f55f85b4277f326f03513b2c7501fbdedf92b8b1a2,98e5bb4281312953f19a18383d2d6691e34279618c900c736d39c22085bb1b0a,f53c43b2c822d111bca9e3ae615ceb539ff324fbf9fae9a07ded738891b01546,477fee196153c242d686d57bb9605fedb219ebdcdb8ee09b33660fc52cd8c120,efb2c9b0cb1be3de920b75bf0f5f5f1cace273389576971cd0b9d19ef382067d,3049c664dd1b2e517d0ef8b59c0078d485f327951d4603e1bc460e11248013c2
2026-27:202,6,4.0531104072053505,2026-10-10T09:11:16Z,2026-10-10T10:00:00Z,Current formula at this deadline. This file does not replace the published Gameweeks 1-5 total of 280.,ffe911b65b5019529f8a7a322ad058e013a0e6146677c35d796f075e2572f09b,8e21d4821be776332f3504f55f85b4277f326f03513b2c7501fbdedf92b8b1a2,98e5bb4281312953f19a18383d2d6691e34279618c900c736d39c22085bb1b0a,f53c43b2c822d111bca9e3ae615ceb539ff324fbf9fae9a07ded738891b01546,477fee196153c242d686d57bb9605fedb219ebdcdb8ee09b33660fc52cd8c120,efb2c9b0cb1be3de920b75bf0f5f5f1cace273389576971cd0b9d19ef382067d,3049c664dd1b2e517d0ef8b59c0078d485f327951d4603e1bc460e11248013c2
2026-27:203,6,3.3167600792169822,2026-10-10T09:11:16Z,2026-10-10T10:00:00Z,Current formula at this deadline. This file does not replace the published Gameweeks 1-5 total of 280.,ffe911b65b5019529f8a7a322ad058e013a0e6146677c35d796f075e2572f09b,8e21d4821be776332f3504f55f85b4277f326f03513b2c7501fbdedf92b8b1a2,98e5bb4281312953f19a18383d2d6691e34279618c900c736d39c22085bb1b0a,f53c43b2c822d111bca9e3ae615ceb539ff324fbf9fae9a07ded738891b01546,477fee196153c242d686d57bb9605fedb219ebdcdb8ee09b33660fc52cd8c120,efb2c9b0cb1be3de920b75bf0f5f5f1cace273389576971cd0b9d19ef382067d,3049c664dd1b2e517d0ef8b59c0078d485f327951d4603e1bc460e11248013c2
2026-27:204,6,4.012416076903161,2026-10-10T09:11:16Z,2026-10-10T10:00:00Z,Current formula at this deadline. This file does not replace the published Gameweeks 1-5 total of 280.,ffe911b65b5019529f8a7a322ad058e013a0e6146677c35d796f075e2572f09b,8e21d4821be776332f3504f55f85b4277f326f03513b2c7501fbdedf92b8b1a2,98e5bb4281312953f19a18383d2d6691e34279618c900c736d39c22085bb1b0a,f53c43b2c822d111bca9e3ae615ceb539ff324fbf9fae9a07ded738891b01546,477fee196153c242d686d57bb9605fedb219ebdcdb8ee09b33660fc52cd8c120,efb2c9b0cb1be3de920b75bf0f5f5f1cace273389576971cd0b9d19ef382067d,3049c664dd1b2e517d0ef8b59c0078d485f327951d4603e1bc460e11248013c2
2026-27:209,6,3.656484236183483,2026-10-10T09:11:16Z,2026-10-10T10:00:00Z,Current formula at this deadline. This file does not replace the published Gameweeks 1-5 total of 280.,ffe911b65b5019529f8a7a322ad058e013a0e6146677c35d796f075e2572f09b,8e21d4821be776332f3504f55f85b4277f326f03513b2c7501fbdedf92b8b1a2,98e5bb4281312953f19a18383d2d6691e34279618c900c736d39c22085bb1b0a,f53c43b2c822d111bca9e3ae615ceb539ff324fbf9fae9a07ded738891b01546,477fee196153c242d686d57bb9605fedb219ebdcdb8ee09b33660fc52cd8c120,efb2c9b0cb1be3de920b75bf0f5f5f1cace273389576971cd0b9d19ef382067d,3049c664dd1b2e517d0ef8b59c0078d485f327951d4603e1bc460e11248013c2
2026-27:21,6,1.6233627827916952,2026-10-10T09:11:16Z,2026-10-10T10:00:00Z,Current formula at this deadline. This file does not replace the published Gameweeks 1-5 total of 280.,ffe911b65b5019529f8a7a322ad058e013a0e6146677c35d796f075e2572f09b,8e21d4821be776332f3504f55f85b4277f326f03513b2c7501fbdedf92b8b1a2,98e5bb4281312953f19a18383d2d6691e34279618c900c736d39c22085bb1b0a,f53c43b2c822d111bca9e3ae615ceb539ff324fbf9fae9a07ded738891b01546,477fee196153c242d686d57bb9605fedb219ebdcdb8ee09b33660fc52cd8c120,efb2c9b0cb1be3de920b75bf0f5f5f1cace273389576971cd0b9d19ef382067d,3049c664dd1b2e517d0ef8b59c0078d485f327951d4603e1bc460e11248013c2
2026-27:210,6,3.3288723319628106,2026-10-10T09:11:16Z,2026-10-10T10:00:00Z,Current formula at this deadline. This file does not replace the published Gameweeks 1-5 total of 280.,ffe911b65b5019529f8a7a322ad058e013a0e6146677c35d796f075e2572f09b,8e21d4821be776332f3504f55f85b4277f326f03513b2c7501fbdedf92b8b1a2,98e5bb4281312953f19a18383d2d6691e34279618c900c736d39c22085bb1b0a,f53c43b2c822d111bca9e3ae615ceb539ff324fbf9fae9a07ded738891b01546,477fee196153c242d686d57bb9605fedb219ebdcdb8ee09b33660fc52cd8c120,efb2c9b0cb1be3de920b75bf0f5f5f1cace273389576971cd0b9d19ef382067d,3049c664dd1b2e517d0ef8b59c0078d485f327951d4603e1bc460e11248013c2
2026-27:211,6,3.360994989703395,2026-10-10T09:11:16Z,2026-10-10T10:00:00Z,Current formula at this deadline. This file does not replace the published Gameweeks 1-5 total of 280.,ffe911b65b5019529f8a7a322ad058e013a0e6146677c35d796f075e2572f09b,8e21d4821be776332f3504f55f85b4277f326f03513b2c7501fbdedf92b8b1a2,98e5bb4281312953f19a18383d2d6691e34279618c900c736d39c22085bb1b0a,f53c43b2c822d111bca9e3ae615ceb539ff324fbf9fae9a07ded738891b01546,477fee196153c242d686d57bb9605fedb219ebdcdb8ee09b33660fc52cd8c120,efb2c9b0cb1be3de920b75bf0f5f5f1cace273389576971cd0b9d19ef382067d,3049c664dd1b2e517d0ef8b59c0078d485f327951d4603e1bc460e11248013c2
2026-27:214,6,3.5138991477142922,2026-10-10T09:11:16Z,2026-10-10T10:00:00Z,Current formula at this deadline. This file does not replace the published Gameweeks 1-5 total of 280.,ffe911b65b5019529f8a7a322ad058e013a0e6146677c35d796f075e2572f09b,8e21d4821be776332f3504f55f85b4277f326f03513b2c7501fbdedf92b8b1a2,98e5bb4281312953f19a18383d2d6691e34279618c900c736d39c22085bb1b0a,f53c43b2c822d111bca9e3ae615ceb539ff324fbf9fae9a07ded738891b01546,477fee196153c242d686d57bb9605fedb219ebdcdb8ee09b33660fc52cd8c120,efb2c9b0cb1be3de920b75bf0f5f5f1cace273389576971cd0b9d19ef382067d,3049c664dd1b2e517d0ef8b59c0078d485f327951d4603e1bc460e11248013c2
2026-27:222,6,2.4706519161388236,2026-10-10T09:11:16Z,2026-10-10T10:00:00Z,Current formula at this deadline. This file does not replace the published Gameweeks 1-5 total of 280.,ffe911b65b5019529f8a7a322ad058e013a0e6146677c35d796f075e2572f09b,8e21d4821be776332f3504f55f85b4277f326f03513b2c7501fbdedf92b8b1a2,98e5bb4281312953f19a18383d2d6691e34279618c900c736d39c22085bb1b0a,f53c43b2c822d111bca9e3ae615ceb539ff324fbf9fae9a07ded738891b01546,477fee196153c242d686d57bb9605fedb219ebdcdb8ee09b33660fc52cd8c120,efb2c9b0cb1be3de920b75bf0f5f5f1cace273389576971cd0b9d19ef382067d,3049c664dd1b2e517d0ef8b59c0078d485f327951d4603e1bc460e11248013c2
2026-27:226,6,3.616114977976737,2026-10-10T09:11:16Z,2026-10-10T10:00:00Z,Current formula at this deadline. This file does not replace the published Gameweeks 1-5 total of 280.,ffe911b65b5019529f8a7a322ad058e013a0e6146677c35d796f075e2572f09b,8e21d4821be776332f3504f55f85b4277f326f03513b2c7501fbdedf92b8b1a2,98e5bb4281312953f19a18383d2d6691e34279618c900c736d39c22085bb1b0a,f53c43b2c822d111bca9e3ae615ceb539ff324fbf9fae9a07ded738891b01546,477fee196153c242d686d57bb9605fedb219ebdcdb8ee09b33660fc52cd8c120,efb2c9b0cb1be3de920b75bf0f5f5f1cace273389576971cd0b9d19ef382067d,3049c664dd1b2e517d0ef8b59c0078d485f327951d4603e1bc460e11248013c2
2026-27:229,6,4.435487465134698,2026-10-10T09:11:16Z,2026-10-10T10:00:00Z,Current formula at this deadline. This file does not replace the published Gameweeks 1-5 total of 280.,ffe911b65b5019529f8a7a322ad058e013a0e6146677c35d796f075e2572f09b,8e21d4821be776332f3504f55f85b4277f326f03513b2c7501fbdedf92b8b1a2,98e5bb4281312953f19a18383d2d6691e34279618c900c736d39c22085bb1b0a,f53c43b2c822d111bca9e3ae615ceb539ff324fbf9fae9a07ded738891b01546,477fee196153c242d686d57bb9605fedb219ebdcdb8ee09b33660fc52cd8c120,efb2c9b0cb1be3de920b75bf0f5f5f1cace273389576971cd0b9d19ef382067d,3049c664dd1b2e517d0ef8b59c0078d485f327951d4603e1bc460e11248013c2
2026-27:230,6,4.403863018327011,2026-10-10T09:11:16Z,2026-10-10T10:00:00Z,Current formula at this deadline. This file does not replace the published Gameweeks 1-5 total of 280.,ffe911b65b5019529f8a7a322ad058e013a0e6146677c35d796f075e2572f09b,8e21d4821be776332f3504f55f85b4277f326f03513b2c7501fbdedf92b8b1a2,98e5bb4281312953f19a18383d2d6691e34279618c900c736d39c22085bb1b0a,f53c43b2c822d111bca9e3ae615ceb539ff324fbf9fae9a07ded738891b01546,477fee196153c242d686d57bb9605fedb219ebdcdb8ee09b33660fc52cd8c120,efb2c9b0cb1be3de920b75bf0f5f5f1cace273389576971cd0b9d19ef382067d,3049c664dd1b2e517d0ef8b59c0078d485f327951d4603e1bc460e11248013c2
2026-27:233,6,3.9887324295312325,2026-10-10T09:11:16Z,2026-10-10T10:00:00Z,Current formula at this deadline. This file does not replace the published Gameweeks 1-5 total of 280.,ffe911b65b5019529f8a7a322ad058e013a0e6146677c35d796f075e2572f09b,8e21d4821be776332f3504f55f85b4277f326f03513b2c7501fbdedf92b8b1a2,98e5bb4281312953f19a18383d2d6691e34279618c900c736d39c22085bb1b0a,f53c43b2c822d111bca9e3ae615ceb539ff324fbf9fae9a07ded738891b01546,477fee196153c242d686d57bb9605fedb219ebdcdb8ee09b33660fc52cd8c120,efb2c9b0cb1be3de920b75bf0f5f5f1cace273389576971cd0b9d19ef382067d,3049c664dd1b2e517d0ef8b59c0078d485f327951d4603e1bc460e11248013c2
2026-27:236,6,4.1208436268240485,2026-10-10T09:11:16Z,2026-10-10T10:00:00Z,Current formula at this deadline. This file does not replace the published Gameweeks 1-5 total of 280.,ffe911b65b5019529f8a7a322ad058e013a0e6146677c35d796f075e2572f09b,8e21d4821be776332f3504f55f85b4277f326f03513b2c7501fbdedf92b8b1a2,98e5bb4281312953f19a18383d2d6691e34279618c900c736d39c22085bb1b0a,f53c43b2c822d111bca9e3ae615ceb539ff324fbf9fae9a07ded738891b01546,477fee196153c242d686d57bb9605fedb219ebdcdb8ee09b33660fc52cd8c120,efb2c9b0cb1be3de920b75bf0f5f5f1cace273389576971cd0b9d19ef382067d,3049c664dd1b2e517d0ef8b59c0078d485f327951d4603e1bc460e11248013c2
2026-27:237,6,3.6156629624762133,2026-10-10T09:11:16Z,2026-10-10T10:00:00Z,Current formula at this deadline. This file does not replace the published Gameweeks 1-5 total of 280.,ffe911b65b5019529f8a7a322ad058e013a0e6146677c35d796f075e2572f09b,8e21d4821be776332f3504f55f85b4277f326f03513b2c7501fbdedf92b8b1a2,98e5bb4281312953f19a18383d2d6691e34279618c900c736d39c22085bb1b0a,f53c43b2c822d111bca9e3ae615ceb539ff324fbf9fae9a07ded738891b01546,477fee196153c242d686d57bb9605fedb219ebdcdb8ee09b33660fc52cd8c120,efb2c9b0cb1be3de920b75bf0f5f5f1cace273389576971cd0b9d19ef382067d,3049c664dd1b2e517d0ef8b59c0078d485f327951d4603e1bc460e11248013c2
2026-27:239,6,3.0351951754434214,2026-10-10T09:11:16Z,2026-10-10T10:00:00Z,Current formula at this deadline. This file does not replace the published Gameweeks 1-5 total of 280.,ffe911b65b5019529f8a7a322ad058e013a0e6146677c35d796f075e2572f09b,8e21d4821be776332f3504f55f85b4277f326f03513b2c7501fbdedf92b8b1a2,98e5bb4281312953f19a18383d2d6691e34279618c900c736d39c22085bb1b0a,f53c43b2c822d111bca9e3ae615ceb539ff324fbf9fae9a07ded738891b01546,477fee196153c242d686d57bb9605fedb219ebdcdb8ee09b33660fc52cd8c120,efb2c9b0cb1be3de920b75bf0f5f5f1cace273389576971cd0b9d19ef382067d,3049c664dd1b2e517d0ef8b59c0078d485f327951d4603e1bc460e11248013c2
2026-27:242,6,2.7586469169051266,2026-10-10T09:11:16Z,2026-10-10T10:00:00Z,Current formula at this deadline. This file does not replace the published Gameweeks 1-5 total of 280.,ffe911b65b5019529f8a7a322ad058e013a0e6146677c35d796f075e2572f09b,8e21d4821be776332f3504f55f85b4277f326f03513b2c7501fbdedf92b8b1a2,98e5bb4281312953f19a18383d2d6691e34279618c900c736d39c22085bb1b0a,f53c43b2c822d111bca9e3ae615ceb539ff324fbf9fae9a07ded738891b01546,477fee196153c242d686d57bb9605fedb219ebdcdb8ee09b33660fc52cd8c120,efb2c9b0cb1be3de920b75bf0f5f5f1cace273389576971cd0b9d19ef382067d,3049c664dd1b2e517d0ef8b59c0078d485f327951d4603e1bc460e11248013c2
2026-27:244,6,3.3256239116143638,2026-10-10T09:11:16Z,2026-10-10T10:00:00Z,Current formula at this deadline. This file does not replace the published Gameweeks 1-5 total of 280.,ffe911b65b5019529f8a7a322ad058e013a0e6146677c35d796f075e2572f09b,8e21d4821be776332f3504f55f85b4277f326f03513b2c7501fbdedf92b8b1a2,98e5bb4281312953f19a18383d2d6691e34279618c900c736d39c22085bb1b0a,f53c43b2c822d111bca9e3ae615ceb539ff324fbf9fae9a07ded738891b01546,477fee196153c242d686d57bb9605fedb219ebdcdb8ee09b33660fc52cd8c120,efb2c9b0cb1be3de920b75bf0f5f5f1cace273389576971cd0b9d19ef382067d,3049c664dd1b2e517d0ef8b59c0078d485f327951d4603e1bc460e11248013c2
2026-27:249,6,5.181119399300901,2026-10-10T09:11:16Z,2026-10-10T10:00:00Z,Current formula at this deadline. This file does not replace the published Gameweeks 1-5 total of 280.,ffe911b65b5019529f8a7a322ad058e013a0e6146677c35d796f075e2572f09b,8e21d4821be776332f3504f55f85b4277f326f03513b2c7501fbdedf92b8b1a2,98e5bb4281312953f19a18383d2d6691e34279618c900c736d39c22085bb1b0a,f53c43b2c822d111bca9e3ae615ceb539ff324fbf9fae9a07ded738891b01546,477fee196153c242d686d57bb9605fedb219ebdcdb8ee09b33660fc52cd8c120,efb2c9b0cb1be3de920b75bf0f5f5f1cace273389576971cd0b9d19ef382067d,3049c664dd1b2e517d0ef8b59c0078d485f327951d4603e1bc460e11248013c2
2026-27:250,6,3.4770764426441625,2026-10-10T09:11:16Z,2026-10-10T10:00:00Z,Current formula at this deadline. This file does not replace the published Gameweeks 1-5 total of 280.,ffe911b65b5019529f8a7a322ad058e013a0e6146677c35d796f075e2572f09b,8e21d4821be776332f3504f55f85b4277f326f03513b2c7501fbdedf92b8b1a2,98e5bb4281312953f19a18383d2d6691e34279618c900c736d39c22085bb1b0a,f53c43b2c822d111bca9e3ae615ceb539ff324fbf9fae9a07ded738891b01546,477fee196153c242d686d57bb9605fedb219ebdcdb8ee09b33660fc52cd8c120,efb2c9b0cb1be3de920b75bf0f5f5f1cace273389576971cd0b9d19ef382067d,3049c664dd1b2e517d0ef8b59c0078d485f327951d4603e1bc460e11248013c2
2026-27:254,6,3.195917474671614,2026-10-10T09:11:16Z,2026-10-10T10:00:00Z,Current formula at this deadline. This file does not replace the published Gameweeks 1-5 total of 280.,ffe911b65b5019529f8a7a322ad058e013a0e6146677c35d796f075e2572f09b,8e21d4821be776332f3504f55f85b4277f326f03513b2c7501fbdedf92b8b1a2,98e5bb4281312953f19a18383d2d6691e34279618c900c736d39c22085bb1b0a,f53c43b2c822d111bca9e3ae615ceb539ff324fbf9fae9a07ded738891b01546,477fee196153c242d686d57bb9605fedb219ebdcdb8ee09b33660fc52cd8c120,efb2c9b0cb1be3de920b75bf0f5f5f1cace273389576971cd0b9d19ef382067d,3049c664dd1b2e517d0ef8b59c0078d485f327951d4603e1bc460e11248013c2
2026-27:257,6,2.8630846882500984,2026-10-10T09:11:16Z,2026-10-10T10:00:00Z,Current formula at this deadline. This file does not replace the published Gameweeks 1-5 total of 280.,ffe911b65b5019529f8a7a322ad058e013a0e6146677c35d796f075e2572f09b,8e21d4821be776332f3504f55f85b4277f326f03513b2c7501fbdedf92b8b1a2,98e5bb4281312953f19a18383d2d6691e34279618c900c736d39c22085bb1b0a,f53c43b2c822d111bca9e3ae615ceb539ff324fbf9fae9a07ded738891b01546,477fee196153c242d686d57bb9605fedb219ebdcdb8ee09b33660fc52cd8c120,efb2c9b0cb1be3de920b75bf0f5f5f1cace273389576971cd0b9d19ef382067d,3049c664dd1b2e517d0ef8b59c0078d485f327951d4603e1bc460e11248013c2
2026-27:258,6,3.7188812045039814,2026-10-10T09:11:16Z,2026-10-10T10:00:00Z,Current formula at this deadline. This file does not replace the published Gameweeks 1-5 total of 280.,ffe911b65b5019529f8a7a322ad058e013a0e6146677c35d796f075e2572f09b,8e21d4821be776332f3504f55f85b4277f326f03513b2c7501fbdedf92b8b1a2,98e5bb4281312953f19a18383d2d6691e34279618c900c736d39c22085bb1b0a,f53c43b2c822d111bca9e3ae615ceb539ff324fbf9fae9a07ded738891b01546,477fee196153c242d686d57bb9605fedb219ebdcdb8ee09b33660fc52cd8c120,efb2c9b0cb1be3de920b75bf0f5f5f1cace273389576971cd0b9d19ef382067d,3049c664dd1b2e517d0ef8b59c0078d485f327951d4603e1bc460e11248013c2
2026-27:259,6,3.919950527021953,2026-10-10T09:11:16Z,2026-10-10T10:00:00Z,Current formula at this deadline. This file does not replace the published Gameweeks 1-5 total of 280.,ffe911b65b5019529f8a7a322ad058e013a0e6146677c35d796f075e2572f09b,8e21d4821be776332f3504f55f85b4277f326f03513b2c7501fbdedf92b8b1a2,98e5bb4281312953f19a18383d2d6691e34279618c900c736d39c22085bb1b0a,f53c43b2c822d111bca9e3ae615ceb539ff324fbf9fae9a07ded738891b01546,477fee196153c242d686d57bb9605fedb219ebdcdb8ee09b33660fc52cd8c120,efb2c9b0cb1be3de920b75bf0f5f5f1cace273389576971cd0b9d19ef382067d,3049c664dd1b2e517d0ef8b59c0078d485f327951d4603e1bc460e11248013c2
2026-27:26,6,2.3324664352073627,2026-10-10T09:11:16Z,2026-10-10T10:00:00Z,Current formula at this deadline. This file does not replace the published Gameweeks 1-5 total of 280.,ffe911b65b5019529f8a7a322ad058e013a0e6146677c35d796f075e2572f09b,8e21d4821be776332f3504f55f85b4277f326f03513b2c7501fbdedf92b8b1a2,98e5bb4281312953f19a18383d2d6691e34279618c900c736d39c22085bb1b0a,f53c43b2c822d111bca9e3ae615ceb539ff324fbf9fae9a07ded738891b01546,477fee196153c242d686d57bb9605fedb219ebdcdb8ee09b33660fc52cd8c120,efb2c9b0cb1be3de920b75bf0f5f5f1cace273389576971cd0b9d19ef382067d,3049c664dd1b2e517d0ef8b59c0078d485f327951d4603e1bc460e11248013c2
2026-27:261,6,3.3549208176297025,2026-10-10T09:11:16Z,2026-10-10T10:00:00Z,Current formula at this deadline. This file does not replace the published Gameweeks 1-5 total of 280.,ffe911b65b5019529f8a7a322ad058e013a0e6146677c35d796f075e2572f09b,8e21d4821be776332f3504f55f85b4277f326f03513b2c7501fbdedf92b8b1a2,98e5bb4281312953f19a18383d2d6691e34279618c900c736d39c22085bb1b0a,f53c43b2c822d111bca9e3ae615ceb539ff324fbf9fae9a07ded738891b01546,477fee196153c242d686d57bb9605fedb219ebdcdb8ee09b33660fc52cd8c120,efb2c9b0cb1be3de920b75bf0f5f5f1cace273389576971cd0b9d19ef382067d,3049c664dd1b2e517d0ef8b59c0078d485f327951d4603e1bc460e11248013c2
2026-27:264,6,3.469912671938281,2026-10-10T09:11:16Z,2026-10-10T10:00:00Z,Current formula at this deadline. This file does not replace the published Gameweeks 1-5 total of 280.,ffe911b65b5019529f8a7a322ad058e013a0e6146677c35d796f075e2572f09b,8e21d4821be776332f3504f55f85b4277f326f03513b2c7501fbdedf92b8b1a2,98e5bb4281312953f19a18383d2d6691e34279618c900c736d39c22085bb1b0a,f53c43b2c822d111bca9e3ae615ceb539ff324fbf9fae9a07ded738891b01546,477fee196153c242d686d57bb9605fedb219ebdcdb8ee09b33660fc52cd8c120,efb2c9b0cb1be3de920b75bf0f5f5f1cace273389576971cd0b9d19ef382067d,3049c664dd1b2e517d0ef8b59c0078d485f327951d4603e1bc460e11248013c2
2026-27:265,6,2.543704462277124,2026-10-10T09:11:16Z,2026-10-10T10:00:00Z,Current formula at this deadline. This file does not replace the published Gameweeks 1-5 total of 280.,ffe911b65b5019529f8a7a322ad058e013a0e6146677c35d796f075e2572f09b,8e21d4821be776332f3504f55f85b4277f326f03513b2c7501fbdedf92b8b1a2,98e5bb4281312953f19a18383d2d6691e34279618c900c736d39c22085bb1b0a,f53c43b2c822d111bca9e3ae615ceb539ff324fbf9fae9a07ded738891b01546,477fee196153c242d686d57bb9605fedb219ebdcdb8ee09b33660fc52cd8c120,efb2c9b0cb1be3de920b75bf0f5f5f1cace273389576971cd0b9d19ef382067d,3049c664dd1b2e517d0ef8b59c0078d485f327951d4603e1bc460e11248013c2
2026-27:267,6,2.5367894139439433,2026-10-10T09:11:16Z,2026-10-10T10:00:00Z,Current formula at this deadline. This file does not replace the published Gameweeks 1-5 total of 280.,ffe911b65b5019529f8a7a322ad058e013a0e6146677c35d796f075e2572f09b,8e21d4821be776332f3504f55f85b4277f326f03513b2c7501fbdedf92b8b1a2,98e5bb4281312953f19a18383d2d6691e34279618c900c736d39c22085bb1b0a,f53c43b2c822d111bca9e3ae615ceb539ff324fbf9fae9a07ded738891b01546,477fee196153c242d686d57bb9605fedb219ebdcdb8ee09b33660fc52cd8c120,efb2c9b0cb1be3de920b75bf0f5f5f1cace273389576971cd0b9d19ef382067d,3049c664dd1b2e517d0ef8b59c0078d485f327951d4603e1bc460e11248013c2
2026-27:268,6,4.062790623088998,2026-10-10T09:11:16Z,2026-10-10T10:00:00Z,Current formula at this deadline. This file does not replace the published Gameweeks 1-5 total of 280.,ffe911b65b5019529f8a7a322ad058e013a0e6146677c35d796f075e2572f09b,8e21d4821be776332f3504f55f85b4277f326f03513b2c7501fbdedf92b8b1a2,98e5bb4281312953f19a18383d2d6691e34279618c900c736d39c22085bb1b0a,f53c43b2c822d111bca9e3ae615ceb539ff324fbf9fae9a07ded738891b01546,477fee196153c242d686d57bb9605fedb219ebdcdb8ee09b33660fc52cd8c120,efb2c9b0cb1be3de920b75bf0f5f5f1cace273389576971cd0b9d19ef382067d,3049c664dd1b2e517d0ef8b59c0078d485f327951d4603e1bc460e11248013c2
2026-27:277,6,3.7055651467903346,2026-10-10T09:11:16Z,2026-10-10T10:00:00Z,Current formula at this deadline. This file does not replace the published Gameweeks 1-5 total of 280.,ffe911b65b5019529f8a7a322ad058e013a0e6146677c35d796f075e2572f09b,8e21d4821be776332f3504f55f85b4277f326f03513b2c7501fbdedf92b8b1a2,98e5bb4281312953f19a18383d2d6691e34279618c900c736d39c22085bb1b0a,f53c43b2c822d111bca9e3ae615ceb539ff324fbf9fae9a07ded738891b01546,477fee196153c242d686d57bb9605fedb219ebdcdb8ee09b33660fc52cd8c120,efb2c9b0cb1be3de920b75bf0f5f5f1cace273389576971cd0b9d19ef382067d,3049c664dd1b2e517d0ef8b59c0078d485f327951d4603e1bc460e11248013c2
2026-27:279,6,3.2896643352331885,2026-10-10T09:11:16Z,2026-10-10T10:00:00Z,Current formula at this deadline. This file does not replace the published Gameweeks 1-5 total of 280.,ffe911b65b5019529f8a7a322ad058e013a0e6146677c35d796f075e2572f09b,8e21d4821be776332f3504f55f85b4277f326f03513b2c7501fbdedf92b8b1a2,98e5bb4281312953f19a18383d2d6691e34279618c900c736d39c22085bb1b0a,f53c43b2c822d111bca9e3ae615ceb539ff324fbf9fae9a07ded738891b01546,477fee196153c242d686d57bb9605fedb219ebdcdb8ee09b33660fc52cd8c120,efb2c9b0cb1be3de920b75bf0f5f5f1cace273389576971cd0b9d19ef382067d,3049c664dd1b2e517d0ef8b59c0078d485f327951d4603e1bc460e11248013c2
2026-27:28,6,3.6000721996041967,2026-10-10T09:11:16Z,2026-10-10T10:00:00Z,Current formula at this deadline. This file does not replace the published Gameweeks 1-5 total of 280.,ffe911b65b5019529f8a7a322ad058e013a0e6146677c35d796f075e2572f09b,8e21d4821be776332f3504f55f85b4277f326f03513b2c7501fbdedf92b8b1a2,98e5bb4281312953f19a18383d2d6691e34279618c900c736d39c22085bb1b0a,f53c43b2c822d111bca9e3ae615ceb539ff324fbf9fae9a07ded738891b01546,477fee196153c242d686d57bb9605fedb219ebdcdb8ee09b33660fc52cd8c120,efb2c9b0cb1be3de920b75bf0f5f5f1cace273389576971cd0b9d19ef382067d,3049c664dd1b2e517d0ef8b59c0078d485f327951d4603e1bc460e11248013c2
2026-27:280,6,2.6916287260278637,2026-10-10T09:11:16Z,2026-10-10T10:00:00Z,Current formula at this deadline. This file does not replace the published Gameweeks 1-5 total of 280.,ffe911b65b5019529f8a7a322ad058e013a0e6146677c35d796f075e2572f09b,8e21d4821be776332f3504f55f85b4277f326f03513b2c7501fbdedf92b8b1a2,98e5bb4281312953f19a18383d2d6691e34279618c900c736d39c22085bb1b0a,f53c43b2c822d111bca9e3ae615ceb539ff324fbf9fae9a07ded738891b01546,477fee196153c242d686d57bb9605fedb219ebdcdb8ee09b33660fc52cd8c120,efb2c9b0cb1be3de920b75bf0f5f5f1cace273389576971cd0b9d19ef382067d,3049c664dd1b2e517d0ef8b59c0078d485f327951d4603e1bc460e11248013c2
2026-27:282,6,2.895040298650579,2026-10-10T09:11:16Z,2026-10-10T10:00:00Z,Current formula at this deadline. This file does not replace the published Gameweeks 1-5 total of 280.,ffe911b65b5019529f8a7a322ad058e013a0e6146677c35d796f075e2572f09b,8e21d4821be776332f3504f55f85b4277f326f03513b2c7501fbdedf92b8b1a2,98e5bb4281312953f19a18383d2d6691e34279618c900c736d39c22085bb1b0a,f53c43b2c822d111bca9e3ae615ceb539ff324fbf9fae9a07ded738891b01546,477fee196153c242d686d57bb9605fedb219ebdcdb8ee09b33660fc52cd8c120,efb2c9b0cb1be3de920b75bf0f5f5f1cace273389576971cd0b9d19ef382067d,3049c664dd1b2e517d0ef8b59c0078d485f327951d4603e1bc460e11248013c2
2026-27:286,6,3.8045227204775016,2026-10-10T09:11:16Z,2026-10-10T10:00:00Z,Current formula at this deadline. This file does not replace the published Gameweeks 1-5 total of 280.,ffe911b65b5019529f8a7a322ad058e013a0e6146677c35d796f075e2572f09b,8e21d4821be776332f3504f55f85b4277f326f03513b2c7501fbdedf92b8b1a2,98e5bb4281312953f19a18383d2d6691e34279618c900c736d39c22085bb1b0a,f53c43b2c822d111bca9e3ae615ceb539ff324fbf9fae9a07ded738891b01546,477fee196153c242d686d57bb9605fedb219ebdcdb8ee09b33660fc52cd8c120,efb2c9b0cb1be3de920b75bf0f5f5f1cace273389576971cd0b9d19ef382067d,3049c664dd1b2e517d0ef8b59c0078d485f327951d4603e1bc460e11248013c2
2026-27:29,6,2.207924771194292,2026-10-10T09:11:16Z,2026-10-10T10:00:00Z,Current formula at this deadline. This file does not replace the published Gameweeks 1-5 total of 280.,ffe911b65b5019529f8a7a322ad058e013a0e6146677c35d796f075e2572f09b,8e21d4821be776332f3504f55f85b4277f326f03513b2c7501fbdedf92b8b1a2,98e5bb4281312953f19a18383d2d6691e34279618c900c736d39c22085bb1b0a,f53c43b2c822d111bca9e3ae615ceb539ff324fbf9fae9a07ded738891b01546,477fee196153c242d686d57bb9605fedb219ebdcdb8ee09b33660fc52cd8c120,efb2c9b0cb1be3de920b75bf0f5f5f1cace273389576971cd0b9d19ef382067d,3049c664dd1b2e517d0ef8b59c0078d485f327951d4603e1bc460e11248013c2
2026-27:290,6,3.002701971853503,2026-10-10T09:11:16Z,2026-10-10T10:00:00Z,Current formula at this deadline. This file does not replace the published Gameweeks 1-5 total of 280.,ffe911b65b5019529f8a7a322ad058e013a0e6146677c35d796f075e2572f09b,8e21d4821be776332f3504f55f85b4277f326f03513b2c7501fbdedf92b8b1a2,98e5bb4281312953f19a18383d2d6691e34279618c900c736d39c22085bb1b0a,f53c43b2c822d111bca9e3ae615ceb539ff324fbf9fae9a07ded738891b01546,477fee196153c242d686d57bb9605fedb219ebdcdb8ee09b33660fc52cd8c120,efb2c9b0cb1be3de920b75bf0f5f5f1cace273389576971cd0b9d19ef382067d,3049c664dd1b2e517d0ef8b59c0078d485f327951d4603e1bc460e11248013c2
2026-27:295,6,3.0366879900965844,2026-10-10T09:11:16Z,2026-10-10T10:00:00Z,Current formula at this deadline. This file does not replace the published Gameweeks 1-5 total of 280.,ffe911b65b5019529f8a7a322ad058e013a0e6146677c35d796f075e2572f09b,8e21d4821be776332f3504f55f85b4277f326f03513b2c7501fbdedf92b8b1a2,98e5bb4281312953f19a18383d2d6691e34279618c900c736d39c22085bb1b0a,f53c43b2c822d111bca9e3ae615ceb539ff324fbf9fae9a07ded738891b01546,477fee196153c242d686d57bb9605fedb219ebdcdb8ee09b33660fc52cd8c120,efb2c9b0cb1be3de920b75bf0f5f5f1cace273389576971cd0b9d19ef382067d,3049c664dd1b2e517d0ef8b59c0078d485f327951d4603e1bc460e11248013c2
2026-27:304,6,3.607230516592723,2026-10-10T09:11:16Z,2026-10-10T10:00:00Z,Current formula at this deadline. This file does not replace the published Gameweeks 1-5 total of 280.,ffe911b65b5019529f8a7a322ad058e013a0e6146677c35d796f075e2572f09b,8e21d4821be776332f3504f55f85b4277f326f03513b2c7501fbdedf92b8b1a2,98e5bb4281312953f19a18383d2d6691e34279618c900c736d39c22085bb1b0a,f53c43b2c822d111bca9e3ae615ceb539ff324fbf9fae9a07ded738891b01546,477fee196153c242d686d57bb9605fedb219ebdcdb8ee09b33660fc52cd8c120,efb2c9b0cb1be3de920b75bf0f5f5f1cace273389576971cd0b9d19ef382067d,3049c664dd1b2e517d0ef8b59c0078d485f327951d4603e1bc460e11248013c2
2026-27:305,6,4.668693464025673,2026-10-10T09:11:16Z,2026-10-10T10:00:00Z,Current formula at this deadline. This file does not replace the published Gameweeks 1-5 total of 280.,ffe911b65b5019529f8a7a322ad058e013a0e6146677c35d796f075e2572f09b,8e21d4821be776332f3504f55f85b4277f326f03513b2c7501fbdedf92b8b1a2,98e5bb4281312953f19a18383d2d6691e34279618c900c736d39c22085bb1b0a,f53c43b2c822d111bca9e3ae615ceb539ff324fbf9fae9a07ded738891b01546,477fee196153c242d686d57bb9605fedb219ebdcdb8ee09b33660fc52cd8c120,efb2c9b0cb1be3de920b75bf0f5f5f1cace273389576971cd0b9d19ef382067d,3049c664dd1b2e517d0ef8b59c0078d485f327951d4603e1bc460e11248013c2
2026-27:306,6,2.958746436620175,2026-10-10T09:11:16Z,2026-10-10T10:00:00Z,Current formula at this deadline. This file does not replace the published Gameweeks 1-5 total of 280.,ffe911b65b5019529f8a7a322ad058e013a0e6146677c35d796f075e2572f09b,8e21d4821be776332f3504f55f85b4277f326f03513b2c7501fbdedf92b8b1a2,98e5bb4281312953f19a18383d2d6691e34279618c900c736d39c22085bb1b0a,f53c43b2c822d111bca9e3ae615ceb539ff324fbf9fae9a07ded738891b01546,477fee196153c242d686d57bb9605fedb219ebdcdb8ee09b33660fc52cd8c120,efb2c9b0cb1be3de920b75bf0f5f5f1cace273389576971cd0b9d19ef382067d,3049c664dd1b2e517d0ef8b59c0078d485f327951d4603e1bc460e11248013c2
2026-27:31,6,4.27308370175901,2026-10-10T09:11:16Z,2026-10-10T10:00:00Z,Current formula at this deadline. This file does not replace the published Gameweeks 1-5 total of 280.,ffe911b65b5019529f8a7a322ad058e013a0e6146677c35d796f075e2572f09b,8e21d4821be776332f3504f55f85b4277f326f03513b2c7501fbdedf92b8b1a2,98e5bb4281312953f19a18383d2d6691e34279618c900c736d39c22085bb1b0a,f53c43b2c822d111bca9e3ae615ceb539ff324fbf9fae9a07ded738891b01546,477fee196153c242d686d57bb9605fedb219ebdcdb8ee09b33660fc52cd8c120,efb2c9b0cb1be3de920b75bf0f5f5f1cace273389576971cd0b9d19ef382067d,3049c664dd1b2e517d0ef8b59c0078d485f327951d4603e1bc460e11248013c2
2026-27:312,6,1.5942644968724782,2026-10-10T09:11:16Z,2026-10-10T10:00:00Z,Current formula at this deadline. This file does not replace the published Gameweeks 1-5 total of 280.,ffe911b65b5019529f8a7a322ad058e013a0e6146677c35d796f075e2572f09b,8e21d4821be776332f3504f55f85b4277f326f03513b2c7501fbdedf92b8b1a2,98e5bb4281312953f19a18383d2d6691e34279618c900c736d39c22085bb1b0a,f53c43b2c822d111bca9e3ae615ceb539ff324fbf9fae9a07ded738891b01546,477fee196153c242d686d57bb9605fedb219ebdcdb8ee09b33660fc52cd8c120,efb2c9b0cb1be3de920b75bf0f5f5f1cace273389576971cd0b9d19ef382067d,3049c664dd1b2e517d0ef8b59c0078d485f327951d4603e1bc460e11248013c2
2026-27:313,6,2.385812500891923,2026-10-10T09:11:16Z,2026-10-10T10:00:00Z,Current formula at this deadline. This file does not replace the published Gameweeks 1-5 total of 280.,ffe911b65b5019529f8a7a322ad058e013a0e6146677c35d796f075e2572f09b,8e21d4821be776332f3504f55f85b4277f326f03513b2c7501fbdedf92b8b1a2,98e5bb4281312953f19a18383d2d6691e34279618c900c736d39c22085bb1b0a,f53c43b2c822d111bca9e3ae615ceb539ff324fbf9fae9a07ded738891b01546,477fee196153c242d686d57bb9605fedb219ebdcdb8ee09b33660fc52cd8c120,efb2c9b0cb1be3de920b75bf0f5f5f1cace273389576971cd0b9d19ef382067d,3049c664dd1b2e517d0ef8b59c0078d485f327951d4603e1bc460e11248013c2
2026-27:316,6,3.1833135543826674,2026-10-10T09:11:16Z,2026-10-10T10:00:00Z,Current formula at this deadline. This file does not replace the published Gameweeks 1-5 total of 280.,ffe911b65b5019529f8a7a322ad058e013a0e6146677c35d796f075e2572f09b,8e21d4821be776332f3504f55f85b4277f326f03513b2c7501fbdedf92b8b1a2,98e5bb4281312953f19a18383d2d6691e34279618c900c736d39c22085bb1b0a,f53c43b2c822d111bca9e3ae615ceb539ff324fbf9fae9a07ded738891b01546,477fee196153c242d686d57bb9605fedb219ebdcdb8ee09b33660fc52cd8c120,efb2c9b0cb1be3de920b75bf0f5f5f1cace273389576971cd0b9d19ef382067d,3049c664dd1b2e517d0ef8b59c0078d485f327951d4603e1bc460e11248013c2
2026-27:325,6,2.299987509872608,2026-10-10T09:11:16Z,2026-10-10T10:00:00Z,Current formula at this deadline. This file does not replace the published Gameweeks 1-5 total of 280.,ffe911b65b5019529f8a7a322ad058e013a0e6146677c35d796f075e2572f09b,8e21d4821be776332f3504f55f85b4277f326f03513b2c7501fbdedf92b8b1a2,98e5bb4281312953f19a18383d2d6691e34279618c900c736d39c22085bb1b0a,f53c43b2c822d111bca9e3ae615ceb539ff324fbf9fae9a07ded738891b01546,477fee196153c242d686d57bb9605fedb219ebdcdb8ee09b33660fc52cd8c120,efb2c9b0cb1be3de920b75bf0f5f5f1cace273389576971cd0b9d19ef382067d,3049c664dd1b2e517d0ef8b59c0078d485f327951d4603e1bc460e11248013c2
2026-27:33,6,3.323990883514056,2026-10-10T09:11:16Z,2026-10-10T10:00:00Z,Current formula at this deadline. This file does not replace the published Gameweeks 1-5 total of 280.,ffe911b65b5019529f8a7a322ad058e013a0e6146677c35d796f075e2572f09b,8e21d4821be776332f3504f55f85b4277f326f03513b2c7501fbdedf92b8b1a2,98e5bb4281312953f19a18383d2d6691e34279618c900c736d39c22085bb1b0a,f53c43b2c822d111bca9e3ae615ceb539ff324fbf9fae9a07ded738891b01546,477fee196153c242d686d57bb9605fedb219ebdcdb8ee09b33660fc52cd8c120,efb2c9b0cb1be3de920b75bf0f5f5f1cace273389576971cd0b9d19ef382067d,3049c664dd1b2e517d0ef8b59c0078d485f327951d4603e1bc460e11248013c2
2026-27:330,6,2.528829181539771,2026-10-10T09:11:16Z,2026-10-10T10:00:00Z,Current formula at this deadline. This file does not replace the published Gameweeks 1-5 total of 280.,ffe911b65b5019529f8a7a322ad058e013a0e6146677c35d796f075e2572f09b,8e21d4821be776332f3504f55f85b4277f326f03513b2c7501fbdedf92b8b1a2,98e5bb4281312953f19a18383d2d6691e34279618c900c736d39c22085bb1b0a,f53c43b2c822d111bca9e3ae615ceb539ff324fbf9fae9a07ded738891b01546,477fee196153c242d686d57bb9605fedb219ebdcdb8ee09b33660fc52cd8c120,efb2c9b0cb1be3de920b75bf0f5f5f1cace273389576971cd0b9d19ef382067d,3049c664dd1b2e517d0ef8b59c0078d485f327951d4603e1bc460e11248013c2
2026-27:331,6,1.92682050854102,2026-10-10T09:11:16Z,2026-10-10T10:00:00Z,Current formula at this deadline. This file does not replace the published Gameweeks 1-5 total of 280.,ffe911b65b5019529f8a7a322ad058e013a0e6146677c35d796f075e2572f09b,8e21d4821be776332f3504f55f85b4277f326f03513b2c7501fbdedf92b8b1a2,98e5bb4281312953f19a18383d2d6691e34279618c900c736d39c22085bb1b0a,f53c43b2c822d111bca9e3ae615ceb539ff324fbf9fae9a07ded738891b01546,477fee196153c242d686d57bb9605fedb219ebdcdb8ee09b33660fc52cd8c120,efb2c9b0cb1be3de920b75bf0f5f5f1cace273389576971cd0b9d19ef382067d,3049c664dd1b2e517d0ef8b59c0078d485f327951d4603e1bc460e11248013c2
2026-27:332,6,2.923860468790101,2026-10-10T09:11:16Z,2026-10-10T10:00:00Z,Current formula at this deadline. This file does not replace the published Gameweeks 1-5 total of 280.,ffe911b65b5019529f8a7a322ad058e013a0e6146677c35d796f075e2572f09b,8e21d4821be776332f3504f55f85b4277f326f03513b2c7501fbdedf92b8b1a2,98e5bb4281312953f19a18383d2d6691e34279618c900c736d39c22085bb1b0a,f53c43b2c822d111bca9e3ae615ceb539ff324fbf9fae9a07ded738891b01546,477fee196153c242d686d57bb9605fedb219ebdcdb8ee09b33660fc52cd8c120,efb2c9b0cb1be3de920b75bf0f5f5f1cace273389576971cd0b9d19ef382067d,3049c664dd1b2e517d0ef8b59c0078d485f327951d4603e1bc460e11248013c2
2026-27:334,6,3.265173656179899,2026-10-10T09:11:16Z,2026-10-10T10:00:00Z,Current formula at this deadline. This file does not replace the published Gameweeks 1-5 total of 280.,ffe911b65b5019529f8a7a322ad058e013a0e6146677c35d796f075e2572f09b,8e21d4821be776332f3504f55f85b4277f326f03513b2c7501fbdedf92b8b1a2,98e5bb4281312953f19a18383d2d6691e34279618c900c736d39c22085bb1b0a,f53c43b2c822d111bca9e3ae615ceb539ff324fbf9fae9a07ded738891b01546,477fee196153c242d686d57bb9605fedb219ebdcdb8ee09b33660fc52cd8c120,efb2c9b0cb1be3de920b75bf0f5f5f1cace273389576971cd0b9d19ef382067d,3049c664dd1b2e517d0ef8b59c0078d485f327951d4603e1bc460e11248013c2
2026-27:335,6,3.613066012805567,2026-10-10T09:11:16Z,2026-10-10T10:00:00Z,Current formula at this deadline. This file does not replace the published Gameweeks 1-5 total of 280.,ffe911b65b5019529f8a7a322ad058e013a0e6146677c35d796f075e2572f09b,8e21d4821be776332f3504f55f85b4277f326f03513b2c7501fbdedf92b8b1a2,98e5bb4281312953f19a18383d2d6691e34279618c900c736d39c22085bb1b0a,f53c43b2c822d111bca9e3ae615ceb539ff324fbf9fae9a07ded738891b01546,477fee196153c242d686d57bb9605fedb219ebdcdb8ee09b33660fc52cd8c120,efb2c9b0cb1be3de920b75bf0f5f5f1cace273389576971cd0b9d19ef382067d,3049c664dd1b2e517d0ef8b59c0078d485f327951d4603e1bc460e11248013c2
2026-27:336,6,2.3259068472632274,2026-10-10T09:11:16Z,2026-10-10T10:00:00Z,Current formula at this deadline. This file does not replace the published Gameweeks 1-5 total of 280.,ffe911b65b5019529f8a7a322ad058e013a0e6146677c35d796f075e2572f09b,8e21d4821be776332f3504f55f85b4277f326f03513b2c7501fbdedf92b8b1a2,98e5bb4281312953f19a18383d2d6691e34279618c900c736d39c22085bb1b0a,f53c43b2c822d111bca9e3ae615ceb539ff324fbf9fae9a07ded738891b01546,477fee196153c242d686d57bb9605fedb219ebdcdb8ee09b33660fc52cd8c120,efb2c9b0cb1be3de920b75bf0f5f5f1cace273389576971cd0b9d19ef382067d,3049c664dd1b2e517d0ef8b59c0078d485f327951d4603e1bc460e11248013c2
2026-27:338,6,3.451014302160285,2026-10-10T09:11:16Z,2026-10-10T10:00:00Z,Current formula at this deadline. This file does not replace the published Gameweeks 1-5 total of 280.,ffe911b65b5019529f8a7a322ad058e013a0e6146677c35d796f075e2572f09b,8e21d4821be776332f3504f55f85b4277f326f03513b2c7501fbdedf92b8b1a2,98e5bb4281312953f19a18383d2d6691e34279618c900c736d39c22085bb1b0a,f53c43b2c822d111bca9e3ae615ceb539ff324fbf9fae9a07ded738891b01546,477fee196153c242d686d57bb9605fedb219ebdcdb8ee09b33660fc52cd8c120,efb2c9b0cb1be3de920b75bf0f5f5f1cace273389576971cd0b9d19ef382067d,3049c664dd1b2e517d0ef8b59c0078d485f327951d4603e1bc460e11248013c2
2026-27:345,6,2.431835957555858,2026-10-10T09:11:16Z,2026-10-10T10:00:00Z,Current formula at this deadline. This file does not replace the published Gameweeks 1-5 total of 280.,ffe911b65b5019529f8a7a322ad058e013a0e6146677c35d796f075e2572f09b,8e21d4821be776332f3504f55f85b4277f326f03513b2c7501fbdedf92b8b1a2,98e5bb4281312953f19a18383d2d6691e34279618c900c736d39c22085bb1b0a,f53c43b2c822d111bca9e3ae615ceb539ff324fbf9fae9a07ded738891b01546,477fee196153c242d686d57bb9605fedb219ebdcdb8ee09b33660fc52cd8c120,efb2c9b0cb1be3de920b75bf0f5f5f1cace273389576971cd0b9d19ef382067d,3049c664dd1b2e517d0ef8b59c0078d485f327951d4603e1bc460e11248013c2
2026-27:346,6,2.2458825456005083,2026-10-10T09:11:16Z,2026-10-10T10:00:00Z,Current formula at this deadline. This file does not replace the published Gameweeks 1-5 total of 280.,ffe911b65b5019529f8a7a322ad058e013a0e6146677c35d796f075e2572f09b,8e21d4821be776332f3504f55f85b4277f326f03513b2c7501fbdedf92b8b1a2,98e5bb4281312953f19a18383d2d6691e34279618c900c736d39c22085bb1b0a,f53c43b2c822d111bca9e3ae615ceb539ff324fbf9fae9a07ded738891b01546,477fee196153c242d686d57bb9605fedb219ebdcdb8ee09b33660fc52cd8c120,efb2c9b0cb1be3de920b75bf0f5f5f1cace273389576971cd0b9d19ef382067d,3049c664dd1b2e517d0ef8b59c0078d485f327951d4603e1bc460e11248013c2
2026-27:350,6,3.377542375177302,2026-10-10T09:11:16Z,2026-10-10T10:00:00Z,Current formula at this deadline. This file does not replace the published Gameweeks 1-5 total of 280.,ffe911b65b5019529f8a7a322ad058e013a0e6146677c35d796f075e2572f09b,8e21d4821be776332f3504f55f85b4277f326f03513b2c7501fbdedf92b8b1a2,98e5bb4281312953f19a18383d2d6691e34279618c900c736d39c22085bb1b0a,f53c43b2c822d111bca9e3ae615ceb539ff324fbf9fae9a07ded738891b01546,477fee196153c242d686d57bb9605fedb219ebdcdb8ee09b33660fc52cd8c120,efb2c9b0cb1be3de920b75bf0f5f5f1cace273389576971cd0b9d19ef382067d,3049c664dd1b2e517d0ef8b59c0078d485f327951d4603e1bc460e11248013c2
2026-27:356,6,3.9030874860893685,2026-10-10T09:11:16Z,2026-10-10T10:00:00Z,Current formula at this deadline. This file does not replace the published Gameweeks 1-5 total of 280.,ffe911b65b5019529f8a7a322ad058e013a0e6146677c35d796f075e2572f09b,8e21d4821be776332f3504f55f85b4277f326f03513b2c7501fbdedf92b8b1a2,98e5bb4281312953f19a18383d2d6691e34279618c900c736d39c22085bb1b0a,f53c43b2c822d111bca9e3ae615ceb539ff324fbf9fae9a07ded738891b01546,477fee196153c242d686d57bb9605fedb219ebdcdb8ee09b33660fc52cd8c120,efb2c9b0cb1be3de920b75bf0f5f5f1cace273389576971cd0b9d19ef382067d,3049c664dd1b2e517d0ef8b59c0078d485f327951d4603e1bc460e11248013c2
2026-27:358,6,2.5432242488745778,2026-10-10T09:11:16Z,2026-10-10T10:00:00Z,Current formula at this deadline. This file does not replace the published Gameweeks 1-5 total of 280.,ffe911b65b5019529f8a7a322ad058e013a0e6146677c35d796f075e2572f09b,8e21d4821be776332f3504f55f85b4277f326f03513b2c7501fbdedf92b8b1a2,98e5bb4281312953f19a18383d2d6691e34279618c900c736d39c22085bb1b0a,f53c43b2c822d111bca9e3ae615ceb539ff324fbf9fae9a07ded738891b01546,477fee196153c242d686d57bb9605fedb219ebdcdb8ee09b33660fc52cd8c120,efb2c9b0cb1be3de920b75bf0f5f5f1cace273389576971cd0b9d19ef382067d,3049c664dd1b2e517d0ef8b59c0078d485f327951d4603e1bc460e11248013c2
2026-27:362,6,2.8856060505654932,2026-10-10T09:11:16Z,2026-10-10T10:00:00Z,Current formula at this deadline. This file does not replace the published Gameweeks 1-5 total of 280.,ffe911b65b5019529f8a7a322ad058e013a0e6146677c35d796f075e2572f09b,8e21d4821be776332f3504f55f85b4277f326f03513b2c7501fbdedf92b8b1a2,98e5bb4281312953f19a18383d2d6691e34279618c900c736d39c22085bb1b0a,f53c43b2c822d111bca9e3ae615ceb539ff324fbf9fae9a07ded738891b01546,477fee196153c242d686d57bb9605fedb219ebdcdb8ee09b33660fc52cd8c120,efb2c9b0cb1be3de920b75bf0f5f5f1cace273389576971cd0b9d19ef382067d,3049c664dd1b2e517d0ef8b59c0078d485f327951d4603e1bc460e11248013c2
2026-27:366,6,3.2991920877692595,2026-10-10T09:11:16Z,2026-10-10T10:00:00Z,Current formula at this deadline. This file does not replace the published Gameweeks 1-5 total of 280.,ffe911b65b5019529f8a7a322ad058e013a0e6146677c35d796f075e2572f09b,8e21d4821be776332f3504f55f85b4277f326f03513b2c7501fbdedf92b8b1a2,98e5bb4281312953f19a18383d2d6691e34279618c900c736d39c22085bb1b0a,f53c43b2c822d111bca9e3ae615ceb539ff324fbf9fae9a07ded738891b01546,477fee196153c242d686d57bb9605fedb219ebdcdb8ee09b33660fc52cd8c120,efb2c9b0cb1be3de920b75bf0f5f5f1cace273389576971cd0b9d19ef382067d,3049c664dd1b2e517d0ef8b59c0078d485f327951d4603e1bc460e11248013c2
2026-27:368,6,4.328004251052463,2026-10-10T09:11:16Z,2026-10-10T10:00:00Z,Current formula at this deadline. This file does not replace the published Gameweeks 1-5 total of 280.,ffe911b65b5019529f8a7a322ad058e013a0e6146677c35d796f075e2572f09b,8e21d4821be776332f3504f55f85b4277f326f03513b2c7501fbdedf92b8b1a2,98e5bb4281312953f19a18383d2d6691e34279618c900c736d39c22085bb1b0a,f53c43b2c822d111bca9e3ae615ceb539ff324fbf9fae9a07ded738891b01546,477fee196153c242d686d57bb9605fedb219ebdcdb8ee09b33660fc52cd8c120,efb2c9b0cb1be3de920b75bf0f5f5f1cace273389576971cd0b9d19ef382067d,3049c664dd1b2e517d0ef8b59c0078d485f327951d4603e1bc460e11248013c2
2026-27:37,6,3.5521156116961285,2026-10-10T09:11:16Z,2026-10-10T10:00:00Z,Current formula at this deadline. This file does not replace the published Gameweeks 1-5 total of 280.,ffe911b65b5019529f8a7a322ad058e013a0e6146677c35d796f075e2572f09b,8e21d4821be776332f3504f55f85b4277f326f03513b2c7501fbdedf92b8b1a2,98e5bb4281312953f19a18383d2d6691e34279618c900c736d39c22085bb1b0a,f53c43b2c822d111bca9e3ae615ceb539ff324fbf9fae9a07ded738891b01546,477fee196153c242d686d57bb9605fedb219ebdcdb8ee09b33660fc52cd8c120,efb2c9b0cb1be3de920b75bf0f5f5f1cace273389576971cd0b9d19ef382067d,3049c664dd1b2e517d0ef8b59c0078d485f327951d4603e1bc460e11248013c2
2026-27:372,6,3.013949301397078,2026-10-10T09:11:16Z,2026-10-10T10:00:00Z,Current formula at this deadline. This file does not replace the published Gameweeks 1-5 total of 280.,ffe911b65b5019529f8a7a322ad058e013a0e6146677c35d796f075e2572f09b,8e21d4821be776332f3504f55f85b4277f326f03513b2c7501fbdedf92b8b1a2,98e5bb4281312953f19a18383d2d6691e34279618c900c736d39c22085bb1b0a,f53c43b2c822d111bca9e3ae615ceb539ff324fbf9fae9a07ded738891b01546,477fee196153c242d686d57bb9605fedb219ebdcdb8ee09b33660fc52cd8c120,efb2c9b0cb1be3de920b75bf0f5f5f1cace273389576971cd0b9d19ef382067d,3049c664dd1b2e517d0ef8b59c0078d485f327951d4603e1bc460e11248013c2
2026-27:377,6,2.3037365243058576,2026-10-10T09:11:16Z,2026-10-10T10:00:00Z,Current formula at this deadline. This file does not replace the published Gameweeks 1-5 total of 280.,ffe911b65b5019529f8a7a322ad058e013a0e6146677c35d796f075e2572f09b,8e21d4821be776332f3504f55f85b4277f326f03513b2c7501fbdedf92b8b1a2,98e5bb4281312953f19a18383d2d6691e34279618c900c736d39c22085bb1b0a,f53c43b2c822d111bca9e3ae615ceb539ff324fbf9fae9a07ded738891b01546,477fee196153c242d686d57bb9605fedb219ebdcdb8ee09b33660fc52cd8c120,efb2c9b0cb1be3de920b75bf0f5f5f1cace273389576971cd0b9d19ef382067d,3049c664dd1b2e517d0ef8b59c0078d485f327951d4603e1bc460e11248013c2
2026-27:384,6,3.4802057534872177,2026-10-10T09:11:16Z,2026-10-10T10:00:00Z,Current formula at this deadline. This file does not replace the published Gameweeks 1-5 total of 280.,ffe911b65b5019529f8a7a322ad058e013a0e6146677c35d796f075e2572f09b,8e21d4821be776332f3504f55f85b4277f326f03513b2c7501fbdedf92b8b1a2,98e5bb4281312953f19a18383d2d6691e34279618c900c736d39c22085bb1b0a,f53c43b2c822d111bca9e3ae615ceb539ff324fbf9fae9a07ded738891b01546,477fee196153c242d686d57bb9605fedb219ebdcdb8ee09b33660fc52cd8c120,efb2c9b0cb1be3de920b75bf0f5f5f1cace273389576971cd0b9d19ef382067d,3049c664dd1b2e517d0ef8b59c0078d485f327951d4603e1bc460e11248013c2
2026-27:385,6,3.1449080548064736,2026-10-10T09:11:16Z,2026-10-10T10:00:00Z,Current formula at this deadline. This file does not replace the published Gameweeks 1-5 total of 280.,ffe911b65b5019529f8a7a322ad058e013a0e6146677c35d796f075e2572f09b,8e21d4821be776332f3504f55f85b4277f326f03513b2c7501fbdedf92b8b1a2,98e5bb4281312953f19a18383d2d6691e34279618c900c736d39c22085bb1b0a,f53c43b2c822d111bca9e3ae615ceb539ff324fbf9fae9a07ded738891b01546,477fee196153c242d686d57bb9605fedb219ebdcdb8ee09b33660fc52cd8c120,efb2c9b0cb1be3de920b75bf0f5f5f1cace273389576971cd0b9d19ef382067d,3049c664dd1b2e517d0ef8b59c0078d485f327951d4603e1bc460e11248013c2
2026-27:388,6,3.7888129006050177,2026-10-10T09:11:16Z,2026-10-10T10:00:00Z,Current formula at this deadline. This file does not replace the published Gameweeks 1-5 total of 280.,ffe911b65b5019529f8a7a322ad058e013a0e6146677c35d796f075e2572f09b,8e21d4821be776332f3504f55f85b4277f326f03513b2c7501fbdedf92b8b1a2,98e5bb4281312953f19a18383d2d6691e34279618c900c736d39c22085bb1b0a,f53c43b2c822d111bca9e3ae615ceb539ff324fbf9fae9a07ded738891b01546,477fee196153c242d686d57bb9605fedb219ebdcdb8ee09b33660fc52cd8c120,efb2c9b0cb1be3de920b75bf0f5f5f1cace273389576971cd0b9d19ef382067d,3049c664dd1b2e517d0ef8b59c0078d485f327951d4603e1bc460e11248013c2
2026-27:389,6,3.14642912896718,2026-10-10T09:11:16Z,2026-10-10T10:00:00Z,Current formula at this deadline. This file does not replace the published Gameweeks 1-5 total of 280.,ffe911b65b5019529f8a7a322ad058e013a0e6146677c35d796f075e2572f09b,8e21d4821be776332f3504f55f85b4277f326f03513b2c7501fbdedf92b8b1a2,98e5bb4281312953f19a18383d2d6691e34279618c900c736d39c22085bb1b0a,f53c43b2c822d111bca9e3ae615ceb539ff324fbf9fae9a07ded738891b01546,477fee196153c242d686d57bb9605fedb219ebdcdb8ee09b33660fc52cd8c120,efb2c9b0cb1be3de920b75bf0f5f5f1cace273389576971cd0b9d19ef382067d,3049c664dd1b2e517d0ef8b59c0078d485f327951d4603e1bc460e11248013c2
2026-27:390,6,3.2868920921654,2026-10-10T09:11:16Z,2026-10-10T10:00:00Z,Current formula at this deadline. This file does not replace the published Gameweeks 1-5 total of 280.,ffe911b65b5019529f8a7a322ad058e013a0e6146677c35d796f075e2572f09b,8e21d4821be776332f3504f55f85b4277f326f03513b2c7501fbdedf92b8b1a2,98e5bb4281312953f19a18383d2d6691e34279618c900c736d39c22085bb1b0a,f53c43b2c822d111bca9e3ae615ceb539ff324fbf9fae9a07ded738891b01546,477fee196153c242d686d57bb9605fedb219ebdcdb8ee09b33660fc52cd8c120,efb2c9b0cb1be3de920b75bf0f5f5f1cace273389576971cd0b9d19ef382067d,3049c664dd1b2e517d0ef8b59c0078d485f327951d4603e1bc460e11248013c2
2026-27:391,6,3.2171887065937446,2026-10-10T09:11:16Z,2026-10-10T10:00:00Z,Current formula at this deadline. This file does not replace the published Gameweeks 1-5 total of 280.,ffe911b65b5019529f8a7a322ad058e013a0e6146677c35d796f075e2572f09b,8e21d4821be776332f3504f55f85b4277f326f03513b2c7501fbdedf92b8b1a2,98e5bb4281312953f19a18383d2d6691e34279618c900c736d39c22085bb1b0a,f53c43b2c822d111bca9e3ae615ceb539ff324fbf9fae9a07ded738891b01546,477fee196153c242d686d57bb9605fedb219ebdcdb8ee09b33660fc52cd8c120,efb2c9b0cb1be3de920b75bf0f5f5f1cace273389576971cd0b9d19ef382067d,3049c664dd1b2e517d0ef8b59c0078d485f327951d4603e1bc460e11248013c2
2026-27:397,6,3.032887094954003,2026-10-10T09:11:16Z,2026-10-10T10:00:00Z,Current formula at this deadline. This file does not replace the published Gameweeks 1-5 total of 280.,ffe911b65b5019529f8a7a322ad058e013a0e6146677c35d796f075e2572f09b,8e21d4821be776332f3504f55f85b4277f326f03513b2c7501fbdedf92b8b1a2,98e5bb4281312953f19a18383d2d6691e34279618c900c736d39c22085bb1b0a,f53c43b2c822d111bca9e3ae615ceb539ff324fbf9fae9a07ded738891b01546,477fee196153c242d686d57bb9605fedb219ebdcdb8ee09b33660fc52cd8c120,efb2c9b0cb1be3de920b75bf0f5f5f1cace273389576971cd0b9d19ef382067d,3049c664dd1b2e517d0ef8b59c0078d485f327951d4603e1bc460e11248013c2
2026-27:399,6,3.5298246521008494,2026-10-10T09:11:16Z,2026-10-10T10:00:00Z,Current formula at this deadline. This file does not replace the published Gameweeks 1-5 total of 280.,ffe911b65b5019529f8a7a322ad058e013a0e6146677c35d796f075e2572f09b,8e21d4821be776332f3504f55f85b4277f326f03513b2c7501fbdedf92b8b1a2,98e5bb4281312953f19a18383d2d6691e34279618c900c736d39c22085bb1b0a,f53c43b2c822d111bca9e3ae615ceb539ff324fbf9fae9a07ded738891b01546,477fee196153c242d686d57bb9605fedb219ebdcdb8ee09b33660fc52cd8c120,efb2c9b0cb1be3de920b75bf0f5f5f1cace273389576971cd0b9d19ef382067d,3049c664dd1b2e517d0ef8b59c0078d485f327951d4603e1bc460e11248013c2
2026-27:4,6,4.464779467365451,2026-10-10T09:11:16Z,2026-10-10T10:00:00Z,Current formula at this deadline. This file does not replace the published Gameweeks 1-5 total of 280.,ffe911b65b5019529f8a7a322ad058e013a0e6146677c35d796f075e2572f09b,8e21d4821be776332f3504f55f85b4277f326f03513b2c7501fbdedf92b8b1a2,98e5bb4281312953f19a18383d2d6691e34279618c900c736d39c22085bb1b0a,f53c43b2c822d111bca9e3ae615ceb539ff324fbf9fae9a07ded738891b01546,477fee196153c242d686d57bb9605fedb219ebdcdb8ee09b33660fc52cd8c120,efb2c9b0cb1be3de920b75bf0f5f5f1cace273389576971cd0b9d19ef382067d,3049c664dd1b2e517d0ef8b59c0078d485f327951d4603e1bc460e11248013c2
2026-27:40,6,5.930332292859592,2026-10-10T09:11:16Z,2026-10-10T10:00:00Z,Current formula at this deadline. This file does not replace the published Gameweeks 1-5 total of 280.,ffe911b65b5019529f8a7a322ad058e013a0e6146677c35d796f075e2572f09b,8e21d4821be776332f3504f55f85b4277f326f03513b2c7501fbdedf92b8b1a2,98e5bb4281312953f19a18383d2d6691e34279618c900c736d39c22085bb1b0a,f53c43b2c822d111bca9e3ae615ceb539ff324fbf9fae9a07ded738891b01546,477fee196153c242d686d57bb9605fedb219ebdcdb8ee09b33660fc52cd8c120,efb2c9b0cb1be3de920b75bf0f5f5f1cace273389576971cd0b9d19ef382067d,3049c664dd1b2e517d0ef8b59c0078d485f327951d4603e1bc460e11248013c2
2026-27:401,6,2.258220834543549,2026-10-10T09:11:16Z,2026-10-10T10:00:00Z,Current formula at this deadline. This file does not replace the published Gameweeks 1-5 total of 280.,ffe911b65b5019529f8a7a322ad058e013a0e6146677c35d796f075e2572f09b,8e21d4821be776332f3504f55f85b4277f326f03513b2c7501fbdedf92b8b1a2,98e5bb4281312953f19a18383d2d6691e34279618c900c736d39c22085bb1b0a,f53c43b2c822d111bca9e3ae615ceb539ff324fbf9fae9a07ded738891b01546,477fee196153c242d686d57bb9605fedb219ebdcdb8ee09b33660fc52cd8c120,efb2c9b0cb1be3de920b75bf0f5f5f1cace273389576971cd0b9d19ef382067d,3049c664dd1b2e517d0ef8b59c0078d485f327951d4603e1bc460e11248013c2
2026-27:403,6,2.926244720621818,2026-10-10T09:11:16Z,2026-10-10T10:00:00Z,Current formula at this deadline. This file does not replace the published Gameweeks 1-5 total of 280.,ffe911b65b5019529f8a7a322ad058e013a0e6146677c35d796f075e2572f09b,8e21d4821be776332f3504f55f85b4277f326f03513b2c7501fbdedf92b8b1a2,98e5bb4281312953f19a18383d2d6691e34279618c900c736d39c22085bb1b0a,f53c43b2c822d111bca9e3ae615ceb539ff324fbf9fae9a07ded738891b01546,477fee196153c242d686d57bb9605fedb219ebdcdb8ee09b33660fc52cd8c120,efb2c9b0cb1be3de920b75bf0f5f5f1cace273389576971cd0b9d19ef382067d,3049c664dd1b2e517d0ef8b59c0078d485f327951d4603e1bc460e11248013c2
2026-27:41,6,4.382024652937537,2026-10-10T09:11:16Z,2026-10-10T10:00:00Z,Current formula at this deadline. This file does not replace the published Gameweeks 1-5 total of 280.,ffe911b65b5019529f8a7a322ad058e013a0e6146677c35d796f075e2572f09b,8e21d4821be776332f3504f55f85b4277f326f03513b2c7501fbdedf92b8b1a2,98e5bb4281312953f19a18383d2d6691e34279618c900c736d39c22085bb1b0a,f53c43b2c822d111bca9e3ae615ceb539ff324fbf9fae9a07ded738891b01546,477fee196153c242d686d57bb9605fedb219ebdcdb8ee09b33660fc52cd8c120,efb2c9b0cb1be3de920b75bf0f5f5f1cace273389576971cd0b9d19ef382067d,3049c664dd1b2e517d0ef8b59c0078d485f327951d4603e1bc460e11248013c2
2026-27:411,6,5.019322745554685,2026-10-10T09:11:16Z,2026-10-10T10:00:00Z,Current formula at this deadline. This file does not replace the published Gameweeks 1-5 total of 280.,ffe911b65b5019529f8a7a322ad058e013a0e6146677c35d796f075e2572f09b,8e21d4821be776332f3504f55f85b4277f326f03513b2c7501fbdedf92b8b1a2,98e5bb4281312953f19a18383d2d6691e34279618c900c736d39c22085bb1b0a,f53c43b2c822d111bca9e3ae615ceb539ff324fbf9fae9a07ded738891b01546,477fee196153c242d686d57bb9605fedb219ebdcdb8ee09b33660fc52cd8c120,efb2c9b0cb1be3de920b75bf0f5f5f1cace273389576971cd0b9d19ef382067d,3049c664dd1b2e517d0ef8b59c0078d485f327951d4603e1bc460e11248013c2
2026-27:412,6,3.5999750197452167,2026-10-10T09:11:16Z,2026-10-10T10:00:00Z,Current formula at this deadline. This file does not replace the published Gameweeks 1-5 total of 280.,ffe911b65b5019529f8a7a322ad058e013a0e6146677c35d796f075e2572f09b,8e21d4821be776332f3504f55f85b4277f326f03513b2c7501fbdedf92b8b1a2,98e5bb4281312953f19a18383d2d6691e34279618c900c736d39c22085bb1b0a,f53c43b2c822d111bca9e3ae615ceb539ff324fbf9fae9a07ded738891b01546,477fee196153c242d686d57bb9605fedb219ebdcdb8ee09b33660fc52cd8c120,efb2c9b0cb1be3de920b75bf0f5f5f1cace273389576971cd0b9d19ef382067d,3049c664dd1b2e517d0ef8b59c0078d485f327951d4603e1bc460e11248013c2
2026-27:417,6,3.490082140312116,2026-10-10T09:11:16Z,2026-10-10T10:00:00Z,Current formula at this deadline. This file does not replace the published Gameweeks 1-5 total of 280.,ffe911b65b5019529f8a7a322ad058e013a0e6146677c35d796f075e2572f09b,8e21d4821be776332f3504f55f85b4277f326f03513b2c7501fbdedf92b8b1a2,98e5bb4281312953f19a18383d2d6691e34279618c900c736d39c22085bb1b0a,f53c43b2c822d111bca9e3ae615ceb539ff324fbf9fae9a07ded738891b01546,477fee196153c242d686d57bb9605fedb219ebdcdb8ee09b33660fc52cd8c120,efb2c9b0cb1be3de920b75bf0f5f5f1cace273389576971cd0b9d19ef382067d,3049c664dd1b2e517d0ef8b59c0078d485f327951d4603e1bc460e11248013c2
2026-27:418,6,4.005910304867694,2026-10-10T09:11:16Z,2026-10-10T10:00:00Z,Current formula at this deadline. This file does not replace the published Gameweeks 1-5 total of 280.,ffe911b65b5019529f8a7a322ad058e013a0e6146677c35d796f075e2572f09b,8e21d4821be776332f3504f55f85b4277f326f03513b2c7501fbdedf92b8b1a2,98e5bb4281312953f19a18383d2d6691e34279618c900c736d39c22085bb1b0a,f53c43b2c822d111bca9e3ae615ceb539ff324fbf9fae9a07ded738891b01546,477fee196153c242d686d57bb9605fedb219ebdcdb8ee09b33660fc52cd8c120,efb2c9b0cb1be3de920b75bf0f5f5f1cace273389576971cd0b9d19ef382067d,3049c664dd1b2e517d0ef8b59c0078d485f327951d4603e1bc460e11248013c2
2026-27:419,6,3.795362414169751,2026-10-10T09:11:16Z,2026-10-10T10:00:00Z,Current formula at this deadline. This file does not replace the published Gameweeks 1-5 total of 280.,ffe911b65b5019529f8a7a322ad058e013a0e6146677c35d796f075e2572f09b,8e21d4821be776332f3504f55f85b4277f326f03513b2c7501fbdedf92b8b1a2,98e5bb4281312953f19a18383d2d6691e34279618c900c736d39c22085bb1b0a,f53c43b2c822d111bca9e3ae615ceb539ff324fbf9fae9a07ded738891b01546,477fee196153c242d686d57bb9605fedb219ebdcdb8ee09b33660fc52cd8c120,efb2c9b0cb1be3de920b75bf0f5f5f1cace273389576971cd0b9d19ef382067d,3049c664dd1b2e517d0ef8b59c0078d485f327951d4603e1bc460e11248013c2
2026-27:423,6,3.3622769976650346,2026-10-10T09:11:16Z,2026-10-10T10:00:00Z,Current formula at this deadline. This file does not replace the published Gameweeks 1-5 total of 280.,ffe911b65b5019529f8a7a322ad058e013a0e6146677c35d796f075e2572f09b,8e21d4821be776332f3504f55f85b4277f326f03513b2c7501fbdedf92b8b1a2,98e5bb4281312953f19a18383d2d6691e34279618c900c736d39c22085bb1b0a,f53c43b2c822d111bca9e3ae615ceb539ff324fbf9fae9a07ded738891b01546,477fee196153c242d686d57bb9605fedb219ebdcdb8ee09b33660fc52cd8c120,efb2c9b0cb1be3de920b75bf0f5f5f1cace273389576971cd0b9d19ef382067d,3049c664dd1b2e517d0ef8b59c0078d485f327951d4603e1bc460e11248013c2
2026-27:426,6,5.985027943720986,2026-10-10T09:11:16Z,2026-10-10T10:00:00Z,Current formula at this deadline. This file does not replace the published Gameweeks 1-5 total of 280.,ffe911b65b5019529f8a7a322ad058e013a0e6146677c35d796f075e2572f09b,8e21d4821be776332f3504f55f85b4277f326f03513b2c7501fbdedf92b8b1a2,98e5bb4281312953f19a18383d2d6691e34279618c900c736d39c22085bb1b0a,f53c43b2c822d111bca9e3ae615ceb539ff324fbf9fae9a07ded738891b01546,477fee196153c242d686d57bb9605fedb219ebdcdb8ee09b33660fc52cd8c120,efb2c9b0cb1be3de920b75bf0f5f5f1cace273389576971cd0b9d19ef382067d,3049c664dd1b2e517d0ef8b59c0078d485f327951d4603e1bc460e11248013c2
2026-27:427,6,6.145879959488864,2026-10-10T09:11:16Z,2026-10-10T10:00:00Z,Current formula at this deadline. This file does not replace the published Gameweeks 1-5 total of 280.,ffe911b65b5019529f8a7a322ad058e013a0e6146677c35d796f075e2572f09b,8e21d4821be776332f3504f55f85b4277f326f03513b2c7501fbdedf92b8b1a2,98e5bb4281312953f19a18383d2d6691e34279618c900c736d39c22085bb1b0a,f53c43b2c822d111bca9e3ae615ceb539ff324fbf9fae9a07ded738891b01546,477fee196153c242d686d57bb9605fedb219ebdcdb8ee09b33660fc52cd8c120,efb2c9b0cb1be3de920b75bf0f5f5f1cace273389576971cd0b9d19ef382067d,3049c664dd1b2e517d0ef8b59c0078d485f327951d4603e1bc460e11248013c2
2026-27:428,6,3.557331650642566,2026-10-10T09:11:16Z,2026-10-10T10:00:00Z,Current formula at this deadline. This file does not replace the published Gameweeks 1-5 total of 280.,ffe911b65b5019529f8a7a322ad058e013a0e6146677c35d796f075e2572f09b,8e21d4821be776332f3504f55f85b4277f326f03513b2c7501fbdedf92b8b1a2,98e5bb4281312953f19a18383d2d6691e34279618c900c736d39c22085bb1b0a,f53c43b2c822d111bca9e3ae615ceb539ff324fbf9fae9a07ded738891b01546,477fee196153c242d686d57bb9605fedb219ebdcdb8ee09b33660fc52cd8c120,efb2c9b0cb1be3de920b75bf0f5f5f1cace273389576971cd0b9d19ef382067d,3049c664dd1b2e517d0ef8b59c0078d485f327951d4603e1bc460e11248013c2
2026-27:429,6,3.312674646773029,2026-10-10T09:11:16Z,2026-10-10T10:00:00Z,Current formula at this deadline. This file does not replace the published Gameweeks 1-5 total of 280.,ffe911b65b5019529f8a7a322ad058e013a0e6146677c35d796f075e2572f09b,8e21d4821be776332f3504f55f85b4277f326f03513b2c7501fbdedf92b8b1a2,98e5bb4281312953f19a18383d2d6691e34279618c900c736d39c22085bb1b0a,f53c43b2c822d111bca9e3ae615ceb539ff324fbf9fae9a07ded738891b01546,477fee196153c242d686d57bb9605fedb219ebdcdb8ee09b33660fc52cd8c120,efb2c9b0cb1be3de920b75bf0f5f5f1cace273389576971cd0b9d19ef382067d,3049c664dd1b2e517d0ef8b59c0078d485f327951d4603e1bc460e11248013c2
2026-27:43,6,4.14960079168825,2026-10-10T09:11:16Z,2026-10-10T10:00:00Z,Current formula at this deadline. This file does not replace the published Gameweeks 1-5 total of 280.,ffe911b65b5019529f8a7a322ad058e013a0e6146677c35d796f075e2572f09b,8e21d4821be776332f3504f55f85b4277f326f03513b2c7501fbdedf92b8b1a2,98e5bb4281312953f19a18383d2d6691e34279618c900c736d39c22085bb1b0a,f53c43b2c822d111bca9e3ae615ceb539ff324fbf9fae9a07ded738891b01546,477fee196153c242d686d57bb9605fedb219ebdcdb8ee09b33660fc52cd8c120,efb2c9b0cb1be3de920b75bf0f5f5f1cace273389576971cd0b9d19ef382067d,3049c664dd1b2e517d0ef8b59c0078d485f327951d4603e1bc460e11248013c2
2026-27:432,6,4.605080637949813,2026-10-10T09:11:16Z,2026-10-10T10:00:00Z,Current formula at this deadline. This file does not replace the published Gameweeks 1-5 total of 280.,ffe911b65b5019529f8a7a322ad058e013a0e6146677c35d796f075e2572f09b,8e21d4821be776332f3504f55f85b4277f326f03513b2c7501fbdedf92b8b1a2,98e5bb4281312953f19a18383d2d6691e34279618c900c736d39c22085bb1b0a,f53c43b2c822d111bca9e3ae615ceb539ff324fbf9fae9a07ded738891b01546,477fee196153c242d686d57bb9605fedb219ebdcdb8ee09b33660fc52cd8c120,efb2c9b0cb1be3de920b75bf0f5f5f1cace273389576971cd0b9d19ef382067d,3049c664dd1b2e517d0ef8b59c0078d485f327951d4603e1bc460e11248013c2
2026-27:445,6,3.9384865182293196,2026-10-10T09:11:16Z,2026-10-10T10:00:00Z,Current formula at this deadline. This file does not replace the published Gameweeks 1-5 total of 280.,ffe911b65b5019529f8a7a322ad058e013a0e6146677c35d796f075e2572f09b,8e21d4821be776332f3504f55f85b4277f326f03513b2c7501fbdedf92b8b1a2,98e5bb4281312953f19a18383d2d6691e34279618c900c736d39c22085bb1b0a,f53c43b2c822d111bca9e3ae615ceb539ff324fbf9fae9a07ded738891b01546,477fee196153c242d686d57bb9605fedb219ebdcdb8ee09b33660fc52cd8c120,efb2c9b0cb1be3de920b75bf0f5f5f1cace273389576971cd0b9d19ef382067d,3049c664dd1b2e517d0ef8b59c0078d485f327951d4603e1bc460e11248013c2
2026-27:447,6,4.138741338742109,2026-10-10T09:11:16Z,2026-10-10T10:00:00Z,Current formula at this deadline. This file does not replace the published Gameweeks 1-5 total of 280.,ffe911b65b5019529f8a7a322ad058e013a0e6146677c35d796f075e2572f09b,8e21d4821be776332f3504f55f85b4277f326f03513b2c7501fbdedf92b8b1a2,98e5bb4281312953f19a18383d2d6691e34279618c900c736d39c22085bb1b0a,f53c43b2c822d111bca9e3ae615ceb539ff324fbf9fae9a07ded738891b01546,477fee196153c242d686d57bb9605fedb219ebdcdb8ee09b33660fc52cd8c120,efb2c9b0cb1be3de920b75bf0f5f5f1cace273389576971cd0b9d19ef382067d,3049c664dd1b2e517d0ef8b59c0078d485f327951d4603e1bc460e11248013c2
2026-27:449,6,5.10859798296002,2026-10-10T09:11:16Z,2026-10-10T10:00:00Z,Current formula at this deadline. This file does not replace the published Gameweeks 1-5 total of 280.,ffe911b65b5019529f8a7a322ad058e013a0e6146677c35d796f075e2572f09b,8e21d4821be776332f3504f55f85b4277f326f03513b2c7501fbdedf92b8b1a2,98e5bb4281312953f19a18383d2d6691e34279618c900c736d39c22085bb1b0a,f53c43b2c822d111bca9e3ae615ceb539ff324fbf9fae9a07ded738891b01546,477fee196153c242d686d57bb9605fedb219ebdcdb8ee09b33660fc52cd8c120,efb2c9b0cb1be3de920b75bf0f5f5f1cace273389576971cd0b9d19ef382067d,3049c664dd1b2e517d0ef8b59c0078d485f327951d4603e1bc460e11248013c2
2026-27:45,6,3.7176753096099664,2026-10-10T09:11:16Z,2026-10-10T10:00:00Z,Current formula at this deadline. This file does not replace the published Gameweeks 1-5 total of 280.,ffe911b65b5019529f8a7a322ad058e013a0e6146677c35d796f075e2572f09b,8e21d4821be776332f3504f55f85b4277f326f03513b2c7501fbdedf92b8b1a2,98e5bb4281312953f19a18383d2d6691e34279618c900c736d39c22085bb1b0a,f53c43b2c822d111bca9e3ae615ceb539ff324fbf9fae9a07ded738891b01546,477fee196153c242d686d57bb9605fedb219ebdcdb8ee09b33660fc52cd8c120,efb2c9b0cb1be3de920b75bf0f5f5f1cace273389576971cd0b9d19ef382067d,3049c664dd1b2e517d0ef8b59c0078d485f327951d4603e1bc460e11248013c2
2026-27:453,6,3.634969237070285,2026-10-10T09:11:16Z,2026-10-10T10:00:00Z,Current formula at this deadline. This file does not replace the published Gameweeks 1-5 total of 280.,ffe911b65b5019529f8a7a322ad058e013a0e6146677c35d796f075e2572f09b,8e21d4821be776332f3504f55f85b4277f326f03513b2c7501fbdedf92b8b1a2,98e5bb4281312953f19a18383d2d6691e34279618c900c736d39c22085bb1b0a,f53c43b2c822d111bca9e3ae615ceb539ff324fbf9fae9a07ded738891b01546,477fee196153c242d686d57bb9605fedb219ebdcdb8ee09b33660fc52cd8c120,efb2c9b0cb1be3de920b75bf0f5f5f1cace273389576971cd0b9d19ef382067d,3049c664dd1b2e517d0ef8b59c0078d485f327951d4603e1bc460e11248013c2
2026-27:455,6,3.0885335641707106,2026-10-10T09:11:16Z,2026-10-10T10:00:00Z,Current formula at this deadline. This file does not replace the published Gameweeks 1-5 total of 280.,ffe911b65b5019529f8a7a322ad058e013a0e6146677c35d796f075e2572f09b,8e21d4821be776332f3504f55f85b4277f326f03513b2c7501fbdedf92b8b1a2,98e5bb4281312953f19a18383d2d6691e34279618c900c736d39c22085bb1b0a,f53c43b2c822d111bca9e3ae615ceb539ff324fbf9fae9a07ded738891b01546,477fee196153c242d686d57bb9605fedb219ebdcdb8ee09b33660fc52cd8c120,efb2c9b0cb1be3de920b75bf0f5f5f1cace273389576971cd0b9d19ef382067d,3049c664dd1b2e517d0ef8b59c0078d485f327951d4603e1bc460e11248013c2
2026-27:457,6,2.407150668352299,2026-10-10T09:11:16Z,2026-10-10T10:00:00Z,Current formula at this deadline. This file does not replace the published Gameweeks 1-5 total of 280.,ffe911b65b5019529f8a7a322ad058e013a0e6146677c35d796f075e2572f09b,8e21d4821be776332f3504f55f85b4277f326f03513b2c7501fbdedf92b8b1a2,98e5bb4281312953f19a18383d2d6691e34279618c900c736d39c22085bb1b0a,f53c43b2c822d111bca9e3ae615ceb539ff324fbf9fae9a07ded738891b01546,477fee196153c242d686d57bb9605fedb219ebdcdb8ee09b33660fc52cd8c120,efb2c9b0cb1be3de920b75bf0f5f5f1cace273389576971cd0b9d19ef382067d,3049c664dd1b2e517d0ef8b59c0078d485f327951d4603e1bc460e11248013c2
2026-27:458,6,2.2431943479737604,2026-10-10T09:11:16Z,2026-10-10T10:00:00Z,Current formula at this deadline. This file does not replace the published Gameweeks 1-5 total of 280.,ffe911b65b5019529f8a7a322ad058e013a0e6146677c35d796f075e2572f09b,8e21d4821be776332f3504f55f85b4277f326f03513b2c7501fbdedf92b8b1a2,98e5bb4281312953f19a18383d2d6691e34279618c900c736d39c22085bb1b0a,f53c43b2c822d111bca9e3ae615ceb539ff324fbf9fae9a07ded738891b01546,477fee196153c242d686d57bb9605fedb219ebdcdb8ee09b33660fc52cd8c120,efb2c9b0cb1be3de920b75bf0f5f5f1cace273389576971cd0b9d19ef382067d,3049c664dd1b2e517d0ef8b59c0078d485f327951d4603e1bc460e11248013c2
2026-27:46,6,2.700096918495856,2026-10-10T09:11:16Z,2026-10-10T10:00:00Z,Current formula at this deadline. This file does not replace the published Gameweeks 1-5 total of 280.,ffe911b65b5019529f8a7a322ad058e013a0e6146677c35d796f075e2572f09b,8e21d4821be776332f3504f55f85b4277f326f03513b2c7501fbdedf92b8b1a2,98e5bb4281312953f19a18383d2d6691e34279618c900c736d39c22085bb1b0a,f53c43b2c822d111bca9e3ae615ceb539ff324fbf9fae9a07ded738891b01546,477fee196153c242d686d57bb9605fedb219ebdcdb8ee09b33660fc52cd8c120,efb2c9b0cb1be3de920b75bf0f5f5f1cace273389576971cd0b9d19ef382067d,3049c664dd1b2e517d0ef8b59c0078d485f327951d4603e1bc460e11248013c2
2026-27:460,6,3.7957190283248905,2026-10-10T09:11:16Z,2026-10-10T10:00:00Z,Current formula at this deadline. This file does not replace the published Gameweeks 1-5 total of 280.,ffe911b65b5019529f8a7a322ad058e013a0e6146677c35d796f075e2572f09b,8e21d4821be776332f3504f55f85b4277f326f03513b2c7501fbdedf92b8b1a2,98e5bb4281312953f19a18383d2d6691e34279618c900c736d39c22085bb1b0a,f53c43b2c822d111bca9e3ae615ceb539ff324fbf9fae9a07ded738891b01546,477fee196153c242d686d57bb9605fedb219ebdcdb8ee09b33660fc52cd8c120,efb2c9b0cb1be3de920b75bf0f5f5f1cace273389576971cd0b9d19ef382067d,3049c664dd1b2e517d0ef8b59c0078d485f327951d4603e1bc460e11248013c2
2026-27:464,6,4.787776506900638,2026-10-10T09:11:16Z,2026-10-10T10:00:00Z,Current formula at this deadline. This file does not replace the published Gameweeks 1-5 total of 280.,ffe911b65b5019529f8a7a322ad058e013a0e6146677c35d796f075e2572f09b,8e21d4821be776332f3504f55f85b4277f326f03513b2c7501fbdedf92b8b1a2,98e5bb4281312953f19a18383d2d6691e34279618c900c736d39c22085bb1b0a,f53c43b2c822d111bca9e3ae615ceb539ff324fbf9fae9a07ded738891b01546,477fee196153c242d686d57bb9605fedb219ebdcdb8ee09b33660fc52cd8c120,efb2c9b0cb1be3de920b75bf0f5f5f1cace273389576971cd0b9d19ef382067d,3049c664dd1b2e517d0ef8b59c0078d485f327951d4603e1bc460e11248013c2
2026-27:467,6,3.4751128016907153,2026-10-10T09:11:16Z,2026-10-10T10:00:00Z,Current formula at this deadline. This file does not replace the published Gameweeks 1-5 total of 280.,ffe911b65b5019529f8a7a322ad058e013a0e6146677c35d796f075e2572f09b,8e21d4821be776332f3504f55f85b4277f326f03513b2c7501fbdedf92b8b1a2,98e5bb4281312953f19a18383d2d6691e34279618c900c736d39c22085bb1b0a,f53c43b2c822d111bca9e3ae615ceb539ff324fbf9fae9a07ded738891b01546,477fee196153c242d686d57bb9605fedb219ebdcdb8ee09b33660fc52cd8c120,efb2c9b0cb1be3de920b75bf0f5f5f1cace273389576971cd0b9d19ef382067d,3049c664dd1b2e517d0ef8b59c0078d485f327951d4603e1bc460e11248013c2
2026-27:469,6,2.8272288128005236,2026-10-10T09:11:16Z,2026-10-10T10:00:00Z,Current formula at this deadline. This file does not replace the published Gameweeks 1-5 total of 280.,ffe911b65b5019529f8a7a322ad058e013a0e6146677c35d796f075e2572f09b,8e21d4821be776332f3504f55f85b4277f326f03513b2c7501fbdedf92b8b1a2,98e5bb4281312953f19a18383d2d6691e34279618c900c736d39c22085bb1b0a,f53c43b2c822d111bca9e3ae615ceb539ff324fbf9fae9a07ded738891b01546,477fee196153c242d686d57bb9605fedb219ebdcdb8ee09b33660fc52cd8c120,efb2c9b0cb1be3de920b75bf0f5f5f1cace273389576971cd0b9d19ef382067d,3049c664dd1b2e517d0ef8b59c0078d485f327951d4603e1bc460e11248013c2
2026-27:47,6,2.568473138838598,2026-10-10T09:11:16Z,2026-10-10T10:00:00Z,Current formula at this deadline. This file does not replace the published Gameweeks 1-5 total of 280.,ffe911b65b5019529f8a7a322ad058e013a0e6146677c35d796f075e2572f09b,8e21d4821be776332f3504f55f85b4277f326f03513b2c7501fbdedf92b8b1a2,98e5bb4281312953f19a18383d2d6691e34279618c900c736d39c22085bb1b0a,f53c43b2c822d111bca9e3ae615ceb539ff324fbf9fae9a07ded738891b01546,477fee196153c242d686d57bb9605fedb219ebdcdb8ee09b33660fc52cd8c120,efb2c9b0cb1be3de920b75bf0f5f5f1cace273389576971cd0b9d19ef382067d,3049c664dd1b2e517d0ef8b59c0078d485f327951d4603e1bc460e11248013c2
2026-27:472,6,4.930997298921462,2026-10-10T09:11:16Z,2026-10-10T10:00:00Z,Current formula at this deadline. This file does not replace the published Gameweeks 1-5 total of 280.,ffe911b65b5019529f8a7a322ad058e013a0e6146677c35d796f075e2572f09b,8e21d4821be776332f3504f55f85b4277f326f03513b2c7501fbdedf92b8b1a2,98e5bb4281312953f19a18383d2d6691e34279618c900c736d39c22085bb1b0a,f53c43b2c822d111bca9e3ae615ceb539ff324fbf9fae9a07ded738891b01546,477fee196153c242d686d57bb9605fedb219ebdcdb8ee09b33660fc52cd8c120,efb2c9b0cb1be3de920b75bf0f5f5f1cace273389576971cd0b9d19ef382067d,3049c664dd1b2e517d0ef8b59c0078d485f327951d4603e1bc460e11248013c2
2026-27:473,6,2.399131684854964,2026-10-10T09:11:16Z,2026-10-10T10:00:00Z,Current formula at this deadline. This file does not replace the published Gameweeks 1-5 total of 280.,ffe911b65b5019529f8a7a322ad058e013a0e6146677c35d796f075e2572f09b,8e21d4821be776332f3504f55f85b4277f326f03513b2c7501fbdedf92b8b1a2,98e5bb4281312953f19a18383d2d6691e34279618c900c736d39c22085bb1b0a,f53c43b2c822d111bca9e3ae615ceb539ff324fbf9fae9a07ded738891b01546,477fee196153c242d686d57bb9605fedb219ebdcdb8ee09b33660fc52cd8c120,efb2c9b0cb1be3de920b75bf0f5f5f1cace273389576971cd0b9d19ef382067d,3049c664dd1b2e517d0ef8b59c0078d485f327951d4603e1bc460e11248013c2
2026-27:474,6,3.1577115688323203,2026-10-10T09:11:16Z,2026-10-10T10:00:00Z,Current formula at this deadline. This file does not replace the published Gameweeks 1-5 total of 280.,ffe911b65b5019529f8a7a322ad058e013a0e6146677c35d796f075e2572f09b,8e21d4821be776332f3504f55f85b4277f326f03513b2c7501fbdedf92b8b1a2,98e5bb4281312953f19a18383d2d6691e34279618c900c736d39c22085bb1b0a,f53c43b2c822d111bca9e3ae615ceb539ff324fbf9fae9a07ded738891b01546,477fee196153c242d686d57bb9605fedb219ebdcdb8ee09b33660fc52cd8c120,efb2c9b0cb1be3de920b75bf0f5f5f1cace273389576971cd0b9d19ef382067d,3049c664dd1b2e517d0ef8b59c0078d485f327951d4603e1bc460e11248013c2
2026-27:480,6,4.4921170934739685,2026-10-10T09:11:16Z,2026-10-10T10:00:00Z,Current formula at this deadline. This file does not replace the published Gameweeks 1-5 total of 280.,ffe911b65b5019529f8a7a322ad058e013a0e6146677c35d796f075e2572f09b,8e21d4821be776332f3504f55f85b4277f326f03513b2c7501fbdedf92b8b1a2,98e5bb4281312953f19a18383d2d6691e34279618c900c736d39c22085bb1b0a,f53c43b2c822d111bca9e3ae615ceb539ff324fbf9fae9a07ded738891b01546,477fee196153c242d686d57bb9605fedb219ebdcdb8ee09b33660fc52cd8c120,efb2c9b0cb1be3de920b75bf0f5f5f1cace273389576971cd0b9d19ef382067d,3049c664dd1b2e517d0ef8b59c0078d485f327951d4603e1bc460e11248013c2
2026-27:481,6,3.395435051202607,2026-10-10T09:11:16Z,2026-10-10T10:00:00Z,Current formula at this deadline. This file does not replace the published Gameweeks 1-5 total of 280.,ffe911b65b5019529f8a7a322ad058e013a0e6146677c35d796f075e2572f09b,8e21d4821be776332f3504f55f85b4277f326f03513b2c7501fbdedf92b8b1a2,98e5bb4281312953f19a18383d2d6691e34279618c900c736d39c22085bb1b0a,f53c43b2c822d111bca9e3ae615ceb539ff324fbf9fae9a07ded738891b01546,477fee196153c242d686d57bb9605fedb219ebdcdb8ee09b33660fc52cd8c120,efb2c9b0cb1be3de920b75bf0f5f5f1cace273389576971cd0b9d19ef382067d,3049c664dd1b2e517d0ef8b59c0078d485f327951d4603e1bc460e11248013c2
2026-27:483,6,3.9711535338311887,2026-10-10T09:11:16Z,2026-10-10T10:00:00Z,Current formula at this deadline. This file does not replace the published Gameweeks 1-5 total of 280.,ffe911b65b5019529f8a7a322ad058e013a0e6146677c35d796f075e2572f09b,8e21d4821be776332f3504f55f85b4277f326f03513b2c7501fbdedf92b8b1a2,98e5bb4281312953f19a18383d2d6691e34279618c900c736d39c22085bb1b0a,f53c43b2c822d111bca9e3ae615ceb539ff324fbf9fae9a07ded738891b01546,477fee196153c242d686d57bb9605fedb219ebdcdb8ee09b33660fc52cd8c120,efb2c9b0cb1be3de920b75bf0f5f5f1cace273389576971cd0b9d19ef382067d,3049c664dd1b2e517d0ef8b59c0078d485f327951d4603e1bc460e11248013c2
2026-27:486,6,3.4867519016219664,2026-10-10T09:11:16Z,2026-10-10T10:00:00Z,Current formula at this deadline. This file does not replace the published Gameweeks 1-5 total of 280.,ffe911b65b5019529f8a7a322ad058e013a0e6146677c35d796f075e2572f09b,8e21d4821be776332f3504f55f85b4277f326f03513b2c7501fbdedf92b8b1a2,98e5bb4281312953f19a18383d2d6691e34279618c900c736d39c22085bb1b0a,f53c43b2c822d111bca9e3ae615ceb539ff324fbf9fae9a07ded738891b01546,477fee196153c242d686d57bb9605fedb219ebdcdb8ee09b33660fc52cd8c120,efb2c9b0cb1be3de920b75bf0f5f5f1cace273389576971cd0b9d19ef382067d,3049c664dd1b2e517d0ef8b59c0078d485f327951d4603e1bc460e11248013c2
2026-27:496,6,3.227393658375959,2026-10-10T09:11:16Z,2026-10-10T10:00:00Z,Current formula at this deadline. This file does not replace the published Gameweeks 1-5 total of 280.,ffe911b65b5019529f8a7a322ad058e013a0e6146677c35d796f075e2572f09b,8e21d4821be776332f3504f55f85b4277f326f03513b2c7501fbdedf92b8b1a2,98e5bb4281312953f19a18383d2d6691e34279618c900c736d39c22085bb1b0a,f53c43b2c822d111bca9e3ae615ceb539ff324fbf9fae9a07ded738891b01546,477fee196153c242d686d57bb9605fedb219ebdcdb8ee09b33660fc52cd8c120,efb2c9b0cb1be3de920b75bf0f5f5f1cace273389576971cd0b9d19ef382067d,3049c664dd1b2e517d0ef8b59c0078d485f327951d4603e1bc460e11248013c2
2026-27:501,6,2.628450196220545,2026-10-10T09:11:16Z,2026-10-10T10:00:00Z,Current formula at this deadline. This file does not replace the published Gameweeks 1-5 total of 280.,ffe911b65b5019529f8a7a322ad058e013a0e6146677c35d796f075e2572f09b,8e21d4821be776332f3504f55f85b4277f326f03513b2c7501fbdedf92b8b1a2,98e5bb4281312953f19a18383d2d6691e34279618c900c736d39c22085bb1b0a,f53c43b2c822d111bca9e3ae615ceb539ff324fbf9fae9a07ded738891b01546,477fee196153c242d686d57bb9605fedb219ebdcdb8ee09b33660fc52cd8c120,efb2c9b0cb1be3de920b75bf0f5f5f1cace273389576971cd0b9d19ef382067d,3049c664dd1b2e517d0ef8b59c0078d485f327951d4603e1bc460e11248013c2
2026-27:502,6,2.8007593980597085,2026-10-10T09:11:16Z,2026-10-10T10:00:00Z,Current formula at this deadline. This file does not replace the published Gameweeks 1-5 total of 280.,ffe911b65b5019529f8a7a322ad058e013a0e6146677c35d796f075e2572f09b,8e21d4821be776332f3504f55f85b4277f326f03513b2c7501fbdedf92b8b1a2,98e5bb4281312953f19a18383d2d6691e34279618c900c736d39c22085bb1b0a,f53c43b2c822d111bca9e3ae615ceb539ff324fbf9fae9a07ded738891b01546,477fee196153c242d686d57bb9605fedb219ebdcdb8ee09b33660fc52cd8c120,efb2c9b0cb1be3de920b75bf0f5f5f1cace273389576971cd0b9d19ef382067d,3049c664dd1b2e517d0ef8b59c0078d485f327951d4603e1bc460e11248013c2
2026-27:503,6,2.7482805341576264,2026-10-10T09:11:16Z,2026-10-10T10:00:00Z,Current formula at this deadline. This file does not replace the published Gameweeks 1-5 total of 280.,ffe911b65b5019529f8a7a322ad058e013a0e6146677c35d796f075e2572f09b,8e21d4821be776332f3504f55f85b4277f326f03513b2c7501fbdedf92b8b1a2,98e5bb4281312953f19a18383d2d6691e34279618c900c736d39c22085bb1b0a,f53c43b2c822d111bca9e3ae615ceb539ff324fbf9fae9a07ded738891b01546,477fee196153c242d686d57bb9605fedb219ebdcdb8ee09b33660fc52cd8c120,efb2c9b0cb1be3de920b75bf0f5f5f1cace273389576971cd0b9d19ef382067d,3049c664dd1b2e517d0ef8b59c0078d485f327951d4603e1bc460e11248013c2
2026-27:504,6,4.02982120709821,2026-10-10T09:11:16Z,2026-10-10T10:00:00Z,Current formula at this deadline. This file does not replace the published Gameweeks 1-5 total of 280.,ffe911b65b5019529f8a7a322ad058e013a0e6146677c35d796f075e2572f09b,8e21d4821be776332f3504f55f85b4277f326f03513b2c7501fbdedf92b8b1a2,98e5bb4281312953f19a18383d2d6691e34279618c900c736d39c22085bb1b0a,f53c43b2c822d111bca9e3ae615ceb539ff324fbf9fae9a07ded738891b01546,477fee196153c242d686d57bb9605fedb219ebdcdb8ee09b33660fc52cd8c120,efb2c9b0cb1be3de920b75bf0f5f5f1cace273389576971cd0b9d19ef382067d,3049c664dd1b2e517d0ef8b59c0078d485f327951d4603e1bc460e11248013c2
2026-27:51,6,1.9198413428570351,2026-10-10T09:11:16Z,2026-10-10T10:00:00Z,Current formula at this deadline. This file does not replace the published Gameweeks 1-5 total of 280.,ffe911b65b5019529f8a7a322ad058e013a0e6146677c35d796f075e2572f09b,8e21d4821be776332f3504f55f85b4277f326f03513b2c7501fbdedf92b8b1a2,98e5bb4281312953f19a18383d2d6691e34279618c900c736d39c22085bb1b0a,f53c43b2c822d111bca9e3ae615ceb539ff324fbf9fae9a07ded738891b01546,477fee196153c242d686d57bb9605fedb219ebdcdb8ee09b33660fc52cd8c120,efb2c9b0cb1be3de920b75bf0f5f5f1cace273389576971cd0b9d19ef382067d,3049c664dd1b2e517d0ef8b59c0078d485f327951d4603e1bc460e11248013c2
2026-27:516,6,3.0190972214589396,2026-10-10T09:11:16Z,2026-10-10T10:00:00Z,Current formula at this deadline. This file does not replace the published Gameweeks 1-5 total of 280.,ffe911b65b5019529f8a7a322ad058e013a0e6146677c35d796f075e2572f09b,8e21d4821be776332f3504f55f85b4277f326f03513b2c7501fbdedf92b8b1a2,98e5bb4281312953f19a18383d2d6691e34279618c900c736d39c22085bb1b0a,f53c43b2c822d111bca9e3ae615ceb539ff324fbf9fae9a07ded738891b01546,477fee196153c242d686d57bb9605fedb219ebdcdb8ee09b33660fc52cd8c120,efb2c9b0cb1be3de920b75bf0f5f5f1cace273389576971cd0b9d19ef382067d,3049c664dd1b2e517d0ef8b59c0078d485f327951d4603e1bc460e11248013c2
2026-27:522,6,2.095574603396344,2026-10-10T09:11:16Z,2026-10-10T10:00:00Z,Current formula at this deadline. This file does not replace the published Gameweeks 1-5 total of 280.,ffe911b65b5019529f8a7a322ad058e013a0e6146677c35d796f075e2572f09b,8e21d4821be776332f3504f55f85b4277f326f03513b2c7501fbdedf92b8b1a2,98e5bb4281312953f19a18383d2d6691e34279618c900c736d39c22085bb1b0a,f53c43b2c822d111bca9e3ae615ceb539ff324fbf9fae9a07ded738891b01546,477fee196153c242d686d57bb9605fedb219ebdcdb8ee09b33660fc52cd8c120,efb2c9b0cb1be3de920b75bf0f5f5f1cace273389576971cd0b9d19ef382067d,3049c664dd1b2e517d0ef8b59c0078d485f327951d4603e1bc460e11248013c2
2026-27:528,6,0.0,2026-10-10T09:11:16Z,2026-10-10T10:00:00Z,Current formula at this deadline. This file does not replace the published Gameweeks 1-5 total of 280.,ffe911b65b5019529f8a7a322ad058e013a0e6146677c35d796f075e2572f09b,8e21d4821be776332f3504f55f85b4277f326f03513b2c7501fbdedf92b8b1a2,98e5bb4281312953f19a18383d2d6691e34279618c900c736d39c22085bb1b0a,f53c43b2c822d111bca9e3ae615ceb539ff324fbf9fae9a07ded738891b01546,477fee196153c242d686d57bb9605fedb219ebdcdb8ee09b33660fc52cd8c120,efb2c9b0cb1be3de920b75bf0f5f5f1cace273389576971cd0b9d19ef382067d,3049c664dd1b2e517d0ef8b59c0078d485f327951d4603e1bc460e11248013c2
2026-27:529,6,3.412827833040724,2026-10-10T09:11:16Z,2026-10-10T10:00:00Z,Current formula at this deadline. This file does not replace the published Gameweeks 1-5 total of 280.,ffe911b65b5019529f8a7a322ad058e013a0e6146677c35d796f075e2572f09b,8e21d4821be776332f3504f55f85b4277f326f03513b2c7501fbdedf92b8b1a2,98e5bb4281312953f19a18383d2d6691e34279618c900c736d39c22085bb1b0a,f53c43b2c822d111bca9e3ae615ceb539ff324fbf9fae9a07ded738891b01546,477fee196153c242d686d57bb9605fedb219ebdcdb8ee09b33660fc52cd8c120,efb2c9b0cb1be3de920b75bf0f5f5f1cace273389576971cd0b9d19ef382067d,3049c664dd1b2e517d0ef8b59c0078d485f327951d4603e1bc460e11248013c2
2026-27:533,6,4.035559894663715,2026-10-10T09:11:16Z,2026-10-10T10:00:00Z,Current formula at this deadline. This file does not replace the published Gameweeks 1-5 total of 280.,ffe911b65b5019529f8a7a322ad058e013a0e6146677c35d796f075e2572f09b,8e21d4821be776332f3504f55f85b4277f326f03513b2c7501fbdedf92b8b1a2,98e5bb4281312953f19a18383d2d6691e34279618c900c736d39c22085bb1b0a,f53c43b2c822d111bca9e3ae615ceb539ff324fbf9fae9a07ded738891b01546,477fee196153c242d686d57bb9605fedb219ebdcdb8ee09b33660fc52cd8c120,efb2c9b0cb1be3de920b75bf0f5f5f1cace273389576971cd0b9d19ef382067d,3049c664dd1b2e517d0ef8b59c0078d485f327951d4603e1bc460e11248013c2
2026-27:536,6,2.703962511499195,2026-10-10T09:11:16Z,2026-10-10T10:00:00Z,Current formula at this deadline. This file does not replace the published Gameweeks 1-5 total of 280.,ffe911b65b5019529f8a7a322ad058e013a0e6146677c35d796f075e2572f09b,8e21d4821be776332f3504f55f85b4277f326f03513b2c7501fbdedf92b8b1a2,98e5bb4281312953f19a18383d2d6691e34279618c900c736d39c22085bb1b0a,f53c43b2c822d111bca9e3ae615ceb539ff324fbf9fae9a07ded738891b01546,477fee196153c242d686d57bb9605fedb219ebdcdb8ee09b33660fc52cd8c120,efb2c9b0cb1be3de920b75bf0f5f5f1cace273389576971cd0b9d19ef382067d,3049c664dd1b2e517d0ef8b59c0078d485f327951d4603e1bc460e11248013c2
2026-27:541,6,3.099353649895834,2026-10-10T09:11:16Z,2026-10-10T10:00:00Z,Current formula at this deadline. This file does not replace the published Gameweeks 1-5 total of 280.,ffe911b65b5019529f8a7a322ad058e013a0e6146677c35d796f075e2572f09b,8e21d4821be776332f3504f55f85b4277f326f03513b2c7501fbdedf92b8b1a2,98e5bb4281312953f19a18383d2d6691e34279618c900c736d39c22085bb1b0a,f53c43b2c822d111bca9e3ae615ceb539ff324fbf9fae9a07ded738891b01546,477fee196153c242d686d57bb9605fedb219ebdcdb8ee09b33660fc52cd8c120,efb2c9b0cb1be3de920b75bf0f5f5f1cace273389576971cd0b9d19ef382067d,3049c664dd1b2e517d0ef8b59c0078d485f327951d4603e1bc460e11248013c2
2026-27:542,6,4.2935308455304,2026-10-10T09:11:16Z,2026-10-10T10:00:00Z,Current formula at this deadline. This file does not replace the published Gameweeks 1-5 total of 280.,ffe911b65b5019529f8a7a322ad058e013a0e6146677c35d796f075e2572f09b,8e21d4821be776332f3504f55f85b4277f326f03513b2c7501fbdedf92b8b1a2,98e5bb4281312953f19a18383d2d6691e34279618c900c736d39c22085bb1b0a,f53c43b2c822d111bca9e3ae615ceb539ff324fbf9fae9a07ded738891b01546,477fee196153c242d686d57bb9605fedb219ebdcdb8ee09b33660fc52cd8c120,efb2c9b0cb1be3de920b75bf0f5f5f1cace273389576971cd0b9d19ef382067d,3049c664dd1b2e517d0ef8b59c0078d485f327951d4603e1bc460e11248013c2
2026-27:544,6,3.7416886588821163,2026-10-10T09:11:16Z,2026-10-10T10:00:00Z,Current formula at this deadline. This file does not replace the published Gameweeks 1-5 total of 280.,ffe911b65b5019529f8a7a322ad058e013a0e6146677c35d796f075e2572f09b,8e21d4821be776332f3504f55f85b4277f326f03513b2c7501fbdedf92b8b1a2,98e5bb4281312953f19a18383d2d6691e34279618c900c736d39c22085bb1b0a,f53c43b2c822d111bca9e3ae615ceb539ff324fbf9fae9a07ded738891b01546,477fee196153c242d686d57bb9605fedb219ebdcdb8ee09b33660fc52cd8c120,efb2c9b0cb1be3de920b75bf0f5f5f1cace273389576971cd0b9d19ef382067d,3049c664dd1b2e517d0ef8b59c0078d485f327951d4603e1bc460e11248013c2
2026-27:545,6,2.6295015296995983,2026-10-10T09:11:16Z,2026-10-10T10:00:00Z,Current formula at this deadline. This file does not replace the published Gameweeks 1-5 total of 280.,ffe911b65b5019529f8a7a322ad058e013a0e6146677c35d796f075e2572f09b,8e21d4821be776332f3504f55f85b4277f326f03513b2c7501fbdedf92b8b1a2,98e5bb4281312953f19a18383d2d6691e34279618c900c736d39c22085bb1b0a,f53c43b2c822d111bca9e3ae615ceb539ff324fbf9fae9a07ded738891b01546,477fee196153c242d686d57bb9605fedb219ebdcdb8ee09b33660fc52cd8c120,efb2c9b0cb1be3de920b75bf0f5f5f1cace273389576971cd0b9d19ef382067d,3049c664dd1b2e517d0ef8b59c0078d485f327951d4603e1bc460e11248013c2
2026-27:551,6,2.698432986556976,2026-10-10T09:11:16Z,2026-10-10T10:00:00Z,Current formula at this deadline. This file does not replace the published Gameweeks 1-5 total of 280.,ffe911b65b5019529f8a7a322ad058e013a0e6146677c35d796f075e2572f09b,8e21d4821be776332f3504f55f85b4277f326f03513b2c7501fbdedf92b8b1a2,98e5bb4281312953f19a18383d2d6691e34279618c900c736d39c22085bb1b0a,f53c43b2c822d111bca9e3ae615ceb539ff324fbf9fae9a07ded738891b01546,477fee196153c242d686d57bb9605fedb219ebdcdb8ee09b33660fc52cd8c120,efb2c9b0cb1be3de920b75bf0f5f5f1cace273389576971cd0b9d19ef382067d,3049c664dd1b2e517d0ef8b59c0078d485f327951d4603e1bc460e11248013c2
2026-27:558,6,3.2855227431702456,2026-10-10T09:11:16Z,2026-10-10T10:00:00Z,Current formula at this deadline. This file does not replace the published Gameweeks 1-5 total of 280.,ffe911b65b5019529f8a7a322ad058e013a0e6146677c35d796f075e2572f09b,8e21d4821be776332f3504f55f85b4277f326f03513b2c7501fbdedf92b8b1a2,98e5bb4281312953f19a18383d2d6691e34279618c900c736d39c22085bb1b0a,f53c43b2c822d111bca9e3ae615ceb539ff324fbf9fae9a07ded738891b01546,477fee196153c242d686d57bb9605fedb219ebdcdb8ee09b33660fc52cd8c120,efb2c9b0cb1be3de920b75bf0f5f5f1cace273389576971cd0b9d19ef382067d,3049c664dd1b2e517d0ef8b59c0078d485f327951d4603e1bc460e11248013c2
2026-27:560,6,2.294939916991592,2026-10-10T09:11:16Z,2026-10-10T10:00:00Z,Current formula at this deadline. This file does not replace the published Gameweeks 1-5 total of 280.,ffe911b65b5019529f8a7a322ad058e013a0e6146677c35d796f075e2572f09b,8e21d4821be776332f3504f55f85b4277f326f03513b2c7501fbdedf92b8b1a2,98e5bb4281312953f19a18383d2d6691e34279618c900c736d39c22085bb1b0a,f53c43b2c822d111bca9e3ae615ceb539ff324fbf9fae9a07ded738891b01546,477fee196153c242d686d57bb9605fedb219ebdcdb8ee09b33660fc52cd8c120,efb2c9b0cb1be3de920b75bf0f5f5f1cace273389576971cd0b9d19ef382067d,3049c664dd1b2e517d0ef8b59c0078d485f327951d4603e1bc460e11248013c2
2026-27:564,6,3.4861513447383685,2026-10-10T09:11:16Z,2026-10-10T10:00:00Z,Current formula at this deadline. This file does not replace the published Gameweeks 1-5 total of 280.,ffe911b65b5019529f8a7a322ad058e013a0e6146677c35d796f075e2572f09b,8e21d4821be776332f3504f55f85b4277f326f03513b2c7501fbdedf92b8b1a2,98e5bb4281312953f19a18383d2d6691e34279618c900c736d39c22085bb1b0a,f53c43b2c822d111bca9e3ae615ceb539ff324fbf9fae9a07ded738891b01546,477fee196153c242d686d57bb9605fedb219ebdcdb8ee09b33660fc52cd8c120,efb2c9b0cb1be3de920b75bf0f5f5f1cace273389576971cd0b9d19ef382067d,3049c664dd1b2e517d0ef8b59c0078d485f327951d4603e1bc460e11248013c2
2026-27:565,6,3.4951086894450736,2026-10-10T09:11:16Z,2026-10-10T10:00:00Z,Current formula at this deadline. This file does not replace the published Gameweeks 1-5 total of 280.,ffe911b65b5019529f8a7a322ad058e013a0e6146677c35d796f075e2572f09b,8e21d4821be776332f3504f55f85b4277f326f03513b2c7501fbdedf92b8b1a2,98e5bb4281312953f19a18383d2d6691e34279618c900c736d39c22085bb1b0a,f53c43b2c822d111bca9e3ae615ceb539ff324fbf9fae9a07ded738891b01546,477fee196153c242d686d57bb9605fedb219ebdcdb8ee09b33660fc52cd8c120,efb2c9b0cb1be3de920b75bf0f5f5f1cace273389576971cd0b9d19ef382067d,3049c664dd1b2e517d0ef8b59c0078d485f327951d4603e1bc460e11248013c2
2026-27:566,6,4.667833502410412,2026-10-10T09:11:16Z,2026-10-10T10:00:00Z,Current formula at this deadline. This file does not replace the published Gameweeks 1-5 total of 280.,ffe911b65b5019529f8a7a322ad058e013a0e6146677c35d796f075e2572f09b,8e21d4821be776332f3504f55f85b4277f326f03513b2c7501fbdedf92b8b1a2,98e5bb4281312953f19a18383d2d6691e34279618c900c736d39c22085bb1b0a,f53c43b2c822d111bca9e3ae615ceb539ff324fbf9fae9a07ded738891b01546,477fee196153c242d686d57bb9605fedb219ebdcdb8ee09b33660fc52cd8c120,efb2c9b0cb1be3de920b75bf0f5f5f1cace273389576971cd0b9d19ef382067d,3049c664dd1b2e517d0ef8b59c0078d485f327951d4603e1bc460e11248013c2
2026-27:567,6,3.477553818337261,2026-10-10T09:11:16Z,2026-10-10T10:00:00Z,Current formula at this deadline. This file does not replace the published Gameweeks 1-5 total of 280.,ffe911b65b5019529f8a7a322ad058e013a0e6146677c35d796f075e2572f09b,8e21d4821be776332f3504f55f85b4277f326f03513b2c7501fbdedf92b8b1a2,98e5bb4281312953f19a18383d2d6691e34279618c900c736d39c22085bb1b0a,f53c43b2c822d111bca9e3ae615ceb539ff324fbf9fae9a07ded738891b01546,477fee196153c242d686d57bb9605fedb219ebdcdb8ee09b33660fc52cd8c120,efb2c9b0cb1be3de920b75bf0f5f5f1cace273389576971cd0b9d19ef382067d,3049c664dd1b2e517d0ef8b59c0078d485f327951d4603e1bc460e11248013c2
2026-27:569,6,4.109024644536865,2026-10-10T09:11:16Z,2026-10-10T10:00:00Z,Current formula at this deadline. This file does not replace the published Gameweeks 1-5 total of 280.,ffe911b65b5019529f8a7a322ad058e013a0e6146677c35d796f075e2572f09b,8e21d4821be776332f3504f55f85b4277f326f03513b2c7501fbdedf92b8b1a2,98e5bb4281312953f19a18383d2d6691e34279618c900c736d39c22085bb1b0a,f53c43b2c822d111bca9e3ae615ceb539ff324fbf9fae9a07ded738891b01546,477fee196153c242d686d57bb9605fedb219ebdcdb8ee09b33660fc52cd8c120,efb2c9b0cb1be3de920b75bf0f5f5f1cace273389576971cd0b9d19ef382067d,3049c664dd1b2e517d0ef8b59c0078d485f327951d4603e1bc460e11248013c2
2026-27:57,6,3.2602265786042834,2026-10-10T09:11:16Z,2026-10-10T10:00:00Z,Current formula at this deadline. This file does not replace the published Gameweeks 1-5 total of 280.,ffe911b65b5019529f8a7a322ad058e013a0e6146677c35d796f075e2572f09b,8e21d4821be776332f3504f55f85b4277f326f03513b2c7501fbdedf92b8b1a2,98e5bb4281312953f19a18383d2d6691e34279618c900c736d39c22085bb1b0a,f53c43b2c822d111bca9e3ae615ceb539ff324fbf9fae9a07ded738891b01546,477fee196153c242d686d57bb9605fedb219ebdcdb8ee09b33660fc52cd8c120,efb2c9b0cb1be3de920b75bf0f5f5f1cace273389576971cd0b9d19ef382067d,3049c664dd1b2e517d0ef8b59c0078d485f327951d4603e1bc460e11248013c2
2026-27:572,6,3.385059775727582,2026-10-10T09:11:16Z,2026-10-10T10:00:00Z,Current formula at this deadline. This file does not replace the published Gameweeks 1-5 total of 280.,ffe911b65b5019529f8a7a322ad058e013a0e6146677c35d796f075e2572f09b,8e21d4821be776332f3504f55f85b4277f326f03513b2c7501fbdedf92b8b1a2,98e5bb4281312953f19a18383d2d6691e34279618c900c736d39c22085bb1b0a,f53c43b2c822d111bca9e3ae615ceb539ff324fbf9fae9a07ded738891b01546,477fee196153c242d686d57bb9605fedb219ebdcdb8ee09b33660fc52cd8c120,efb2c9b0cb1be3de920b75bf0f5f5f1cace273389576971cd0b9d19ef382067d,3049c664dd1b2e517d0ef8b59c0078d485f327951d4603e1bc460e11248013c2
2026-27:579,6,2.843797525310678,2026-10-10T09:11:16Z,2026-10-10T10:00:00Z,Current formula at this deadline. This file does not replace the published Gameweeks 1-5 total of 280.,ffe911b65b5019529f8a7a322ad058e013a0e6146677c35d796f075e2572f09b,8e21d4821be776332f3504f55f85b4277f326f03513b2c7501fbdedf92b8b1a2,98e5bb4281312953f19a18383d2d6691e34279618c900c736d39c22085bb1b0a,f53c43b2c822d111bca9e3ae615ceb539ff324fbf9fae9a07ded738891b01546,477fee196153c242d686d57bb9605fedb219ebdcdb8ee09b33660fc52cd8c120,efb2c9b0cb1be3de920b75bf0f5f5f1cace273389576971cd0b9d19ef382067d,3049c664dd1b2e517d0ef8b59c0078d485f327951d4603e1bc460e11248013c2
2026-27:58,6,0.0,2026-10-10T09:11:16Z,2026-10-10T10:00:00Z,Current formula at this deadline. This file does not replace the published Gameweeks 1-5 total of 280.,ffe911b65b5019529f8a7a322ad058e013a0e6146677c35d796f075e2572f09b,8e21d4821be776332f3504f55f85b4277f326f03513b2c7501fbdedf92b8b1a2,98e5bb4281312953f19a18383d2d6691e34279618c900c736d39c22085bb1b0a,f53c43b2c822d111bca9e3ae615ceb539ff324fbf9fae9a07ded738891b01546,477fee196153c242d686d57bb9605fedb219ebdcdb8ee09b33660fc52cd8c120,efb2c9b0cb1be3de920b75bf0f5f5f1cace273389576971cd0b9d19ef382067d,3049c664dd1b2e517d0ef8b59c0078d485f327951d4603e1bc460e11248013c2
2026-27:580,6,3.199403903139004,2026-10-10T09:11:16Z,2026-10-10T10:00:00Z,Current formula at this deadline. This file does not replace the published Gameweeks 1-5 total of 280.,ffe911b65b5019529f8a7a322ad058e013a0e6146677c35d796f075e2572f09b,8e21d4821be776332f3504f55f85b4277f326f03513b2c7501fbdedf92b8b1a2,98e5bb4281312953f19a18383d2d6691e34279618c900c736d39c22085bb1b0a,f53c43b2c822d111bca9e3ae615ceb539ff324fbf9fae9a07ded738891b01546,477fee196153c242d686d57bb9605fedb219ebdcdb8ee09b33660fc52cd8c120,efb2c9b0cb1be3de920b75bf0f5f5f1cace273389576971cd0b9d19ef382067d,3049c664dd1b2e517d0ef8b59c0078d485f327951d4603e1bc460e11248013c2
2026-27:581,6,2.8783385228117067,2026-10-10T09:11:16Z,2026-10-10T10:00:00Z,Current formula at this deadline. This file does not replace the published Gameweeks 1-5 total of 280.,ffe911b65b5019529f8a7a322ad058e013a0e6146677c35d796f075e2572f09b,8e21d4821be776332f3504f55f85b4277f326f03513b2c7501fbdedf92b8b1a2,98e5bb4281312953f19a18383d2d6691e34279618c900c736d39c22085bb1b0a,f53c43b2c822d111bca9e3ae615ceb539ff324fbf9fae9a07ded738891b01546,477fee196153c242d686d57bb9605fedb219ebdcdb8ee09b33660fc52cd8c120,efb2c9b0cb1be3de920b75bf0f5f5f1cace273389576971cd0b9d19ef382067d,3049c664dd1b2e517d0ef8b59c0078d485f327951d4603e1bc460e11248013c2
2026-27:582,6,1.425,2026-10-10T09:11:16Z,2026-10-10T10:00:00Z,Current formula at this deadline. This file does not replace the published Gameweeks 1-5 total of 280.,ffe911b65b5019529f8a7a322ad058e013a0e6146677c35d796f075e2572f09b,8e21d4821be776332f3504f55f85b4277f326f03513b2c7501fbdedf92b8b1a2,98e5bb4281312953f19a18383d2d6691e34279618c900c736d39c22085bb1b0a,f53c43b2c822d111bca9e3ae615ceb539ff324fbf9fae9a07ded738891b01546,477fee196153c242d686d57bb9605fedb219ebdcdb8ee09b33660fc52cd8c120,efb2c9b0cb1be3de920b75bf0f5f5f1cace273389576971cd0b9d19ef382067d,3049c664dd1b2e517d0ef8b59c0078d485f327951d4603e1bc460e11248013c2
2026-27:583,6,2.812087060810185,2026-10-10T09:11:16Z,2026-10-10T10:00:00Z,Current formula at this deadline. This file does not replace the published Gameweeks 1-5 total of 280.,ffe911b65b5019529f8a7a322ad058e013a0e6146677c35d796f075e2572f09b,8e21d4821be776332f3504f55f85b4277f326f03513b2c7501fbdedf92b8b1a2,98e5bb4281312953f19a18383d2d6691e34279618c900c736d39c22085bb1b0a,f53c43b2c822d111bca9e3ae615ceb539ff324fbf9fae9a07ded738891b01546,477fee196153c242d686d57bb9605fedb219ebdcdb8ee09b33660fc52cd8c120,efb2c9b0cb1be3de920b75bf0f5f5f1cace273389576971cd0b9d19ef382067d,3049c664dd1b2e517d0ef8b59c0078d485f327951d4603e1bc460e11248013c2
2026-27:585,6,1.868483620310765,2026-10-10T09:11:16Z,2026-10-10T10:00:00Z,Current formula at this deadline. This file does not replace the published Gameweeks 1-5 total of 280.,ffe911b65b5019529f8a7a322ad058e013a0e6146677c35d796f075e2572f09b,8e21d4821be776332f3504f55f85b4277f326f03513b2c7501fbdedf92b8b1a2,98e5bb4281312953f19a18383d2d6691e34279618c900c736d39c22085bb1b0a,f53c43b2c822d111bca9e3ae615ceb539ff324fbf9fae9a07ded738891b01546,477fee196153c242d686d57bb9605fedb219ebdcdb8ee09b33660fc52cd8c120,efb2c9b0cb1be3de920b75bf0f5f5f1cace273389576971cd0b9d19ef382067d,3049c664dd1b2e517d0ef8b59c0078d485f327951d4603e1bc460e11248013c2
2026-27:588,6,5.1260781973446825,2026-10-10T09:11:16Z,2026-10-10T10:00:00Z,Current formula at this deadline. This file does not replace the published Gameweeks 1-5 total of 280.,ffe911b65b5019529f8a7a322ad058e013a0e6146677c35d796f075e2572f09b,8e21d4821be776332f3504f55f85b4277f326f03513b2c7501fbdedf92b8b1a2,98e5bb4281312953f19a18383d2d6691e34279618c900c736d39c22085bb1b0a,f53c43b2c822d111bca9e3ae615ceb539ff324fbf9fae9a07ded738891b01546,477fee196153c242d686d57bb9605fedb219ebdcdb8ee09b33660fc52cd8c120,efb2c9b0cb1be3de920b75bf0f5f5f1cace273389576971cd0b9d19ef382067d,3049c664dd1b2e517d0ef8b59c0078d485f327951d4603e1bc460e11248013c2
2026-27:591,6,4.05550784705462,2026-10-10T09:11:16Z,2026-10-10T10:00:00Z,Current formula at this deadline. This file does not replace the published Gameweeks 1-5 total of 280.,ffe911b65b5019529f8a7a322ad058e013a0e6146677c35d796f075e2572f09b,8e21d4821be776332f3504f55f85b4277f326f03513b2c7501fbdedf92b8b1a2,98e5bb4281312953f19a18383d2d6691e34279618c900c736d39c22085bb1b0a,f53c43b2c822d111bca9e3ae615ceb539ff324fbf9fae9a07ded738891b01546,477fee196153c242d686d57bb9605fedb219ebdcdb8ee09b33660fc52cd8c120,efb2c9b0cb1be3de920b75bf0f5f5f1cace273389576971cd0b9d19ef382067d,3049c664dd1b2e517d0ef8b59c0078d485f327951d4603e1bc460e11248013c2
2026-27:597,6,3.427444845358498,2026-10-10T09:11:16Z,2026-10-10T10:00:00Z,Current formula at this deadline. This file does not replace the published Gameweeks 1-5 total of 280.,ffe911b65b5019529f8a7a322ad058e013a0e6146677c35d796f075e2572f09b,8e21d4821be776332f3504f55f85b4277f326f03513b2c7501fbdedf92b8b1a2,98e5bb4281312953f19a18383d2d6691e34279618c900c736d39c22085bb1b0a,f53c43b2c822d111bca9e3ae615ceb539ff324fbf9fae9a07ded738891b01546,477fee196153c242d686d57bb9605fedb219ebdcdb8ee09b33660fc52cd8c120,efb2c9b0cb1be3de920b75bf0f5f5f1cace273389576971cd0b9d19ef382067d,3049c664dd1b2e517d0ef8b59c0078d485f327951d4603e1bc460e11248013c2
2026-27:598,6,2.557038214063365,2026-10-10T09:11:16Z,2026-10-10T10:00:00Z,Current formula at this deadline. This file does not replace the published Gameweeks 1-5 total of 280.,ffe911b65b5019529f8a7a322ad058e013a0e6146677c35d796f075e2572f09b,8e21d4821be776332f3504f55f85b4277f326f03513b2c7501fbdedf92b8b1a2,98e5bb4281312953f19a18383d2d6691e34279618c900c736d39c22085bb1b0a,f53c43b2c822d111bca9e3ae615ceb539ff324fbf9fae9a07ded738891b01546,477fee196153c242d686d57bb9605fedb219ebdcdb8ee09b33660fc52cd8c120,efb2c9b0cb1be3de920b75bf0f5f5f1cace273389576971cd0b9d19ef382067d,3049c664dd1b2e517d0ef8b59c0078d485f327951d4603e1bc460e11248013c2
2026-27:60,6,3.723229421972665,2026-10-10T09:11:16Z,2026-10-10T10:00:00Z,Current formula at this deadline. This file does not replace the published Gameweeks 1-5 total of 280.,ffe911b65b5019529f8a7a322ad058e013a0e6146677c35d796f075e2572f09b,8e21d4821be776332f3504f55f85b4277f326f03513b2c7501fbdedf92b8b1a2,98e5bb4281312953f19a18383d2d6691e34279618c900c736d39c22085bb1b0a,f53c43b2c822d111bca9e3ae615ceb539ff324fbf9fae9a07ded738891b01546,477fee196153c242d686d57bb9605fedb219ebdcdb8ee09b33660fc52cd8c120,efb2c9b0cb1be3de920b75bf0f5f5f1cace273389576971cd0b9d19ef382067d,3049c664dd1b2e517d0ef8b59c0078d485f327951d4603e1bc460e11248013c2
2026-27:605,6,3.308164101791805,2026-10-10T09:11:16Z,2026-10-10T10:00:00Z,Current formula at this deadline. This file does not replace the published Gameweeks 1-5 total of 280.,ffe911b65b5019529f8a7a322ad058e013a0e6146677c35d796f075e2572f09b,8e21d4821be776332f3504f55f85b4277f326f03513b2c7501fbdedf92b8b1a2,98e5bb4281312953f19a18383d2d6691e34279618c900c736d39c22085bb1b0a,f53c43b2c822d111bca9e3ae615ceb539ff324fbf9fae9a07ded738891b01546,477fee196153c242d686d57bb9605fedb219ebdcdb8ee09b33660fc52cd8c120,efb2c9b0cb1be3de920b75bf0f5f5f1cace273389576971cd0b9d19ef382067d,3049c664dd1b2e517d0ef8b59c0078d485f327951d4603e1bc460e11248013c2
2026-27:61,6,2.747562890435125,2026-10-10T09:11:16Z,2026-10-10T10:00:00Z,Current formula at this deadline. This file does not replace the published Gameweeks 1-5 total of 280.,ffe911b65b5019529f8a7a322ad058e013a0e6146677c35d796f075e2572f09b,8e21d4821be776332f3504f55f85b4277f326f03513b2c7501fbdedf92b8b1a2,98e5bb4281312953f19a18383d2d6691e34279618c900c736d39c22085bb1b0a,f53c43b2c822d111bca9e3ae615ceb539ff324fbf9fae9a07ded738891b01546,477fee196153c242d686d57bb9605fedb219ebdcdb8ee09b33660fc52cd8c120,efb2c9b0cb1be3de920b75bf0f5f5f1cace273389576971cd0b9d19ef382067d,3049c664dd1b2e517d0ef8b59c0078d485f327951d4603e1bc460e11248013c2
2026-27:611,6,2.2163707500145793,2026-10-10T09:11:16Z,2026-10-10T10:00:00Z,Current formula at this deadline. This file does not replace the published Gameweeks 1-5 total of 280.,ffe911b65b5019529f8a7a322ad058e013a0e6146677c35d796f075e2572f09b,8e21d4821be776332f3504f55f85b4277f326f03513b2c7501fbdedf92b8b1a2,98e5bb4281312953f19a18383d2d6691e34279618c900c736d39c22085bb1b0a,f53c43b2c822d111bca9e3ae615ceb539ff324fbf9fae9a07ded738891b01546,477fee196153c242d686d57bb9605fedb219ebdcdb8ee09b33660fc52cd8c120,efb2c9b0cb1be3de920b75bf0f5f5f1cace273389576971cd0b9d19ef382067d,3049c664dd1b2e517d0ef8b59c0078d485f327951d4603e1bc460e11248013c2
2026-27:619,6,3.286844987527665,2026-10-10T09:11:16Z,2026-10-10T10:00:00Z,Current formula at this deadline. This file does not replace the published Gameweeks 1-5 total of 280.,ffe911b65b5019529f8a7a322ad058e013a0e6146677c35d796f075e2572f09b,8e21d4821be776332f3504f55f85b4277f326f03513b2c7501fbdedf92b8b1a2,98e5bb4281312953f19a18383d2d6691e34279618c900c736d39c22085bb1b0a,f53c43b2c822d111bca9e3ae615ceb539ff324fbf9fae9a07ded738891b01546,477fee196153c242d686d57bb9605fedb219ebdcdb8ee09b33660fc52cd8c120,efb2c9b0cb1be3de920b75bf0f5f5f1cace273389576971cd0b9d19ef382067d,3049c664dd1b2e517d0ef8b59c0078d485f327951d4603e1bc460e11248013c2
2026-27:627,6,2.563710942930044,2026-10-10T09:11:16Z,2026-10-10T10:00:00Z,Current formula at this deadline. This file does not replace the published Gameweeks 1-5 total of 280.,ffe911b65b5019529f8a7a322ad058e013a0e6146677c35d796f075e2572f09b,8e21d4821be776332f3504f55f85b4277f326f03513b2c7501fbdedf92b8b1a2,98e5bb4281312953f19a18383d2d6691e34279618c900c736d39c22085bb1b0a,f53c43b2c822d111bca9e3ae615ceb539ff324fbf9fae9a07ded738891b01546,477fee196153c242d686d57bb9605fedb219ebdcdb8ee09b33660fc52cd8c120,efb2c9b0cb1be3de920b75bf0f5f5f1cace273389576971cd0b9d19ef382067d,3049c664dd1b2e517d0ef8b59c0078d485f327951d4603e1bc460e11248013c2
2026-27:634,6,1.7759446809425399,2026-10-10T09:11:16Z,2026-10-10T10:00:00Z,Current formula at this deadline. This file does not replace the published Gameweeks 1-5 total of 280.,ffe911b65b5019529f8a7a322ad058e013a0e6146677c35d796f075e2572f09b,8e21d4821be776332f3504f55f85b4277f326f03513b2c7501fbdedf92b8b1a2,98e5bb4281312953f19a18383d2d6691e34279618c900c736d39c22085bb1b0a,f53c43b2c822d111bca9e3ae615ceb539ff324fbf9fae9a07ded738891b01546,477fee196153c242d686d57bb9605fedb219ebdcdb8ee09b33660fc52cd8c120,efb2c9b0cb1be3de920b75bf0f5f5f1cace273389576971cd0b9d19ef382067d,3049c664dd1b2e517d0ef8b59c0078d485f327951d4603e1bc460e11248013c2
2026-27:64,6,2.1460243989732666,2026-10-10T09:11:16Z,2026-10-10T10:00:00Z,Current formula at this deadline. This file does not replace the published Gameweeks 1-5 total of 280.,ffe911b65b5019529f8a7a322ad058e013a0e6146677c35d796f075e2572f09b,8e21d4821be776332f3504f55f85b4277f326f03513b2c7501fbdedf92b8b1a2,98e5bb4281312953f19a18383d2d6691e34279618c900c736d39c22085bb1b0a,f53c43b2c822d111bca9e3ae615ceb539ff324fbf9fae9a07ded738891b01546,477fee196153c242d686d57bb9605fedb219ebdcdb8ee09b33660fc52cd8c120,efb2c9b0cb1be3de920b75bf0f5f5f1cace273389576971cd0b9d19ef382067d,3049c664dd1b2e517d0ef8b59c0078d485f327951d4603e1bc460e11248013c2
2026-27:644,6,3.4436806241585014,2026-10-10T09:11:16Z,2026-10-10T10:00:00Z,Current formula at this deadline. This file does not replace the published Gameweeks 1-5 total of 280.,ffe911b65b5019529f8a7a322ad058e013a0e6146677c35d796f075e2572f09b,8e21d4821be776332f3504f55f85b4277f326f03513b2c7501fbdedf92b8b1a2,98e5bb4281312953f19a18383d2d6691e34279618c900c736d39c22085bb1b0a,f53c43b2c822d111bca9e3ae615ceb539ff324fbf9fae9a07ded738891b01546,477fee196153c242d686d57bb9605fedb219ebdcdb8ee09b33660fc52cd8c120,efb2c9b0cb1be3de920b75bf0f5f5f1cace273389576971cd0b9d19ef382067d,3049c664dd1b2e517d0ef8b59c0078d485f327951d4603e1bc460e11248013c2
2026-27:649,6,3.4450276704976175,2026-10-10T09:11:16Z,2026-10-10T10:00:00Z,Current formula at this deadline. This file does not replace the published Gameweeks 1-5 total of 280.,ffe911b65b5019529f8a7a322ad058e013a0e6146677c35d796f075e2572f09b,8e21d4821be776332f3504f55f85b4277f326f03513b2c7501fbdedf92b8b1a2,98e5bb4281312953f19a18383d2d6691e34279618c900c736d39c22085bb1b0a,f53c43b2c822d111bca9e3ae615ceb539ff324fbf9fae9a07ded738891b01546,477fee196153c242d686d57bb9605fedb219ebdcdb8ee09b33660fc52cd8c120,efb2c9b0cb1be3de920b75bf0f5f5f1cace273389576971cd0b9d19ef382067d,3049c664dd1b2e517d0ef8b59c0078d485f327951d4603e1bc460e11248013c2
2026-27:650,6,4.059640044010981,2026-10-10T09:11:16Z,2026-10-10T10:00:00Z,Current formula at this deadline. This file does not replace the published Gameweeks 1-5 total of 280.,ffe911b65b5019529f8a7a322ad058e013a0e6146677c35d796f075e2572f09b,8e21d4821be776332f3504f55f85b4277f326f03513b2c7501fbdedf92b8b1a2,98e5bb4281312953f19a18383d2d6691e34279618c900c736d39c22085bb1b0a,f53c43b2c822d111bca9e3ae615ceb539ff324fbf9fae9a07ded738891b01546,477fee196153c242d686d57bb9605fedb219ebdcdb8ee09b33660fc52cd8c120,efb2c9b0cb1be3de920b75bf0f5f5f1cace273389576971cd0b9d19ef382067d,3049c664dd1b2e517d0ef8b59c0078d485f327951d4603e1bc460e11248013c2
2026-27:67,6,3.0851737257214635,2026-10-10T09:11:16Z,2026-10-10T10:00:00Z,Current formula at this deadline. This file does not replace the published Gameweeks 1-5 total of 280.,ffe911b65b5019529f8a7a322ad058e013a0e6146677c35d796f075e2572f09b,8e21d4821be776332f3504f55f85b4277f326f03513b2c7501fbdedf92b8b1a2,98e5bb4281312953f19a18383d2d6691e34279618c900c736d39c22085bb1b0a,f53c43b2c822d111bca9e3ae615ceb539ff324fbf9fae9a07ded738891b01546,477fee196153c242d686d57bb9605fedb219ebdcdb8ee09b33660fc52cd8c120,efb2c9b0cb1be3de920b75bf0f5f5f1cace273389576971cd0b9d19ef382067d,3049c664dd1b2e517d0ef8b59c0078d485f327951d4603e1bc460e11248013c2
2026-27:68,6,4.042145411205517,2026-10-10T09:11:16Z,2026-10-10T10:00:00Z,Current formula at this deadline. This file does not replace the published Gameweeks 1-5 total of 280.,ffe911b65b5019529f8a7a322ad058e013a0e6146677c35d796f075e2572f09b,8e21d4821be776332f3504f55f85b4277f326f03513b2c7501fbdedf92b8b1a2,98e5bb4281312953f19a18383d2d6691e34279618c900c736d39c22085bb1b0a,f53c43b2c822d111bca9e3ae615ceb539ff324fbf9fae9a07ded738891b01546,477fee196153c242d686d57bb9605fedb219ebdcdb8ee09b33660fc52cd8c120,efb2c9b0cb1be3de920b75bf0f5f5f1cace273389576971cd0b9d19ef382067d,3049c664dd1b2e517d0ef8b59c0078d485f327951d4603e1bc460e11248013c2
2026-27:73,6,3.0074905575999775,2026-10-10T09:11:16Z,2026-10-10T10:00:00Z,Current formula at this deadline. This file does not replace the published Gameweeks 1-5 total of 280.,ffe911b65b5019529f8a7a322ad058e013a0e6146677c35d796f075e2572f09b,8e21d4821be776332f3504f55f85b4277f326f03513b2c7501fbdedf92b8b1a2,98e5bb4281312953f19a18383d2d6691e34279618c900c736d39c22085bb1b0a,f53c43b2c822d111bca9e3ae615ceb539ff324fbf9fae9a07ded738891b01546,477fee196153c242d686d57bb9605fedb219ebdcdb8ee09b33660fc52cd8c120,efb2c9b0cb1be3de920b75bf0f5f5f1cace273389576971cd0b9d19ef382067d,3049c664dd1b2e517d0ef8b59c0078d485f327951d4603e1bc460e11248013c2
2026-27:79,6,2.708579561658013,2026-10-10T09:11:16Z,2026-10-10T10:00:00Z,Current formula at this deadline. This file does not replace the published Gameweeks 1-5 total of 280.,ffe911b65b5019529f8a7a322ad058e013a0e6146677c35d796f075e2572f09b,8e21d4821be776332f3504f55f85b4277f326f03513b2c7501fbdedf92b8b1a2,98e5bb4281312953f19a18383d2d6691e34279618c900c736d39c22085bb1b0a,f53c43b2c822d111bca9e3ae615ceb539ff324fbf9fae9a07ded738891b01546,477fee196153c242d686d57bb9605fedb219ebdcdb8ee09b33660fc52cd8c120,efb2c9b0cb1be3de920b75bf0f5f5f1cace273389576971cd0b9d19ef382067d,3049c664dd1b2e517d0ef8b59c0078d485f327951d4603e1bc460e11248013c2
2026-27:8,6,4.015925049213947,2026-10-10T09:11:16Z,2026-10-10T10:00:00Z,Current formula at this deadline. This file does not replace the published Gameweeks 1-5 total of 280.,ffe911b65b5019529f8a7a322ad058e013a0e6146677c35d796f075e2572f09b,8e21d4821be776332f3504f55f85b4277f326f03513b2c7501fbdedf92b8b1a2,98e5bb4281312953f19a18383d2d6691e34279618c900c736d39c22085bb1b0a,f53c43b2c822d111bca9e3ae615ceb539ff324fbf9fae9a07ded738891b01546,477fee196153c242d686d57bb9605fedb219ebdcdb8ee09b33660fc52cd8c120,efb2c9b0cb1be3de920b75bf0f5f5f1cace273389576971cd0b9d19ef382067d,3049c664dd1b2e517d0ef8b59c0078d485f327951d4603e1bc460e11248013c2
2026-27:82,6,3.4715825556594893,2026-10-10T09:11:16Z,2026-10-10T10:00:00Z,Current formula at this deadline. This file does not replace the published Gameweeks 1-5 total of 280.,ffe911b65b5019529f8a7a322ad058e013a0e6146677c35d796f075e2572f09b,8e21d4821be776332f3504f55f85b4277f326f03513b2c7501fbdedf92b8b1a2,98e5bb4281312953f19a18383d2d6691e34279618c900c736d39c22085bb1b0a,f53c43b2c822d111bca9e3ae615ceb539ff324fbf9fae9a07ded738891b01546,477fee196153c242d686d57bb9605fedb219ebdcdb8ee09b33660fc52cd8c120,efb2c9b0cb1be3de920b75bf0f5f5f1cace273389576971cd0b9d19ef382067d,3049c664dd1b2e517d0ef8b59c0078d485f327951d4603e1bc460e11248013c2
2026-27:86,6,3.654959913520391,2026-10-10T09:11:16Z,2026-10-10T10:00:00Z,Current formula at this deadline. This file does not replace the published Gameweeks 1-5 total of 280.,ffe911b65b5019529f8a7a322ad058e013a0e6146677c35d796f075e2572f09b,8e21d4821be776332f3504f55f85b4277f326f03513b2c7501fbdedf92b8b1a2,98e5bb4281312953f19a18383d2d6691e34279618c900c736d39c22085bb1b0a,f53c43b2c822d111bca9e3ae615ceb539ff324fbf9fae9a07ded738891b01546,477fee196153c242d686d57bb9605fedb219ebdcdb8ee09b33660fc52cd8c120,efb2c9b0cb1be3de920b75bf0f5f5f1cace273389576971cd0b9d19ef382067d,3049c664dd1b2e517d0ef8b59c0078d485f327951d4603e1bc460e11248013c2
2026-27:87,6,3.599768010224764,2026-10-10T09:11:16Z,2026-10-10T10:00:00Z,Current formula at this deadline. This file does not replace the published Gameweeks 1-5 total of 280.,ffe911b65b5019529f8a7a322ad058e013a0e6146677c35d796f075e2572f09b,8e21d4821be776332f3504f55f85b4277f326f03513b2c7501fbdedf92b8b1a2,98e5bb4281312953f19a18383d2d6691e34279618c900c736d39c22085bb1b0a,f53c43b2c822d111bca9e3ae615ceb539ff324fbf9fae9a07ded738891b01546,477fee196153c242d686d57bb9605fedb219ebdcdb8ee09b33660fc52cd8c120,efb2c9b0cb1be3de920b75bf0f5f5f1cace273389576971cd0b9d19ef382067d,3049c664dd1b2e517d0ef8b59c0078d485f327951d4603e1bc460e11248013c2
2026-27:90,6,1.8974455087300997,2026-10-10T09:11:16Z,2026-10-10T10:00:00Z,Current formula at this deadline. This file does not replace the published Gameweeks 1-5 total of 280.,ffe911b65b5019529f8a7a322ad058e013a0e6146677c35d796f075e2572f09b,8e21d4821be776332f3504f55f85b4277f326f03513b2c7501fbdedf92b8b1a2,98e5bb4281312953f19a18383d2d6691e34279618c900c736d39c22085bb1b0a,f53c43b2c822d111bca9e3ae615ceb539ff324fbf9fae9a07ded738891b01546,477fee196153c242d686d57bb9605fedb219ebdcdb8ee09b33660fc52cd8c120,efb2c9b0cb1be3de920b75bf0f5f5f1cace273389576971cd0b9d19ef382067d,3049c664dd1b2e517d0ef8b59c0078d485f327951d4603e1bc460e11248013c2
2026-27:91,6,3.9092609042945514,2026-10-10T09:11:16Z,2026-10-10T10:00:00Z,Current formula at this deadline. This file does not replace the published Gameweeks 1-5 total of 280.,ffe911b65b5019529f8a7a322ad058e013a0e6146677c35d796f075e2572f09b,8e21d4821be776332f3504f55f85b4277f326f03513b2c7501fbdedf92b8b1a2,98e5bb4281312953f19a18383d2d6691e34279618c900c736d39c22085bb1b0a,f53c43b2c822d111bca9e3ae615ceb539ff324fbf9fae9a07ded738891b01546,477fee196153c242d686d57bb9605fedb219ebdcdb8ee09b33660fc52cd8c120,efb2c9b0cb1be3de920b75bf0f5f5f1cace273389576971cd0b9d19ef382067d,3049c664dd1b2e517d0ef8b59c0078d485f327951d4603e1bc460e11248013c2
2026-27:93,6,4.252298935488863,2026-10-10T09:11:16Z,2026-10-10T10:00:00Z,Current formula at this deadline. This file does not replace the published Gameweeks 1-5 total of 280.,ffe911b65b5019529f8a7a322ad058e013a0e6146677c35d796f075e2572f09b,8e21d4821be776332f3504f55f85b4277f326f03513b2c7501fbdedf92b8b1a2,98e5bb4281312953f19a18383d2d6691e34279618c900c736d39c22085bb1b0a,f53c43b2c822d111bca9e3ae615ceb539ff324fbf9fae9a07ded738891b01546,477fee196153c242d686d57bb9605fedb219ebdcdb8ee09b33660fc52cd8c120,efb2c9b0cb1be3de920b75bf0f5f5f1cace273389576971cd0b9d19ef382067d,3049c664dd1b2e517d0ef8b59c0078d485f327951d4603e1bc460e11248013c2
2026-27:94,6,3.6014544460977835,2026-10-10T09:11:16Z,2026-10-10T10:00:00Z,Current formula at this deadline. This file does not replace the published Gameweeks 1-5 total of 280.,ffe911b65b5019529f8a7a322ad058e013a0e6146677c35d796f075e2572f09b,8e21d4821be776332f3504f55f85b4277f326f03513b2c7501fbdedf92b8b1a2,98e5bb4281312953f19a18383d2d6691e34279618c900c736d39c22085bb1b0a,f53c43b2c822d111bca9e3ae615ceb539ff324fbf9fae9a07ded738891b01546,477fee196153c242d686d57bb9605fedb219ebdcdb8ee09b33660fc52cd8c120,efb2c9b0cb1be3de920b75bf0f5f5f1cace273389576971cd0b9d19ef382067d,3049c664dd1b2e517d0ef8b59c0078d485f327951d4603e1bc460e11248013c2
2026-27:96,6,2.395264029885902,2026-10-10T09:11:16Z,2026-10-10T10:00:00Z,Current formula at this deadline. This file does not replace the published Gameweeks 1-5 total of 280.,ffe911b65b5019529f8a7a322ad058e013a0e6146677c35d796f075e2572f09b,8e21d4821be776332f3504f55f85b4277f326f03513b2c7501fbdedf92b8b1a2,98e5bb4281312953f19a18383d2d6691e34279618c900c736d39c22085bb1b0a,f53c43b2c822d111bca9e3ae615ceb539ff324fbf9fae9a07ded738891b01546,477fee196153c242d686d57bb9605fedb219ebdcdb8ee09b33660fc52cd8c120,efb2c9b0cb1be3de920b75bf0f5f5f1cace273389576971cd0b9d19ef382067d,3049c664dd1b2e517d0ef8b59c0078d485f327951d4603e1bc460e11248013c2
2026-27:98,6,4.0837215037529075,2026-10-10T09:11:16Z,2026-10-10T10:00:00Z,Current formula at this deadline. This file does not replace the published Gameweeks 1-5 total of 280.,ffe911b65b5019529f8a7a322ad058e013a0e6146677c35d796f075e2572f09b,8e21d4821be776332f3504f55f85b4277f326f03513b2c7501fbdedf92b8b1a2,98e5bb4281312953f19a18383d2d6691e34279618c900c736d39c22085bb1b0a,f53c43b2c822d111bca9e3ae615ceb539ff324fbf9fae9a07ded738891b01546,477fee196153c242d686d57bb9605fedb219ebdcdb8ee09b33660fc52cd8c120,efb2c9b0cb1be3de920b75bf0f5f5f1cace273389576971cd0b9d19ef382067d,3049c664dd1b2e517d0ef8b59c0078d485f327951d4603e1bc460e11248013c2
2026-27:1,7,3.4458295699035926,2026-10-10T09:11:16Z,2026-10-10T10:00:00Z,Current formula at this deadline. This file does not replace the published Gameweeks 1-5 total of 280.,ffe911b65b5019529f8a7a322ad058e013a0e6146677c35d796f075e2572f09b,8e21d4821be776332f3504f55f85b4277f326f03513b2c7501fbdedf92b8b1a2,98e5bb4281312953f19a18383d2d6691e34279618c900c736d39c22085bb1b0a,f53c43b2c822d111bca9e3ae615ceb539ff324fbf9fae9a07ded738891b01546,477fee196153c242d686d57bb9605fedb219ebdcdb8ee09b33660fc52cd8c120,efb2c9b0cb1be3de920b75bf0f5f5f1cace273389576971cd0b9d19ef382067d,3049c664dd1b2e517d0ef8b59c0078d485f327951d4603e1bc460e11248013c2
2026-27:102,7,2.404536527918852,2026-10-10T09:11:16Z,2026-10-10T10:00:00Z,Current formula at this deadline. This file does not replace the published Gameweeks 1-5 total of 280.,ffe911b65b5019529f8a7a322ad058e013a0e6146677c35d796f075e2572f09b,8e21d4821be776332f3504f55f85b4277f326f03513b2c7501fbdedf92b8b1a2,98e5bb4281312953f19a18383d2d6691e34279618c900c736d39c22085bb1b0a,f53c43b2c822d111bca9e3ae615ceb539ff324fbf9fae9a07ded738891b01546,477fee196153c242d686d57bb9605fedb219ebdcdb8ee09b33660fc52cd8c120,efb2c9b0cb1be3de920b75bf0f5f5f1cace273389576971cd0b9d19ef382067d,3049c664dd1b2e517d0ef8b59c0078d485f327951d4603e1bc460e11248013c2
2026-27:104,7,2.26410513801537,2026-10-10T09:11:16Z,2026-10-10T10:00:00Z,Current formula at this deadline. This file does not replace the published Gameweeks 1-5 total of 280.,ffe911b65b5019529f8a7a322ad058e013a0e6146677c35d796f075e2572f09b,8e21d4821be776332f3504f55f85b4277f326f03513b2c7501fbdedf92b8b1a2,98e5bb4281312953f19a18383d2d6691e34279618c900c736d39c22085bb1b0a,f53c43b2c822d111bca9e3ae615ceb539ff324fbf9fae9a07ded738891b01546,477fee196153c242d686d57bb9605fedb219ebdcdb8ee09b33660fc52cd8c120,efb2c9b0cb1be3de920b75bf0f5f5f1cace273389576971cd0b9d19ef382067d,3049c664dd1b2e517d0ef8b59c0078d485f327951d4603e1bc460e11248013c2
2026-27:105,7,3.5405671466690203,2026-10-10T09:11:16Z,2026-10-10T10:00:00Z,Current formula at this deadline. This file does not replace the published Gameweeks 1-5 total of 280.,ffe911b65b5019529f8a7a322ad058e013a0e6146677c35d796f075e2572f09b,8e21d4821be776332f3504f55f85b4277f326f03513b2c7501fbdedf92b8b1a2,98e5bb4281312953f19a18383d2d6691e34279618c900c736d39c22085bb1b0a,f53c43b2c822d111bca9e3ae615ceb539ff324fbf9fae9a07ded738891b01546,477fee196153c242d686d57bb9605fedb219ebdcdb8ee09b33660fc52cd8c120,efb2c9b0cb1be3de920b75bf0f5f5f1cace273389576971cd0b9d19ef382067d,3049c664dd1b2e517d0ef8b59c0078d485f327951d4603e1bc460e11248013c2
2026-27:106,7,4.033879492216157,2026-10-10T09:11:16Z,2026-10-10T10:00:00Z,Current formula at this deadline. This file does not replace the published Gameweeks 1-5 total of 280.,ffe911b65b5019529f8a7a322ad058e013a0e6146677c35d796f075e2572f09b,8e21d4821be776332f3504f55f85b4277f326f03513b2c7501fbdedf92b8b1a2,98e5bb4281312953f19a18383d2d6691e34279618c900c736d39c22085bb1b0a,f53c43b2c822d111bca9e3ae615ceb539ff324fbf9fae9a07ded738891b01546,477fee196153c242d686d57bb9605fedb219ebdcdb8ee09b33660fc52cd8c120,efb2c9b0cb1be3de920b75bf0f5f5f1cace273389576971cd0b9d19ef382067d,3049c664dd1b2e517d0ef8b59c0078d485f327951d4603e1bc460e11248013c2
2026-27:109,7,3.610461008544706,2026-10-10T09:11:16Z,2026-10-10T10:00:00Z,Current formula at this deadline. This file does not replace the published Gameweeks 1-5 total of 280.,ffe911b65b5019529f8a7a322ad058e013a0e6146677c35d796f075e2572f09b,8e21d4821be776332f3504f55f85b4277f326f03513b2c7501fbdedf92b8b1a2,98e5bb4281312953f19a18383d2d6691e34279618c900c736d39c22085bb1b0a,f53c43b2c822d111bca9e3ae615ceb539ff324fbf9fae9a07ded738891b01546,477fee196153c242d686d57bb9605fedb219ebdcdb8ee09b33660fc52cd8c120,efb2c9b0cb1be3de920b75bf0f5f5f1cace273389576971cd0b9d19ef382067d,3049c664dd1b2e517d0ef8b59c0078d485f327951d4603e1bc460e11248013c2
2026-27:110,7,3.410680330547691,2026-10-10T09:11:16Z,2026-10-10T10:00:00Z,Current formula at this deadline. This file does not replace the published Gameweeks 1-5 total of 280.,ffe911b65b5019529f8a7a322ad058e013a0e6146677c35d796f075e2572f09b,8e21d4821be776332f3504f55f85b4277f326f03513b2c7501fbdedf92b8b1a2,98e5bb4281312953f19a18383d2d6691e34279618c900c736d39c22085bb1b0a,f53c43b2c822d111bca9e3ae615ceb539ff324fbf9fae9a07ded738891b01546,477fee196153c242d686d57bb9605fedb219ebdcdb8ee09b33660fc52cd8c120,efb2c9b0cb1be3de920b75bf0f5f5f1cace273389576971cd0b9d19ef382067d,3049c664dd1b2e517d0ef8b59c0078d485f327951d4603e1bc460e11248013c2
2026-27:112,7,4.784108001789145,2026-10-10T09:11:16Z,2026-10-10T10:00:00Z,Current formula at this deadline. This file does not replace the published Gameweeks 1-5 total of 280.,ffe911b65b5019529f8a7a322ad058e013a0e6146677c35d796f075e2572f09b,8e21d4821be776332f3504f55f85b4277f326f03513b2c7501fbdedf92b8b1a2,98e5bb4281312953f19a18383d2d6691e34279618c900c736d39c22085bb1b0a,f53c43b2c822d111bca9e3ae615ceb539ff324fbf9fae9a07ded738891b01546,477fee196153c242d686d57bb9605fedb219ebdcdb8ee09b33660fc52cd8c120,efb2c9b0cb1be3de920b75bf0f5f5f1cace273389576971cd0b9d19ef382067d,3049c664dd1b2e517d0ef8b59c0078d485f327951d4603e1bc460e11248013c2
2026-27:113,7,2.8550718535210904,2026-10-10T09:11:16Z,2026-10-10T10:00:00Z,Current formula at this deadline. This file does not replace the published Gameweeks 1-5 total of 280.,ffe911b65b5019529f8a7a322ad058e013a0e6146677c35d796f075e2572f09b,8e21d4821be776332f3504f55f85b4277f326f03513b2c7501fbdedf92b8b1a2,98e5bb4281312953f19a18383d2d6691e34279618c900c736d39c22085bb1b0a,f53c43b2c822d111bca9e3ae615ceb539ff324fbf9fae9a07ded738891b01546,477fee196153c242d686d57bb9605fedb219ebdcdb8ee09b33660fc52cd8c120,efb2c9b0cb1be3de920b75bf0f5f5f1cace273389576971cd0b9d19ef382067d,3049c664dd1b2e517d0ef8b59c0078d485f327951d4603e1bc460e11248013c2
2026-27:114,7,3.0818466265818434,2026-10-10T09:11:16Z,2026-10-10T10:00:00Z,Current formula at this deadline. This file does not replace the published Gameweeks 1-5 total of 280.,ffe911b65b5019529f8a7a322ad058e013a0e6146677c35d796f075e2572f09b,8e21d4821be776332f3504f55f85b4277f326f03513b2c7501fbdedf92b8b1a2,98e5bb4281312953f19a18383d2d6691e34279618c900c736d39c22085bb1b0a,f53c43b2c822d111bca9e3ae615ceb539ff324fbf9fae9a07ded738891b01546,477fee196153c242d686d57bb9605fedb219ebdcdb8ee09b33660fc52cd8c120,efb2c9b0cb1be3de920b75bf0f5f5f1cace273389576971cd0b9d19ef382067d,3049c664dd1b2e517d0ef8b59c0078d485f327951d4603e1bc460e11248013c2
2026-27:115,7,4.475058574671875,2026-10-10T09:11:16Z,2026-10-10T10:00:00Z,Current formula at this deadline. This file does not replace the published Gameweeks 1-5 total of 280.,ffe911b65b5019529f8a7a322ad058e013a0e6146677c35d796f075e2572f09b,8e21d4821be776332f3504f55f85b4277f326f03513b2c7501fbdedf92b8b1a2,98e5bb4281312953f19a18383d2d6691e34279618c900c736d39c22085bb1b0a,f53c43b2c822d111bca9e3ae615ceb539ff324fbf9fae9a07ded738891b01546,477fee196153c242d686d57bb9605fedb219ebdcdb8ee09b33660fc52cd8c120,efb2c9b0cb1be3de920b75bf0f5f5f1cace273389576971cd0b9d19ef382067d,3049c664dd1b2e517d0ef8b59c0078d485f327951d4603e1bc460e11248013c2
2026-27:116,7,3.1828769312305196,2026-10-10T09:11:16Z,2026-10-10T10:00:00Z,Current formula at this deadline. This file does not replace the published Gameweeks 1-5 total of 280.,ffe911b65b5019529f8a7a322ad058e013a0e6146677c35d796f075e2572f09b,8e21d4821be776332f3504f55f85b4277f326f03513b2c7501fbdedf92b8b1a2,98e5bb4281312953f19a18383d2d6691e34279618c900c736d39c22085bb1b0a,f53c43b2c822d111bca9e3ae615ceb539ff324fbf9fae9a07ded738891b01546,477fee196153c242d686d57bb9605fedb219ebdcdb8ee09b33660fc52cd8c120,efb2c9b0cb1be3de920b75bf0f5f5f1cace273389576971cd0b9d19ef382067d,3049c664dd1b2e517d0ef8b59c0078d485f327951d4603e1bc460e11248013c2
2026-27:12,7,5.202301913629022,2026-10-10T09:11:16Z,2026-10-10T10:00:00Z,Current formula at this deadline. This file does not replace the published Gameweeks 1-5 total of 280.,ffe911b65b5019529f8a7a322ad058e013a0e6146677c35d796f075e2572f09b,8e21d4821be776332f3504f55f85b4277f326f03513b2c7501fbdedf92b8b1a2,98e5bb4281312953f19a18383d2d6691e34279618c900c736d39c22085bb1b0a,f53c43b2c822d111bca9e3ae615ceb539ff324fbf9fae9a07ded738891b01546,477fee196153c242d686d57bb9605fedb219ebdcdb8ee09b33660fc52cd8c120,efb2c9b0cb1be3de920b75bf0f5f5f1cace273389576971cd0b9d19ef382067d,3049c664dd1b2e517d0ef8b59c0078d485f327951d4603e1bc460e11248013c2
2026-27:124,7,4.093790126550884,2026-10-10T09:11:16Z,2026-10-10T10:00:00Z,Current formula at this deadline. This file does not replace the published Gameweeks 1-5 total of 280.,ffe911b65b5019529f8a7a322ad058e013a0e6146677c35d796f075e2572f09b,8e21d4821be776332f3504f55f85b4277f326f03513b2c7501fbdedf92b8b1a2,98e5bb4281312953f19a18383d2d6691e34279618c900c736d39c22085bb1b0a,f53c43b2c822d111bca9e3ae615ceb539ff324fbf9fae9a07ded738891b01546,477fee196153c242d686d57bb9605fedb219ebdcdb8ee09b33660fc52cd8c120,efb2c9b0cb1be3de920b75bf0f5f5f1cace273389576971cd0b9d19ef382067d,3049c664dd1b2e517d0ef8b59c0078d485f327951d4603e1bc460e11248013c2
2026-27:127,7,3.730070894334853,2026-10-10T09:11:16Z,2026-10-10T10:00:00Z,Current formula at this deadline. This file does not replace the published Gameweeks 1-5 total of 280.,ffe911b65b5019529f8a7a322ad058e013a0e6146677c35d796f075e2572f09b,8e21d4821be776332f3504f55f85b4277f326f03513b2c7501fbdedf92b8b1a2,98e5bb4281312953f19a18383d2d6691e34279618c900c736d39c22085bb1b0a,f53c43b2c822d111bca9e3ae615ceb539ff324fbf9fae9a07ded738891b01546,477fee196153c242d686d57bb9605fedb219ebdcdb8ee09b33660fc52cd8c120,efb2c9b0cb1be3de920b75bf0f5f5f1cace273389576971cd0b9d19ef382067d,3049c664dd1b2e517d0ef8b59c0078d485f327951d4603e1bc460e11248013c2
2026-27:129,7,2.8394864531892563,2026-10-10T09:11:16Z,2026-10-10T10:00:00Z,Current formula at this deadline. This file does not replace the published Gameweeks 1-5 total of 280.,ffe911b65b5019529f8a7a322ad058e013a0e6146677c35d796f075e2572f09b,8e21d4821be776332f3504f55f85b4277f326f03513b2c7501fbdedf92b8b1a2,98e5bb4281312953f19a18383d2d6691e34279618c900c736d39c22085bb1b0a,f53c43b2c822d111bca9e3ae615ceb539ff324fbf9fae9a07ded738891b01546,477fee196153c242d686d57bb9605fedb219ebdcdb8ee09b33660fc52cd8c120,efb2c9b0cb1be3de920b75bf0f5f5f1cace273389576971cd0b9d19ef382067d,3049c664dd1b2e517d0ef8b59c0078d485f327951d4603e1bc460e11248013c2
2026-27:13,7,3.0532992498701716,2026-10-10T09:11:16Z,2026-10-10T10:00:00Z,Current formula at this deadline. This file does not replace the published Gameweeks 1-5 total of 280.,ffe911b65b5019529f8a7a322ad058e013a0e6146677c35d796f075e2572f09b,8e21d4821be776332f3504f55f85b4277f326f03513b2c7501fbdedf92b8b1a2,98e5bb4281312953f19a18383d2d6691e34279618c900c736d39c22085bb1b0a,f53c43b2c822d111bca9e3ae615ceb539ff324fbf9fae9a07ded738891b01546,477fee196153c242d686d57bb9605fedb219ebdcdb8ee09b33660fc52cd8c120,efb2c9b0cb1be3de920b75bf0f5f5f1cace273389576971cd0b9d19ef382067d,3049c664dd1b2e517d0ef8b59c0078d485f327951d4603e1bc460e11248013c2
2026-27:138,7,2.6915849082525307,2026-10-10T09:11:16Z,2026-10-10T10:00:00Z,Current formula at this deadline. This file does not replace the published Gameweeks 1-5 total of 280.,ffe911b65b5019529f8a7a322ad058e013a0e6146677c35d796f075e2572f09b,8e21d4821be776332f3504f55f85b4277f326f03513b2c7501fbdedf92b8b1a2,98e5bb4281312953f19a18383d2d6691e34279618c900c736d39c22085bb1b0a,f53c43b2c822d111bca9e3ae615ceb539ff324fbf9fae9a07ded738891b01546,477fee196153c242d686d57bb9605fedb219ebdcdb8ee09b33660fc52cd8c120,efb2c9b0cb1be3de920b75bf0f5f5f1cace273389576971cd0b9d19ef382067d,3049c664dd1b2e517d0ef8b59c0078d485f327951d4603e1bc460e11248013c2
2026-27:142,7,3.0867185055495336,2026-10-10T09:11:16Z,2026-10-10T10:00:00Z,Current formula at this deadline. This file does not replace the published Gameweeks 1-5 total of 280.,ffe911b65b5019529f8a7a322ad058e013a0e6146677c35d796f075e2572f09b,8e21d4821be776332f3504f55f85b4277f326f03513b2c7501fbdedf92b8b1a2,98e5bb4281312953f19a18383d2d6691e34279618c900c736d39c22085bb1b0a,f53c43b2c822d111bca9e3ae615ceb539ff324fbf9fae9a07ded738891b01546,477fee196153c242d686d57bb9605fedb219ebdcdb8ee09b33660fc52cd8c120,efb2c9b0cb1be3de920b75bf0f5f5f1cace273389576971cd0b9d19ef382067d,3049c664dd1b2e517d0ef8b59c0078d485f327951d4603e1bc460e11248013c2
2026-27:145,7,3.340836056197146,2026-10-10T09:11:16Z,2026-10-10T10:00:00Z,Current formula at this deadline. This file does not replace the published Gameweeks 1-5 total of 280.,ffe911b65b5019529f8a7a322ad058e013a0e6146677c35d796f075e2572f09b,8e21d4821be776332f3504f55f85b4277f326f03513b2c7501fbdedf92b8b1a2,98e5bb4281312953f19a18383d2d6691e34279618c900c736d39c22085bb1b0a,f53c43b2c822d111bca9e3ae615ceb539ff324fbf9fae9a07ded738891b01546,477fee196153c242d686d57bb9605fedb219ebdcdb8ee09b33660fc52cd8c120,efb2c9b0cb1be3de920b75bf0f5f5f1cace273389576971cd0b9d19ef382067d,3049c664dd1b2e517d0ef8b59c0078d485f327951d4603e1bc460e11248013c2
2026-27:149,7,2.567586614717818,2026-10-10T09:11:16Z,2026-10-10T10:00:00Z,Current formula at this deadline. This file does not replace the published Gameweeks 1-5 total of 280.,ffe911b65b5019529f8a7a322ad058e013a0e6146677c35d796f075e2572f09b,8e21d4821be776332f3504f55f85b4277f326f03513b2c7501fbdedf92b8b1a2,98e5bb4281312953f19a18383d2d6691e34279618c900c736d39c22085bb1b0a,f53c43b2c822d111bca9e3ae615ceb539ff324fbf9fae9a07ded738891b01546,477fee196153c242d686d57bb9605fedb219ebdcdb8ee09b33660fc52cd8c120,efb2c9b0cb1be3de920b75bf0f5f5f1cace273389576971cd0b9d19ef382067d,3049c664dd1b2e517d0ef8b59c0078d485f327951d4603e1bc460e11248013c2
2026-27:15,7,3.6865294975597735,2026-10-10T09:11:16Z,2026-10-10T10:00:00Z,Current formula at this deadline. This file does not replace the published Gameweeks 1-5 total of 280.,ffe911b65b5019529f8a7a322ad058e013a0e6146677c35d796f075e2572f09b,8e21d4821be776332f3504f55f85b4277f326f03513b2c7501fbdedf92b8b1a2,98e5bb4281312953f19a18383d2d6691e34279618c900c736d39c22085bb1b0a,f53c43b2c822d111bca9e3ae615ceb539ff324fbf9fae9a07ded738891b01546,477fee196153c242d686d57bb9605fedb219ebdcdb8ee09b33660fc52cd8c120,efb2c9b0cb1be3de920b75bf0f5f5f1cace273389576971cd0b9d19ef382067d,3049c664dd1b2e517d0ef8b59c0078d485f327951d4603e1bc460e11248013c2
2026-27:152,7,1.7354848802788887,2026-10-10T09:11:16Z,2026-10-10T10:00:00Z,Current formula at this deadline. This file does not replace the published Gameweeks 1-5 total of 280.,ffe911b65b5019529f8a7a322ad058e013a0e6146677c35d796f075e2572f09b,8e21d4821be776332f3504f55f85b4277f326f03513b2c7501fbdedf92b8b1a2,98e5bb4281312953f19a18383d2d6691e34279618c900c736d39c22085bb1b0a,f53c43b2c822d111bca9e3ae615ceb539ff324fbf9fae9a07ded738891b01546,477fee196153c242d686d57bb9605fedb219ebdcdb8ee09b33660fc52cd8c120,efb2c9b0cb1be3de920b75bf0f5f5f1cace273389576971cd0b9d19ef382067d,3049c664dd1b2e517d0ef8b59c0078d485f327951d4603e1bc460e11248013c2
2026-27:154,7,4.00304029987988,2026-10-10T09:11:16Z,2026-10-10T10:00:00Z,Current formula at this deadline. This file does not replace the published Gameweeks 1-5 total of 280.,ffe911b65b5019529f8a7a322ad058e013a0e6146677c35d796f075e2572f09b,8e21d4821be776332f3504f55f85b4277f326f03513b2c7501fbdedf92b8b1a2,98e5bb4281312953f19a18383d2d6691e34279618c900c736d39c22085bb1b0a,f53c43b2c822d111bca9e3ae615ceb539ff324fbf9fae9a07ded738891b01546,477fee196153c242d686d57bb9605fedb219ebdcdb8ee09b33660fc52cd8c120,efb2c9b0cb1be3de920b75bf0f5f5f1cace273389576971cd0b9d19ef382067d,3049c664dd1b2e517d0ef8b59c0078d485f327951d4603e1bc460e11248013c2
2026-27:155,7,2.7471512445480797,2026-10-10T09:11:16Z,2026-10-10T10:00:00Z,Current formula at this deadline. This file does not replace the published Gameweeks 1-5 total of 280.,ffe911b65b5019529f8a7a322ad058e013a0e6146677c35d796f075e2572f09b,8e21d4821be776332f3504f55f85b4277f326f03513b2c7501fbdedf92b8b1a2,98e5bb4281312953f19a18383d2d6691e34279618c900c736d39c22085bb1b0a,f53c43b2c822d111bca9e3ae615ceb539ff324fbf9fae9a07ded738891b01546,477fee196153c242d686d57bb9605fedb219ebdcdb8ee09b33660fc52cd8c120,efb2c9b0cb1be3de920b75bf0f5f5f1cace273389576971cd0b9d19ef382067d,3049c664dd1b2e517d0ef8b59c0078d485f327951d4603e1bc460e11248013c2
2026-27:156,7,3.2560289783134073,2026-10-10T09:11:16Z,2026-10-10T10:00:00Z,Current formula at this deadline. This file does not replace the published Gameweeks 1-5 total of 280.,ffe911b65b5019529f8a7a322ad058e013a0e6146677c35d796f075e2572f09b,8e21d4821be776332f3504f55f85b4277f326f03513b2c7501fbdedf92b8b1a2,98e5bb4281312953f19a18383d2d6691e34279618c900c736d39c22085bb1b0a,f53c43b2c822d111bca9e3ae615ceb539ff324fbf9fae9a07ded738891b01546,477fee196153c242d686d57bb9605fedb219ebdcdb8ee09b33660fc52cd8c120,efb2c9b0cb1be3de920b75bf0f5f5f1cace273389576971cd0b9d19ef382067d,3049c664dd1b2e517d0ef8b59c0078d485f327951d4603e1bc460e11248013c2
2026-27:165,7,3.7155607158290676,2026-10-10T09:11:16Z,2026-10-10T10:00:00Z,Current formula at this deadline. This file does not replace the published Gameweeks 1-5 total of 280.,ffe911b65b5019529f8a7a322ad058e013a0e6146677c35d796f075e2572f09b,8e21d4821be776332f3504f55f85b4277f326f03513b2c7501fbdedf92b8b1a2,98e5bb4281312953f19a18383d2d6691e34279618c900c736d39c22085bb1b0a,f53c43b2c822d111bca9e3ae615ceb539ff324fbf9fae9a07ded738891b01546,477fee196153c242d686d57bb9605fedb219ebdcdb8ee09b33660fc52cd8c120,efb2c9b0cb1be3de920b75bf0f5f5f1cace273389576971cd0b9d19ef382067d,3049c664dd1b2e517d0ef8b59c0078d485f327951d4603e1bc460e11248013c2
2026-27:166,7,3.430575143359178,2026-10-10T09:11:16Z,2026-10-10T10:00:00Z,Current formula at this deadline. This file does not replace the published Gameweeks 1-5 total of 280.,ffe911b65b5019529f8a7a322ad058e013a0e6146677c35d796f075e2572f09b,8e21d4821be776332f3504f55f85b4277f326f03513b2c7501fbdedf92b8b1a2,98e5bb4281312953f19a18383d2d6691e34279618c900c736d39c22085bb1b0a,f53c43b2c822d111bca9e3ae615ceb539ff324fbf9fae9a07ded738891b01546,477fee196153c242d686d57bb9605fedb219ebdcdb8ee09b33660fc52cd8c120,efb2c9b0cb1be3de920b75bf0f5f5f1cace273389576971cd0b9d19ef382067d,3049c664dd1b2e517d0ef8b59c0078d485f327951d4603e1bc460e11248013c2
2026-27:167,7,2.8168477253023454,2026-10-10T09:11:16Z,2026-10-10T10:00:00Z,Current formula at this deadline. This file does not replace the published Gameweeks 1-5 total of 280.,ffe911b65b5019529f8a7a322ad058e013a0e6146677c35d796f075e2572f09b,8e21d4821be776332f3504f55f85b4277f326f03513b2c7501fbdedf92b8b1a2,98e5bb4281312953f19a18383d2d6691e34279618c900c736d39c22085bb1b0a,f53c43b2c822d111bca9e3ae615ceb539ff324fbf9fae9a07ded738891b01546,477fee196153c242d686d57bb9605fedb219ebdcdb8ee09b33660fc52cd8c120,efb2c9b0cb1be3de920b75bf0f5f5f1cace273389576971cd0b9d19ef382067d,3049c664dd1b2e517d0ef8b59c0078d485f327951d4603e1bc460e11248013c2
2026-27:173,7,4.781903002761304,2026-10-10T09:11:16Z,2026-10-10T10:00:00Z,Current formula at this deadline. This file does not replace the published Gameweeks 1-5 total of 280.,ffe911b65b5019529f8a7a322ad058e013a0e6146677c35d796f075e2572f09b,8e21d4821be776332f3504f55f85b4277f326f03513b2c7501fbdedf92b8b1a2,98e5bb4281312953f19a18383d2d6691e34279618c900c736d39c22085bb1b0a,f53c43b2c822d111bca9e3ae615ceb539ff324fbf9fae9a07ded738891b01546,477fee196153c242d686d57bb9605fedb219ebdcdb8ee09b33660fc52cd8c120,efb2c9b0cb1be3de920b75bf0f5f5f1cace273389576971cd0b9d19ef382067d,3049c664dd1b2e517d0ef8b59c0078d485f327951d4603e1bc460e11248013c2
2026-27:175,7,2.1856971094051496,2026-10-10T09:11:16Z,2026-10-10T10:00:00Z,Current formula at this deadline. This file does not replace the published Gameweeks 1-5 total of 280.,ffe911b65b5019529f8a7a322ad058e013a0e6146677c35d796f075e2572f09b,8e21d4821be776332f3504f55f85b4277f326f03513b2c7501fbdedf92b8b1a2,98e5bb4281312953f19a18383d2d6691e34279618c900c736d39c22085bb1b0a,f53c43b2c822d111bca9e3ae615ceb539ff324fbf9fae9a07ded738891b01546,477fee196153c242d686d57bb9605fedb219ebdcdb8ee09b33660fc52cd8c120,efb2c9b0cb1be3de920b75bf0f5f5f1cace273389576971cd0b9d19ef382067d,3049c664dd1b2e517d0ef8b59c0078d485f327951d4603e1bc460e11248013c2
2026-27:176,7,3.7998377177812683,2026-10-10T09:11:16Z,2026-10-10T10:00:00Z,Current formula at this deadline. This file does not replace the published Gameweeks 1-5 total of 280.,ffe911b65b5019529f8a7a322ad058e013a0e6146677c35d796f075e2572f09b,8e21d4821be776332f3504f55f85b4277f326f03513b2c7501fbdedf92b8b1a2,98e5bb4281312953f19a18383d2d6691e34279618c900c736d39c22085bb1b0a,f53c43b2c822d111bca9e3ae615ceb539ff324fbf9fae9a07ded738891b01546,477fee196153c242d686d57bb9605fedb219ebdcdb8ee09b33660fc52cd8c120,efb2c9b0cb1be3de920b75bf0f5f5f1cace273389576971cd0b9d19ef382067d,3049c664dd1b2e517d0ef8b59c0078d485f327951d4603e1bc460e11248013c2
2026-27:177,7,1.717512301137264,2026-10-10T09:11:16Z,2026-10-10T10:00:00Z,Current formula at this deadline. This file does not replace the published Gameweeks 1-5 total of 280.,ffe911b65b5019529f8a7a322ad058e013a0e6146677c35d796f075e2572f09b,8e21d4821be776332f3504f55f85b4277f326f03513b2c7501fbdedf92b8b1a2,98e5bb4281312953f19a18383d2d6691e34279618c900c736d39c22085bb1b0a,f53c43b2c822d111bca9e3ae615ceb539ff324fbf9fae9a07ded738891b01546,477fee196153c242d686d57bb9605fedb219ebdcdb8ee09b33660fc52cd8c120,efb2c9b0cb1be3de920b75bf0f5f5f1cace273389576971cd0b9d19ef382067d,3049c664dd1b2e517d0ef8b59c0078d485f327951d4603e1bc460e11248013c2
2026-27:183,7,4.977949789021589,2026-10-10T09:11:16Z,2026-10-10T10:00:00Z,Current formula at this deadline. This file does not replace the published Gameweeks 1-5 total of 280.,ffe911b65b5019529f8a7a322ad058e013a0e6146677c35d796f075e2572f09b,8e21d4821be776332f3504f55f85b4277f326f03513b2c7501fbdedf92b8b1a2,98e5bb4281312953f19a18383d2d6691e34279618c900c736d39c22085bb1b0a,f53c43b2c822d111bca9e3ae615ceb539ff324fbf9fae9a07ded738891b01546,477fee196153c242d686d57bb9605fedb219ebdcdb8ee09b33660fc52cd8c120,efb2c9b0cb1be3de920b75bf0f5f5f1cace273389576971cd0b9d19ef382067d,3049c664dd1b2e517d0ef8b59c0078d485f327951d4603e1bc460e11248013c2
2026-27:184,7,2.4752668182232886,2026-10-10T09:11:16Z,2026-10-10T10:00:00Z,Current formula at this deadline. This file does not replace the published Gameweeks 1-5 total of 280.,ffe911b65b5019529f8a7a322ad058e013a0e6146677c35d796f075e2572f09b,8e21d4821be776332f3504f55f85b4277f326f03513b2c7501fbdedf92b8b1a2,98e5bb4281312953f19a18383d2d6691e34279618c900c736d39c22085bb1b0a,f53c43b2c822d111bca9e3ae615ceb539ff324fbf9fae9a07ded738891b01546,477fee196153c242d686d57bb9605fedb219ebdcdb8ee09b33660fc52cd8c120,efb2c9b0cb1be3de920b75bf0f5f5f1cace273389576971cd0b9d19ef382067d,3049c664dd1b2e517d0ef8b59c0078d485f327951d4603e1bc460e11248013c2
2026-27:186,7,3.0101894575219332,2026-10-10T09:11:16Z,2026-10-10T10:00:00Z,Current formula at this deadline. This file does not replace the published Gameweeks 1-5 total of 280.,ffe911b65b5019529f8a7a322ad058e013a0e6146677c35d796f075e2572f09b,8e21d4821be776332f3504f55f85b4277f326f03513b2c7501fbdedf92b8b1a2,98e5bb4281312953f19a18383d2d6691e34279618c900c736d39c22085bb1b0a,f53c43b2c822d111bca9e3ae615ceb539ff324fbf9fae9a07ded738891b01546,477fee196153c242d686d57bb9605fedb219ebdcdb8ee09b33660fc52cd8c120,efb2c9b0cb1be3de920b75bf0f5f5f1cace273389576971cd0b9d19ef382067d,3049c664dd1b2e517d0ef8b59c0078d485f327951d4603e1bc460e11248013c2
2026-27:199,7,3.446320656504776,2026-10-10T09:11:16Z,2026-10-10T10:00:00Z,Current formula at this deadline. This file does not replace the published Gameweeks 1-5 total of 280.,ffe911b65b5019529f8a7a322ad058e013a0e6146677c35d796f075e2572f09b,8e21d4821be776332f3504f55f85b4277f326f03513b2c7501fbdedf92b8b1a2,98e5bb4281312953f19a18383d2d6691e34279618c900c736d39c22085bb1b0a,f53c43b2c822d111bca9e3ae615ceb539ff324fbf9fae9a07ded738891b01546,477fee196153c242d686d57bb9605fedb219ebdcdb8ee09b33660fc52cd8c120,efb2c9b0cb1be3de920b75bf0f5f5f1cace273389576971cd0b9d19ef382067d,3049c664dd1b2e517d0ef8b59c0078d485f327951d4603e1bc460e11248013c2
2026-27:200,7,4.047150031014237,2026-10-10T09:11:16Z,2026-10-10T10:00:00Z,Current formula at this deadline. This file does not replace the published Gameweeks 1-5 total of 280.,ffe911b65b5019529f8a7a322ad058e013a0e6146677c35d796f075e2572f09b,8e21d4821be776332f3504f55f85b4277f326f03513b2c7501fbdedf92b8b1a2,98e5bb4281312953f19a18383d2d6691e34279618c900c736d39c22085bb1b0a,f53c43b2c822d111bca9e3ae615ceb539ff324fbf9fae9a07ded738891b01546,477fee196153c242d686d57bb9605fedb219ebdcdb8ee09b33660fc52cd8c120,efb2c9b0cb1be3de920b75bf0f5f5f1cace273389576971cd0b9d19ef382067d,3049c664dd1b2e517d0ef8b59c0078d485f327951d4603e1bc460e11248013c2
2026-27:201,7,3.6815952273647623,2026-10-10T09:11:16Z,2026-10-10T10:00:00Z,Current formula at this deadline. This file does not replace the published Gameweeks 1-5 total of 280.,ffe911b65b5019529f8a7a322ad058e013a0e6146677c35d796f075e2572f09b,8e21d4821be776332f3504f55f85b4277f326f03513b2c7501fbdedf92b8b1a2,98e5bb4281312953f19a18383d2d6691e34279618c900c736d39c22085bb1b0a,f53c43b2c822d111bca9e3ae615ceb539ff324fbf9fae9a07ded738891b01546,477fee196153c242d686d57bb9605fedb219ebdcdb8ee09b33660fc52cd8c120,efb2c9b0cb1be3de920b75bf0f5f5f1cace273389576971cd0b9d19ef382067d,3049c664dd1b2e517d0ef8b59c0078d485f327951d4603e1bc460e11248013c2
2026-27:202,7,3.820587303898911,2026-10-10T09:11:16Z,2026-10-10T10:00:00Z,Current formula at this deadline. This file does not replace the published Gameweeks 1-5 total of 280.,ffe911b65b5019529f8a7a322ad058e013a0e6146677c35d796f075e2572f09b,8e21d4821be776332f3504f55f85b4277f326f03513b2c7501fbdedf92b8b1a2,98e5bb4281312953f19a18383d2d6691e34279618c900c736d39c22085bb1b0a,f53c43b2c822d111bca9e3ae615ceb539ff324fbf9fae9a07ded738891b01546,477fee196153c242d686d57bb9605fedb219ebdcdb8ee09b33660fc52cd8c120,efb2c9b0cb1be3de920b75bf0f5f5f1cace273389576971cd0b9d19ef382067d,3049c664dd1b2e517d0ef8b59c0078d485f327951d4603e1bc460e11248013c2
2026-27:203,7,3.0841619483483655,2026-10-10T09:11:16Z,2026-10-10T10:00:00Z,Current formula at this deadline. This file does not replace the published Gameweeks 1-5 total of 280.,ffe911b65b5019529f8a7a322ad058e013a0e6146677c35d796f075e2572f09b,8e21d4821be776332f3504f55f85b4277f326f03513b2c7501fbdedf92b8b1a2,98e5bb4281312953f19a18383d2d6691e34279618c900c736d39c22085bb1b0a,f53c43b2c822d111bca9e3ae615ceb539ff324fbf9fae9a07ded738891b01546,477fee196153c242d686d57bb9605fedb219ebdcdb8ee09b33660fc52cd8c120,efb2c9b0cb1be3de920b75bf0f5f5f1cace273389576971cd0b9d19ef382067d,3049c664dd1b2e517d0ef8b59c0078d485f327951d4603e1bc460e11248013c2
2026-27:204,7,3.7736153328744173,2026-10-10T09:11:16Z,2026-10-10T10:00:00Z,Current formula at this deadline. This file does not replace the published Gameweeks 1-5 total of 280.,ffe911b65b5019529f8a7a322ad058e013a0e6146677c35d796f075e2572f09b,8e21d4821be776332f3504f55f85b4277f326f03513b2c7501fbdedf92b8b1a2,98e5bb4281312953f19a18383d2d6691e34279618c900c736d39c22085bb1b0a,f53c43b2c822d111bca9e3ae615ceb539ff324fbf9fae9a07ded738891b01546,477fee196153c242d686d57bb9605fedb219ebdcdb8ee09b33660fc52cd8c120,efb2c9b0cb1be3de920b75bf0f5f5f1cace273389576971cd0b9d19ef382067d,3049c664dd1b2e517d0ef8b59c0078d485f327951d4603e1bc460e11248013c2
2026-27:209,7,3.5939724479764217,2026-10-10T09:11:16Z,2026-10-10T10:00:00Z,Current formula at this deadline. This file does not replace the published Gameweeks 1-5 total of 280.,ffe911b65b5019529f8a7a322ad058e013a0e6146677c35d796f075e2572f09b,8e21d4821be776332f3504f55f85b4277f326f03513b2c7501fbdedf92b8b1a2,98e5bb4281312953f19a18383d2d6691e34279618c900c736d39c22085bb1b0a,f53c43b2c822d111bca9e3ae615ceb539ff324fbf9fae9a07ded738891b01546,477fee196153c242d686d57bb9605fedb219ebdcdb8ee09b33660fc52cd8c120,efb2c9b0cb1be3de920b75bf0f5f5f1cace273389576971cd0b9d19ef382067d,3049c664dd1b2e517d0ef8b59c0078d485f327951d4603e1bc460e11248013c2
2026-27:21,7,1.60350425160567,2026-10-10T09:11:16Z,2026-10-10T10:00:00Z,Current formula at this deadline. This file does not replace the published Gameweeks 1-5 total of 280.,ffe911b65b5019529f8a7a322ad058e013a0e6146677c35d796f075e2572f09b,8e21d4821be776332f3504f55f85b4277f326f03513b2c7501fbdedf92b8b1a2,98e5bb4281312953f19a18383d2d6691e34279618c900c736d39c22085bb1b0a,f53c43b2c822d111bca9e3ae615ceb539ff324fbf9fae9a07ded738891b01546,477fee196153c242d686d57bb9605fedb219ebdcdb8ee09b33660fc52cd8c120,efb2c9b0cb1be3de920b75bf0f5f5f1cace273389576971cd0b9d19ef382067d,3049c664dd1b2e517d0ef8b59c0078d485f327951d4603e1bc460e11248013c2
2026-27:210,7,3.2938330084549974,2026-10-10T09:11:16Z,2026-10-10T10:00:00Z,Current formula at this deadline. This file does not replace the published Gameweeks 1-5 total of 280.,ffe911b65b5019529f8a7a322ad058e013a0e6146677c35d796f075e2572f09b,8e21d4821be776332f3504f55f85b4277f326f03513b2c7501fbdedf92b8b1a2,98e5bb4281312953f19a18383d2d6691e34279618c900c736d39c22085bb1b0a,f53c43b2c822d111bca9e3ae615ceb539ff324fbf9fae9a07ded738891b01546,477fee196153c242d686d57bb9605fedb219ebdcdb8ee09b33660fc52cd8c120,efb2c9b0cb1be3de920b75bf0f5f5f1cace273389576971cd0b9d19ef382067d,3049c664dd1b2e517d0ef8b59c0078d485f327951d4603e1bc460e11248013c2
2026-27:211,7,3.3237361748688024,2026-10-10T09:11:16Z,2026-10-10T10:00:00Z,Current formula at this deadline. This file does not replace the published Gameweeks 1-5 total of 280.,ffe911b65b5019529f8a7a322ad058e013a0e6146677c35d796f075e2572f09b,8e21d4821be776332f3504f55f85b4277f326f03513b2c7501fbdedf92b8b1a2,98e5bb4281312953f19a18383d2d6691e34279618c900c736d39c22085bb1b0a,f53c43b2c822d111bca9e3ae615ceb539ff324fbf9fae9a07ded738891b01546,477fee196153c242d686d57bb9605fedb219ebdcdb8ee09b33660fc52cd8c120,efb2c9b0cb1be3de920b75bf0f5f5f1cace273389576971cd0b9d19ef382067d,3049c664dd1b2e517d0ef8b59c0078d485f327951d4603e1bc460e11248013c2
2026-27:214,7,3.477827526814567,2026-10-10T09:11:16Z,2026-10-10T10:00:00Z,Current formula at this deadline. This file does not replace the published Gameweeks 1-5 total of 280.,ffe911b65b5019529f8a7a322ad058e013a0e6146677c35d796f075e2572f09b,8e21d4821be776332f3504f55f85b4277f326f03513b2c7501fbdedf92b8b1a2,98e5bb4281312953f19a18383d2d6691e34279618c900c736d39c22085bb1b0a,f53c43b2c822d111bca9e3ae615ceb539ff324fbf9fae9a07ded738891b01546,477fee196153c242d686d57bb9605fedb219ebdcdb8ee09b33660fc52cd8c120,efb2c9b0cb1be3de920b75bf0f5f5f1cace273389576971cd0b9d19ef382067d,3049c664dd1b2e517d0ef8b59c0078d485f327951d4603e1bc460e11248013c2
2026-27:222,7,2.4674266811681664,2026-10-10T09:11:16Z,2026-10-10T10:00:00Z,Current formula at this deadline. This file does not replace the published Gameweeks 1-5 total of 280.,ffe911b65b5019529f8a7a322ad058e013a0e6146677c35d796f075e2572f09b,8e21d4821be776332f3504f55f85b4277f326f03513b2c7501fbdedf92b8b1a2,98e5bb4281312953f19a18383d2d6691e34279618c900c736d39c22085bb1b0a,f53c43b2c822d111bca9e3ae615ceb539ff324fbf9fae9a07ded738891b01546,477fee196153c242d686d57bb9605fedb219ebdcdb8ee09b33660fc52cd8c120,efb2c9b0cb1be3de920b75bf0f5f5f1cace273389576971cd0b9d19ef382067d,3049c664dd1b2e517d0ef8b59c0078d485f327951d4603e1bc460e11248013c2
2026-27:226,7,3.498819554265427,2026-10-10T09:11:16Z,2026-10-10T10:00:00Z,Current formula at this deadline. This file does not replace the published Gameweeks 1-5 total of 280.,ffe911b65b5019529f8a7a322ad058e013a0e6146677c35d796f075e2572f09b,8e21d4821be776332f3504f55f85b4277f326f03513b2c7501fbdedf92b8b1a2,98e5bb4281312953f19a18383d2d6691e34279618c900c736d39c22085bb1b0a,f53c43b2c822d111bca9e3ae615ceb539ff324fbf9fae9a07ded738891b01546,477fee196153c242d686d57bb9605fedb219ebdcdb8ee09b33660fc52cd8c120,efb2c9b0cb1be3de920b75bf0f5f5f1cace273389576971cd0b9d19ef382067d,3049c664dd1b2e517d0ef8b59c0078d485f327951d4603e1bc460e11248013c2
2026-27:229,7,4.146319088248318,2026-10-10T09:11:16Z,2026-10-10T10:00:00Z,Current formula at this deadline. This file does not replace the published Gameweeks 1-5 total of 280.,ffe911b65b5019529f8a7a322ad058e013a0e6146677c35d796f075e2572f09b,8e21d4821be776332f3504f55f85b4277f326f03513b2c7501fbdedf92b8b1a2,98e5bb4281312953f19a18383d2d6691e34279618c900c736d39c22085bb1b0a,f53c43b2c822d111bca9e3ae615ceb539ff324fbf9fae9a07ded738891b01546,477fee196153c242d686d57bb9605fedb219ebdcdb8ee09b33660fc52cd8c120,efb2c9b0cb1be3de920b75bf0f5f5f1cace273389576971cd0b9d19ef382067d,3049c664dd1b2e517d0ef8b59c0078d485f327951d4603e1bc460e11248013c2
2026-27:230,7,4.115219639468877,2026-10-10T09:11:16Z,2026-10-10T10:00:00Z,Current formula at this deadline. This file does not replace the published Gameweeks 1-5 total of 280.,ffe911b65b5019529f8a7a322ad058e013a0e6146677c35d796f075e2572f09b,8e21d4821be776332f3504f55f85b4277f326f03513b2c7501fbdedf92b8b1a2,98e5bb4281312953f19a18383d2d6691e34279618c900c736d39c22085bb1b0a,f53c43b2c822d111bca9e3ae615ceb539ff324fbf9fae9a07ded738891b01546,477fee196153c242d686d57bb9605fedb219ebdcdb8ee09b33660fc52cd8c120,efb2c9b0cb1be3de920b75bf0f5f5f1cace273389576971cd0b9d19ef382067d,3049c664dd1b2e517d0ef8b59c0078d485f327951d4603e1bc460e11248013c2
2026-27:233,7,3.7009627720542584,2026-10-10T09:11:16Z,2026-10-10T10:00:00Z,Current formula at this deadline. This file does not replace the published Gameweeks 1-5 total of 280.,ffe911b65b5019529f8a7a322ad058e013a0e6146677c35d796f075e2572f09b,8e21d4821be776332f3504f55f85b4277f326f03513b2c7501fbdedf92b8b1a2,98e5bb4281312953f19a18383d2d6691e34279618c900c736d39c22085bb1b0a,f53c43b2c822d111bca9e3ae615ceb539ff324fbf9fae9a07ded738891b01546,477fee196153c242d686d57bb9605fedb219ebdcdb8ee09b33660fc52cd8c120,efb2c9b0cb1be3de920b75bf0f5f5f1cace273389576971cd0b9d19ef382067d,3049c664dd1b2e517d0ef8b59c0078d485f327951d4603e1bc460e11248013c2
2026-27:236,7,4.050014295743094,2026-10-10T09:11:16Z,2026-10-10T10:00:00Z,Current formula at this deadline. This file does not replace the published Gameweeks 1-5 total of 280.,ffe911b65b5019529f8a7a322ad058e013a0e6146677c35d796f075e2572f09b,8e21d4821be776332f3504f55f85b4277f326f03513b2c7501fbdedf92b8b1a2,98e5bb4281312953f19a18383d2d6691e34279618c900c736d39c22085bb1b0a,f53c43b2c822d111bca9e3ae615ceb539ff324fbf9fae9a07ded738891b01546,477fee196153c242d686d57bb9605fedb219ebdcdb8ee09b33660fc52cd8c120,efb2c9b0cb1be3de920b75bf0f5f5f1cace273389576971cd0b9d19ef382067d,3049c664dd1b2e517d0ef8b59c0078d485f327951d4603e1bc460e11248013c2
2026-27:237,7,3.6186516818694523,2026-10-10T09:11:16Z,2026-10-10T10:00:00Z,Current formula at this deadline. This file does not replace the published Gameweeks 1-5 total of 280.,ffe911b65b5019529f8a7a322ad058e013a0e6146677c35d796f075e2572f09b,8e21d4821be776332f3504f55f85b4277f326f03513b2c7501fbdedf92b8b1a2,98e5bb4281312953f19a18383d2d6691e34279618c900c736d39c22085bb1b0a,f53c43b2c822d111bca9e3ae615ceb539ff324fbf9fae9a07ded738891b01546,477fee196153c242d686d57bb9605fedb219ebdcdb8ee09b33660fc52cd8c120,efb2c9b0cb1be3de920b75bf0f5f5f1cace273389576971cd0b9d19ef382067d,3049c664dd1b2e517d0ef8b59c0078d485f327951d4603e1bc460e11248013c2
2026-27:239,7,2.989158240903239,2026-10-10T09:11:16Z,2026-10-10T10:00:00Z,Current formula at this deadline. This file does not replace the published Gameweeks 1-5 total of 280.,ffe911b65b5019529f8a7a322ad058e013a0e6146677c35d796f075e2572f09b,8e21d4821be776332f3504f55f85b4277f326f03513b2c7501fbdedf92b8b1a2,98e5bb4281312953f19a18383d2d6691e34279618c900c736d39c22085bb1b0a,f53c43b2c822d111bca9e3ae615ceb539ff324fbf9fae9a07ded738891b01546,477fee196153c242d686d57bb9605fedb219ebdcdb8ee09b33660fc52cd8c120,efb2c9b0cb1be3de920b75bf0f5f5f1cace273389576971cd0b9d19ef382067d,3049c664dd1b2e517d0ef8b59c0078d485f327951d4603e1bc460e11248013c2
2026-27:242,7,2.714154830653723,2026-10-10T09:11:16Z,2026-10-10T10:00:00Z,Current formula at this deadline. This file does not replace the published Gameweeks 1-5 total of 280.,ffe911b65b5019529f8a7a322ad058e013a0e6146677c35d796f075e2572f09b,8e21d4821be776332f3504f55f85b4277f326f03513b2c7501fbdedf92b8b1a2,98e5bb4281312953f19a18383d2d6691e34279618c900c736d39c22085bb1b0a,f53c43b2c822d111bca9e3ae615ceb539ff324fbf9fae9a07ded738891b01546,477fee196153c242d686d57bb9605fedb219ebdcdb8ee09b33660fc52cd8c120,efb2c9b0cb1be3de920b75bf0f5f5f1cace273389576971cd0b9d19ef382067d,3049c664dd1b2e517d0ef8b59c0078d485f327951d4603e1bc460e11248013c2
2026-27:244,7,3.274636445202898,2026-10-10T09:11:16Z,2026-10-10T10:00:00Z,Current formula at this deadline. This file does not replace the published Gameweeks 1-5 total of 280.,ffe911b65b5019529f8a7a322ad058e013a0e6146677c35d796f075e2572f09b,8e21d4821be776332f3504f55f85b4277f326f03513b2c7501fbdedf92b8b1a2,98e5bb4281312953f19a18383d2d6691e34279618c900c736d39c22085bb1b0a,f53c43b2c822d111bca9e3ae615ceb539ff324fbf9fae9a07ded738891b01546,477fee196153c242d686d57bb9605fedb219ebdcdb8ee09b33660fc52cd8c120,efb2c9b0cb1be3de920b75bf0f5f5f1cace273389576971cd0b9d19ef382067d,3049c664dd1b2e517d0ef8b59c0078d485f327951d4603e1bc460e11248013c2
2026-27:249,7,5.1258194243442095,2026-10-10T09:11:16Z,2026-10-10T10:00:00Z,Current formula at this deadline. This file does not replace the published Gameweeks 1-5 total of 280.,ffe911b65b5019529f8a7a322ad058e013a0e6146677c35d796f075e2572f09b,8e21d4821be776332f3504f55f85b4277f326f03513b2c7501fbdedf92b8b1a2,98e5bb4281312953f19a18383d2d6691e34279618c900c736d39c22085bb1b0a,f53c43b2c822d111bca9e3ae615ceb539ff324fbf9fae9a07ded738891b01546,477fee196153c242d686d57bb9605fedb219ebdcdb8ee09b33660fc52cd8c120,efb2c9b0cb1be3de920b75bf0f5f5f1cace273389576971cd0b9d19ef382067d,3049c664dd1b2e517d0ef8b59c0078d485f327951d4603e1bc460e11248013c2
2026-27:250,7,3.497545338531356,2026-10-10T09:11:16Z,2026-10-10T10:00:00Z,Current formula at this deadline. This file does not replace the published Gameweeks 1-5 total of 280.,ffe911b65b5019529f8a7a322ad058e013a0e6146677c35d796f075e2572f09b,8e21d4821be776332f3504f55f85b4277f326f03513b2c7501fbdedf92b8b1a2,98e5bb4281312953f19a18383d2d6691e34279618c900c736d39c22085bb1b0a,f53c43b2c822d111bca9e3ae615ceb539ff324fbf9fae9a07ded738891b01546,477fee196153c242d686d57bb9605fedb219ebdcdb8ee09b33660fc52cd8c120,efb2c9b0cb1be3de920b75bf0f5f5f1cace273389576971cd0b9d19ef382067d,3049c664dd1b2e517d0ef8b59c0078d485f327951d4603e1bc460e11248013c2
2026-27:254,7,3.25353094088142,2026-10-10T09:11:16Z,2026-10-10T10:00:00Z,Current formula at this deadline. This file does not replace the published Gameweeks 1-5 total of 280.,ffe911b65b5019529f8a7a322ad058e013a0e6146677c35d796f075e2572f09b,8e21d4821be776332f3504f55f85b4277f326f03513b2c7501fbdedf92b8b1a2,98e5bb4281312953f19a18383d2d6691e34279618c900c736d39c22085bb1b0a,f53c43b2c822d111bca9e3ae615ceb539ff324fbf9fae9a07ded738891b01546,477fee196153c242d686d57bb9605fedb219ebdcdb8ee09b33660fc52cd8c120,efb2c9b0cb1be3de920b75bf0f5f5f1cace273389576971cd0b9d19ef382067d,3049c664dd1b2e517d0ef8b59c0078d485f327951d4603e1bc460e11248013c2
2026-27:257,7,2.917345493495169,2026-10-10T09:11:16Z,2026-10-10T10:00:00Z,Current formula at this deadline. This file does not replace the published Gameweeks 1-5 total of 280.,ffe911b65b5019529f8a7a322ad058e013a0e6146677c35d796f075e2572f09b,8e21d4821be776332f3504f55f85b4277f326f03513b2c7501fbdedf92b8b1a2,98e5bb4281312953f19a18383d2d6691e34279618c900c736d39c22085bb1b0a,f53c43b2c822d111bca9e3ae615ceb539ff324fbf9fae9a07ded738891b01546,477fee196153c242d686d57bb9605fedb219ebdcdb8ee09b33660fc52cd8c120,efb2c9b0cb1be3de920b75bf0f5f5f1cace273389576971cd0b9d19ef382067d,3049c664dd1b2e517d0ef8b59c0078d485f327951d4603e1bc460e11248013c2
2026-27:258,7,3.78290255525842,2026-10-10T09:11:16Z,2026-10-10T10:00:00Z,Current formula at this deadline. This file does not replace the published Gameweeks 1-5 total of 280.,ffe911b65b5019529f8a7a322ad058e013a0e6146677c35d796f075e2572f09b,8e21d4821be776332f3504f55f85b4277f326f03513b2c7501fbdedf92b8b1a2,98e5bb4281312953f19a18383d2d6691e34279618c900c736d39c22085bb1b0a,f53c43b2c822d111bca9e3ae615ceb539ff324fbf9fae9a07ded738891b01546,477fee196153c242d686d57bb9605fedb219ebdcdb8ee09b33660fc52cd8c120,efb2c9b0cb1be3de920b75bf0f5f5f1cace273389576971cd0b9d19ef382067d,3049c664dd1b2e517d0ef8b59c0078d485f327951d4603e1bc460e11248013c2
2026-27:259,7,3.7440993802093083,2026-10-10T09:11:16Z,2026-10-10T10:00:00Z,Current formula at this deadline. This file does not replace the published Gameweeks 1-5 total of 280.,ffe911b65b5019529f8a7a322ad058e013a0e6146677c35d796f075e2572f09b,8e21d4821be776332f3504f55f85b4277f326f03513b2c7501fbdedf92b8b1a2,98e5bb4281312953f19a18383d2d6691e34279618c900c736d39c22085bb1b0a,f53c43b2c822d111bca9e3ae615ceb539ff324fbf9fae9a07ded738891b01546,477fee196153c242d686d57bb9605fedb219ebdcdb8ee09b33660fc52cd8c120,efb2c9b0cb1be3de920b75bf0f5f5f1cace273389576971cd0b9d19ef382067d,3049c664dd1b2e517d0ef8b59c0078d485f327951d4603e1bc460e11248013c2
2026-27:26,7,3.1217172323211297,2026-10-10T09:11:16Z,2026-10-10T10:00:00Z,Current formula at this deadline. This file does not replace the published Gameweeks 1-5 total of 280.,ffe911b65b5019529f8a7a322ad058e013a0e6146677c35d796f075e2572f09b,8e21d4821be776332f3504f55f85b4277f326f03513b2c7501fbdedf92b8b1a2,98e5bb4281312953f19a18383d2d6691e34279618c900c736d39c22085bb1b0a,f53c43b2c822d111bca9e3ae615ceb539ff324fbf9fae9a07ded738891b01546,477fee196153c242d686d57bb9605fedb219ebdcdb8ee09b33660fc52cd8c120,efb2c9b0cb1be3de920b75bf0f5f5f1cace273389576971cd0b9d19ef382067d,3049c664dd1b2e517d0ef8b59c0078d485f327951d4603e1bc460e11248013c2
2026-27:261,7,3.3750047957731586,2026-10-10T09:11:16Z,2026-10-10T10:00:00Z,Current formula at this deadline. This file does not replace the published Gameweeks 1-5 total of 280.,ffe911b65b5019529f8a7a322ad058e013a0e6146677c35d796f075e2572f09b,8e21d4821be776332f3504f55f85b4277f326f03513b2c7501fbdedf92b8b1a2,98e5bb4281312953f19a18383d2d6691e34279618c900c736d39c22085bb1b0a,f53c43b2c822d111bca9e3ae615ceb539ff324fbf9fae9a07ded738891b01546,477fee196153c242d686d57bb9605fedb219ebdcdb8ee09b33660fc52cd8c120,efb2c9b0cb1be3de920b75bf0f5f5f1cace273389576971cd0b9d19ef382067d,3049c664dd1b2e517d0ef8b59c0078d485f327951d4603e1bc460e11248013c2
2026-27:264,7,3.491209059110336,2026-10-10T09:11:16Z,2026-10-10T10:00:00Z,Current formula at this deadline. This file does not replace the published Gameweeks 1-5 total of 280.,ffe911b65b5019529f8a7a322ad058e013a0e6146677c35d796f075e2572f09b,8e21d4821be776332f3504f55f85b4277f326f03513b2c7501fbdedf92b8b1a2,98e5bb4281312953f19a18383d2d6691e34279618c900c736d39c22085bb1b0a,f53c43b2c822d111bca9e3ae615ceb539ff324fbf9fae9a07ded738891b01546,477fee196153c242d686d57bb9605fedb219ebdcdb8ee09b33660fc52cd8c120,efb2c9b0cb1be3de920b75bf0f5f5f1cace273389576971cd0b9d19ef382067d,3049c664dd1b2e517d0ef8b59c0078d485f327951d4603e1bc460e11248013c2
2026-27:265,7,2.5542090922048812,2026-10-10T09:11:16Z,2026-10-10T10:00:00Z,Current formula at this deadline. This file does not replace the published Gameweeks 1-5 total of 280.,ffe911b65b5019529f8a7a322ad058e013a0e6146677c35d796f075e2572f09b,8e21d4821be776332f3504f55f85b4277f326f03513b2c7501fbdedf92b8b1a2,98e5bb4281312953f19a18383d2d6691e34279618c900c736d39c22085bb1b0a,f53c43b2c822d111bca9e3ae615ceb539ff324fbf9fae9a07ded738891b01546,477fee196153c242d686d57bb9605fedb219ebdcdb8ee09b33660fc52cd8c120,efb2c9b0cb1be3de920b75bf0f5f5f1cace273389576971cd0b9d19ef382067d,3049c664dd1b2e517d0ef8b59c0078d485f327951d4603e1bc460e11248013c2
2026-27:267,7,2.5374796847827397,2026-10-10T09:11:16Z,2026-10-10T10:00:00Z,Current formula at this deadline. This file does not replace the published Gameweeks 1-5 total of 280.,ffe911b65b5019529f8a7a322ad058e013a0e6146677c35d796f075e2572f09b,8e21d4821be776332f3504f55f85b4277f326f03513b2c7501fbdedf92b8b1a2,98e5bb4281312953f19a18383d2d6691e34279618c900c736d39c22085bb1b0a,f53c43b2c822d111bca9e3ae615ceb539ff324fbf9fae9a07ded738891b01546,477fee196153c242d686d57bb9605fedb219ebdcdb8ee09b33660fc52cd8c120,efb2c9b0cb1be3de920b75bf0f5f5f1cace273389576971cd0b9d19ef382067d,3049c664dd1b2e517d0ef8b59c0078d485f327951d4603e1bc460e11248013c2
2026-27:268,7,4.091157894052197,2026-10-10T09:11:16Z,2026-10-10T10:00:00Z,Current formula at this deadline. This file does not replace the published Gameweeks 1-5 total of 280.,ffe911b65b5019529f8a7a322ad058e013a0e6146677c35d796f075e2572f09b,8e21d4821be776332f3504f55f85b4277f326f03513b2c7501fbdedf92b8b1a2,98e5bb4281312953f19a18383d2d6691e34279618c900c736d39c22085bb1b0a,f53c43b2c822d111bca9e3ae615ceb539ff324fbf9fae9a07ded738891b01546,477fee196153c242d686d57bb9605fedb219ebdcdb8ee09b33660fc52cd8c120,efb2c9b0cb1be3de920b75bf0f5f5f1cace273389576971cd0b9d19ef382067d,3049c664dd1b2e517d0ef8b59c0078d485f327951d4603e1bc460e11248013c2
2026-27:277,7,3.7988752521688296,2026-10-10T09:11:16Z,2026-10-10T10:00:00Z,Current formula at this deadline. This file does not replace the published Gameweeks 1-5 total of 280.,ffe911b65b5019529f8a7a322ad058e013a0e6146677c35d796f075e2572f09b,8e21d4821be776332f3504f55f85b4277f326f03513b2c7501fbdedf92b8b1a2,98e5bb4281312953f19a18383d2d6691e34279618c900c736d39c22085bb1b0a,f53c43b2c822d111bca9e3ae615ceb539ff324fbf9fae9a07ded738891b01546,477fee196153c242d686d57bb9605fedb219ebdcdb8ee09b33660fc52cd8c120,efb2c9b0cb1be3de920b75bf0f5f5f1cace273389576971cd0b9d19ef382067d,3049c664dd1b2e517d0ef8b59c0078d485f327951d4603e1bc460e11248013c2
2026-27:279,7,3.5597535921271306,2026-10-10T09:11:16Z,2026-10-10T10:00:00Z,Current formula at this deadline. This file does not replace the published Gameweeks 1-5 total of 280.,ffe911b65b5019529f8a7a322ad058e013a0e6146677c35d796f075e2572f09b,8e21d4821be776332f3504f55f85b4277f326f03513b2c7501fbdedf92b8b1a2,98e5bb4281312953f19a18383d2d6691e34279618c900c736d39c22085bb1b0a,f53c43b2c822d111bca9e3ae615ceb539ff324fbf9fae9a07ded738891b01546,477fee196153c242d686d57bb9605fedb219ebdcdb8ee09b33660fc52cd8c120,efb2c9b0cb1be3de920b75bf0f5f5f1cace273389576971cd0b9d19ef382067d,3049c664dd1b2e517d0ef8b59c0078d485f327951d4603e1bc460e11248013c2
2026-27:28,7,3.412933356070661,2026-10-10T09:11:16Z,2026-10-10T10:00:00Z,Current formula at this deadline. This file does not replace the published Gameweeks 1-5 total of 280.,ffe911b65b5019529f8a7a322ad058e013a0e6146677c35d796f075e2572f09b,8e21d4821be776332f3504f55f85b4277f326f03513b2c7501fbdedf92b8b1a2,98e5bb4281312953f19a18383d2d6691e34279618c900c736d39c22085bb1b0a,f53c43b2c822d111bca9e3ae615ceb539ff324fbf9fae9a07ded738891b01546,477fee196153c242d686d57bb9605fedb219ebdcdb8ee09b33660fc52cd8c120,efb2c9b0cb1be3de920b75bf0f5f5f1cace273389576971cd0b9d19ef382067d,3049c664dd1b2e517d0ef8b59c0078d485f327951d4603e1bc460e11248013c2
2026-27:280,7,2.8236504301813534,2026-10-10T09:11:16Z,2026-10-10T10:00:00Z,Current formula at this deadline. This file does not replace the published Gameweeks 1-5 total of 280.,ffe911b65b5019529f8a7a322ad058e013a0e6146677c35d796f075e2572f09b,8e21d4821be776332f3504f55f85b4277f326f03513b2c7501fbdedf92b8b1a2,98e5bb4281312953f19a18383d2d6691e34279618c900c736d39c22085bb1b0a,f53c43b2c822d111bca9e3ae615ceb539ff324fbf9fae9a07ded738891b01546,477fee196153c242d686d57bb9605fedb219ebdcdb8ee09b33660fc52cd8c120,efb2c9b0cb1be3de920b75bf0f5f5f1cace273389576971cd0b9d19ef382067d,3049c664dd1b2e517d0ef8b59c0078d485f327951d4603e1bc460e11248013c2
2026-27:282,7,3.0769715688978034,2026-10-10T09:11:16Z,2026-10-10T10:00:00Z,Current formula at this deadline. This file does not replace the published Gameweeks 1-5 total of 280.,ffe911b65b5019529f8a7a322ad058e013a0e6146677c35d796f075e2572f09b,8e21d4821be776332f3504f55f85b4277f326f03513b2c7501fbdedf92b8b1a2,98e5bb4281312953f19a18383d2d6691e34279618c900c736d39c22085bb1b0a,f53c43b2c822d111bca9e3ae615ceb539ff324fbf9fae9a07ded738891b01546,477fee196153c242d686d57bb9605fedb219ebdcdb8ee09b33660fc52cd8c120,efb2c9b0cb1be3de920b75bf0f5f5f1cace273389576971cd0b9d19ef382067d,3049c664dd1b2e517d0ef8b59c0078d485f327951d4603e1bc460e11248013c2
2026-27:286,7,4.0851378559948355,2026-10-10T09:11:16Z,2026-10-10T10:00:00Z,Current formula at this deadline. This file does not replace the published Gameweeks 1-5 total of 280.,ffe911b65b5019529f8a7a322ad058e013a0e6146677c35d796f075e2572f09b,8e21d4821be776332f3504f55f85b4277f326f03513b2c7501fbdedf92b8b1a2,98e5bb4281312953f19a18383d2d6691e34279618c900c736d39c22085bb1b0a,f53c43b2c822d111bca9e3ae615ceb539ff324fbf9fae9a07ded738891b01546,477fee196153c242d686d57bb9605fedb219ebdcdb8ee09b33660fc52cd8c120,efb2c9b0cb1be3de920b75bf0f5f5f1cace273389576971cd0b9d19ef382067d,3049c664dd1b2e517d0ef8b59c0078d485f327951d4603e1bc460e11248013c2
2026-27:29,7,2.1998967912612155,2026-10-10T09:11:16Z,2026-10-10T10:00:00Z,Current formula at this deadline. This file does not replace the published Gameweeks 1-5 total of 280.,ffe911b65b5019529f8a7a322ad058e013a0e6146677c35d796f075e2572f09b,8e21d4821be776332f3504f55f85b4277f326f03513b2c7501fbdedf92b8b1a2,98e5bb4281312953f19a18383d2d6691e34279618c900c736d39c22085bb1b0a,f53c43b2c822d111bca9e3ae615ceb539ff324fbf9fae9a07ded738891b01546,477fee196153c242d686d57bb9605fedb219ebdcdb8ee09b33660fc52cd8c120,efb2c9b0cb1be3de920b75bf0f5f5f1cace273389576971cd0b9d19ef382067d,3049c664dd1b2e517d0ef8b59c0078d485f327951d4603e1bc460e11248013c2
2026-27:290,7,3.197895232388758,2026-10-10T09:11:16Z,2026-10-10T10:00:00Z,Current formula at this deadline. This file does not replace the published Gameweeks 1-5 total of 280.,ffe911b65b5019529f8a7a322ad058e013a0e6146677c35d796f075e2572f09b,8e21d4821be776332f3504f55f85b4277f326f03513b2c7501fbdedf92b8b1a2,98e5bb4281312953f19a18383d2d6691e34279618c900c736d39c22085bb1b0a,f53c43b2c822d111bca9e3ae615ceb539ff324fbf9fae9a07ded738891b01546,477fee196153c242d686d57bb9605fedb219ebdcdb8ee09b33660fc52cd8c120,efb2c9b0cb1be3de920b75bf0f5f5f1cace273389576971cd0b9d19ef382067d,3049c664dd1b2e517d0ef8b59c0078d485f327951d4603e1bc460e11248013c2
2026-27:295,7,3.300674023369332,2026-10-10T09:11:16Z,2026-10-10T10:00:00Z,Current formula at this deadline. This file does not replace the published Gameweeks 1-5 total of 280.,ffe911b65b5019529f8a7a322ad058e013a0e6146677c35d796f075e2572f09b,8e21d4821be776332f3504f55f85b4277f326f03513b2c7501fbdedf92b8b1a2,98e5bb4281312953f19a18383d2d6691e34279618c900c736d39c22085bb1b0a,f53c43b2c822d111bca9e3ae615ceb539ff324fbf9fae9a07ded738891b01546,477fee196153c242d686d57bb9605fedb219ebdcdb8ee09b33660fc52cd8c120,efb2c9b0cb1be3de920b75bf0f5f5f1cace273389576971cd0b9d19ef382067d,3049c664dd1b2e517d0ef8b59c0078d485f327951d4603e1bc460e11248013c2
2026-27:304,7,3.4381939412773606,2026-10-10T09:11:16Z,2026-10-10T10:00:00Z,Current formula at this deadline. This file does not replace the published Gameweeks 1-5 total of 280.,ffe911b65b5019529f8a7a322ad058e013a0e6146677c35d796f075e2572f09b,8e21d4821be776332f3504f55f85b4277f326f03513b2c7501fbdedf92b8b1a2,98e5bb4281312953f19a18383d2d6691e34279618c900c736d39c22085bb1b0a,f53c43b2c822d111bca9e3ae615ceb539ff324fbf9fae9a07ded738891b01546,477fee196153c242d686d57bb9605fedb219ebdcdb8ee09b33660fc52cd8c120,efb2c9b0cb1be3de920b75bf0f5f5f1cace273389576971cd0b9d19ef382067d,3049c664dd1b2e517d0ef8b59c0078d485f327951d4603e1bc460e11248013c2
2026-27:305,7,4.644994581888409,2026-10-10T09:11:16Z,2026-10-10T10:00:00Z,Current formula at this deadline. This file does not replace the published Gameweeks 1-5 total of 280.,ffe911b65b5019529f8a7a322ad058e013a0e6146677c35d796f075e2572f09b,8e21d4821be776332f3504f55f85b4277f326f03513b2c7501fbdedf92b8b1a2,98e5bb4281312953f19a18383d2d6691e34279618c900c736d39c22085bb1b0a,f53c43b2c822d111bca9e3ae615ceb539ff324fbf9fae9a07ded738891b01546,477fee196153c242d686d57bb9605fedb219ebdcdb8ee09b33660fc52cd8c120,efb2c9b0cb1be3de920b75bf0f5f5f1cace273389576971cd0b9d19ef382067d,3049c664dd1b2e517d0ef8b59c0078d485f327951d4603e1bc460e11248013c2
2026-27:306,7,2.778044363704585,2026-10-10T09:11:16Z,2026-10-10T10:00:00Z,Current formula at this deadline. This file does not replace the published Gameweeks 1-5 total of 280.,ffe911b65b5019529f8a7a322ad058e013a0e6146677c35d796f075e2572f09b,8e21d4821be776332f3504f55f85b4277f326f03513b2c7501fbdedf92b8b1a2,98e5bb4281312953f19a18383d2d6691e34279618c900c736d39c22085bb1b0a,f53c43b2c822d111bca9e3ae615ceb539ff324fbf9fae9a07ded738891b01546,477fee196153c242d686d57bb9605fedb219ebdcdb8ee09b33660fc52cd8c120,efb2c9b0cb1be3de920b75bf0f5f5f1cace273389576971cd0b9d19ef382067d,3049c664dd1b2e517d0ef8b59c0078d485f327951d4603e1bc460e11248013c2
2026-27:31,7,3.2321846858844308,2026-10-10T09:11:16Z,2026-10-10T10:00:00Z,Current formula at this deadline. This file does not replace the published Gameweeks 1-5 total of 280.,ffe911b65b5019529f8a7a322ad058e013a0e6146677c35d796f075e2572f09b,8e21d4821be776332f3504f55f85b4277f326f03513b2c7501fbdedf92b8b1a2,98e5bb4281312953f19a18383d2d6691e34279618c900c736d39c22085bb1b0a,f53c43b2c822d111bca9e3ae615ceb539ff324fbf9fae9a07ded738891b01546,477fee196153c242d686d57bb9605fedb219ebdcdb8ee09b33660fc52cd8c120,efb2c9b0cb1be3de920b75bf0f5f5f1cace273389576971cd0b9d19ef382067d,3049c664dd1b2e517d0ef8b59c0078d485f327951d4603e1bc460e11248013c2
2026-27:312,7,1.581708063407269,2026-10-10T09:11:16Z,2026-10-10T10:00:00Z,Current formula at this deadline. This file does not replace the published Gameweeks 1-5 total of 280.,ffe911b65b5019529f8a7a322ad058e013a0e6146677c35d796f075e2572f09b,8e21d4821be776332f3504f55f85b4277f326f03513b2c7501fbdedf92b8b1a2,98e5bb4281312953f19a18383d2d6691e34279618c900c736d39c22085bb1b0a,f53c43b2c822d111bca9e3ae615ceb539ff324fbf9fae9a07ded738891b01546,477fee196153c242d686d57bb9605fedb219ebdcdb8ee09b33660fc52cd8c120,efb2c9b0cb1be3de920b75bf0f5f5f1cace273389576971cd0b9d19ef382067d,3049c664dd1b2e517d0ef8b59c0078d485f327951d4603e1bc460e11248013c2
2026-27:313,7,2.4127080864162025,2026-10-10T09:11:16Z,2026-10-10T10:00:00Z,Current formula at this deadline. This file does not replace the published Gameweeks 1-5 total of 280.,ffe911b65b5019529f8a7a322ad058e013a0e6146677c35d796f075e2572f09b,8e21d4821be776332f3504f55f85b4277f326f03513b2c7501fbdedf92b8b1a2,98e5bb4281312953f19a18383d2d6691e34279618c900c736d39c22085bb1b0a,f53c43b2c822d111bca9e3ae615ceb539ff324fbf9fae9a07ded738891b01546,477fee196153c242d686d57bb9605fedb219ebdcdb8ee09b33660fc52cd8c120,efb2c9b0cb1be3de920b75bf0f5f5f1cace273389576971cd0b9d19ef382067d,3049c664dd1b2e517d0ef8b59c0078d485f327951d4603e1bc460e11248013c2
2026-27:316,7,3.2846821565759337,2026-10-10T09:11:16Z,2026-10-10T10:00:00Z,Current formula at this deadline. This file does not replace the published Gameweeks 1-5 total of 280.,ffe911b65b5019529f8a7a322ad058e013a0e6146677c35d796f075e2572f09b,8e21d4821be776332f3504f55f85b4277f326f03513b2c7501fbdedf92b8b1a2,98e5bb4281312953f19a18383d2d6691e34279618c900c736d39c22085bb1b0a,f53c43b2c822d111bca9e3ae615ceb539ff324fbf9fae9a07ded738891b01546,477fee196153c242d686d57bb9605fedb219ebdcdb8ee09b33660fc52cd8c120,efb2c9b0cb1be3de920b75bf0f5f5f1cace273389576971cd0b9d19ef382067d,3049c664dd1b2e517d0ef8b59c0078d485f327951d4603e1bc460e11248013c2
2026-27:325,7,2.20060937285828,2026-10-10T09:11:16Z,2026-10-10T10:00:00Z,Current formula at this deadline. This file does not replace the published Gameweeks 1-5 total of 280.,ffe911b65b5019529f8a7a322ad058e013a0e6146677c35d796f075e2572f09b,8e21d4821be776332f3504f55f85b4277f326f03513b2c7501fbdedf92b8b1a2,98e5bb4281312953f19a18383d2d6691e34279618c900c736d39c22085bb1b0a,f53c43b2c822d111bca9e3ae615ceb539ff324fbf9fae9a07ded738891b01546,477fee196153c242d686d57bb9605fedb219ebdcdb8ee09b33660fc52cd8c120,efb2c9b0cb1be3de920b75bf0f5f5f1cace273389576971cd0b9d19ef382067d,3049c664dd1b2e517d0ef8b59c0078d485f327951d4603e1bc460e11248013c2
2026-27:33,7,3.2736446039030875,2026-10-10T09:11:16Z,2026-10-10T10:00:00Z,Current formula at this deadline. This file does not replace the published Gameweeks 1-5 total of 280.,ffe911b65b5019529f8a7a322ad058e013a0e6146677c35d796f075e2572f09b,8e21d4821be776332f3504f55f85b4277f326f03513b2c7501fbdedf92b8b1a2,98e5bb4281312953f19a18383d2d6691e34279618c900c736d39c22085bb1b0a,f53c43b2c822d111bca9e3ae615ceb539ff324fbf9fae9a07ded738891b01546,477fee196153c242d686d57bb9605fedb219ebdcdb8ee09b33660fc52cd8c120,efb2c9b0cb1be3de920b75bf0f5f5f1cace273389576971cd0b9d19ef382067d,3049c664dd1b2e517d0ef8b59c0078d485f327951d4603e1bc460e11248013c2
2026-27:330,7,4.539807273801491,2026-10-10T09:11:16Z,2026-10-10T10:00:00Z,Current formula at this deadline. This file does not replace the published Gameweeks 1-5 total of 280.,ffe911b65b5019529f8a7a322ad058e013a0e6146677c35d796f075e2572f09b,8e21d4821be776332f3504f55f85b4277f326f03513b2c7501fbdedf92b8b1a2,98e5bb4281312953f19a18383d2d6691e34279618c900c736d39c22085bb1b0a,f53c43b2c822d111bca9e3ae615ceb539ff324fbf9fae9a07ded738891b01546,477fee196153c242d686d57bb9605fedb219ebdcdb8ee09b33660fc52cd8c120,efb2c9b0cb1be3de920b75bf0f5f5f1cace273389576971cd0b9d19ef382067d,3049c664dd1b2e517d0ef8b59c0078d485f327951d4603e1bc460e11248013c2
2026-27:331,7,2.9500425644702624,2026-10-10T09:11:16Z,2026-10-10T10:00:00Z,Current formula at this deadline. This file does not replace the published Gameweeks 1-5 total of 280.,ffe911b65b5019529f8a7a322ad058e013a0e6146677c35d796f075e2572f09b,8e21d4821be776332f3504f55f85b4277f326f03513b2c7501fbdedf92b8b1a2,98e5bb4281312953f19a18383d2d6691e34279618c900c736d39c22085bb1b0a,f53c43b2c822d111bca9e3ae615ceb539ff324fbf9fae9a07ded738891b01546,477fee196153c242d686d57bb9605fedb219ebdcdb8ee09b33660fc52cd8c120,efb2c9b0cb1be3de920b75bf0f5f5f1cace273389576971cd0b9d19ef382067d,3049c664dd1b2e517d0ef8b59c0078d485f327951d4603e1bc460e11248013c2
2026-27:332,7,4.301164305389799,2026-10-10T09:11:16Z,2026-10-10T10:00:00Z,Current formula at this deadline. This file does not replace the published Gameweeks 1-5 total of 280.,ffe911b65b5019529f8a7a322ad058e013a0e6146677c35d796f075e2572f09b,8e21d4821be776332f3504f55f85b4277f326f03513b2c7501fbdedf92b8b1a2,98e5bb4281312953f19a18383d2d6691e34279618c900c736d39c22085bb1b0a,f53c43b2c822d111bca9e3ae615ceb539ff324fbf9fae9a07ded738891b01546,477fee196153c242d686d57bb9605fedb219ebdcdb8ee09b33660fc52cd8c120,efb2c9b0cb1be3de920b75bf0f5f5f1cace273389576971cd0b9d19ef382067d,3049c664dd1b2e517d0ef8b59c0078d485f327951d4603e1bc460e11248013c2
2026-27:334,7,4.542110727417517,2026-10-10T09:11:16Z,2026-10-10T10:00:00Z,Current formula at this deadline. This file does not replace the published Gameweeks 1-5 total of 280.,ffe911b65b5019529f8a7a322ad058e013a0e6146677c35d796f075e2572f09b,8e21d4821be776332f3504f55f85b4277f326f03513b2c7501fbdedf92b8b1a2,98e5bb4281312953f19a18383d2d6691e34279618c900c736d39c22085bb1b0a,f53c43b2c822d111bca9e3ae615ceb539ff324fbf9fae9a07ded738891b01546,477fee196153c242d686d57bb9605fedb219ebdcdb8ee09b33660fc52cd8c120,efb2c9b0cb1be3de920b75bf0f5f5f1cace273389576971cd0b9d19ef382067d,3049c664dd1b2e517d0ef8b59c0078d485f327951d4603e1bc460e11248013c2
2026-27:335,7,4.845333962323271,2026-10-10T09:11:16Z,2026-10-10T10:00:00Z,Current formula at this deadline. This file does not replace the published Gameweeks 1-5 total of 280.,ffe911b65b5019529f8a7a322ad058e013a0e6146677c35d796f075e2572f09b,8e21d4821be776332f3504f55f85b4277f326f03513b2c7501fbdedf92b8b1a2,98e5bb4281312953f19a18383d2d6691e34279618c900c736d39c22085bb1b0a,f53c43b2c822d111bca9e3ae615ceb539ff324fbf9fae9a07ded738891b01546,477fee196153c242d686d57bb9605fedb219ebdcdb8ee09b33660fc52cd8c120,efb2c9b0cb1be3de920b75bf0f5f5f1cace273389576971cd0b9d19ef382067d,3049c664dd1b2e517d0ef8b59c0078d485f327951d4603e1bc460e11248013c2
2026-27:336,7,2.7836469133337474,2026-10-10T09:11:16Z,2026-10-10T10:00:00Z,Current formula at this deadline. This file does not replace the published Gameweeks 1-5 total of 280.,ffe911b65b5019529f8a7a322ad058e013a0e6146677c35d796f075e2572f09b,8e21d4821be776332f3504f55f85b4277f326f03513b2c7501fbdedf92b8b1a2,98e5bb4281312953f19a18383d2d6691e34279618c900c736d39c22085bb1b0a,f53c43b2c822d111bca9e3ae615ceb539ff324fbf9fae9a07ded738891b01546,477fee196153c242d686d57bb9605fedb219ebdcdb8ee09b33660fc52cd8c120,efb2c9b0cb1be3de920b75bf0f5f5f1cace273389576971cd0b9d19ef382067d,3049c664dd1b2e517d0ef8b59c0078d485f327951d4603e1bc460e11248013c2
2026-27:338,7,3.840529744401992,2026-10-10T09:11:16Z,2026-10-10T10:00:00Z,Current formula at this deadline. This file does not replace the published Gameweeks 1-5 total of 280.,ffe911b65b5019529f8a7a322ad058e013a0e6146677c35d796f075e2572f09b,8e21d4821be776332f3504f55f85b4277f326f03513b2c7501fbdedf92b8b1a2,98e5bb4281312953f19a18383d2d6691e34279618c900c736d39c22085bb1b0a,f53c43b2c822d111bca9e3ae615ceb539ff324fbf9fae9a07ded738891b01546,477fee196153c242d686d57bb9605fedb219ebdcdb8ee09b33660fc52cd8c120,efb2c9b0cb1be3de920b75bf0f5f5f1cace273389576971cd0b9d19ef382067d,3049c664dd1b2e517d0ef8b59c0078d485f327951d4603e1bc460e11248013c2
2026-27:345,7,3.0735873818807717,2026-10-10T09:11:16Z,2026-10-10T10:00:00Z,Current formula at this deadline. This file does not replace the published Gameweeks 1-5 total of 280.,ffe911b65b5019529f8a7a322ad058e013a0e6146677c35d796f075e2572f09b,8e21d4821be776332f3504f55f85b4277f326f03513b2c7501fbdedf92b8b1a2,98e5bb4281312953f19a18383d2d6691e34279618c900c736d39c22085bb1b0a,f53c43b2c822d111bca9e3ae615ceb539ff324fbf9fae9a07ded738891b01546,477fee196153c242d686d57bb9605fedb219ebdcdb8ee09b33660fc52cd8c120,efb2c9b0cb1be3de920b75bf0f5f5f1cace273389576971cd0b9d19ef382067d,3049c664dd1b2e517d0ef8b59c0078d485f327951d4603e1bc460e11248013c2
2026-27:346,7,4.498266089769452,2026-10-10T09:11:16Z,2026-10-10T10:00:00Z,Current formula at this deadline. This file does not replace the published Gameweeks 1-5 total of 280.,ffe911b65b5019529f8a7a322ad058e013a0e6146677c35d796f075e2572f09b,8e21d4821be776332f3504f55f85b4277f326f03513b2c7501fbdedf92b8b1a2,98e5bb4281312953f19a18383d2d6691e34279618c900c736d39c22085bb1b0a,f53c43b2c822d111bca9e3ae615ceb539ff324fbf9fae9a07ded738891b01546,477fee196153c242d686d57bb9605fedb219ebdcdb8ee09b33660fc52cd8c120,efb2c9b0cb1be3de920b75bf0f5f5f1cace273389576971cd0b9d19ef382067d,3049c664dd1b2e517d0ef8b59c0078d485f327951d4603e1bc460e11248013c2
2026-27:350,7,3.3911425174376633,2026-10-10T09:11:16Z,2026-10-10T10:00:00Z,Current formula at this deadline. This file does not replace the published Gameweeks 1-5 total of 280.,ffe911b65b5019529f8a7a322ad058e013a0e6146677c35d796f075e2572f09b,8e21d4821be776332f3504f55f85b4277f326f03513b2c7501fbdedf92b8b1a2,98e5bb4281312953f19a18383d2d6691e34279618c900c736d39c22085bb1b0a,f53c43b2c822d111bca9e3ae615ceb539ff324fbf9fae9a07ded738891b01546,477fee196153c242d686d57bb9605fedb219ebdcdb8ee09b33660fc52cd8c120,efb2c9b0cb1be3de920b75bf0f5f5f1cace273389576971cd0b9d19ef382067d,3049c664dd1b2e517d0ef8b59c0078d485f327951d4603e1bc460e11248013c2
2026-27:356,7,3.9489748880341327,2026-10-10T09:11:16Z,2026-10-10T10:00:00Z,Current formula at this deadline. This file does not replace the published Gameweeks 1-5 total of 280.,ffe911b65b5019529f8a7a322ad058e013a0e6146677c35d796f075e2572f09b,8e21d4821be776332f3504f55f85b4277f326f03513b2c7501fbdedf92b8b1a2,98e5bb4281312953f19a18383d2d6691e34279618c900c736d39c22085bb1b0a,f53c43b2c822d111bca9e3ae615ceb539ff324fbf9fae9a07ded738891b01546,477fee196153c242d686d57bb9605fedb219ebdcdb8ee09b33660fc52cd8c120,efb2c9b0cb1be3de920b75bf0f5f5f1cace273389576971cd0b9d19ef382067d,3049c664dd1b2e517d0ef8b59c0078d485f327951d4603e1bc460e11248013c2
2026-27:358,7,2.5835073016962395,2026-10-10T09:11:16Z,2026-10-10T10:00:00Z,Current formula at this deadline. This file does not replace the published Gameweeks 1-5 total of 280.,ffe911b65b5019529f8a7a322ad058e013a0e6146677c35d796f075e2572f09b,8e21d4821be776332f3504f55f85b4277f326f03513b2c7501fbdedf92b8b1a2,98e5bb4281312953f19a18383d2d6691e34279618c900c736d39c22085bb1b0a,f53c43b2c822d111bca9e3ae615ceb539ff324fbf9fae9a07ded738891b01546,477fee196153c242d686d57bb9605fedb219ebdcdb8ee09b33660fc52cd8c120,efb2c9b0cb1be3de920b75bf0f5f5f1cace273389576971cd0b9d19ef382067d,3049c664dd1b2e517d0ef8b59c0078d485f327951d4603e1bc460e11248013c2
2026-27:362,7,2.92490024387217,2026-10-10T09:11:16Z,2026-10-10T10:00:00Z,Current formula at this deadline. This file does not replace the published Gameweeks 1-5 total of 280.,ffe911b65b5019529f8a7a322ad058e013a0e6146677c35d796f075e2572f09b,8e21d4821be776332f3504f55f85b4277f326f03513b2c7501fbdedf92b8b1a2,98e5bb4281312953f19a18383d2d6691e34279618c900c736d39c22085bb1b0a,f53c43b2c822d111bca9e3ae615ceb539ff324fbf9fae9a07ded738891b01546,477fee196153c242d686d57bb9605fedb219ebdcdb8ee09b33660fc52cd8c120,efb2c9b0cb1be3de920b75bf0f5f5f1cace273389576971cd0b9d19ef382067d,3049c664dd1b2e517d0ef8b59c0078d485f327951d4603e1bc460e11248013c2
2026-27:366,7,3.3379078289711637,2026-10-10T09:11:16Z,2026-10-10T10:00:00Z,Current formula at this deadline. This file does not replace the published Gameweeks 1-5 total of 280.,ffe911b65b5019529f8a7a322ad058e013a0e6146677c35d796f075e2572f09b,8e21d4821be776332f3504f55f85b4277f326f03513b2c7501fbdedf92b8b1a2,98e5bb4281312953f19a18383d2d6691e34279618c900c736d39c22085bb1b0a,f53c43b2c822d111bca9e3ae615ceb539ff324fbf9fae9a07ded738891b01546,477fee196153c242d686d57bb9605fedb219ebdcdb8ee09b33660fc52cd8c120,efb2c9b0cb1be3de920b75bf0f5f5f1cace273389576971cd0b9d19ef382067d,3049c664dd1b2e517d0ef8b59c0078d485f327951d4603e1bc460e11248013c2
2026-27:368,7,4.38595160489062,2026-10-10T09:11:16Z,2026-10-10T10:00:00Z,Current formula at this deadline. This file does not replace the published Gameweeks 1-5 total of 280.,ffe911b65b5019529f8a7a322ad058e013a0e6146677c35d796f075e2572f09b,8e21d4821be776332f3504f55f85b4277f326f03513b2c7501fbdedf92b8b1a2,98e5bb4281312953f19a18383d2d6691e34279618c900c736d39c22085bb1b0a,f53c43b2c822d111bca9e3ae615ceb539ff324fbf9fae9a07ded738891b01546,477fee196153c242d686d57bb9605fedb219ebdcdb8ee09b33660fc52cd8c120,efb2c9b0cb1be3de920b75bf0f5f5f1cace273389576971cd0b9d19ef382067d,3049c664dd1b2e517d0ef8b59c0078d485f327951d4603e1bc460e11248013c2
2026-27:37,7,3.4898619623778067,2026-10-10T09:11:16Z,2026-10-10T10:00:00Z,Current formula at this deadline. This file does not replace the published Gameweeks 1-5 total of 280.,ffe911b65b5019529f8a7a322ad058e013a0e6146677c35d796f075e2572f09b,8e21d4821be776332f3504f55f85b4277f326f03513b2c7501fbdedf92b8b1a2,98e5bb4281312953f19a18383d2d6691e34279618c900c736d39c22085bb1b0a,f53c43b2c822d111bca9e3ae615ceb539ff324fbf9fae9a07ded738891b01546,477fee196153c242d686d57bb9605fedb219ebdcdb8ee09b33660fc52cd8c120,efb2c9b0cb1be3de920b75bf0f5f5f1cace273389576971cd0b9d19ef382067d,3049c664dd1b2e517d0ef8b59c0078d485f327951d4603e1bc460e11248013c2
2026-27:372,7,3.031099502302053,2026-10-10T09:11:16Z,2026-10-10T10:00:00Z,Current formula at this deadline. This file does not replace the published Gameweeks 1-5 total of 280.,ffe911b65b5019529f8a7a322ad058e013a0e6146677c35d796f075e2572f09b,8e21d4821be776332f3504f55f85b4277f326f03513b2c7501fbdedf92b8b1a2,98e5bb4281312953f19a18383d2d6691e34279618c900c736d39c22085bb1b0a,f53c43b2c822d111bca9e3ae615ceb539ff324fbf9fae9a07ded738891b01546,477fee196153c242d686d57bb9605fedb219ebdcdb8ee09b33660fc52cd8c120,efb2c9b0cb1be3de920b75bf0f5f5f1cace273389576971cd0b9d19ef382067d,3049c664dd1b2e517d0ef8b59c0078d485f327951d4603e1bc460e11248013c2
2026-27:377,7,2.3260645605446424,2026-10-10T09:11:16Z,2026-10-10T10:00:00Z,Current formula at this deadline. This file does not replace the published Gameweeks 1-5 total of 280.,ffe911b65b5019529f8a7a322ad058e013a0e6146677c35d796f075e2572f09b,8e21d4821be776332f3504f55f85b4277f326f03513b2c7501fbdedf92b8b1a2,98e5bb4281312953f19a18383d2d6691e34279618c900c736d39c22085bb1b0a,f53c43b2c822d111bca9e3ae615ceb539ff324fbf9fae9a07ded738891b01546,477fee196153c242d686d57bb9605fedb219ebdcdb8ee09b33660fc52cd8c120,efb2c9b0cb1be3de920b75bf0f5f5f1cace273389576971cd0b9d19ef382067d,3049c664dd1b2e517d0ef8b59c0078d485f327951d4603e1bc460e11248013c2
2026-27:384,7,3.430694140465314,2026-10-10T09:11:16Z,2026-10-10T10:00:00Z,Current formula at this deadline. This file does not replace the published Gameweeks 1-5 total of 280.,ffe911b65b5019529f8a7a322ad058e013a0e6146677c35d796f075e2572f09b,8e21d4821be776332f3504f55f85b4277f326f03513b2c7501fbdedf92b8b1a2,98e5bb4281312953f19a18383d2d6691e34279618c900c736d39c22085bb1b0a,f53c43b2c822d111bca9e3ae615ceb539ff324fbf9fae9a07ded738891b01546,477fee196153c242d686d57bb9605fedb219ebdcdb8ee09b33660fc52cd8c120,efb2c9b0cb1be3de920b75bf0f5f5f1cace273389576971cd0b9d19ef382067d,3049c664dd1b2e517d0ef8b59c0078d485f327951d4603e1bc460e11248013c2
2026-27:385,7,3.4762073461539487,2026-10-10T09:11:16Z,2026-10-10T10:00:00Z,Current formula at this deadline. This file does not replace the published Gameweeks 1-5 total of 280.,ffe911b65b5019529f8a7a322ad058e013a0e6146677c35d796f075e2572f09b,8e21d4821be776332f3504f55f85b4277f326f03513b2c7501fbdedf92b8b1a2,98e5bb4281312953f19a18383d2d6691e34279618c900c736d39c22085bb1b0a,f53c43b2c822d111bca9e3ae615ceb539ff324fbf9fae9a07ded738891b01546,477fee196153c242d686d57bb9605fedb219ebdcdb8ee09b33660fc52cd8c120,efb2c9b0cb1be3de920b75bf0f5f5f1cace273389576971cd0b9d19ef382067d,3049c664dd1b2e517d0ef8b59c0078d485f327951d4603e1bc460e11248013c2
2026-27:388,7,3.704046691965919,2026-10-10T09:11:16Z,2026-10-10T10:00:00Z,Current formula at this deadline. This file does not replace the published Gameweeks 1-5 total of 280.,ffe911b65b5019529f8a7a322ad058e013a0e6146677c35d796f075e2572f09b,8e21d4821be776332f3504f55f85b4277f326f03513b2c7501fbdedf92b8b1a2,98e5bb4281312953f19a18383d2d6691e34279618c900c736d39c22085bb1b0a,f53c43b2c822d111bca9e3ae615ceb539ff324fbf9fae9a07ded738891b01546,477fee196153c242d686d57bb9605fedb219ebdcdb8ee09b33660fc52cd8c120,efb2c9b0cb1be3de920b75bf0f5f5f1cace273389576971cd0b9d19ef382067d,3049c664dd1b2e517d0ef8b59c0078d485f327951d4603e1bc460e11248013c2
2026-27:389,7,3.0234835986461386,2026-10-10T09:11:16Z,2026-10-10T10:00:00Z,Current formula at this deadline. This file does not replace the published Gameweeks 1-5 total of 280.,ffe911b65b5019529f8a7a322ad058e013a0e6146677c35d796f075e2572f09b,8e21d4821be776332f3504f55f85b4277f326f03513b2c7501fbdedf92b8b1a2,98e5bb4281312953f19a18383d2d6691e34279618c900c736d39c22085bb1b0a,f53c43b2c822d111bca9e3ae615ceb539ff324fbf9fae9a07ded738891b01546,477fee196153c242d686d57bb9605fedb219ebdcdb8ee09b33660fc52cd8c120,efb2c9b0cb1be3de920b75bf0f5f5f1cace273389576971cd0b9d19ef382067d,3049c664dd1b2e517d0ef8b59c0078d485f327951d4603e1bc460e11248013c2
2026-27:390,7,3.184583517462455,2026-10-10T09:11:16Z,2026-10-10T10:00:00Z,Current formula at this deadline. This file does not replace the published Gameweeks 1-5 total of 280.,ffe911b65b5019529f8a7a322ad058e013a0e6146677c35d796f075e2572f09b,8e21d4821be776332f3504f55f85b4277f326f03513b2c7501fbdedf92b8b1a2,98e5bb4281312953f19a18383d2d6691e34279618c900c736d39c22085bb1b0a,f53c43b2c822d111bca9e3ae615ceb539ff324fbf9fae9a07ded738891b01546,477fee196153c242d686d57bb9605fedb219ebdcdb8ee09b33660fc52cd8c120,efb2c9b0cb1be3de920b75bf0f5f5f1cace273389576971cd0b9d19ef382067d,3049c664dd1b2e517d0ef8b59c0078d485f327951d4603e1bc460e11248013c2
2026-27:391,7,3.112443966095264,2026-10-10T09:11:16Z,2026-10-10T10:00:00Z,Current formula at this deadline. This file does not replace the published Gameweeks 1-5 total of 280.,ffe911b65b5019529f8a7a322ad058e013a0e6146677c35d796f075e2572f09b,8e21d4821be776332f3504f55f85b4277f326f03513b2c7501fbdedf92b8b1a2,98e5bb4281312953f19a18383d2d6691e34279618c900c736d39c22085bb1b0a,f53c43b2c822d111bca9e3ae615ceb539ff324fbf9fae9a07ded738891b01546,477fee196153c242d686d57bb9605fedb219ebdcdb8ee09b33660fc52cd8c120,efb2c9b0cb1be3de920b75bf0f5f5f1cace273389576971cd0b9d19ef382067d,3049c664dd1b2e517d0ef8b59c0078d485f327951d4603e1bc460e11248013c2
2026-27:397,7,3.043419356652823,2026-10-10T09:11:16Z,2026-10-10T10:00:00Z,Current formula at this deadline. This file does not replace the published Gameweeks 1-5 total of 280.,ffe911b65b5019529f8a7a322ad058e013a0e6146677c35d796f075e2572f09b,8e21d4821be776332f3504f55f85b4277f326f03513b2c7501fbdedf92b8b1a2,98e5bb4281312953f19a18383d2d6691e34279618c900c736d39c22085bb1b0a,f53c43b2c822d111bca9e3ae615ceb539ff324fbf9fae9a07ded738891b01546,477fee196153c242d686d57bb9605fedb219ebdcdb8ee09b33660fc52cd8c120,efb2c9b0cb1be3de920b75bf0f5f5f1cace273389576971cd0b9d19ef382067d,3049c664dd1b2e517d0ef8b59c0078d485f327951d4603e1bc460e11248013c2
2026-27:399,7,3.5575600690430838,2026-10-10T09:11:16Z,2026-10-10T10:00:00Z,Current formula at this deadline. This file does not replace the published Gameweeks 1-5 total of 280.,ffe911b65b5019529f8a7a322ad058e013a0e6146677c35d796f075e2572f09b,8e21d4821be776332f3504f55f85b4277f326f03513b2c7501fbdedf92b8b1a2,98e5bb4281312953f19a18383d2d6691e34279618c900c736d39c22085bb1b0a,f53c43b2c822d111bca9e3ae615ceb539ff324fbf9fae9a07ded738891b01546,477fee196153c242d686d57bb9605fedb219ebdcdb8ee09b33660fc52cd8c120,efb2c9b0cb1be3de920b75bf0f5f5f1cace273389576971cd0b9d19ef382067d,3049c664dd1b2e517d0ef8b59c0078d485f327951d4603e1bc460e11248013c2
2026-27:4,7,3.944511040303119,2026-10-10T09:11:16Z,2026-10-10T10:00:00Z,Current formula at this deadline. This file does not replace the published Gameweeks 1-5 total of 280.,ffe911b65b5019529f8a7a322ad058e013a0e6146677c35d796f075e2572f09b,8e21d4821be776332f3504f55f85b4277f326f03513b2c7501fbdedf92b8b1a2,98e5bb4281312953f19a18383d2d6691e34279618c900c736d39c22085bb1b0a,f53c43b2c822d111bca9e3ae615ceb539ff324fbf9fae9a07ded738891b01546,477fee196153c242d686d57bb9605fedb219ebdcdb8ee09b33660fc52cd8c120,efb2c9b0cb1be3de920b75bf0f5f5f1cace273389576971cd0b9d19ef382067d,3049c664dd1b2e517d0ef8b59c0078d485f327951d4603e1bc460e11248013c2
2026-27:40,7,4.710529903046925,2026-10-10T09:11:16Z,2026-10-10T10:00:00Z,Current formula at this deadline. This file does not replace the published Gameweeks 1-5 total of 280.,ffe911b65b5019529f8a7a322ad058e013a0e6146677c35d796f075e2572f09b,8e21d4821be776332f3504f55f85b4277f326f03513b2c7501fbdedf92b8b1a2,98e5bb4281312953f19a18383d2d6691e34279618c900c736d39c22085bb1b0a,f53c43b2c822d111bca9e3ae615ceb539ff324fbf9fae9a07ded738891b01546,477fee196153c242d686d57bb9605fedb219ebdcdb8ee09b33660fc52cd8c120,efb2c9b0cb1be3de920b75bf0f5f5f1cace273389576971cd0b9d19ef382067d,3049c664dd1b2e517d0ef8b59c0078d485f327951d4603e1bc460e11248013c2
2026-27:401,7,2.5003918244761096,2026-10-10T09:11:16Z,2026-10-10T10:00:00Z,Current formula at this deadline. This file does not replace the published Gameweeks 1-5 total of 280.,ffe911b65b5019529f8a7a322ad058e013a0e6146677c35d796f075e2572f09b,8e21d4821be776332f3504f55f85b4277f326f03513b2c7501fbdedf92b8b1a2,98e5bb4281312953f19a18383d2d6691e34279618c900c736d39c22085bb1b0a,f53c43b2c822d111bca9e3ae615ceb539ff324fbf9fae9a07ded738891b01546,477fee196153c242d686d57bb9605fedb219ebdcdb8ee09b33660fc52cd8c120,efb2c9b0cb1be3de920b75bf0f5f5f1cace273389576971cd0b9d19ef382067d,3049c664dd1b2e517d0ef8b59c0078d485f327951d4603e1bc460e11248013c2
2026-27:403,7,3.4965386699968906,2026-10-10T09:11:16Z,2026-10-10T10:00:00Z,Current formula at this deadline. This file does not replace the published Gameweeks 1-5 total of 280.,ffe911b65b5019529f8a7a322ad058e013a0e6146677c35d796f075e2572f09b,8e21d4821be776332f3504f55f85b4277f326f03513b2c7501fbdedf92b8b1a2,98e5bb4281312953f19a18383d2d6691e34279618c900c736d39c22085bb1b0a,f53c43b2c822d111bca9e3ae615ceb539ff324fbf9fae9a07ded738891b01546,477fee196153c242d686d57bb9605fedb219ebdcdb8ee09b33660fc52cd8c120,efb2c9b0cb1be3de920b75bf0f5f5f1cace273389576971cd0b9d19ef382067d,3049c664dd1b2e517d0ef8b59c0078d485f327951d4603e1bc460e11248013c2
2026-27:41,7,4.343452579246384,2026-10-10T09:11:16Z,2026-10-10T10:00:00Z,Current formula at this deadline. This file does not replace the published Gameweeks 1-5 total of 280.,ffe911b65b5019529f8a7a322ad058e013a0e6146677c35d796f075e2572f09b,8e21d4821be776332f3504f55f85b4277f326f03513b2c7501fbdedf92b8b1a2,98e5bb4281312953f19a18383d2d6691e34279618c900c736d39c22085bb1b0a,f53c43b2c822d111bca9e3ae615ceb539ff324fbf9fae9a07ded738891b01546,477fee196153c242d686d57bb9605fedb219ebdcdb8ee09b33660fc52cd8c120,efb2c9b0cb1be3de920b75bf0f5f5f1cace273389576971cd0b9d19ef382067d,3049c664dd1b2e517d0ef8b59c0078d485f327951d4603e1bc460e11248013c2
2026-27:411,7,5.130092051871827,2026-10-10T09:11:16Z,2026-10-10T10:00:00Z,Current formula at this deadline. This file does not replace the published Gameweeks 1-5 total of 280.,ffe911b65b5019529f8a7a322ad058e013a0e6146677c35d796f075e2572f09b,8e21d4821be776332f3504f55f85b4277f326f03513b2c7501fbdedf92b8b1a2,98e5bb4281312953f19a18383d2d6691e34279618c900c736d39c22085bb1b0a,f53c43b2c822d111bca9e3ae615ceb539ff324fbf9fae9a07ded738891b01546,477fee196153c242d686d57bb9605fedb219ebdcdb8ee09b33660fc52cd8c120,efb2c9b0cb1be3de920b75bf0f5f5f1cace273389576971cd0b9d19ef382067d,3049c664dd1b2e517d0ef8b59c0078d485f327951d4603e1bc460e11248013c2
2026-27:412,7,3.4012187457165606,2026-10-10T09:11:16Z,2026-10-10T10:00:00Z,Current formula at this deadline. This file does not replace the published Gameweeks 1-5 total of 280.,ffe911b65b5019529f8a7a322ad058e013a0e6146677c35d796f075e2572f09b,8e21d4821be776332f3504f55f85b4277f326f03513b2c7501fbdedf92b8b1a2,98e5bb4281312953f19a18383d2d6691e34279618c900c736d39c22085bb1b0a,f53c43b2c822d111bca9e3ae615ceb539ff324fbf9fae9a07ded738891b01546,477fee196153c242d686d57bb9605fedb219ebdcdb8ee09b33660fc52cd8c120,efb2c9b0cb1be3de920b75bf0f5f5f1cace273389576971cd0b9d19ef382067d,3049c664dd1b2e517d0ef8b59c0078d485f327951d4603e1bc460e11248013c2
2026-27:417,7,2.7779851361710532,2026-10-10T09:11:16Z,2026-10-10T10:00:00Z,Current formula at this deadline. This file does not replace the published Gameweeks 1-5 total of 280.,ffe911b65b5019529f8a7a322ad058e013a0e6146677c35d796f075e2572f09b,8e21d4821be776332f3504f55f85b4277f326f03513b2c7501fbdedf92b8b1a2,98e5bb4281312953f19a18383d2d6691e34279618c900c736d39c22085bb1b0a,f53c43b2c822d111bca9e3ae615ceb539ff324fbf9fae9a07ded738891b01546,477fee196153c242d686d57bb9605fedb219ebdcdb8ee09b33660fc52cd8c120,efb2c9b0cb1be3de920b75bf0f5f5f1cace273389576971cd0b9d19ef382067d,3049c664dd1b2e517d0ef8b59c0078d485f327951d4603e1bc460e11248013c2
2026-27:418,7,3.252778657155499,2026-10-10T09:11:16Z,2026-10-10T10:00:00Z,Current formula at this deadline. This file does not replace the published Gameweeks 1-5 total of 280.,ffe911b65b5019529f8a7a322ad058e013a0e6146677c35d796f075e2572f09b,8e21d4821be776332f3504f55f85b4277f326f03513b2c7501fbdedf92b8b1a2,98e5bb4281312953f19a18383d2d6691e34279618c900c736d39c22085bb1b0a,f53c43b2c822d111bca9e3ae615ceb539ff324fbf9fae9a07ded738891b01546,477fee196153c242d686d57bb9605fedb219ebdcdb8ee09b33660fc52cd8c120,efb2c9b0cb1be3de920b75bf0f5f5f1cace273389576971cd0b9d19ef382067d,3049c664dd1b2e517d0ef8b59c0078d485f327951d4603e1bc460e11248013c2
2026-27:419,7,3.1143989112695354,2026-10-10T09:11:16Z,2026-10-10T10:00:00Z,Current formula at this deadline. This file does not replace the published Gameweeks 1-5 total of 280.,ffe911b65b5019529f8a7a322ad058e013a0e6146677c35d796f075e2572f09b,8e21d4821be776332f3504f55f85b4277f326f03513b2c7501fbdedf92b8b1a2,98e5bb4281312953f19a18383d2d6691e34279618c900c736d39c22085bb1b0a,f53c43b2c822d111bca9e3ae615ceb539ff324fbf9fae9a07ded738891b01546,477fee196153c242d686d57bb9605fedb219ebdcdb8ee09b33660fc52cd8c120,efb2c9b0cb1be3de920b75bf0f5f5f1cace273389576971cd0b9d19ef382067d,3049c664dd1b2e517d0ef8b59c0078d485f327951d4603e1bc460e11248013c2
2026-27:423,7,2.696231140983826,2026-10-10T09:11:16Z,2026-10-10T10:00:00Z,Current formula at this deadline. This file does not replace the published Gameweeks 1-5 total of 280.,ffe911b65b5019529f8a7a322ad058e013a0e6146677c35d796f075e2572f09b,8e21d4821be776332f3504f55f85b4277f326f03513b2c7501fbdedf92b8b1a2,98e5bb4281312953f19a18383d2d6691e34279618c900c736d39c22085bb1b0a,f53c43b2c822d111bca9e3ae615ceb539ff324fbf9fae9a07ded738891b01546,477fee196153c242d686d57bb9605fedb219ebdcdb8ee09b33660fc52cd8c120,efb2c9b0cb1be3de920b75bf0f5f5f1cace273389576971cd0b9d19ef382067d,3049c664dd1b2e517d0ef8b59c0078d485f327951d4603e1bc460e11248013c2
2026-27:426,7,4.633437578237926,2026-10-10T09:11:16Z,2026-10-10T10:00:00Z,Current formula at this deadline. This file does not replace the published Gameweeks 1-5 total of 280.,ffe911b65b5019529f8a7a322ad058e013a0e6146677c35d796f075e2572f09b,8e21d4821be776332f3504f55f85b4277f326f03513b2c7501fbdedf92b8b1a2,98e5bb4281312953f19a18383d2d6691e34279618c900c736d39c22085bb1b0a,f53c43b2c822d111bca9e3ae615ceb539ff324fbf9fae9a07ded738891b01546,477fee196153c242d686d57bb9605fedb219ebdcdb8ee09b33660fc52cd8c120,efb2c9b0cb1be3de920b75bf0f5f5f1cace273389576971cd0b9d19ef382067d,3049c664dd1b2e517d0ef8b59c0078d485f327951d4603e1bc460e11248013c2
2026-27:427,7,4.739155384260199,2026-10-10T09:11:16Z,2026-10-10T10:00:00Z,Current formula at this deadline. This file does not replace the published Gameweeks 1-5 total of 280.,ffe911b65b5019529f8a7a322ad058e013a0e6146677c35d796f075e2572f09b,8e21d4821be776332f3504f55f85b4277f326f03513b2c7501fbdedf92b8b1a2,98e5bb4281312953f19a18383d2d6691e34279618c900c736d39c22085bb1b0a,f53c43b2c822d111bca9e3ae615ceb539ff324fbf9fae9a07ded738891b01546,477fee196153c242d686d57bb9605fedb219ebdcdb8ee09b33660fc52cd8c120,efb2c9b0cb1be3de920b75bf0f5f5f1cace273389576971cd0b9d19ef382067d,3049c664dd1b2e517d0ef8b59c0078d485f327951d4603e1bc460e11248013c2
2026-27:428,7,3.0418660202223693,2026-10-10T09:11:16Z,2026-10-10T10:00:00Z,Current formula at this deadline. This file does not replace the published Gameweeks 1-5 total of 280.,ffe911b65b5019529f8a7a322ad058e013a0e6146677c35d796f075e2572f09b,8e21d4821be776332f3504f55f85b4277f326f03513b2c7501fbdedf92b8b1a2,98e5bb4281312953f19a18383d2d6691e34279618c900c736d39c22085bb1b0a,f53c43b2c822d111bca9e3ae615ceb539ff324fbf9fae9a07ded738891b01546,477fee196153c242d686d57bb9605fedb219ebdcdb8ee09b33660fc52cd8c120,efb2c9b0cb1be3de920b75bf0f5f5f1cace273389576971cd0b9d19ef382067d,3049c664dd1b2e517d0ef8b59c0078d485f327951d4603e1bc460e11248013c2
2026-27:429,7,2.8518091673179287,2026-10-10T09:11:16Z,2026-10-10T10:00:00Z,Current formula at this deadline. This file does not replace the published Gameweeks 1-5 total of 280.,ffe911b65b5019529f8a7a322ad058e013a0e6146677c35d796f075e2572f09b,8e21d4821be776332f3504f55f85b4277f326f03513b2c7501fbdedf92b8b1a2,98e5bb4281312953f19a18383d2d6691e34279618c900c736d39c22085bb1b0a,f53c43b2c822d111bca9e3ae615ceb539ff324fbf9fae9a07ded738891b01546,477fee196153c242d686d57bb9605fedb219ebdcdb8ee09b33660fc52cd8c120,efb2c9b0cb1be3de920b75bf0f5f5f1cace273389576971cd0b9d19ef382067d,3049c664dd1b2e517d0ef8b59c0078d485f327951d4603e1bc460e11248013c2
2026-27:43,7,3.7059090028496096,2026-10-10T09:11:16Z,2026-10-10T10:00:00Z,Current formula at this deadline. This file does not replace the published Gameweeks 1-5 total of 280.,ffe911b65b5019529f8a7a322ad058e013a0e6146677c35d796f075e2572f09b,8e21d4821be776332f3504f55f85b4277f326f03513b2c7501fbdedf92b8b1a2,98e5bb4281312953f19a18383d2d6691e34279618c900c736d39c22085bb1b0a,f53c43b2c822d111bca9e3ae615ceb539ff324fbf9fae9a07ded738891b01546,477fee196153c242d686d57bb9605fedb219ebdcdb8ee09b33660fc52cd8c120,efb2c9b0cb1be3de920b75bf0f5f5f1cace273389576971cd0b9d19ef382067d,3049c664dd1b2e517d0ef8b59c0078d485f327951d4603e1bc460e11248013c2
2026-27:432,7,4.290331983337588,2026-10-10T09:11:16Z,2026-10-10T10:00:00Z,Current formula at this deadline. This file does not replace the published Gameweeks 1-5 total of 280.,ffe911b65b5019529f8a7a322ad058e013a0e6146677c35d796f075e2572f09b,8e21d4821be776332f3504f55f85b4277f326f03513b2c7501fbdedf92b8b1a2,98e5bb4281312953f19a18383d2d6691e34279618c900c736d39c22085bb1b0a,f53c43b2c822d111bca9e3ae615ceb539ff324fbf9fae9a07ded738891b01546,477fee196153c242d686d57bb9605fedb219ebdcdb8ee09b33660fc52cd8c120,efb2c9b0cb1be3de920b75bf0f5f5f1cace273389576971cd0b9d19ef382067d,3049c664dd1b2e517d0ef8b59c0078d485f327951d4603e1bc460e11248013c2
2026-27:445,7,3.9352037033207696,2026-10-10T09:11:16Z,2026-10-10T10:00:00Z,Current formula at this deadline. This file does not replace the published Gameweeks 1-5 total of 280.,ffe911b65b5019529f8a7a322ad058e013a0e6146677c35d796f075e2572f09b,8e21d4821be776332f3504f55f85b4277f326f03513b2c7501fbdedf92b8b1a2,98e5bb4281312953f19a18383d2d6691e34279618c900c736d39c22085bb1b0a,f53c43b2c822d111bca9e3ae615ceb539ff324fbf9fae9a07ded738891b01546,477fee196153c242d686d57bb9605fedb219ebdcdb8ee09b33660fc52cd8c120,efb2c9b0cb1be3de920b75bf0f5f5f1cace273389576971cd0b9d19ef382067d,3049c664dd1b2e517d0ef8b59c0078d485f327951d4603e1bc460e11248013c2
2026-27:447,7,4.141390029521669,2026-10-10T09:11:16Z,2026-10-10T10:00:00Z,Current formula at this deadline. This file does not replace the published Gameweeks 1-5 total of 280.,ffe911b65b5019529f8a7a322ad058e013a0e6146677c35d796f075e2572f09b,8e21d4821be776332f3504f55f85b4277f326f03513b2c7501fbdedf92b8b1a2,98e5bb4281312953f19a18383d2d6691e34279618c900c736d39c22085bb1b0a,f53c43b2c822d111bca9e3ae615ceb539ff324fbf9fae9a07ded738891b01546,477fee196153c242d686d57bb9605fedb219ebdcdb8ee09b33660fc52cd8c120,efb2c9b0cb1be3de920b75bf0f5f5f1cace273389576971cd0b9d19ef382067d,3049c664dd1b2e517d0ef8b59c0078d485f327951d4603e1bc460e11248013c2
2026-27:449,7,5.139957168229401,2026-10-10T09:11:16Z,2026-10-10T10:00:00Z,Current formula at this deadline. This file does not replace the published Gameweeks 1-5 total of 280.,ffe911b65b5019529f8a7a322ad058e013a0e6146677c35d796f075e2572f09b,8e21d4821be776332f3504f55f85b4277f326f03513b2c7501fbdedf92b8b1a2,98e5bb4281312953f19a18383d2d6691e34279618c900c736d39c22085bb1b0a,f53c43b2c822d111bca9e3ae615ceb539ff324fbf9fae9a07ded738891b01546,477fee196153c242d686d57bb9605fedb219ebdcdb8ee09b33660fc52cd8c120,efb2c9b0cb1be3de920b75bf0f5f5f1cace273389576971cd0b9d19ef382067d,3049c664dd1b2e517d0ef8b59c0078d485f327951d4603e1bc460e11248013c2
2026-27:45,7,3.6836248577133803,2026-10-10T09:11:16Z,2026-10-10T10:00:00Z,Current formula at this deadline. This file does not replace the published Gameweeks 1-5 total of 280.,ffe911b65b5019529f8a7a322ad058e013a0e6146677c35d796f075e2572f09b,8e21d4821be776332f3504f55f85b4277f326f03513b2c7501fbdedf92b8b1a2,98e5bb4281312953f19a18383d2d6691e34279618c900c736d39c22085bb1b0a,f53c43b2c822d111bca9e3ae615ceb539ff324fbf9fae9a07ded738891b01546,477fee196153c242d686d57bb9605fedb219ebdcdb8ee09b33660fc52cd8c120,efb2c9b0cb1be3de920b75bf0f5f5f1cace273389576971cd0b9d19ef382067d,3049c664dd1b2e517d0ef8b59c0078d485f327951d4603e1bc460e11248013c2
2026-27:453,7,3.676415851822799,2026-10-10T09:11:16Z,2026-10-10T10:00:00Z,Current formula at this deadline. This file does not replace the published Gameweeks 1-5 total of 280.,ffe911b65b5019529f8a7a322ad058e013a0e6146677c35d796f075e2572f09b,8e21d4821be776332f3504f55f85b4277f326f03513b2c7501fbdedf92b8b1a2,98e5bb4281312953f19a18383d2d6691e34279618c900c736d39c22085bb1b0a,f53c43b2c822d111bca9e3ae615ceb539ff324fbf9fae9a07ded738891b01546,477fee196153c242d686d57bb9605fedb219ebdcdb8ee09b33660fc52cd8c120,efb2c9b0cb1be3de920b75bf0f5f5f1cace273389576971cd0b9d19ef382067d,3049c664dd1b2e517d0ef8b59c0078d485f327951d4603e1bc460e11248013c2
2026-27:455,7,3.5214633313110184,2026-10-10T09:11:16Z,2026-10-10T10:00:00Z,Current formula at this deadline. This file does not replace the published Gameweeks 1-5 total of 280.,ffe911b65b5019529f8a7a322ad058e013a0e6146677c35d796f075e2572f09b,8e21d4821be776332f3504f55f85b4277f326f03513b2c7501fbdedf92b8b1a2,98e5bb4281312953f19a18383d2d6691e34279618c900c736d39c22085bb1b0a,f53c43b2c822d111bca9e3ae615ceb539ff324fbf9fae9a07ded738891b01546,477fee196153c242d686d57bb9605fedb219ebdcdb8ee09b33660fc52cd8c120,efb2c9b0cb1be3de920b75bf0f5f5f1cace273389576971cd0b9d19ef382067d,3049c664dd1b2e517d0ef8b59c0078d485f327951d4603e1bc460e11248013c2
2026-27:457,7,2.4199798388400597,2026-10-10T09:11:16Z,2026-10-10T10:00:00Z,Current formula at this deadline. This file does not replace the published Gameweeks 1-5 total of 280.,ffe911b65b5019529f8a7a322ad058e013a0e6146677c35d796f075e2572f09b,8e21d4821be776332f3504f55f85b4277f326f03513b2c7501fbdedf92b8b1a2,98e5bb4281312953f19a18383d2d6691e34279618c900c736d39c22085bb1b0a,f53c43b2c822d111bca9e3ae615ceb539ff324fbf9fae9a07ded738891b01546,477fee196153c242d686d57bb9605fedb219ebdcdb8ee09b33660fc52cd8c120,efb2c9b0cb1be3de920b75bf0f5f5f1cace273389576971cd0b9d19ef382067d,3049c664dd1b2e517d0ef8b59c0078d485f327951d4603e1bc460e11248013c2
2026-27:458,7,2.242306140958485,2026-10-10T09:11:16Z,2026-10-10T10:00:00Z,Current formula at this deadline. This file does not replace the published Gameweeks 1-5 total of 280.,ffe911b65b5019529f8a7a322ad058e013a0e6146677c35d796f075e2572f09b,8e21d4821be776332f3504f55f85b4277f326f03513b2c7501fbdedf92b8b1a2,98e5bb4281312953f19a18383d2d6691e34279618c900c736d39c22085bb1b0a,f53c43b2c822d111bca9e3ae615ceb539ff324fbf9fae9a07ded738891b01546,477fee196153c242d686d57bb9605fedb219ebdcdb8ee09b33660fc52cd8c120,efb2c9b0cb1be3de920b75bf0f5f5f1cace273389576971cd0b9d19ef382067d,3049c664dd1b2e517d0ef8b59c0078d485f327951d4603e1bc460e11248013c2
2026-27:46,7,2.681341231551412,2026-10-10T09:11:16Z,2026-10-10T10:00:00Z,Current formula at this deadline. This file does not replace the published Gameweeks 1-5 total of 280.,ffe911b65b5019529f8a7a322ad058e013a0e6146677c35d796f075e2572f09b,8e21d4821be776332f3504f55f85b4277f326f03513b2c7501fbdedf92b8b1a2,98e5bb4281312953f19a18383d2d6691e34279618c900c736d39c22085bb1b0a,f53c43b2c822d111bca9e3ae615ceb539ff324fbf9fae9a07ded738891b01546,477fee196153c242d686d57bb9605fedb219ebdcdb8ee09b33660fc52cd8c120,efb2c9b0cb1be3de920b75bf0f5f5f1cace273389576971cd0b9d19ef382067d,3049c664dd1b2e517d0ef8b59c0078d485f327951d4603e1bc460e11248013c2
2026-27:460,7,3.840446028613701,2026-10-10T09:11:16Z,2026-10-10T10:00:00Z,Current formula at this deadline. This file does not replace the published Gameweeks 1-5 total of 280.,ffe911b65b5019529f8a7a322ad058e013a0e6146677c35d796f075e2572f09b,8e21d4821be776332f3504f55f85b4277f326f03513b2c7501fbdedf92b8b1a2,98e5bb4281312953f19a18383d2d6691e34279618c900c736d39c22085bb1b0a,f53c43b2c822d111bca9e3ae615ceb539ff324fbf9fae9a07ded738891b01546,477fee196153c242d686d57bb9605fedb219ebdcdb8ee09b33660fc52cd8c120,efb2c9b0cb1be3de920b75bf0f5f5f1cace273389576971cd0b9d19ef382067d,3049c664dd1b2e517d0ef8b59c0078d485f327951d4603e1bc460e11248013c2
2026-27:464,7,4.874792829486319,2026-10-10T09:11:16Z,2026-10-10T10:00:00Z,Current formula at this deadline. This file does not replace the published Gameweeks 1-5 total of 280.,ffe911b65b5019529f8a7a322ad058e013a0e6146677c35d796f075e2572f09b,8e21d4821be776332f3504f55f85b4277f326f03513b2c7501fbdedf92b8b1a2,98e5bb4281312953f19a18383d2d6691e34279618c900c736d39c22085bb1b0a,f53c43b2c822d111bca9e3ae615ceb539ff324fbf9fae9a07ded738891b01546,477fee196153c242d686d57bb9605fedb219ebdcdb8ee09b33660fc52cd8c120,efb2c9b0cb1be3de920b75bf0f5f5f1cace273389576971cd0b9d19ef382067d,3049c664dd1b2e517d0ef8b59c0078d485f327951d4603e1bc460e11248013c2
2026-27:467,7,3.5241392970685887,2026-10-10T09:11:16Z,2026-10-10T10:00:00Z,Current formula at this deadline. This file does not replace the published Gameweeks 1-5 total of 280.,ffe911b65b5019529f8a7a322ad058e013a0e6146677c35d796f075e2572f09b,8e21d4821be776332f3504f55f85b4277f326f03513b2c7501fbdedf92b8b1a2,98e5bb4281312953f19a18383d2d6691e34279618c900c736d39c22085bb1b0a,f53c43b2c822d111bca9e3ae615ceb539ff324fbf9fae9a07ded738891b01546,477fee196153c242d686d57bb9605fedb219ebdcdb8ee09b33660fc52cd8c120,efb2c9b0cb1be3de920b75bf0f5f5f1cace273389576971cd0b9d19ef382067d,3049c664dd1b2e517d0ef8b59c0078d485f327951d4603e1bc460e11248013c2
2026-27:469,7,2.9525052648379186,2026-10-10T09:11:16Z,2026-10-10T10:00:00Z,Current formula at this deadline. This file does not replace the published Gameweeks 1-5 total of 280.,ffe911b65b5019529f8a7a322ad058e013a0e6146677c35d796f075e2572f09b,8e21d4821be776332f3504f55f85b4277f326f03513b2c7501fbdedf92b8b1a2,98e5bb4281312953f19a18383d2d6691e34279618c900c736d39c22085bb1b0a,f53c43b2c822d111bca9e3ae615ceb539ff324fbf9fae9a07ded738891b01546,477fee196153c242d686d57bb9605fedb219ebdcdb8ee09b33660fc52cd8c120,efb2c9b0cb1be3de920b75bf0f5f5f1cace273389576971cd0b9d19ef382067d,3049c664dd1b2e517d0ef8b59c0078d485f327951d4603e1bc460e11248013c2
2026-27:47,7,2.5557368378447576,2026-10-10T09:11:16Z,2026-10-10T10:00:00Z,Current formula at this deadline. This file does not replace the published Gameweeks 1-5 total of 280.,ffe911b65b5019529f8a7a322ad058e013a0e6146677c35d796f075e2572f09b,8e21d4821be776332f3504f55f85b4277f326f03513b2c7501fbdedf92b8b1a2,98e5bb4281312953f19a18383d2d6691e34279618c900c736d39c22085bb1b0a,f53c43b2c822d111bca9e3ae615ceb539ff324fbf9fae9a07ded738891b01546,477fee196153c242d686d57bb9605fedb219ebdcdb8ee09b33660fc52cd8c120,efb2c9b0cb1be3de920b75bf0f5f5f1cace273389576971cd0b9d19ef382067d,3049c664dd1b2e517d0ef8b59c0078d485f327951d4603e1bc460e11248013c2
2026-27:472,7,5.107387408850625,2026-10-10T09:11:16Z,2026-10-10T10:00:00Z,Current formula at this deadline. This file does not replace the published Gameweeks 1-5 total of 280.,ffe911b65b5019529f8a7a322ad058e013a0e6146677c35d796f075e2572f09b,8e21d4821be776332f3504f55f85b4277f326f03513b2c7501fbdedf92b8b1a2,98e5bb4281312953f19a18383d2d6691e34279618c900c736d39c22085bb1b0a,f53c43b2c822d111bca9e3ae615ceb539ff324fbf9fae9a07ded738891b01546,477fee196153c242d686d57bb9605fedb219ebdcdb8ee09b33660fc52cd8c120,efb2c9b0cb1be3de920b75bf0f5f5f1cace273389576971cd0b9d19ef382067d,3049c664dd1b2e517d0ef8b59c0078d485f327951d4603e1bc460e11248013c2
2026-27:473,7,2.503402449723272,2026-10-10T09:11:16Z,2026-10-10T10:00:00Z,Current formula at this deadline. This file does not replace the published Gameweeks 1-5 total of 280.,ffe911b65b5019529f8a7a322ad058e013a0e6146677c35d796f075e2572f09b,8e21d4821be776332f3504f55f85b4277f326f03513b2c7501fbdedf92b8b1a2,98e5bb4281312953f19a18383d2d6691e34279618c900c736d39c22085bb1b0a,f53c43b2c822d111bca9e3ae615ceb539ff324fbf9fae9a07ded738891b01546,477fee196153c242d686d57bb9605fedb219ebdcdb8ee09b33660fc52cd8c120,efb2c9b0cb1be3de920b75bf0f5f5f1cace273389576971cd0b9d19ef382067d,3049c664dd1b2e517d0ef8b59c0078d485f327951d4603e1bc460e11248013c2
2026-27:474,7,3.2841204926908585,2026-10-10T09:11:16Z,2026-10-10T10:00:00Z,Current formula at this deadline. This file does not replace the published Gameweeks 1-5 total of 280.,ffe911b65b5019529f8a7a322ad058e013a0e6146677c35d796f075e2572f09b,8e21d4821be776332f3504f55f85b4277f326f03513b2c7501fbdedf92b8b1a2,98e5bb4281312953f19a18383d2d6691e34279618c900c736d39c22085bb1b0a,f53c43b2c822d111bca9e3ae615ceb539ff324fbf9fae9a07ded738891b01546,477fee196153c242d686d57bb9605fedb219ebdcdb8ee09b33660fc52cd8c120,efb2c9b0cb1be3de920b75bf0f5f5f1cace273389576971cd0b9d19ef382067d,3049c664dd1b2e517d0ef8b59c0078d485f327951d4603e1bc460e11248013c2
2026-27:480,7,4.692511187351953,2026-10-10T09:11:16Z,2026-10-10T10:00:00Z,Current formula at this deadline. This file does not replace the published Gameweeks 1-5 total of 280.,ffe911b65b5019529f8a7a322ad058e013a0e6146677c35d796f075e2572f09b,8e21d4821be776332f3504f55f85b4277f326f03513b2c7501fbdedf92b8b1a2,98e5bb4281312953f19a18383d2d6691e34279618c900c736d39c22085bb1b0a,f53c43b2c822d111bca9e3ae615ceb539ff324fbf9fae9a07ded738891b01546,477fee196153c242d686d57bb9605fedb219ebdcdb8ee09b33660fc52cd8c120,efb2c9b0cb1be3de920b75bf0f5f5f1cace273389576971cd0b9d19ef382067d,3049c664dd1b2e517d0ef8b59c0078d485f327951d4603e1bc460e11248013c2
2026-27:481,7,3.3919888026633633,2026-10-10T09:11:16Z,2026-10-10T10:00:00Z,Current formula at this deadline. This file does not replace the published Gameweeks 1-5 total of 280.,ffe911b65b5019529f8a7a322ad058e013a0e6146677c35d796f075e2572f09b,8e21d4821be776332f3504f55f85b4277f326f03513b2c7501fbdedf92b8b1a2,98e5bb4281312953f19a18383d2d6691e34279618c900c736d39c22085bb1b0a,f53c43b2c822d111bca9e3ae615ceb539ff324fbf9fae9a07ded738891b01546,477fee196153c242d686d57bb9605fedb219ebdcdb8ee09b33660fc52cd8c120,efb2c9b0cb1be3de920b75bf0f5f5f1cace273389576971cd0b9d19ef382067d,3049c664dd1b2e517d0ef8b59c0078d485f327951d4603e1bc460e11248013c2
2026-27:483,7,4.126167198409647,2026-10-10T09:11:16Z,2026-10-10T10:00:00Z,Current formula at this deadline. This file does not replace the published Gameweeks 1-5 total of 280.,ffe911b65b5019529f8a7a322ad058e013a0e6146677c35d796f075e2572f09b,8e21d4821be776332f3504f55f85b4277f326f03513b2c7501fbdedf92b8b1a2,98e5bb4281312953f19a18383d2d6691e34279618c900c736d39c22085bb1b0a,f53c43b2c822d111bca9e3ae615ceb539ff324fbf9fae9a07ded738891b01546,477fee196153c242d686d57bb9605fedb219ebdcdb8ee09b33660fc52cd8c120,efb2c9b0cb1be3de920b75bf0f5f5f1cace273389576971cd0b9d19ef382067d,3049c664dd1b2e517d0ef8b59c0078d485f327951d4603e1bc460e11248013c2
2026-27:486,7,3.573591415076404,2026-10-10T09:11:16Z,2026-10-10T10:00:00Z,Current formula at this deadline. This file does not replace the published Gameweeks 1-5 total of 280.,ffe911b65b5019529f8a7a322ad058e013a0e6146677c35d796f075e2572f09b,8e21d4821be776332f3504f55f85b4277f326f03513b2c7501fbdedf92b8b1a2,98e5bb4281312953f19a18383d2d6691e34279618c900c736d39c22085bb1b0a,f53c43b2c822d111bca9e3ae615ceb539ff324fbf9fae9a07ded738891b01546,477fee196153c242d686d57bb9605fedb219ebdcdb8ee09b33660fc52cd8c120,efb2c9b0cb1be3de920b75bf0f5f5f1cace273389576971cd0b9d19ef382067d,3049c664dd1b2e517d0ef8b59c0078d485f327951d4603e1bc460e11248013c2
2026-27:496,7,3.467311790730299,2026-10-10T09:11:16Z,2026-10-10T10:00:00Z,Current formula at this deadline. This file does not replace the published Gameweeks 1-5 total of 280.,ffe911b65b5019529f8a7a322ad058e013a0e6146677c35d796f075e2572f09b,8e21d4821be776332f3504f55f85b4277f326f03513b2c7501fbdedf92b8b1a2,98e5bb4281312953f19a18383d2d6691e34279618c900c736d39c22085bb1b0a,f53c43b2c822d111bca9e3ae615ceb539ff324fbf9fae9a07ded738891b01546,477fee196153c242d686d57bb9605fedb219ebdcdb8ee09b33660fc52cd8c120,efb2c9b0cb1be3de920b75bf0f5f5f1cace273389576971cd0b9d19ef382067d,3049c664dd1b2e517d0ef8b59c0078d485f327951d4603e1bc460e11248013c2
2026-27:501,7,2.6806214650101396,2026-10-10T09:11:16Z,2026-10-10T10:00:00Z,Current formula at this deadline. This file does not replace the published Gameweeks 1-5 total of 280.,ffe911b65b5019529f8a7a322ad058e013a0e6146677c35d796f075e2572f09b,8e21d4821be776332f3504f55f85b4277f326f03513b2c7501fbdedf92b8b1a2,98e5bb4281312953f19a18383d2d6691e34279618c900c736d39c22085bb1b0a,f53c43b2c822d111bca9e3ae615ceb539ff324fbf9fae9a07ded738891b01546,477fee196153c242d686d57bb9605fedb219ebdcdb8ee09b33660fc52cd8c120,efb2c9b0cb1be3de920b75bf0f5f5f1cace273389576971cd0b9d19ef382067d,3049c664dd1b2e517d0ef8b59c0078d485f327951d4603e1bc460e11248013c2
2026-27:502,7,3.691678832670155,2026-10-10T09:11:16Z,2026-10-10T10:00:00Z,Current formula at this deadline. This file does not replace the published Gameweeks 1-5 total of 280.,ffe911b65b5019529f8a7a322ad058e013a0e6146677c35d796f075e2572f09b,8e21d4821be776332f3504f55f85b4277f326f03513b2c7501fbdedf92b8b1a2,98e5bb4281312953f19a18383d2d6691e34279618c900c736d39c22085bb1b0a,f53c43b2c822d111bca9e3ae615ceb539ff324fbf9fae9a07ded738891b01546,477fee196153c242d686d57bb9605fedb219ebdcdb8ee09b33660fc52cd8c120,efb2c9b0cb1be3de920b75bf0f5f5f1cace273389576971cd0b9d19ef382067d,3049c664dd1b2e517d0ef8b59c0078d485f327951d4603e1bc460e11248013c2
2026-27:503,7,3.8721226078511006,2026-10-10T09:11:16Z,2026-10-10T10:00:00Z,Current formula at this deadline. This file does not replace the published Gameweeks 1-5 total of 280.,ffe911b65b5019529f8a7a322ad058e013a0e6146677c35d796f075e2572f09b,8e21d4821be776332f3504f55f85b4277f326f03513b2c7501fbdedf92b8b1a2,98e5bb4281312953f19a18383d2d6691e34279618c900c736d39c22085bb1b0a,f53c43b2c822d111bca9e3ae615ceb539ff324fbf9fae9a07ded738891b01546,477fee196153c242d686d57bb9605fedb219ebdcdb8ee09b33660fc52cd8c120,efb2c9b0cb1be3de920b75bf0f5f5f1cace273389576971cd0b9d19ef382067d,3049c664dd1b2e517d0ef8b59c0078d485f327951d4603e1bc460e11248013c2
2026-27:504,7,3.90242225056327,2026-10-10T09:11:16Z,2026-10-10T10:00:00Z,Current formula at this deadline. This file does not replace the published Gameweeks 1-5 total of 280.,ffe911b65b5019529f8a7a322ad058e013a0e6146677c35d796f075e2572f09b,8e21d4821be776332f3504f55f85b4277f326f03513b2c7501fbdedf92b8b1a2,98e5bb4281312953f19a18383d2d6691e34279618c900c736d39c22085bb1b0a,f53c43b2c822d111bca9e3ae615ceb539ff324fbf9fae9a07ded738891b01546,477fee196153c242d686d57bb9605fedb219ebdcdb8ee09b33660fc52cd8c120,efb2c9b0cb1be3de920b75bf0f5f5f1cace273389576971cd0b9d19ef382067d,3049c664dd1b2e517d0ef8b59c0078d485f327951d4603e1bc460e11248013c2
2026-27:51,7,1.9113251146555494,2026-10-10T09:11:16Z,2026-10-10T10:00:00Z,Current formula at this deadline. This file does not replace the published Gameweeks 1-5 total of 280.,ffe911b65b5019529f8a7a322ad058e013a0e6146677c35d796f075e2572f09b,8e21d4821be776332f3504f55f85b4277f326f03513b2c7501fbdedf92b8b1a2,98e5bb4281312953f19a18383d2d6691e34279618c900c736d39c22085bb1b0a,f53c43b2c822d111bca9e3ae615ceb539ff324fbf9fae9a07ded738891b01546,477fee196153c242d686d57bb9605fedb219ebdcdb8ee09b33660fc52cd8c120,efb2c9b0cb1be3de920b75bf0f5f5f1cace273389576971cd0b9d19ef382067d,3049c664dd1b2e517d0ef8b59c0078d485f327951d4603e1bc460e11248013c2
2026-27:516,7,3.155848111596156,2026-10-10T09:11:16Z,2026-10-10T10:00:00Z,Current formula at this deadline. This file does not replace the published Gameweeks 1-5 total of 280.,ffe911b65b5019529f8a7a322ad058e013a0e6146677c35d796f075e2572f09b,8e21d4821be776332f3504f55f85b4277f326f03513b2c7501fbdedf92b8b1a2,98e5bb4281312953f19a18383d2d6691e34279618c900c736d39c22085bb1b0a,f53c43b2c822d111bca9e3ae615ceb539ff324fbf9fae9a07ded738891b01546,477fee196153c242d686d57bb9605fedb219ebdcdb8ee09b33660fc52cd8c120,efb2c9b0cb1be3de920b75bf0f5f5f1cace273389576971cd0b9d19ef382067d,3049c664dd1b2e517d0ef8b59c0078d485f327951d4603e1bc460e11248013c2
2026-27:522,7,2.3207128260422487,2026-10-10T09:11:16Z,2026-10-10T10:00:00Z,Current formula at this deadline. This file does not replace the published Gameweeks 1-5 total of 280.,ffe911b65b5019529f8a7a322ad058e013a0e6146677c35d796f075e2572f09b,8e21d4821be776332f3504f55f85b4277f326f03513b2c7501fbdedf92b8b1a2,98e5bb4281312953f19a18383d2d6691e34279618c900c736d39c22085bb1b0a,f53c43b2c822d111bca9e3ae615ceb539ff324fbf9fae9a07ded738891b01546,477fee196153c242d686d57bb9605fedb219ebdcdb8ee09b33660fc52cd8c120,efb2c9b0cb1be3de920b75bf0f5f5f1cace273389576971cd0b9d19ef382067d,3049c664dd1b2e517d0ef8b59c0078d485f327951d4603e1bc460e11248013c2
2026-27:528,7,0.0,2026-10-10T09:11:16Z,2026-10-10T10:00:00Z,Current formula at this deadline. This file does not replace the published Gameweeks 1-5 total of 280.,ffe911b65b5019529f8a7a322ad058e013a0e6146677c35d796f075e2572f09b,8e21d4821be776332f3504f55f85b4277f326f03513b2c7501fbdedf92b8b1a2,98e5bb4281312953f19a18383d2d6691e34279618c900c736d39c22085bb1b0a,f53c43b2c822d111bca9e3ae615ceb539ff324fbf9fae9a07ded738891b01546,477fee196153c242d686d57bb9605fedb219ebdcdb8ee09b33660fc52cd8c120,efb2c9b0cb1be3de920b75bf0f5f5f1cace273389576971cd0b9d19ef382067d,3049c664dd1b2e517d0ef8b59c0078d485f327951d4603e1bc460e11248013c2
2026-27:529,7,3.430979185070058,2026-10-10T09:11:16Z,2026-10-10T10:00:00Z,Current formula at this deadline. This file does not replace the published Gameweeks 1-5 total of 280.,ffe911b65b5019529f8a7a322ad058e013a0e6146677c35d796f075e2572f09b,8e21d4821be776332f3504f55f85b4277f326f03513b2c7501fbdedf92b8b1a2,98e5bb4281312953f19a18383d2d6691e34279618c900c736d39c22085bb1b0a,f53c43b2c822d111bca9e3ae615ceb539ff324fbf9fae9a07ded738891b01546,477fee196153c242d686d57bb9605fedb219ebdcdb8ee09b33660fc52cd8c120,efb2c9b0cb1be3de920b75bf0f5f5f1cace273389576971cd0b9d19ef382067d,3049c664dd1b2e517d0ef8b59c0078d485f327951d4603e1bc460e11248013c2
2026-27:533,7,4.119353085787475,2026-10-10T09:11:16Z,2026-10-10T10:00:00Z,Current formula at this deadline. This file does not replace the published Gameweeks 1-5 total of 280.,ffe911b65b5019529f8a7a322ad058e013a0e6146677c35d796f075e2572f09b,8e21d4821be776332f3504f55f85b4277f326f03513b2c7501fbdedf92b8b1a2,98e5bb4281312953f19a18383d2d6691e34279618c900c736d39c22085bb1b0a,f53c43b2c822d111bca9e3ae615ceb539ff324fbf9fae9a07ded738891b01546,477fee196153c242d686d57bb9605fedb219ebdcdb8ee09b33660fc52cd8c120,efb2c9b0cb1be3de920b75bf0f5f5f1cace273389576971cd0b9d19ef382067d,3049c664dd1b2e517d0ef8b59c0078d485f327951d4603e1bc460e11248013c2
2026-27:536,7,2.757462615018946,2026-10-10T09:11:16Z,2026-10-10T10:00:00Z,Current formula at this deadline. This file does not replace the published Gameweeks 1-5 total of 280.,ffe911b65b5019529f8a7a322ad058e013a0e6146677c35d796f075e2572f09b,8e21d4821be776332f3504f55f85b4277f326f03513b2c7501fbdedf92b8b1a2,98e5bb4281312953f19a18383d2d6691e34279618c900c736d39c22085bb1b0a,f53c43b2c822d111bca9e3ae615ceb539ff324fbf9fae9a07ded738891b01546,477fee196153c242d686d57bb9605fedb219ebdcdb8ee09b33660fc52cd8c120,efb2c9b0cb1be3de920b75bf0f5f5f1cace273389576971cd0b9d19ef382067d,3049c664dd1b2e517d0ef8b59c0078d485f327951d4603e1bc460e11248013c2
2026-27:541,7,3.1744898207529415,2026-10-10T09:11:16Z,2026-10-10T10:00:00Z,Current formula at this deadline. This file does not replace the published Gameweeks 1-5 total of 280.,ffe911b65b5019529f8a7a322ad058e013a0e6146677c35d796f075e2572f09b,8e21d4821be776332f3504f55f85b4277f326f03513b2c7501fbdedf92b8b1a2,98e5bb4281312953f19a18383d2d6691e34279618c900c736d39c22085bb1b0a,f53c43b2c822d111bca9e3ae615ceb539ff324fbf9fae9a07ded738891b01546,477fee196153c242d686d57bb9605fedb219ebdcdb8ee09b33660fc52cd8c120,efb2c9b0cb1be3de920b75bf0f5f5f1cace273389576971cd0b9d19ef382067d,3049c664dd1b2e517d0ef8b59c0078d485f327951d4603e1bc460e11248013c2
2026-27:542,7,4.409671779461048,2026-10-10T09:11:16Z,2026-10-10T10:00:00Z,Current formula at this deadline. This file does not replace the published Gameweeks 1-5 total of 280.,ffe911b65b5019529f8a7a322ad058e013a0e6146677c35d796f075e2572f09b,8e21d4821be776332f3504f55f85b4277f326f03513b2c7501fbdedf92b8b1a2,98e5bb4281312953f19a18383d2d6691e34279618c900c736d39c22085bb1b0a,f53c43b2c822d111bca9e3ae615ceb539ff324fbf9fae9a07ded738891b01546,477fee196153c242d686d57bb9605fedb219ebdcdb8ee09b33660fc52cd8c120,efb2c9b0cb1be3de920b75bf0f5f5f1cace273389576971cd0b9d19ef382067d,3049c664dd1b2e517d0ef8b59c0078d485f327951d4603e1bc460e11248013c2
2026-27:544,7,3.787417526025064,2026-10-10T09:11:16Z,2026-10-10T10:00:00Z,Current formula at this deadline. This file does not replace the published Gameweeks 1-5 total of 280.,ffe911b65b5019529f8a7a322ad058e013a0e6146677c35d796f075e2572f09b,8e21d4821be776332f3504f55f85b4277f326f03513b2c7501fbdedf92b8b1a2,98e5bb4281312953f19a18383d2d6691e34279618c900c736d39c22085bb1b0a,f53c43b2c822d111bca9e3ae615ceb539ff324fbf9fae9a07ded738891b01546,477fee196153c242d686d57bb9605fedb219ebdcdb8ee09b33660fc52cd8c120,efb2c9b0cb1be3de920b75bf0f5f5f1cace273389576971cd0b9d19ef382067d,3049c664dd1b2e517d0ef8b59c0078d485f327951d4603e1bc460e11248013c2
2026-27:545,7,2.6578123477402884,2026-10-10T09:11:16Z,2026-10-10T10:00:00Z,Current formula at this deadline. This file does not replace the published Gameweeks 1-5 total of 280.,ffe911b65b5019529f8a7a322ad058e013a0e6146677c35d796f075e2572f09b,8e21d4821be776332f3504f55f85b4277f326f03513b2c7501fbdedf92b8b1a2,98e5bb4281312953f19a18383d2d6691e34279618c900c736d39c22085bb1b0a,f53c43b2c822d111bca9e3ae615ceb539ff324fbf9fae9a07ded738891b01546,477fee196153c242d686d57bb9605fedb219ebdcdb8ee09b33660fc52cd8c120,efb2c9b0cb1be3de920b75bf0f5f5f1cace273389576971cd0b9d19ef382067d,3049c664dd1b2e517d0ef8b59c0078d485f327951d4603e1bc460e11248013c2
2026-27:551,7,2.7292056389718895,2026-10-10T09:11:16Z,2026-10-10T10:00:00Z,Current formula at this deadline. This file does not replace the published Gameweeks 1-5 total of 280.,ffe911b65b5019529f8a7a322ad058e013a0e6146677c35d796f075e2572f09b,8e21d4821be776332f3504f55f85b4277f326f03513b2c7501fbdedf92b8b1a2,98e5bb4281312953f19a18383d2d6691e34279618c900c736d39c22085bb1b0a,f53c43b2c822d111bca9e3ae615ceb539ff324fbf9fae9a07ded738891b01546,477fee196153c242d686d57bb9605fedb219ebdcdb8ee09b33660fc52cd8c120,efb2c9b0cb1be3de920b75bf0f5f5f1cace273389576971cd0b9d19ef382067d,3049c664dd1b2e517d0ef8b59c0078d485f327951d4603e1bc460e11248013c2
2026-27:558,7,3.3248647960644937,2026-10-10T09:11:16Z,2026-10-10T10:00:00Z,Current formula at this deadline. This file does not replace the published Gameweeks 1-5 total of 280.,ffe911b65b5019529f8a7a322ad058e013a0e6146677c35d796f075e2572f09b,8e21d4821be776332f3504f55f85b4277f326f03513b2c7501fbdedf92b8b1a2,98e5bb4281312953f19a18383d2d6691e34279618c900c736d39c22085bb1b0a,f53c43b2c822d111bca9e3ae615ceb539ff324fbf9fae9a07ded738891b01546,477fee196153c242d686d57bb9605fedb219ebdcdb8ee09b33660fc52cd8c120,efb2c9b0cb1be3de920b75bf0f5f5f1cace273389576971cd0b9d19ef382067d,3049c664dd1b2e517d0ef8b59c0078d485f327951d4603e1bc460e11248013c2
2026-27:560,7,2.2029680901134254,2026-10-10T09:11:16Z,2026-10-10T10:00:00Z,Current formula at this deadline. This file does not replace the published Gameweeks 1-5 total of 280.,ffe911b65b5019529f8a7a322ad058e013a0e6146677c35d796f075e2572f09b,8e21d4821be776332f3504f55f85b4277f326f03513b2c7501fbdedf92b8b1a2,98e5bb4281312953f19a18383d2d6691e34279618c900c736d39c22085bb1b0a,f53c43b2c822d111bca9e3ae615ceb539ff324fbf9fae9a07ded738891b01546,477fee196153c242d686d57bb9605fedb219ebdcdb8ee09b33660fc52cd8c120,efb2c9b0cb1be3de920b75bf0f5f5f1cace273389576971cd0b9d19ef382067d,3049c664dd1b2e517d0ef8b59c0078d485f327951d4603e1bc460e11248013c2
2026-27:564,7,3.416349009896972,2026-10-10T09:11:16Z,2026-10-10T10:00:00Z,Current formula at this deadline. This file does not replace the published Gameweeks 1-5 total of 280.,ffe911b65b5019529f8a7a322ad058e013a0e6146677c35d796f075e2572f09b,8e21d4821be776332f3504f55f85b4277f326f03513b2c7501fbdedf92b8b1a2,98e5bb4281312953f19a18383d2d6691e34279618c900c736d39c22085bb1b0a,f53c43b2c822d111bca9e3ae615ceb539ff324fbf9fae9a07ded738891b01546,477fee196153c242d686d57bb9605fedb219ebdcdb8ee09b33660fc52cd8c120,efb2c9b0cb1be3de920b75bf0f5f5f1cace273389576971cd0b9d19ef382067d,3049c664dd1b2e517d0ef8b59c0078d485f327951d4603e1bc460e11248013c2
2026-27:565,7,3.527405891594414,2026-10-10T09:11:16Z,2026-10-10T10:00:00Z,Current formula at this deadline. This file does not replace the published Gameweeks 1-5 total of 280.,ffe911b65b5019529f8a7a322ad058e013a0e6146677c35d796f075e2572f09b,8e21d4821be776332f3504f55f85b4277f326f03513b2c7501fbdedf92b8b1a2,98e5bb4281312953f19a18383d2d6691e34279618c900c736d39c22085bb1b0a,f53c43b2c822d111bca9e3ae615ceb539ff324fbf9fae9a07ded738891b01546,477fee196153c242d686d57bb9605fedb219ebdcdb8ee09b33660fc52cd8c120,efb2c9b0cb1be3de920b75bf0f5f5f1cace273389576971cd0b9d19ef382067d,3049c664dd1b2e517d0ef8b59c0078d485f327951d4603e1bc460e11248013c2
2026-27:566,7,5.754062223341835,2026-10-10T09:11:16Z,2026-10-10T10:00:00Z,Current formula at this deadline. This file does not replace the published Gameweeks 1-5 total of 280.,ffe911b65b5019529f8a7a322ad058e013a0e6146677c35d796f075e2572f09b,8e21d4821be776332f3504f55f85b4277f326f03513b2c7501fbdedf92b8b1a2,98e5bb4281312953f19a18383d2d6691e34279618c900c736d39c22085bb1b0a,f53c43b2c822d111bca9e3ae615ceb539ff324fbf9fae9a07ded738891b01546,477fee196153c242d686d57bb9605fedb219ebdcdb8ee09b33660fc52cd8c120,efb2c9b0cb1be3de920b75bf0f5f5f1cace273389576971cd0b9d19ef382067d,3049c664dd1b2e517d0ef8b59c0078d485f327951d4603e1bc460e11248013c2
2026-27:567,7,3.474701226142257,2026-10-10T09:11:16Z,2026-10-10T10:00:00Z,Current formula at this deadline. This file does not replace the published Gameweeks 1-5 total of 280.,ffe911b65b5019529f8a7a322ad058e013a0e6146677c35d796f075e2572f09b,8e21d4821be776332f3504f55f85b4277f326f03513b2c7501fbdedf92b8b1a2,98e5bb4281312953f19a18383d2d6691e34279618c900c736d39c22085bb1b0a,f53c43b2c822d111bca9e3ae615ceb539ff324fbf9fae9a07ded738891b01546,477fee196153c242d686d57bb9605fedb219ebdcdb8ee09b33660fc52cd8c120,efb2c9b0cb1be3de920b75bf0f5f5f1cace273389576971cd0b9d19ef382067d,3049c664dd1b2e517d0ef8b59c0078d485f327951d4603e1bc460e11248013c2
2026-27:569,7,4.134950683071023,2026-10-10T09:11:16Z,2026-10-10T10:00:00Z,Current formula at this deadline. This file does not replace the published Gameweeks 1-5 total of 280.,ffe911b65b5019529f8a7a322ad058e013a0e6146677c35d796f075e2572f09b,8e21d4821be776332f3504f55f85b4277f326f03513b2c7501fbdedf92b8b1a2,98e5bb4281312953f19a18383d2d6691e34279618c900c736d39c22085bb1b0a,f53c43b2c822d111bca9e3ae615ceb539ff324fbf9fae9a07ded738891b01546,477fee196153c242d686d57bb9605fedb219ebdcdb8ee09b33660fc52cd8c120,efb2c9b0cb1be3de920b75bf0f5f5f1cace273389576971cd0b9d19ef382067d,3049c664dd1b2e517d0ef8b59c0078d485f327951d4603e1bc460e11248013c2
2026-27:57,7,3.501592717265601,2026-10-10T09:11:16Z,2026-10-10T10:00:00Z,Current formula at this deadline. This file does not replace the published Gameweeks 1-5 total of 280.,ffe911b65b5019529f8a7a322ad058e013a0e6146677c35d796f075e2572f09b,8e21d4821be776332f3504f55f85b4277f326f03513b2c7501fbdedf92b8b1a2,98e5bb4281312953f19a18383d2d6691e34279618c900c736d39c22085bb1b0a,f53c43b2c822d111bca9e3ae615ceb539ff324fbf9fae9a07ded738891b01546,477fee196153c242d686d57bb9605fedb219ebdcdb8ee09b33660fc52cd8c120,efb2c9b0cb1be3de920b75bf0f5f5f1cace273389576971cd0b9d19ef382067d,3049c664dd1b2e517d0ef8b59c0078d485f327951d4603e1bc460e11248013c2
2026-27:572,7,3.4214097803863113,2026-10-10T09:11:16Z,2026-10-10T10:00:00Z,Current formula at this deadline. This file does not replace the published Gameweeks 1-5 total of 280.,ffe911b65b5019529f8a7a322ad058e013a0e6146677c35d796f075e2572f09b,8e21d4821be776332f3504f55f85b4277f326f03513b2c7501fbdedf92b8b1a2,98e5bb4281312953f19a18383d2d6691e34279618c900c736d39c22085bb1b0a,f53c43b2c822d111bca9e3ae615ceb539ff324fbf9fae9a07ded738891b01546,477fee196153c242d686d57bb9605fedb219ebdcdb8ee09b33660fc52cd8c120,efb2c9b0cb1be3de920b75bf0f5f5f1cace273389576971cd0b9d19ef382067d,3049c664dd1b2e517d0ef8b59c0078d485f327951d4603e1bc460e11248013c2
2026-27:579,7,2.8815042391660968,2026-10-10T09:11:16Z,2026-10-10T10:00:00Z,Current formula at this deadline. This file does not replace the published Gameweeks 1-5 total of 280.,ffe911b65b5019529f8a7a322ad058e013a0e6146677c35d796f075e2572f09b,8e21d4821be776332f3504f55f85b4277f326f03513b2c7501fbdedf92b8b1a2,98e5bb4281312953f19a18383d2d6691e34279618c900c736d39c22085bb1b0a,f53c43b2c822d111bca9e3ae615ceb539ff324fbf9fae9a07ded738891b01546,477fee196153c242d686d57bb9605fedb219ebdcdb8ee09b33660fc52cd8c120,efb2c9b0cb1be3de920b75bf0f5f5f1cace273389576971cd0b9d19ef382067d,3049c664dd1b2e517d0ef8b59c0078d485f327951d4603e1bc460e11248013c2
2026-27:58,7,0.0,2026-10-10T09:11:16Z,2026-10-10T10:00:00Z,Current formula at this deadline. This file does not replace the published Gameweeks 1-5 total of 280.,ffe911b65b5019529f8a7a322ad058e013a0e6146677c35d796f075e2572f09b,8e21d4821be776332f3504f55f85b4277f326f03513b2c7501fbdedf92b8b1a2,98e5bb4281312953f19a18383d2d6691e34279618c900c736d39c22085bb1b0a,f53c43b2c822d111bca9e3ae615ceb539ff324fbf9fae9a07ded738891b01546,477fee196153c242d686d57bb9605fedb219ebdcdb8ee09b33660fc52cd8c120,efb2c9b0cb1be3de920b75bf0f5f5f1cace273389576971cd0b9d19ef382067d,3049c664dd1b2e517d0ef8b59c0078d485f327951d4603e1bc460e11248013c2
2026-27:580,7,3.2086463686293123,2026-10-10T09:11:16Z,2026-10-10T10:00:00Z,Current formula at this deadline. This file does not replace the published Gameweeks 1-5 total of 280.,ffe911b65b5019529f8a7a322ad058e013a0e6146677c35d796f075e2572f09b,8e21d4821be776332f3504f55f85b4277f326f03513b2c7501fbdedf92b8b1a2,98e5bb4281312953f19a18383d2d6691e34279618c900c736d39c22085bb1b0a,f53c43b2c822d111bca9e3ae615ceb539ff324fbf9fae9a07ded738891b01546,477fee196153c242d686d57bb9605fedb219ebdcdb8ee09b33660fc52cd8c120,efb2c9b0cb1be3de920b75bf0f5f5f1cace273389576971cd0b9d19ef382067d,3049c664dd1b2e517d0ef8b59c0078d485f327951d4603e1bc460e11248013c2
2026-27:581,7,2.991917313391282,2026-10-10T09:11:16Z,2026-10-10T10:00:00Z,Current formula at this deadline. This file does not replace the published Gameweeks 1-5 total of 280.,ffe911b65b5019529f8a7a322ad058e013a0e6146677c35d796f075e2572f09b,8e21d4821be776332f3504f55f85b4277f326f03513b2c7501fbdedf92b8b1a2,98e5bb4281312953f19a18383d2d6691e34279618c900c736d39c22085bb1b0a,f53c43b2c822d111bca9e3ae615ceb539ff324fbf9fae9a07ded738891b01546,477fee196153c242d686d57bb9605fedb219ebdcdb8ee09b33660fc52cd8c120,efb2c9b0cb1be3de920b75bf0f5f5f1cace273389576971cd0b9d19ef382067d,3049c664dd1b2e517d0ef8b59c0078d485f327951d4603e1bc460e11248013c2
2026-27:582,7,1.425,2026-10-10T09:11:16Z,2026-10-10T10:00:00Z,Current formula at this deadline. This file does not replace the published Gameweeks 1-5 total of 280.,ffe911b65b5019529f8a7a322ad058e013a0e6146677c35d796f075e2572f09b,8e21d4821be776332f3504f55f85b4277f326f03513b2c7501fbdedf92b8b1a2,98e5bb4281312953f19a18383d2d6691e34279618c900c736d39c22085bb1b0a,f53c43b2c822d111bca9e3ae615ceb539ff324fbf9fae9a07ded738891b01546,477fee196153c242d686d57bb9605fedb219ebdcdb8ee09b33660fc52cd8c120,efb2c9b0cb1be3de920b75bf0f5f5f1cace273389576971cd0b9d19ef382067d,3049c664dd1b2e517d0ef8b59c0078d485f327951d4603e1bc460e11248013c2
2026-27:583,7,2.354645597802114,2026-10-10T09:11:16Z,2026-10-10T10:00:00Z,Current formula at this deadline. This file does not replace the published Gameweeks 1-5 total of 280.,ffe911b65b5019529f8a7a322ad058e013a0e6146677c35d796f075e2572f09b,8e21d4821be776332f3504f55f85b4277f326f03513b2c7501fbdedf92b8b1a2,98e5bb4281312953f19a18383d2d6691e34279618c900c736d39c22085bb1b0a,f53c43b2c822d111bca9e3ae615ceb539ff324fbf9fae9a07ded738891b01546,477fee196153c242d686d57bb9605fedb219ebdcdb8ee09b33660fc52cd8c120,efb2c9b0cb1be3de920b75bf0f5f5f1cace273389576971cd0b9d19ef382067d,3049c664dd1b2e517d0ef8b59c0078d485f327951d4603e1bc460e11248013c2
2026-27:585,7,1.927139613100093,2026-10-10T09:11:16Z,2026-10-10T10:00:00Z,Current formula at this deadline. This file does not replace the published Gameweeks 1-5 total of 280.,ffe911b65b5019529f8a7a322ad058e013a0e6146677c35d796f075e2572f09b,8e21d4821be776332f3504f55f85b4277f326f03513b2c7501fbdedf92b8b1a2,98e5bb4281312953f19a18383d2d6691e34279618c900c736d39c22085bb1b0a,f53c43b2c822d111bca9e3ae615ceb539ff324fbf9fae9a07ded738891b01546,477fee196153c242d686d57bb9605fedb219ebdcdb8ee09b33660fc52cd8c120,efb2c9b0cb1be3de920b75bf0f5f5f1cace273389576971cd0b9d19ef382067d,3049c664dd1b2e517d0ef8b59c0078d485f327951d4603e1bc460e11248013c2
2026-27:588,7,4.88545869565119,2026-10-10T09:11:16Z,2026-10-10T10:00:00Z,Current formula at this deadline. This file does not replace the published Gameweeks 1-5 total of 280.,ffe911b65b5019529f8a7a322ad058e013a0e6146677c35d796f075e2572f09b,8e21d4821be776332f3504f55f85b4277f326f03513b2c7501fbdedf92b8b1a2,98e5bb4281312953f19a18383d2d6691e34279618c900c736d39c22085bb1b0a,f53c43b2c822d111bca9e3ae615ceb539ff324fbf9fae9a07ded738891b01546,477fee196153c242d686d57bb9605fedb219ebdcdb8ee09b33660fc52cd8c120,efb2c9b0cb1be3de920b75bf0f5f5f1cace273389576971cd0b9d19ef382067d,3049c664dd1b2e517d0ef8b59c0078d485f327951d4603e1bc460e11248013c2
2026-27:591,7,4.175425944267601,2026-10-10T09:11:16Z,2026-10-10T10:00:00Z,Current formula at this deadline. This file does not replace the published Gameweeks 1-5 total of 280.,ffe911b65b5019529f8a7a322ad058e013a0e6146677c35d796f075e2572f09b,8e21d4821be776332f3504f55f85b4277f326f03513b2c7501fbdedf92b8b1a2,98e5bb4281312953f19a18383d2d6691e34279618c900c736d39c22085bb1b0a,f53c43b2c822d111bca9e3ae615ceb539ff324fbf9fae9a07ded738891b01546,477fee196153c242d686d57bb9605fedb219ebdcdb8ee09b33660fc52cd8c120,efb2c9b0cb1be3de920b75bf0f5f5f1cace273389576971cd0b9d19ef382067d,3049c664dd1b2e517d0ef8b59c0078d485f327951d4603e1bc460e11248013c2
2026-27:597,7,3.4111738284348916,2026-10-10T09:11:16Z,2026-10-10T10:00:00Z,Current formula at this deadline. This file does not replace the published Gameweeks 1-5 total of 280.,ffe911b65b5019529f8a7a322ad058e013a0e6146677c35d796f075e2572f09b,8e21d4821be776332f3504f55f85b4277f326f03513b2c7501fbdedf92b8b1a2,98e5bb4281312953f19a18383d2d6691e34279618c900c736d39c22085bb1b0a,f53c43b2c822d111bca9e3ae615ceb539ff324fbf9fae9a07ded738891b01546,477fee196153c242d686d57bb9605fedb219ebdcdb8ee09b33660fc52cd8c120,efb2c9b0cb1be3de920b75bf0f5f5f1cace273389576971cd0b9d19ef382067d,3049c664dd1b2e517d0ef8b59c0078d485f327951d4603e1bc460e11248013c2
2026-27:598,7,3.9910829576399327,2026-10-10T09:11:16Z,2026-10-10T10:00:00Z,Current formula at this deadline. This file does not replace the published Gameweeks 1-5 total of 280.,ffe911b65b5019529f8a7a322ad058e013a0e6146677c35d796f075e2572f09b,8e21d4821be776332f3504f55f85b4277f326f03513b2c7501fbdedf92b8b1a2,98e5bb4281312953f19a18383d2d6691e34279618c900c736d39c22085bb1b0a,f53c43b2c822d111bca9e3ae615ceb539ff324fbf9fae9a07ded738891b01546,477fee196153c242d686d57bb9605fedb219ebdcdb8ee09b33660fc52cd8c120,efb2c9b0cb1be3de920b75bf0f5f5f1cace273389576971cd0b9d19ef382067d,3049c664dd1b2e517d0ef8b59c0078d485f327951d4603e1bc460e11248013c2
2026-27:60,7,4.565183582838821,2026-10-10T09:11:16Z,2026-10-10T10:00:00Z,Current formula at this deadline. This file does not replace the published Gameweeks 1-5 total of 280.,ffe911b65b5019529f8a7a322ad058e013a0e6146677c35d796f075e2572f09b,8e21d4821be776332f3504f55f85b4277f326f03513b2c7501fbdedf92b8b1a2,98e5bb4281312953f19a18383d2d6691e34279618c900c736d39c22085bb1b0a,f53c43b2c822d111bca9e3ae615ceb539ff324fbf9fae9a07ded738891b01546,477fee196153c242d686d57bb9605fedb219ebdcdb8ee09b33660fc52cd8c120,efb2c9b0cb1be3de920b75bf0f5f5f1cace273389576971cd0b9d19ef382067d,3049c664dd1b2e517d0ef8b59c0078d485f327951d4603e1bc460e11248013c2
2026-27:605,7,3.3277430881536976,2026-10-10T09:11:16Z,2026-10-10T10:00:00Z,Current formula at this deadline. This file does not replace the published Gameweeks 1-5 total of 280.,ffe911b65b5019529f8a7a322ad058e013a0e6146677c35d796f075e2572f09b,8e21d4821be776332f3504f55f85b4277f326f03513b2c7501fbdedf92b8b1a2,98e5bb4281312953f19a18383d2d6691e34279618c900c736d39c22085bb1b0a,f53c43b2c822d111bca9e3ae615ceb539ff324fbf9fae9a07ded738891b01546,477fee196153c242d686d57bb9605fedb219ebdcdb8ee09b33660fc52cd8c120,efb2c9b0cb1be3de920b75bf0f5f5f1cace273389576971cd0b9d19ef382067d,3049c664dd1b2e517d0ef8b59c0078d485f327951d4603e1bc460e11248013c2
2026-27:61,7,3.5107242800920906,2026-10-10T09:11:16Z,2026-10-10T10:00:00Z,Current formula at this deadline. This file does not replace the published Gameweeks 1-5 total of 280.,ffe911b65b5019529f8a7a322ad058e013a0e6146677c35d796f075e2572f09b,8e21d4821be776332f3504f55f85b4277f326f03513b2c7501fbdedf92b8b1a2,98e5bb4281312953f19a18383d2d6691e34279618c900c736d39c22085bb1b0a,f53c43b2c822d111bca9e3ae615ceb539ff324fbf9fae9a07ded738891b01546,477fee196153c242d686d57bb9605fedb219ebdcdb8ee09b33660fc52cd8c120,efb2c9b0cb1be3de920b75bf0f5f5f1cace273389576971cd0b9d19ef382067d,3049c664dd1b2e517d0ef8b59c0078d485f327951d4603e1bc460e11248013c2
2026-27:611,7,2.190777017081453,2026-10-10T09:11:16Z,2026-10-10T10:00:00Z,Current formula at this deadline. This file does not replace the published Gameweeks 1-5 total of 280.,ffe911b65b5019529f8a7a322ad058e013a0e6146677c35d796f075e2572f09b,8e21d4821be776332f3504f55f85b4277f326f03513b2c7501fbdedf92b8b1a2,98e5bb4281312953f19a18383d2d6691e34279618c900c736d39c22085bb1b0a,f53c43b2c822d111bca9e3ae615ceb539ff324fbf9fae9a07ded738891b01546,477fee196153c242d686d57bb9605fedb219ebdcdb8ee09b33660fc52cd8c120,efb2c9b0cb1be3de920b75bf0f5f5f1cace273389576971cd0b9d19ef382067d,3049c664dd1b2e517d0ef8b59c0078d485f327951d4603e1bc460e11248013c2
2026-27:619,7,3.2684106994053135,2026-10-10T09:11:16Z,2026-10-10T10:00:00Z,Current formula at this deadline. This file does not replace the published Gameweeks 1-5 total of 280.,ffe911b65b5019529f8a7a322ad058e013a0e6146677c35d796f075e2572f09b,8e21d4821be776332f3504f55f85b4277f326f03513b2c7501fbdedf92b8b1a2,98e5bb4281312953f19a18383d2d6691e34279618c900c736d39c22085bb1b0a,f53c43b2c822d111bca9e3ae615ceb539ff324fbf9fae9a07ded738891b01546,477fee196153c242d686d57bb9605fedb219ebdcdb8ee09b33660fc52cd8c120,efb2c9b0cb1be3de920b75bf0f5f5f1cace273389576971cd0b9d19ef382067d,3049c664dd1b2e517d0ef8b59c0078d485f327951d4603e1bc460e11248013c2
2026-27:627,7,2.5834416382028538,2026-10-10T09:11:16Z,2026-10-10T10:00:00Z,Current formula at this deadline. This file does not replace the published Gameweeks 1-5 total of 280.,ffe911b65b5019529f8a7a322ad058e013a0e6146677c35d796f075e2572f09b,8e21d4821be776332f3504f55f85b4277f326f03513b2c7501fbdedf92b8b1a2,98e5bb4281312953f19a18383d2d6691e34279618c900c736d39c22085bb1b0a,f53c43b2c822d111bca9e3ae615ceb539ff324fbf9fae9a07ded738891b01546,477fee196153c242d686d57bb9605fedb219ebdcdb8ee09b33660fc52cd8c120,efb2c9b0cb1be3de920b75bf0f5f5f1cace273389576971cd0b9d19ef382067d,3049c664dd1b2e517d0ef8b59c0078d485f327951d4603e1bc460e11248013c2
2026-27:634,7,1.7794612152132394,2026-10-10T09:11:16Z,2026-10-10T10:00:00Z,Current formula at this deadline. This file does not replace the published Gameweeks 1-5 total of 280.,ffe911b65b5019529f8a7a322ad058e013a0e6146677c35d796f075e2572f09b,8e21d4821be776332f3504f55f85b4277f326f03513b2c7501fbdedf92b8b1a2,98e5bb4281312953f19a18383d2d6691e34279618c900c736d39c22085bb1b0a,f53c43b2c822d111bca9e3ae615ceb539ff324fbf9fae9a07ded738891b01546,477fee196153c242d686d57bb9605fedb219ebdcdb8ee09b33660fc52cd8c120,efb2c9b0cb1be3de920b75bf0f5f5f1cace273389576971cd0b9d19ef382067d,3049c664dd1b2e517d0ef8b59c0078d485f327951d4603e1bc460e11248013c2
2026-27:64,7,2.8148015237904453,2026-10-10T09:11:16Z,2026-10-10T10:00:00Z,Current formula at this deadline. This file does not replace the published Gameweeks 1-5 total of 280.,ffe911b65b5019529f8a7a322ad058e013a0e6146677c35d796f075e2572f09b,8e21d4821be776332f3504f55f85b4277f326f03513b2c7501fbdedf92b8b1a2,98e5bb4281312953f19a18383d2d6691e34279618c900c736d39c22085bb1b0a,f53c43b2c822d111bca9e3ae615ceb539ff324fbf9fae9a07ded738891b01546,477fee196153c242d686d57bb9605fedb219ebdcdb8ee09b33660fc52cd8c120,efb2c9b0cb1be3de920b75bf0f5f5f1cace273389576971cd0b9d19ef382067d,3049c664dd1b2e517d0ef8b59c0078d485f327951d4603e1bc460e11248013c2
2026-27:644,7,3.4094851751086095,2026-10-10T09:11:16Z,2026-10-10T10:00:00Z,Current formula at this deadline. This file does not replace the published Gameweeks 1-5 total of 280.,ffe911b65b5019529f8a7a322ad058e013a0e6146677c35d796f075e2572f09b,8e21d4821be776332f3504f55f85b4277f326f03513b2c7501fbdedf92b8b1a2,98e5bb4281312953f19a18383d2d6691e34279618c900c736d39c22085bb1b0a,f53c43b2c822d111bca9e3ae615ceb539ff324fbf9fae9a07ded738891b01546,477fee196153c242d686d57bb9605fedb219ebdcdb8ee09b33660fc52cd8c120,efb2c9b0cb1be3de920b75bf0f5f5f1cace273389576971cd0b9d19ef382067d,3049c664dd1b2e517d0ef8b59c0078d485f327951d4603e1bc460e11248013c2
2026-27:649,7,3.1615573272398305,2026-10-10T09:11:16Z,2026-10-10T10:00:00Z,Current formula at this deadline. This file does not replace the published Gameweeks 1-5 total of 280.,ffe911b65b5019529f8a7a322ad058e013a0e6146677c35d796f075e2572f09b,8e21d4821be776332f3504f55f85b4277f326f03513b2c7501fbdedf92b8b1a2,98e5bb4281312953f19a18383d2d6691e34279618c900c736d39c22085bb1b0a,f53c43b2c822d111bca9e3ae615ceb539ff324fbf9fae9a07ded738891b01546,477fee196153c242d686d57bb9605fedb219ebdcdb8ee09b33660fc52cd8c120,efb2c9b0cb1be3de920b75bf0f5f5f1cace273389576971cd0b9d19ef382067d,3049c664dd1b2e517d0ef8b59c0078d485f327951d4603e1bc460e11248013c2
2026-27:650,7,4.111744002824072,2026-10-10T09:11:16Z,2026-10-10T10:00:00Z,Current formula at this deadline. This file does not replace the published Gameweeks 1-5 total of 280.,ffe911b65b5019529f8a7a322ad058e013a0e6146677c35d796f075e2572f09b,8e21d4821be776332f3504f55f85b4277f326f03513b2c7501fbdedf92b8b1a2,98e5bb4281312953f19a18383d2d6691e34279618c900c736d39c22085bb1b0a,f53c43b2c822d111bca9e3ae615ceb539ff324fbf9fae9a07ded738891b01546,477fee196153c242d686d57bb9605fedb219ebdcdb8ee09b33660fc52cd8c120,efb2c9b0cb1be3de920b75bf0f5f5f1cace273389576971cd0b9d19ef382067d,3049c664dd1b2e517d0ef8b59c0078d485f327951d4603e1bc460e11248013c2
2026-27:67,7,3.5961095842989117,2026-10-10T09:11:16Z,2026-10-10T10:00:00Z,Current formula at this deadline. This file does not replace the published Gameweeks 1-5 total of 280.,ffe911b65b5019529f8a7a322ad058e013a0e6146677c35d796f075e2572f09b,8e21d4821be776332f3504f55f85b4277f326f03513b2c7501fbdedf92b8b1a2,98e5bb4281312953f19a18383d2d6691e34279618c900c736d39c22085bb1b0a,f53c43b2c822d111bca9e3ae615ceb539ff324fbf9fae9a07ded738891b01546,477fee196153c242d686d57bb9605fedb219ebdcdb8ee09b33660fc52cd8c120,efb2c9b0cb1be3de920b75bf0f5f5f1cace273389576971cd0b9d19ef382067d,3049c664dd1b2e517d0ef8b59c0078d485f327951d4603e1bc460e11248013c2
2026-27:68,7,4.979327324004305,2026-10-10T09:11:16Z,2026-10-10T10:00:00Z,Current formula at this deadline. This file does not replace the published Gameweeks 1-5 total of 280.,ffe911b65b5019529f8a7a322ad058e013a0e6146677c35d796f075e2572f09b,8e21d4821be776332f3504f55f85b4277f326f03513b2c7501fbdedf92b8b1a2,98e5bb4281312953f19a18383d2d6691e34279618c900c736d39c22085bb1b0a,f53c43b2c822d111bca9e3ae615ceb539ff324fbf9fae9a07ded738891b01546,477fee196153c242d686d57bb9605fedb219ebdcdb8ee09b33660fc52cd8c120,efb2c9b0cb1be3de920b75bf0f5f5f1cace273389576971cd0b9d19ef382067d,3049c664dd1b2e517d0ef8b59c0078d485f327951d4603e1bc460e11248013c2
2026-27:73,7,3.1215144526242984,2026-10-10T09:11:16Z,2026-10-10T10:00:00Z,Current formula at this deadline. This file does not replace the published Gameweeks 1-5 total of 280.,ffe911b65b5019529f8a7a322ad058e013a0e6146677c35d796f075e2572f09b,8e21d4821be776332f3504f55f85b4277f326f03513b2c7501fbdedf92b8b1a2,98e5bb4281312953f19a18383d2d6691e34279618c900c736d39c22085bb1b0a,f53c43b2c822d111bca9e3ae615ceb539ff324fbf9fae9a07ded738891b01546,477fee196153c242d686d57bb9605fedb219ebdcdb8ee09b33660fc52cd8c120,efb2c9b0cb1be3de920b75bf0f5f5f1cace273389576971cd0b9d19ef382067d,3049c664dd1b2e517d0ef8b59c0078d485f327951d4603e1bc460e11248013c2
2026-27:79,7,3.0936834421439268,2026-10-10T09:11:16Z,2026-10-10T10:00:00Z,Current formula at this deadline. This file does not replace the published Gameweeks 1-5 total of 280.,ffe911b65b5019529f8a7a322ad058e013a0e6146677c35d796f075e2572f09b,8e21d4821be776332f3504f55f85b4277f326f03513b2c7501fbdedf92b8b1a2,98e5bb4281312953f19a18383d2d6691e34279618c900c736d39c22085bb1b0a,f53c43b2c822d111bca9e3ae615ceb539ff324fbf9fae9a07ded738891b01546,477fee196153c242d686d57bb9605fedb219ebdcdb8ee09b33660fc52cd8c120,efb2c9b0cb1be3de920b75bf0f5f5f1cace273389576971cd0b9d19ef382067d,3049c664dd1b2e517d0ef8b59c0078d485f327951d4603e1bc460e11248013c2
2026-27:8,7,3.506517854157892,2026-10-10T09:11:16Z,2026-10-10T10:00:00Z,Current formula at this deadline. This file does not replace the published Gameweeks 1-5 total of 280.,ffe911b65b5019529f8a7a322ad058e013a0e6146677c35d796f075e2572f09b,8e21d4821be776332f3504f55f85b4277f326f03513b2c7501fbdedf92b8b1a2,98e5bb4281312953f19a18383d2d6691e34279618c900c736d39c22085bb1b0a,f53c43b2c822d111bca9e3ae615ceb539ff324fbf9fae9a07ded738891b01546,477fee196153c242d686d57bb9605fedb219ebdcdb8ee09b33660fc52cd8c120,efb2c9b0cb1be3de920b75bf0f5f5f1cace273389576971cd0b9d19ef382067d,3049c664dd1b2e517d0ef8b59c0078d485f327951d4603e1bc460e11248013c2
2026-27:82,7,3.47173439012477,2026-10-10T09:11:16Z,2026-10-10T10:00:00Z,Current formula at this deadline. This file does not replace the published Gameweeks 1-5 total of 280.,ffe911b65b5019529f8a7a322ad058e013a0e6146677c35d796f075e2572f09b,8e21d4821be776332f3504f55f85b4277f326f03513b2c7501fbdedf92b8b1a2,98e5bb4281312953f19a18383d2d6691e34279618c900c736d39c22085bb1b0a,f53c43b2c822d111bca9e3ae615ceb539ff324fbf9fae9a07ded738891b01546,477fee196153c242d686d57bb9605fedb219ebdcdb8ee09b33660fc52cd8c120,efb2c9b0cb1be3de920b75bf0f5f5f1cace273389576971cd0b9d19ef382067d,3049c664dd1b2e517d0ef8b59c0078d485f327951d4603e1bc460e11248013c2
2026-27:86,7,3.719920248642477,2026-10-10T09:11:16Z,2026-10-10T10:00:00Z,Current formula at this deadline. This file does not replace the published Gameweeks 1-5 total of 280.,ffe911b65b5019529f8a7a322ad058e013a0e6146677c35d796f075e2572f09b,8e21d4821be776332f3504f55f85b4277f326f03513b2c7501fbdedf92b8b1a2,98e5bb4281312953f19a18383d2d6691e34279618c900c736d39c22085bb1b0a,f53c43b2c822d111bca9e3ae615ceb539ff324fbf9fae9a07ded738891b01546,477fee196153c242d686d57bb9605fedb219ebdcdb8ee09b33660fc52cd8c120,efb2c9b0cb1be3de920b75bf0f5f5f1cace273389576971cd0b9d19ef382067d,3049c664dd1b2e517d0ef8b59c0078d485f327951d4603e1bc460e11248013c2
2026-27:87,7,3.609899819944695,2026-10-10T09:11:16Z,2026-10-10T10:00:00Z,Current formula at this deadline. This file does not replace the published Gameweeks 1-5 total of 280.,ffe911b65b5019529f8a7a322ad058e013a0e6146677c35d796f075e2572f09b,8e21d4821be776332f3504f55f85b4277f326f03513b2c7501fbdedf92b8b1a2,98e5bb4281312953f19a18383d2d6691e34279618c900c736d39c22085bb1b0a,f53c43b2c822d111bca9e3ae615ceb539ff324fbf9fae9a07ded738891b01546,477fee196153c242d686d57bb9605fedb219ebdcdb8ee09b33660fc52cd8c120,efb2c9b0cb1be3de920b75bf0f5f5f1cace273389576971cd0b9d19ef382067d,3049c664dd1b2e517d0ef8b59c0078d485f327951d4603e1bc460e11248013c2
2026-27:90,7,1.9015568420222921,2026-10-10T09:11:16Z,2026-10-10T10:00:00Z,Current formula at this deadline. This file does not replace the published Gameweeks 1-5 total of 280.,ffe911b65b5019529f8a7a322ad058e013a0e6146677c35d796f075e2572f09b,8e21d4821be776332f3504f55f85b4277f326f03513b2c7501fbdedf92b8b1a2,98e5bb4281312953f19a18383d2d6691e34279618c900c736d39c22085bb1b0a,f53c43b2c822d111bca9e3ae615ceb539ff324fbf9fae9a07ded738891b01546,477fee196153c242d686d57bb9605fedb219ebdcdb8ee09b33660fc52cd8c120,efb2c9b0cb1be3de920b75bf0f5f5f1cace273389576971cd0b9d19ef382067d,3049c664dd1b2e517d0ef8b59c0078d485f327951d4603e1bc460e11248013c2
2026-27:91,7,3.8502148697567056,2026-10-10T09:11:16Z,2026-10-10T10:00:00Z,Current formula at this deadline. This file does not replace the published Gameweeks 1-5 total of 280.,ffe911b65b5019529f8a7a322ad058e013a0e6146677c35d796f075e2572f09b,8e21d4821be776332f3504f55f85b4277f326f03513b2c7501fbdedf92b8b1a2,98e5bb4281312953f19a18383d2d6691e34279618c900c736d39c22085bb1b0a,f53c43b2c822d111bca9e3ae615ceb539ff324fbf9fae9a07ded738891b01546,477fee196153c242d686d57bb9605fedb219ebdcdb8ee09b33660fc52cd8c120,efb2c9b0cb1be3de920b75bf0f5f5f1cace273389576971cd0b9d19ef382067d,3049c664dd1b2e517d0ef8b59c0078d485f327951d4603e1bc460e11248013c2
2026-27:93,7,4.273447381568506,2026-10-10T09:11:16Z,2026-10-10T10:00:00Z,Current formula at this deadline. This file does not replace the published Gameweeks 1-5 total of 280.,ffe911b65b5019529f8a7a322ad058e013a0e6146677c35d796f075e2572f09b,8e21d4821be776332f3504f55f85b4277f326f03513b2c7501fbdedf92b8b1a2,98e5bb4281312953f19a18383d2d6691e34279618c900c736d39c22085bb1b0a,f53c43b2c822d111bca9e3ae615ceb539ff324fbf9fae9a07ded738891b01546,477fee196153c242d686d57bb9605fedb219ebdcdb8ee09b33660fc52cd8c120,efb2c9b0cb1be3de920b75bf0f5f5f1cace273389576971cd0b9d19ef382067d,3049c664dd1b2e517d0ef8b59c0078d485f327951d4603e1bc460e11248013c2
2026-27:94,7,3.665022207754451,2026-10-10T09:11:16Z,2026-10-10T10:00:00Z,Current formula at this deadline. This file does not replace the published Gameweeks 1-5 total of 280.,ffe911b65b5019529f8a7a322ad058e013a0e6146677c35d796f075e2572f09b,8e21d4821be776332f3504f55f85b4277f326f03513b2c7501fbdedf92b8b1a2,98e5bb4281312953f19a18383d2d6691e34279618c900c736d39c22085bb1b0a,f53c43b2c822d111bca9e3ae615ceb539ff324fbf9fae9a07ded738891b01546,477fee196153c242d686d57bb9605fedb219ebdcdb8ee09b33660fc52cd8c120,efb2c9b0cb1be3de920b75bf0f5f5f1cace273389576971cd0b9d19ef382067d,3049c664dd1b2e517d0ef8b59c0078d485f327951d4603e1bc460e11248013c2
2026-27:96,7,2.4210315087054237,2026-10-10T09:11:16Z,2026-10-10T10:00:00Z,Current formula at this deadline. This file does not replace the published Gameweeks 1-5 total of 280.,ffe911b65b5019529f8a7a322ad058e013a0e6146677c35d796f075e2572f09b,8e21d4821be776332f3504f55f85b4277f326f03513b2c7501fbdedf92b8b1a2,98e5bb4281312953f19a18383d2d6691e34279618c900c736d39c22085bb1b0a,f53c43b2c822d111bca9e3ae615ceb539ff324fbf9fae9a07ded738891b01546,477fee196153c242d686d57bb9605fedb219ebdcdb8ee09b33660fc52cd8c120,efb2c9b0cb1be3de920b75bf0f5f5f1cace273389576971cd0b9d19ef382067d,3049c664dd1b2e517d0ef8b59c0078d485f327951d4603e1bc460e11248013c2
2026-27:98,7,4.114761735278987,2026-10-10T09:11:16Z,2026-10-10T10:00:00Z,Current formula at this deadline. This file does not replace the published Gameweeks 1-5 total of 280.,ffe911b65b5019529f8a7a322ad058e013a0e6146677c35d796f075e2572f09b,8e21d4821be776332f3504f55f85b4277f326f03513b2c7501fbdedf92b8b1a2,98e5bb4281312953f19a18383d2d6691e34279618c900c736d39c22085bb1b0a,f53c43b2c822d111bca9e3ae615ceb539ff324fbf9fae9a07ded738891b01546,477fee196153c242d686d57bb9605fedb219ebdcdb8ee09b33660fc52cd8c120,efb2c9b0cb1be3de920b75bf0f5f5f1cace273389576971cd0b9d19ef382067d,3049c664dd1b2e517d0ef8b59c0078d485f327951d4603e1bc460e11248013c2
2026-27:1,8,3.6721038833925017,2026-10-10T09:11:16Z,2026-10-10T10:00:00Z,Current formula at this deadline. This file does not replace the published Gameweeks 1-5 total of 280.,ffe911b65b5019529f8a7a322ad058e013a0e6146677c35d796f075e2572f09b,8e21d4821be776332f3504f55f85b4277f326f03513b2c7501fbdedf92b8b1a2,98e5bb4281312953f19a18383d2d6691e34279618c900c736d39c22085bb1b0a,f53c43b2c822d111bca9e3ae615ceb539ff324fbf9fae9a07ded738891b01546,477fee196153c242d686d57bb9605fedb219ebdcdb8ee09b33660fc52cd8c120,efb2c9b0cb1be3de920b75bf0f5f5f1cace273389576971cd0b9d19ef382067d,3049c664dd1b2e517d0ef8b59c0078d485f327951d4603e1bc460e11248013c2
2026-27:102,8,2.3713924278983294,2026-10-10T09:11:16Z,2026-10-10T10:00:00Z,Current formula at this deadline. This file does not replace the published Gameweeks 1-5 total of 280.,ffe911b65b5019529f8a7a322ad058e013a0e6146677c35d796f075e2572f09b,8e21d4821be776332f3504f55f85b4277f326f03513b2c7501fbdedf92b8b1a2,98e5bb4281312953f19a18383d2d6691e34279618c900c736d39c22085bb1b0a,f53c43b2c822d111bca9e3ae615ceb539ff324fbf9fae9a07ded738891b01546,477fee196153c242d686d57bb9605fedb219ebdcdb8ee09b33660fc52cd8c120,efb2c9b0cb1be3de920b75bf0f5f5f1cace273389576971cd0b9d19ef382067d,3049c664dd1b2e517d0ef8b59c0078d485f327951d4603e1bc460e11248013c2
2026-27:104,8,2.253536074363852,2026-10-10T09:11:16Z,2026-10-10T10:00:00Z,Current formula at this deadline. This file does not replace the published Gameweeks 1-5 total of 280.,ffe911b65b5019529f8a7a322ad058e013a0e6146677c35d796f075e2572f09b,8e21d4821be776332f3504f55f85b4277f326f03513b2c7501fbdedf92b8b1a2,98e5bb4281312953f19a18383d2d6691e34279618c900c736d39c22085bb1b0a,f53c43b2c822d111bca9e3ae615ceb539ff324fbf9fae9a07ded738891b01546,477fee196153c242d686d57bb9605fedb219ebdcdb8ee09b33660fc52cd8c120,efb2c9b0cb1be3de920b75bf0f5f5f1cace273389576971cd0b9d19ef382067d,3049c664dd1b2e517d0ef8b59c0078d485f327951d4603e1bc460e11248013c2
2026-27:105,8,3.4593001889927883,2026-10-10T09:11:16Z,2026-10-10T10:00:00Z,Current formula at this deadline. This file does not replace the published Gameweeks 1-5 total of 280.,ffe911b65b5019529f8a7a322ad058e013a0e6146677c35d796f075e2572f09b,8e21d4821be776332f3504f55f85b4277f326f03513b2c7501fbdedf92b8b1a2,98e5bb4281312953f19a18383d2d6691e34279618c900c736d39c22085bb1b0a,f53c43b2c822d111bca9e3ae615ceb539ff324fbf9fae9a07ded738891b01546,477fee196153c242d686d57bb9605fedb219ebdcdb8ee09b33660fc52cd8c120,efb2c9b0cb1be3de920b75bf0f5f5f1cace273389576971cd0b9d19ef382067d,3049c664dd1b2e517d0ef8b59c0078d485f327951d4603e1bc460e11248013c2
2026-27:106,8,3.935487256334237,2026-10-10T09:11:16Z,2026-10-10T10:00:00Z,Current formula at this deadline. This file does not replace the published Gameweeks 1-5 total of 280.,ffe911b65b5019529f8a7a322ad058e013a0e6146677c35d796f075e2572f09b,8e21d4821be776332f3504f55f85b4277f326f03513b2c7501fbdedf92b8b1a2,98e5bb4281312953f19a18383d2d6691e34279618c900c736d39c22085bb1b0a,f53c43b2c822d111bca9e3ae615ceb539ff324fbf9fae9a07ded738891b01546,477fee196153c242d686d57bb9605fedb219ebdcdb8ee09b33660fc52cd8c120,efb2c9b0cb1be3de920b75bf0f5f5f1cace273389576971cd0b9d19ef382067d,3049c664dd1b2e517d0ef8b59c0078d485f327951d4603e1bc460e11248013c2
2026-27:109,8,3.26900707045755,2026-10-10T09:11:16Z,2026-10-10T10:00:00Z,Current formula at this deadline. This file does not replace the published Gameweeks 1-5 total of 280.,ffe911b65b5019529f8a7a322ad058e013a0e6146677c35d796f075e2572f09b,8e21d4821be776332f3504f55f85b4277f326f03513b2c7501fbdedf92b8b1a2,98e5bb4281312953f19a18383d2d6691e34279618c900c736d39c22085bb1b0a,f53c43b2c822d111bca9e3ae615ceb539ff324fbf9fae9a07ded738891b01546,477fee196153c242d686d57bb9605fedb219ebdcdb8ee09b33660fc52cd8c120,efb2c9b0cb1be3de920b75bf0f5f5f1cace273389576971cd0b9d19ef382067d,3049c664dd1b2e517d0ef8b59c0078d485f327951d4603e1bc460e11248013c2
2026-27:110,8,3.3258916204787625,2026-10-10T09:11:16Z,2026-10-10T10:00:00Z,Current formula at this deadline. This file does not replace the published Gameweeks 1-5 total of 280.,ffe911b65b5019529f8a7a322ad058e013a0e6146677c35d796f075e2572f09b,8e21d4821be776332f3504f55f85b4277f326f03513b2c7501fbdedf92b8b1a2,98e5bb4281312953f19a18383d2d6691e34279618c900c736d39c22085bb1b0a,f53c43b2c822d111bca9e3ae615ceb539ff324fbf9fae9a07ded738891b01546,477fee196153c242d686d57bb9605fedb219ebdcdb8ee09b33660fc52cd8c120,efb2c9b0cb1be3de920b75bf0f5f5f1cace273389576971cd0b9d19ef382067d,3049c664dd1b2e517d0ef8b59c0078d485f327951d4603e1bc460e11248013c2
2026-27:112,8,3.724623695493347,2026-10-10T09:11:16Z,2026-10-10T10:00:00Z,Current formula at this deadline. This file does not replace the published Gameweeks 1-5 total of 280.,ffe911b65b5019529f8a7a322ad058e013a0e6146677c35d796f075e2572f09b,8e21d4821be776332f3504f55f85b4277f326f03513b2c7501fbdedf92b8b1a2,98e5bb4281312953f19a18383d2d6691e34279618c900c736d39c22085bb1b0a,f53c43b2c822d111bca9e3ae615ceb539ff324fbf9fae9a07ded738891b01546,477fee196153c242d686d57bb9605fedb219ebdcdb8ee09b33660fc52cd8c120,efb2c9b0cb1be3de920b75bf0f5f5f1cace273389576971cd0b9d19ef382067d,3049c664dd1b2e517d0ef8b59c0078d485f327951d4603e1bc460e11248013c2
2026-27:113,8,2.351882918997668,2026-10-10T09:11:16Z,2026-10-10T10:00:00Z,Current formula at this deadline. This file does not replace the published Gameweeks 1-5 total of 280.,ffe911b65b5019529f8a7a322ad058e013a0e6146677c35d796f075e2572f09b,8e21d4821be776332f3504f55f85b4277f326f03513b2c7501fbdedf92b8b1a2,98e5bb4281312953f19a18383d2d6691e34279618c900c736d39c22085bb1b0a,f53c43b2c822d111bca9e3ae615ceb539ff324fbf9fae9a07ded738891b01546,477fee196153c242d686d57bb9605fedb219ebdcdb8ee09b33660fc52cd8c120,efb2c9b0cb1be3de920b75bf0f5f5f1cace273389576971cd0b9d19ef382067d,3049c664dd1b2e517d0ef8b59c0078d485f327951d4603e1bc460e11248013c2
2026-27:114,8,2.5264321720907708,2026-10-10T09:11:16Z,2026-10-10T10:00:00Z,Current formula at this deadline. This file does not replace the published Gameweeks 1-5 total of 280.,ffe911b65b5019529f8a7a322ad058e013a0e6146677c35d796f075e2572f09b,8e21d4821be776332f3504f55f85b4277f326f03513b2c7501fbdedf92b8b1a2,98e5bb4281312953f19a18383d2d6691e34279618c900c736d39c22085bb1b0a,f53c43b2c822d111bca9e3ae615ceb539ff324fbf9fae9a07ded738891b01546,477fee196153c242d686d57bb9605fedb219ebdcdb8ee09b33660fc52cd8c120,efb2c9b0cb1be3de920b75bf0f5f5f1cace273389576971cd0b9d19ef382067d,3049c664dd1b2e517d0ef8b59c0078d485f327951d4603e1bc460e11248013c2
2026-27:115,8,3.6102876911239816,2026-10-10T09:11:16Z,2026-10-10T10:00:00Z,Current formula at this deadline. This file does not replace the published Gameweeks 1-5 total of 280.,ffe911b65b5019529f8a7a322ad058e013a0e6146677c35d796f075e2572f09b,8e21d4821be776332f3504f55f85b4277f326f03513b2c7501fbdedf92b8b1a2,98e5bb4281312953f19a18383d2d6691e34279618c900c736d39c22085bb1b0a,f53c43b2c822d111bca9e3ae615ceb539ff324fbf9fae9a07ded738891b01546,477fee196153c242d686d57bb9605fedb219ebdcdb8ee09b33660fc52cd8c120,efb2c9b0cb1be3de920b75bf0f5f5f1cace273389576971cd0b9d19ef382067d,3049c664dd1b2e517d0ef8b59c0078d485f327951d4603e1bc460e11248013c2
2026-27:116,8,2.703376232991991,2026-10-10T09:11:16Z,2026-10-10T10:00:00Z,Current formula at this deadline. This file does not replace the published Gameweeks 1-5 total of 280.,ffe911b65b5019529f8a7a322ad058e013a0e6146677c35d796f075e2572f09b,8e21d4821be776332f3504f55f85b4277f326f03513b2c7501fbdedf92b8b1a2,98e5bb4281312953f19a18383d2d6691e34279618c900c736d39c22085bb1b0a,f53c43b2c822d111bca9e3ae615ceb539ff324fbf9fae9a07ded738891b01546,477fee196153c242d686d57bb9605fedb219ebdcdb8ee09b33660fc52cd8c120,efb2c9b0cb1be3de920b75bf0f5f5f1cace273389576971cd0b9d19ef382067d,3049c664dd1b2e517d0ef8b59c0078d485f327951d4603e1bc460e11248013c2
2026-27:12,8,6.4848622516951995,2026-10-10T09:11:16Z,2026-10-10T10:00:00Z,Current formula at this deadline. This file does not replace the published Gameweeks 1-5 total of 280.,ffe911b65b5019529f8a7a322ad058e013a0e6146677c35d796f075e2572f09b,8e21d4821be776332f3504f55f85b4277f326f03513b2c7501fbdedf92b8b1a2,98e5bb4281312953f19a18383d2d6691e34279618c900c736d39c22085bb1b0a,f53c43b2c822d111bca9e3ae615ceb539ff324fbf9fae9a07ded738891b01546,477fee196153c242d686d57bb9605fedb219ebdcdb8ee09b33660fc52cd8c120,efb2c9b0cb1be3de920b75bf0f5f5f1cace273389576971cd0b9d19ef382067d,3049c664dd1b2e517d0ef8b59c0078d485f327951d4603e1bc460e11248013c2
2026-27:124,8,3.5869572507390295,2026-10-10T09:11:16Z,2026-10-10T10:00:00Z,Current formula at this deadline. This file does not replace the published Gameweeks 1-5 total of 280.,ffe911b65b5019529f8a7a322ad058e013a0e6146677c35d796f075e2572f09b,8e21d4821be776332f3504f55f85b4277f326f03513b2c7501fbdedf92b8b1a2,98e5bb4281312953f19a18383d2d6691e34279618c900c736d39c22085bb1b0a,f53c43b2c822d111bca9e3ae615ceb539ff324fbf9fae9a07ded738891b01546,477fee196153c242d686d57bb9605fedb219ebdcdb8ee09b33660fc52cd8c120,efb2c9b0cb1be3de920b75bf0f5f5f1cace273389576971cd0b9d19ef382067d,3049c664dd1b2e517d0ef8b59c0078d485f327951d4603e1bc460e11248013c2
2026-27:127,8,3.3943669717606,2026-10-10T09:11:16Z,2026-10-10T10:00:00Z,Current formula at this deadline. This file does not replace the published Gameweeks 1-5 total of 280.,ffe911b65b5019529f8a7a322ad058e013a0e6146677c35d796f075e2572f09b,8e21d4821be776332f3504f55f85b4277f326f03513b2c7501fbdedf92b8b1a2,98e5bb4281312953f19a18383d2d6691e34279618c900c736d39c22085bb1b0a,f53c43b2c822d111bca9e3ae615ceb539ff324fbf9fae9a07ded738891b01546,477fee196153c242d686d57bb9605fedb219ebdcdb8ee09b33660fc52cd8c120,efb2c9b0cb1be3de920b75bf0f5f5f1cace273389576971cd0b9d19ef382067d,3049c664dd1b2e517d0ef8b59c0078d485f327951d4603e1bc460e11248013c2
2026-27:129,8,2.611277154179315,2026-10-10T09:11:16Z,2026-10-10T10:00:00Z,Current formula at this deadline. This file does not replace the published Gameweeks 1-5 total of 280.,ffe911b65b5019529f8a7a322ad058e013a0e6146677c35d796f075e2572f09b,8e21d4821be776332f3504f55f85b4277f326f03513b2c7501fbdedf92b8b1a2,98e5bb4281312953f19a18383d2d6691e34279618c900c736d39c22085bb1b0a,f53c43b2c822d111bca9e3ae615ceb539ff324fbf9fae9a07ded738891b01546,477fee196153c242d686d57bb9605fedb219ebdcdb8ee09b33660fc52cd8c120,efb2c9b0cb1be3de920b75bf0f5f5f1cace273389576971cd0b9d19ef382067d,3049c664dd1b2e517d0ef8b59c0078d485f327951d4603e1bc460e11248013c2
2026-27:13,8,3.2923116105189583,2026-10-10T09:11:16Z,2026-10-10T10:00:00Z,Current formula at this deadline. This file does not replace the published Gameweeks 1-5 total of 280.,ffe911b65b5019529f8a7a322ad058e013a0e6146677c35d796f075e2572f09b,8e21d4821be776332f3504f55f85b4277f326f03513b2c7501fbdedf92b8b1a2,98e5bb4281312953f19a18383d2d6691e34279618c900c736d39c22085bb1b0a,f53c43b2c822d111bca9e3ae615ceb539ff324fbf9fae9a07ded738891b01546,477fee196153c242d686d57bb9605fedb219ebdcdb8ee09b33660fc52cd8c120,efb2c9b0cb1be3de920b75bf0f5f5f1cace273389576971cd0b9d19ef382067d,3049c664dd1b2e517d0ef8b59c0078d485f327951d4603e1bc460e11248013c2
2026-27:138,8,2.5073552013997276,2026-10-10T09:11:16Z,2026-10-10T10:00:00Z,Current formula at this deadline. This file does not replace the published Gameweeks 1-5 total of 280.,ffe911b65b5019529f8a7a322ad058e013a0e6146677c35d796f075e2572f09b,8e21d4821be776332f3504f55f85b4277f326f03513b2c7501fbdedf92b8b1a2,98e5bb4281312953f19a18383d2d6691e34279618c900c736d39c22085bb1b0a,f53c43b2c822d111bca9e3ae615ceb539ff324fbf9fae9a07ded738891b01546,477fee196153c242d686d57bb9605fedb219ebdcdb8ee09b33660fc52cd8c120,efb2c9b0cb1be3de920b75bf0f5f5f1cace273389576971cd0b9d19ef382067d,3049c664dd1b2e517d0ef8b59c0078d485f327951d4603e1bc460e11248013c2
2026-27:142,8,3.682410542187298,2026-10-10T09:11:16Z,2026-10-10T10:00:00Z,Current formula at this deadline. This file does not replace the published Gameweeks 1-5 total of 280.,ffe911b65b5019529f8a7a322ad058e013a0e6146677c35d796f075e2572f09b,8e21d4821be776332f3504f55f85b4277f326f03513b2c7501fbdedf92b8b1a2,98e5bb4281312953f19a18383d2d6691e34279618c900c736d39c22085bb1b0a,f53c43b2c822d111bca9e3ae615ceb539ff324fbf9fae9a07ded738891b01546,477fee196153c242d686d57bb9605fedb219ebdcdb8ee09b33660fc52cd8c120,efb2c9b0cb1be3de920b75bf0f5f5f1cace273389576971cd0b9d19ef382067d,3049c664dd1b2e517d0ef8b59c0078d485f327951d4603e1bc460e11248013c2
2026-27:145,8,3.7963963726514915,2026-10-10T09:11:16Z,2026-10-10T10:00:00Z,Current formula at this deadline. This file does not replace the published Gameweeks 1-5 total of 280.,ffe911b65b5019529f8a7a322ad058e013a0e6146677c35d796f075e2572f09b,8e21d4821be776332f3504f55f85b4277f326f03513b2c7501fbdedf92b8b1a2,98e5bb4281312953f19a18383d2d6691e34279618c900c736d39c22085bb1b0a,f53c43b2c822d111bca9e3ae615ceb539ff324fbf9fae9a07ded738891b01546,477fee196153c242d686d57bb9605fedb219ebdcdb8ee09b33660fc52cd8c120,efb2c9b0cb1be3de920b75bf0f5f5f1cace273389576971cd0b9d19ef382067d,3049c664dd1b2e517d0ef8b59c0078d485f327951d4603e1bc460e11248013c2
2026-27:149,8,3.0205737964390678,2026-10-10T09:11:16Z,2026-10-10T10:00:00Z,Current formula at this deadline. This file does not replace the published Gameweeks 1-5 total of 280.,ffe911b65b5019529f8a7a322ad058e013a0e6146677c35d796f075e2572f09b,8e21d4821be776332f3504f55f85b4277f326f03513b2c7501fbdedf92b8b1a2,98e5bb4281312953f19a18383d2d6691e34279618c900c736d39c22085bb1b0a,f53c43b2c822d111bca9e3ae615ceb539ff324fbf9fae9a07ded738891b01546,477fee196153c242d686d57bb9605fedb219ebdcdb8ee09b33660fc52cd8c120,efb2c9b0cb1be3de920b75bf0f5f5f1cace273389576971cd0b9d19ef382067d,3049c664dd1b2e517d0ef8b59c0078d485f327951d4603e1bc460e11248013c2
2026-27:15,8,4.3510211665831084,2026-10-10T09:11:16Z,2026-10-10T10:00:00Z,Current formula at this deadline. This file does not replace the published Gameweeks 1-5 total of 280.,ffe911b65b5019529f8a7a322ad058e013a0e6146677c35d796f075e2572f09b,8e21d4821be776332f3504f55f85b4277f326f03513b2c7501fbdedf92b8b1a2,98e5bb4281312953f19a18383d2d6691e34279618c900c736d39c22085bb1b0a,f53c43b2c822d111bca9e3ae615ceb539ff324fbf9fae9a07ded738891b01546,477fee196153c242d686d57bb9605fedb219ebdcdb8ee09b33660fc52cd8c120,efb2c9b0cb1be3de920b75bf0f5f5f1cace273389576971cd0b9d19ef382067d,3049c664dd1b2e517d0ef8b59c0078d485f327951d4603e1bc460e11248013c2
2026-27:152,8,1.9555711866641616,2026-10-10T09:11:16Z,2026-10-10T10:00:00Z,Current formula at this deadline. This file does not replace the published Gameweeks 1-5 total of 280.,ffe911b65b5019529f8a7a322ad058e013a0e6146677c35d796f075e2572f09b,8e21d4821be776332f3504f55f85b4277f326f03513b2c7501fbdedf92b8b1a2,98e5bb4281312953f19a18383d2d6691e34279618c900c736d39c22085bb1b0a,f53c43b2c822d111bca9e3ae615ceb539ff324fbf9fae9a07ded738891b01546,477fee196153c242d686d57bb9605fedb219ebdcdb8ee09b33660fc52cd8c120,efb2c9b0cb1be3de920b75bf0f5f5f1cace273389576971cd0b9d19ef382067d,3049c664dd1b2e517d0ef8b59c0078d485f327951d4603e1bc460e11248013c2
2026-27:154,8,4.5663854112860065,2026-10-10T09:11:16Z,2026-10-10T10:00:00Z,Current formula at this deadline. This file does not replace the published Gameweeks 1-5 total of 280.,ffe911b65b5019529f8a7a322ad058e013a0e6146677c35d796f075e2572f09b,8e21d4821be776332f3504f55f85b4277f326f03513b2c7501fbdedf92b8b1a2,98e5bb4281312953f19a18383d2d6691e34279618c900c736d39c22085bb1b0a,f53c43b2c822d111bca9e3ae615ceb539ff324fbf9fae9a07ded738891b01546,477fee196153c242d686d57bb9605fedb219ebdcdb8ee09b33660fc52cd8c120,efb2c9b0cb1be3de920b75bf0f5f5f1cace273389576971cd0b9d19ef382067d,3049c664dd1b2e517d0ef8b59c0078d485f327951d4603e1bc460e11248013c2
2026-27:155,8,2.591659817600824,2026-10-10T09:11:16Z,2026-10-10T10:00:00Z,Current formula at this deadline. This file does not replace the published Gameweeks 1-5 total of 280.,ffe911b65b5019529f8a7a322ad058e013a0e6146677c35d796f075e2572f09b,8e21d4821be776332f3504f55f85b4277f326f03513b2c7501fbdedf92b8b1a2,98e5bb4281312953f19a18383d2d6691e34279618c900c736d39c22085bb1b0a,f53c43b2c822d111bca9e3ae615ceb539ff324fbf9fae9a07ded738891b01546,477fee196153c242d686d57bb9605fedb219ebdcdb8ee09b33660fc52cd8c120,efb2c9b0cb1be3de920b75bf0f5f5f1cace273389576971cd0b9d19ef382067d,3049c664dd1b2e517d0ef8b59c0078d485f327951d4603e1bc460e11248013c2
2026-27:156,8,3.6111255247622696,2026-10-10T09:11:16Z,2026-10-10T10:00:00Z,Current formula at this deadline. This file does not replace the published Gameweeks 1-5 total of 280.,ffe911b65b5019529f8a7a322ad058e013a0e6146677c35d796f075e2572f09b,8e21d4821be776332f3504f55f85b4277f326f03513b2c7501fbdedf92b8b1a2,98e5bb4281312953f19a18383d2d6691e34279618c900c736d39c22085bb1b0a,f53c43b2c822d111bca9e3ae615ceb539ff324fbf9fae9a07ded738891b01546,477fee196153c242d686d57bb9605fedb219ebdcdb8ee09b33660fc52cd8c120,efb2c9b0cb1be3de920b75bf0f5f5f1cace273389576971cd0b9d19ef382067d,3049c664dd1b2e517d0ef8b59c0078d485f327951d4603e1bc460e11248013c2
2026-27:165,8,4.214642612203064,2026-10-10T09:11:16Z,2026-10-10T10:00:00Z,Current formula at this deadline. This file does not replace the published Gameweeks 1-5 total of 280.,ffe911b65b5019529f8a7a322ad058e013a0e6146677c35d796f075e2572f09b,8e21d4821be776332f3504f55f85b4277f326f03513b2c7501fbdedf92b8b1a2,98e5bb4281312953f19a18383d2d6691e34279618c900c736d39c22085bb1b0a,f53c43b2c822d111bca9e3ae615ceb539ff324fbf9fae9a07ded738891b01546,477fee196153c242d686d57bb9605fedb219ebdcdb8ee09b33660fc52cd8c120,efb2c9b0cb1be3de920b75bf0f5f5f1cace273389576971cd0b9d19ef382067d,3049c664dd1b2e517d0ef8b59c0078d485f327951d4603e1bc460e11248013c2
2026-27:166,8,3.572361022087323,2026-10-10T09:11:16Z,2026-10-10T10:00:00Z,Current formula at this deadline. This file does not replace the published Gameweeks 1-5 total of 280.,ffe911b65b5019529f8a7a322ad058e013a0e6146677c35d796f075e2572f09b,8e21d4821be776332f3504f55f85b4277f326f03513b2c7501fbdedf92b8b1a2,98e5bb4281312953f19a18383d2d6691e34279618c900c736d39c22085bb1b0a,f53c43b2c822d111bca9e3ae615ceb539ff324fbf9fae9a07ded738891b01546,477fee196153c242d686d57bb9605fedb219ebdcdb8ee09b33660fc52cd8c120,efb2c9b0cb1be3de920b75bf0f5f5f1cace273389576971cd0b9d19ef382067d,3049c664dd1b2e517d0ef8b59c0078d485f327951d4603e1bc460e11248013c2
2026-27:167,8,2.665589331595668,2026-10-10T09:11:16Z,2026-10-10T10:00:00Z,Current formula at this deadline. This file does not replace the published Gameweeks 1-5 total of 280.,ffe911b65b5019529f8a7a322ad058e013a0e6146677c35d796f075e2572f09b,8e21d4821be776332f3504f55f85b4277f326f03513b2c7501fbdedf92b8b1a2,98e5bb4281312953f19a18383d2d6691e34279618c900c736d39c22085bb1b0a,f53c43b2c822d111bca9e3ae615ceb539ff324fbf9fae9a07ded738891b01546,477fee196153c242d686d57bb9605fedb219ebdcdb8ee09b33660fc52cd8c120,efb2c9b0cb1be3de920b75bf0f5f5f1cace273389576971cd0b9d19ef382067d,3049c664dd1b2e517d0ef8b59c0078d485f327951d4603e1bc460e11248013c2
2026-27:173,8,4.877945042300428,2026-10-10T09:11:16Z,2026-10-10T10:00:00Z,Current formula at this deadline. This file does not replace the published Gameweeks 1-5 total of 280.,ffe911b65b5019529f8a7a322ad058e013a0e6146677c35d796f075e2572f09b,8e21d4821be776332f3504f55f85b4277f326f03513b2c7501fbdedf92b8b1a2,98e5bb4281312953f19a18383d2d6691e34279618c900c736d39c22085bb1b0a,f53c43b2c822d111bca9e3ae615ceb539ff324fbf9fae9a07ded738891b01546,477fee196153c242d686d57bb9605fedb219ebdcdb8ee09b33660fc52cd8c120,efb2c9b0cb1be3de920b75bf0f5f5f1cace273389576971cd0b9d19ef382067d,3049c664dd1b2e517d0ef8b59c0078d485f327951d4603e1bc460e11248013c2
2026-27:175,8,2.217025690528537,2026-10-10T09:11:16Z,2026-10-10T10:00:00Z,Current formula at this deadline. This file does not replace the published Gameweeks 1-5 total of 280.,ffe911b65b5019529f8a7a322ad058e013a0e6146677c35d796f075e2572f09b,8e21d4821be776332f3504f55f85b4277f326f03513b2c7501fbdedf92b8b1a2,98e5bb4281312953f19a18383d2d6691e34279618c900c736d39c22085bb1b0a,f53c43b2c822d111bca9e3ae615ceb539ff324fbf9fae9a07ded738891b01546,477fee196153c242d686d57bb9605fedb219ebdcdb8ee09b33660fc52cd8c120,efb2c9b0cb1be3de920b75bf0f5f5f1cace273389576971cd0b9d19ef382067d,3049c664dd1b2e517d0ef8b59c0078d485f327951d4603e1bc460e11248013c2
2026-27:176,8,3.9076149542294534,2026-10-10T09:11:16Z,2026-10-10T10:00:00Z,Current formula at this deadline. This file does not replace the published Gameweeks 1-5 total of 280.,ffe911b65b5019529f8a7a322ad058e013a0e6146677c35d796f075e2572f09b,8e21d4821be776332f3504f55f85b4277f326f03513b2c7501fbdedf92b8b1a2,98e5bb4281312953f19a18383d2d6691e34279618c900c736d39c22085bb1b0a,f53c43b2c822d111bca9e3ae615ceb539ff324fbf9fae9a07ded738891b01546,477fee196153c242d686d57bb9605fedb219ebdcdb8ee09b33660fc52cd8c120,efb2c9b0cb1be3de920b75bf0f5f5f1cace273389576971cd0b9d19ef382067d,3049c664dd1b2e517d0ef8b59c0078d485f327951d4603e1bc460e11248013c2
2026-27:177,8,1.7341755454939094,2026-10-10T09:11:16Z,2026-10-10T10:00:00Z,Current formula at this deadline. This file does not replace the published Gameweeks 1-5 total of 280.,ffe911b65b5019529f8a7a322ad058e013a0e6146677c35d796f075e2572f09b,8e21d4821be776332f3504f55f85b4277f326f03513b2c7501fbdedf92b8b1a2,98e5bb4281312953f19a18383d2d6691e34279618c900c736d39c22085bb1b0a,f53c43b2c822d111bca9e3ae615ceb539ff324fbf9fae9a07ded738891b01546,477fee196153c242d686d57bb9605fedb219ebdcdb8ee09b33660fc52cd8c120,efb2c9b0cb1be3de920b75bf0f5f5f1cace273389576971cd0b9d19ef382067d,3049c664dd1b2e517d0ef8b59c0078d485f327951d4603e1bc460e11248013c2
2026-27:183,8,5.093393847786836,2026-10-10T09:11:16Z,2026-10-10T10:00:00Z,Current formula at this deadline. This file does not replace the published Gameweeks 1-5 total of 280.,ffe911b65b5019529f8a7a322ad058e013a0e6146677c35d796f075e2572f09b,8e21d4821be776332f3504f55f85b4277f326f03513b2c7501fbdedf92b8b1a2,98e5bb4281312953f19a18383d2d6691e34279618c900c736d39c22085bb1b0a,f53c43b2c822d111bca9e3ae615ceb539ff324fbf9fae9a07ded738891b01546,477fee196153c242d686d57bb9605fedb219ebdcdb8ee09b33660fc52cd8c120,efb2c9b0cb1be3de920b75bf0f5f5f1cace273389576971cd0b9d19ef382067d,3049c664dd1b2e517d0ef8b59c0078d485f327951d4603e1bc460e11248013c2
2026-27:184,8,2.4774296693204567,2026-10-10T09:11:16Z,2026-10-10T10:00:00Z,Current formula at this deadline. This file does not replace the published Gameweeks 1-5 total of 280.,ffe911b65b5019529f8a7a322ad058e013a0e6146677c35d796f075e2572f09b,8e21d4821be776332f3504f55f85b4277f326f03513b2c7501fbdedf92b8b1a2,98e5bb4281312953f19a18383d2d6691e34279618c900c736d39c22085bb1b0a,f53c43b2c822d111bca9e3ae615ceb539ff324fbf9fae9a07ded738891b01546,477fee196153c242d686d57bb9605fedb219ebdcdb8ee09b33660fc52cd8c120,efb2c9b0cb1be3de920b75bf0f5f5f1cace273389576971cd0b9d19ef382067d,3049c664dd1b2e517d0ef8b59c0078d485f327951d4603e1bc460e11248013c2
2026-27:186,8,3.044666723617558,2026-10-10T09:11:16Z,2026-10-10T10:00:00Z,Current formula at this deadline. This file does not replace the published Gameweeks 1-5 total of 280.,ffe911b65b5019529f8a7a322ad058e013a0e6146677c35d796f075e2572f09b,8e21d4821be776332f3504f55f85b4277f326f03513b2c7501fbdedf92b8b1a2,98e5bb4281312953f19a18383d2d6691e34279618c900c736d39c22085bb1b0a,f53c43b2c822d111bca9e3ae615ceb539ff324fbf9fae9a07ded738891b01546,477fee196153c242d686d57bb9605fedb219ebdcdb8ee09b33660fc52cd8c120,efb2c9b0cb1be3de920b75bf0f5f5f1cace273389576971cd0b9d19ef382067d,3049c664dd1b2e517d0ef8b59c0078d485f327951d4603e1bc460e11248013c2
2026-27:199,8,3.3858338005483746,2026-10-10T09:11:16Z,2026-10-10T10:00:00Z,Current formula at this deadline. This file does not replace the published Gameweeks 1-5 total of 280.,ffe911b65b5019529f8a7a322ad058e013a0e6146677c35d796f075e2572f09b,8e21d4821be776332f3504f55f85b4277f326f03513b2c7501fbdedf92b8b1a2,98e5bb4281312953f19a18383d2d6691e34279618c900c736d39c22085bb1b0a,f53c43b2c822d111bca9e3ae615ceb539ff324fbf9fae9a07ded738891b01546,477fee196153c242d686d57bb9605fedb219ebdcdb8ee09b33660fc52cd8c120,efb2c9b0cb1be3de920b75bf0f5f5f1cace273389576971cd0b9d19ef382067d,3049c664dd1b2e517d0ef8b59c0078d485f327951d4603e1bc460e11248013c2
2026-27:200,8,4.577597641140173,2026-10-10T09:11:16Z,2026-10-10T10:00:00Z,Current formula at this deadline. This file does not replace the published Gameweeks 1-5 total of 280.,ffe911b65b5019529f8a7a322ad058e013a0e6146677c35d796f075e2572f09b,8e21d4821be776332f3504f55f85b4277f326f03513b2c7501fbdedf92b8b1a2,98e5bb4281312953f19a18383d2d6691e34279618c900c736d39c22085bb1b0a,f53c43b2c822d111bca9e3ae615ceb539ff324fbf9fae9a07ded738891b01546,477fee196153c242d686d57bb9605fedb219ebdcdb8ee09b33660fc52cd8c120,efb2c9b0cb1be3de920b75bf0f5f5f1cace273389576971cd0b9d19ef382067d,3049c664dd1b2e517d0ef8b59c0078d485f327951d4603e1bc460e11248013c2
2026-27:201,8,2.9588566671214,2026-10-10T09:11:16Z,2026-10-10T10:00:00Z,Current formula at this deadline. This file does not replace the published Gameweeks 1-5 total of 280.,ffe911b65b5019529f8a7a322ad058e013a0e6146677c35d796f075e2572f09b,8e21d4821be776332f3504f55f85b4277f326f03513b2c7501fbdedf92b8b1a2,98e5bb4281312953f19a18383d2d6691e34279618c900c736d39c22085bb1b0a,f53c43b2c822d111bca9e3ae615ceb539ff324fbf9fae9a07ded738891b01546,477fee196153c242d686d57bb9605fedb219ebdcdb8ee09b33660fc52cd8c120,efb2c9b0cb1be3de920b75bf0f5f5f1cace273389576971cd0b9d19ef382067d,3049c664dd1b2e517d0ef8b59c0078d485f327951d4603e1bc460e11248013c2
2026-27:202,8,3.9087676116767835,2026-10-10T09:11:16Z,2026-10-10T10:00:00Z,Current formula at this deadline. This file does not replace the published Gameweeks 1-5 total of 280.,ffe911b65b5019529f8a7a322ad058e013a0e6146677c35d796f075e2572f09b,8e21d4821be776332f3504f55f85b4277f326f03513b2c7501fbdedf92b8b1a2,98e5bb4281312953f19a18383d2d6691e34279618c900c736d39c22085bb1b0a,f53c43b2c822d111bca9e3ae615ceb539ff324fbf9fae9a07ded738891b01546,477fee196153c242d686d57bb9605fedb219ebdcdb8ee09b33660fc52cd8c120,efb2c9b0cb1be3de920b75bf0f5f5f1cace273389576971cd0b9d19ef382067d,3049c664dd1b2e517d0ef8b59c0078d485f327951d4603e1bc460e11248013c2
2026-27:203,8,3.1735131292802943,2026-10-10T09:11:16Z,2026-10-10T10:00:00Z,Current formula at this deadline. This file does not replace the published Gameweeks 1-5 total of 280.,ffe911b65b5019529f8a7a322ad058e013a0e6146677c35d796f075e2572f09b,8e21d4821be776332f3504f55f85b4277f326f03513b2c7501fbdedf92b8b1a2,98e5bb4281312953f19a18383d2d6691e34279618c900c736d39c22085bb1b0a,f53c43b2c822d111bca9e3ae615ceb539ff324fbf9fae9a07ded738891b01546,477fee196153c242d686d57bb9605fedb219ebdcdb8ee09b33660fc52cd8c120,efb2c9b0cb1be3de920b75bf0f5f5f1cace273389576971cd0b9d19ef382067d,3049c664dd1b2e517d0ef8b59c0078d485f327951d4603e1bc460e11248013c2
2026-27:204,8,3.959763917633732,2026-10-10T09:11:16Z,2026-10-10T10:00:00Z,Current formula at this deadline. This file does not replace the published Gameweeks 1-5 total of 280.,ffe911b65b5019529f8a7a322ad058e013a0e6146677c35d796f075e2572f09b,8e21d4821be776332f3504f55f85b4277f326f03513b2c7501fbdedf92b8b1a2,98e5bb4281312953f19a18383d2d6691e34279618c900c736d39c22085bb1b0a,f53c43b2c822d111bca9e3ae615ceb539ff324fbf9fae9a07ded738891b01546,477fee196153c242d686d57bb9605fedb219ebdcdb8ee09b33660fc52cd8c120,efb2c9b0cb1be3de920b75bf0f5f5f1cace273389576971cd0b9d19ef382067d,3049c664dd1b2e517d0ef8b59c0078d485f327951d4603e1bc460e11248013c2
2026-27:209,8,3.071885117945725,2026-10-10T09:11:16Z,2026-10-10T10:00:00Z,Current formula at this deadline. This file does not replace the published Gameweeks 1-5 total of 280.,ffe911b65b5019529f8a7a322ad058e013a0e6146677c35d796f075e2572f09b,8e21d4821be776332f3504f55f85b4277f326f03513b2c7501fbdedf92b8b1a2,98e5bb4281312953f19a18383d2d6691e34279618c900c736d39c22085bb1b0a,f53c43b2c822d111bca9e3ae615ceb539ff324fbf9fae9a07ded738891b01546,477fee196153c242d686d57bb9605fedb219ebdcdb8ee09b33660fc52cd8c120,efb2c9b0cb1be3de920b75bf0f5f5f1cace273389576971cd0b9d19ef382067d,3049c664dd1b2e517d0ef8b59c0078d485f327951d4603e1bc460e11248013c2
2026-27:21,8,1.5478704801513865,2026-10-10T09:11:16Z,2026-10-10T10:00:00Z,Current formula at this deadline. This file does not replace the published Gameweeks 1-5 total of 280.,ffe911b65b5019529f8a7a322ad058e013a0e6146677c35d796f075e2572f09b,8e21d4821be776332f3504f55f85b4277f326f03513b2c7501fbdedf92b8b1a2,98e5bb4281312953f19a18383d2d6691e34279618c900c736d39c22085bb1b0a,f53c43b2c822d111bca9e3ae615ceb539ff324fbf9fae9a07ded738891b01546,477fee196153c242d686d57bb9605fedb219ebdcdb8ee09b33660fc52cd8c120,efb2c9b0cb1be3de920b75bf0f5f5f1cace273389576971cd0b9d19ef382067d,3049c664dd1b2e517d0ef8b59c0078d485f327951d4603e1bc460e11248013c2
2026-27:210,8,3.3482049928871187,2026-10-10T09:11:16Z,2026-10-10T10:00:00Z,Current formula at this deadline. This file does not replace the published Gameweeks 1-5 total of 280.,ffe911b65b5019529f8a7a322ad058e013a0e6146677c35d796f075e2572f09b,8e21d4821be776332f3504f55f85b4277f326f03513b2c7501fbdedf92b8b1a2,98e5bb4281312953f19a18383d2d6691e34279618c900c736d39c22085bb1b0a,f53c43b2c822d111bca9e3ae615ceb539ff324fbf9fae9a07ded738891b01546,477fee196153c242d686d57bb9605fedb219ebdcdb8ee09b33660fc52cd8c120,efb2c9b0cb1be3de920b75bf0f5f5f1cace273389576971cd0b9d19ef382067d,3049c664dd1b2e517d0ef8b59c0078d485f327951d4603e1bc460e11248013c2
2026-27:211,8,3.4127453344242613,2026-10-10T09:11:16Z,2026-10-10T10:00:00Z,Current formula at this deadline. This file does not replace the published Gameweeks 1-5 total of 280.,ffe911b65b5019529f8a7a322ad058e013a0e6146677c35d796f075e2572f09b,8e21d4821be776332f3504f55f85b4277f326f03513b2c7501fbdedf92b8b1a2,98e5bb4281312953f19a18383d2d6691e34279618c900c736d39c22085bb1b0a,f53c43b2c822d111bca9e3ae615ceb539ff324fbf9fae9a07ded738891b01546,477fee196153c242d686d57bb9605fedb219ebdcdb8ee09b33660fc52cd8c120,efb2c9b0cb1be3de920b75bf0f5f5f1cace273389576971cd0b9d19ef382067d,3049c664dd1b2e517d0ef8b59c0078d485f327951d4603e1bc460e11248013c2
2026-27:214,8,3.548309448290193,2026-10-10T09:11:16Z,2026-10-10T10:00:00Z,Current formula at this deadline. This file does not replace the published Gameweeks 1-5 total of 280.,ffe911b65b5019529f8a7a322ad058e013a0e6146677c35d796f075e2572f09b,8e21d4821be776332f3504f55f85b4277f326f03513b2c7501fbdedf92b8b1a2,98e5bb4281312953f19a18383d2d6691e34279618c900c736d39c22085bb1b0a,f53c43b2c822d111bca9e3ae615ceb539ff324fbf9fae9a07ded738891b01546,477fee196153c242d686d57bb9605fedb219ebdcdb8ee09b33660fc52cd8c120,efb2c9b0cb1be3de920b75bf0f5f5f1cace273389576971cd0b9d19ef382067d,3049c664dd1b2e517d0ef8b59c0078d485f327951d4603e1bc460e11248013c2
2026-27:222,8,2.5177593980139905,2026-10-10T09:11:16Z,2026-10-10T10:00:00Z,Current formula at this deadline. This file does not replace the published Gameweeks 1-5 total of 280.,ffe911b65b5019529f8a7a322ad058e013a0e6146677c35d796f075e2572f09b,8e21d4821be776332f3504f55f85b4277f326f03513b2c7501fbdedf92b8b1a2,98e5bb4281312953f19a18383d2d6691e34279618c900c736d39c22085bb1b0a,f53c43b2c822d111bca9e3ae615ceb539ff324fbf9fae9a07ded738891b01546,477fee196153c242d686d57bb9605fedb219ebdcdb8ee09b33660fc52cd8c120,efb2c9b0cb1be3de920b75bf0f5f5f1cace273389576971cd0b9d19ef382067d,3049c664dd1b2e517d0ef8b59c0078d485f327951d4603e1bc460e11248013c2
2026-27:226,8,3.111767325234146,2026-10-10T09:11:16Z,2026-10-10T10:00:00Z,Current formula at this deadline. This file does not replace the published Gameweeks 1-5 total of 280.,ffe911b65b5019529f8a7a322ad058e013a0e6146677c35d796f075e2572f09b,8e21d4821be776332f3504f55f85b4277f326f03513b2c7501fbdedf92b8b1a2,98e5bb4281312953f19a18383d2d6691e34279618c900c736d39c22085bb1b0a,f53c43b2c822d111bca9e3ae615ceb539ff324fbf9fae9a07ded738891b01546,477fee196153c242d686d57bb9605fedb219ebdcdb8ee09b33660fc52cd8c120,efb2c9b0cb1be3de920b75bf0f5f5f1cace273389576971cd0b9d19ef382067d,3049c664dd1b2e517d0ef8b59c0078d485f327951d4603e1bc460e11248013c2
2026-27:229,8,3.42659934972413,2026-10-10T09:11:16Z,2026-10-10T10:00:00Z,Current formula at this deadline. This file does not replace the published Gameweeks 1-5 total of 280.,ffe911b65b5019529f8a7a322ad058e013a0e6146677c35d796f075e2572f09b,8e21d4821be776332f3504f55f85b4277f326f03513b2c7501fbdedf92b8b1a2,98e5bb4281312953f19a18383d2d6691e34279618c900c736d39c22085bb1b0a,f53c43b2c822d111bca9e3ae615ceb539ff324fbf9fae9a07ded738891b01546,477fee196153c242d686d57bb9605fedb219ebdcdb8ee09b33660fc52cd8c120,efb2c9b0cb1be3de920b75bf0f5f5f1cace273389576971cd0b9d19ef382067d,3049c664dd1b2e517d0ef8b59c0078d485f327951d4603e1bc460e11248013c2
2026-27:230,8,3.404961720304332,2026-10-10T09:11:16Z,2026-10-10T10:00:00Z,Current formula at this deadline. This file does not replace the published Gameweeks 1-5 total of 280.,ffe911b65b5019529f8a7a322ad058e013a0e6146677c35d796f075e2572f09b,8e21d4821be776332f3504f55f85b4277f326f03513b2c7501fbdedf92b8b1a2,98e5bb4281312953f19a18383d2d6691e34279618c900c736d39c22085bb1b0a,f53c43b2c822d111bca9e3ae615ceb539ff324fbf9fae9a07ded738891b01546,477fee196153c242d686d57bb9605fedb219ebdcdb8ee09b33660fc52cd8c120,efb2c9b0cb1be3de920b75bf0f5f5f1cace273389576971cd0b9d19ef382067d,3049c664dd1b2e517d0ef8b59c0078d485f327951d4603e1bc460e11248013c2
2026-27:233,8,3.0064515670379683,2026-10-10T09:11:16Z,2026-10-10T10:00:00Z,Current formula at this deadline. This file does not replace the published Gameweeks 1-5 total of 280.,ffe911b65b5019529f8a7a322ad058e013a0e6146677c35d796f075e2572f09b,8e21d4821be776332f3504f55f85b4277f326f03513b2c7501fbdedf92b8b1a2,98e5bb4281312953f19a18383d2d6691e34279618c900c736d39c22085bb1b0a,f53c43b2c822d111bca9e3ae615ceb539ff324fbf9fae9a07ded738891b01546,477fee196153c242d686d57bb9605fedb219ebdcdb8ee09b33660fc52cd8c120,efb2c9b0cb1be3de920b75bf0f5f5f1cace273389576971cd0b9d19ef382067d,3049c664dd1b2e517d0ef8b59c0078d485f327951d4603e1bc460e11248013c2
2026-27:236,8,3.378023377594514,2026-10-10T09:11:16Z,2026-10-10T10:00:00Z,Current formula at this deadline. This file does not replace the published Gameweeks 1-5 total of 280.,ffe911b65b5019529f8a7a322ad058e013a0e6146677c35d796f075e2572f09b,8e21d4821be776332f3504f55f85b4277f326f03513b2c7501fbdedf92b8b1a2,98e5bb4281312953f19a18383d2d6691e34279618c900c736d39c22085bb1b0a,f53c43b2c822d111bca9e3ae615ceb539ff324fbf9fae9a07ded738891b01546,477fee196153c242d686d57bb9605fedb219ebdcdb8ee09b33660fc52cd8c120,efb2c9b0cb1be3de920b75bf0f5f5f1cace273389576971cd0b9d19ef382067d,3049c664dd1b2e517d0ef8b59c0078d485f327951d4603e1bc460e11248013c2
2026-27:237,8,3.453666735453266,2026-10-10T09:11:16Z,2026-10-10T10:00:00Z,Current formula at this deadline. This file does not replace the published Gameweeks 1-5 total of 280.,ffe911b65b5019529f8a7a322ad058e013a0e6146677c35d796f075e2572f09b,8e21d4821be776332f3504f55f85b4277f326f03513b2c7501fbdedf92b8b1a2,98e5bb4281312953f19a18383d2d6691e34279618c900c736d39c22085bb1b0a,f53c43b2c822d111bca9e3ae615ceb539ff324fbf9fae9a07ded738891b01546,477fee196153c242d686d57bb9605fedb219ebdcdb8ee09b33660fc52cd8c120,efb2c9b0cb1be3de920b75bf0f5f5f1cace273389576971cd0b9d19ef382067d,3049c664dd1b2e517d0ef8b59c0078d485f327951d4603e1bc460e11248013c2
2026-27:239,8,2.76399029149085,2026-10-10T09:11:16Z,2026-10-10T10:00:00Z,Current formula at this deadline. This file does not replace the published Gameweeks 1-5 total of 280.,ffe911b65b5019529f8a7a322ad058e013a0e6146677c35d796f075e2572f09b,8e21d4821be776332f3504f55f85b4277f326f03513b2c7501fbdedf92b8b1a2,98e5bb4281312953f19a18383d2d6691e34279618c900c736d39c22085bb1b0a,f53c43b2c822d111bca9e3ae615ceb539ff324fbf9fae9a07ded738891b01546,477fee196153c242d686d57bb9605fedb219ebdcdb8ee09b33660fc52cd8c120,efb2c9b0cb1be3de920b75bf0f5f5f1cace273389576971cd0b9d19ef382067d,3049c664dd1b2e517d0ef8b59c0078d485f327951d4603e1bc460e11248013c2
2026-27:242,8,2.4160729641123284,2026-10-10T09:11:16Z,2026-10-10T10:00:00Z,Current formula at this deadline. This file does not replace the published Gameweeks 1-5 total of 280.,ffe911b65b5019529f8a7a322ad058e013a0e6146677c35d796f075e2572f09b,8e21d4821be776332f3504f55f85b4277f326f03513b2c7501fbdedf92b8b1a2,98e5bb4281312953f19a18383d2d6691e34279618c900c736d39c22085bb1b0a,f53c43b2c822d111bca9e3ae615ceb539ff324fbf9fae9a07ded738891b01546,477fee196153c242d686d57bb9605fedb219ebdcdb8ee09b33660fc52cd8c120,efb2c9b0cb1be3de920b75bf0f5f5f1cace273389576971cd0b9d19ef382067d,3049c664dd1b2e517d0ef8b59c0078d485f327951d4603e1bc460e11248013c2
2026-27:244,8,2.960247135366081,2026-10-10T09:11:16Z,2026-10-10T10:00:00Z,Current formula at this deadline. This file does not replace the published Gameweeks 1-5 total of 280.,ffe911b65b5019529f8a7a322ad058e013a0e6146677c35d796f075e2572f09b,8e21d4821be776332f3504f55f85b4277f326f03513b2c7501fbdedf92b8b1a2,98e5bb4281312953f19a18383d2d6691e34279618c900c736d39c22085bb1b0a,f53c43b2c822d111bca9e3ae615ceb539ff324fbf9fae9a07ded738891b01546,477fee196153c242d686d57bb9605fedb219ebdcdb8ee09b33660fc52cd8c120,efb2c9b0cb1be3de920b75bf0f5f5f1cace273389576971cd0b9d19ef382067d,3049c664dd1b2e517d0ef8b59c0078d485f327951d4603e1bc460e11248013c2
2026-27:249,8,4.129171160004349,2026-10-10T09:11:16Z,2026-10-10T10:00:00Z,Current formula at this deadline. This file does not replace the published Gameweeks 1-5 total of 280.,ffe911b65b5019529f8a7a322ad058e013a0e6146677c35d796f075e2572f09b,8e21d4821be776332f3504f55f85b4277f326f03513b2c7501fbdedf92b8b1a2,98e5bb4281312953f19a18383d2d6691e34279618c900c736d39c22085bb1b0a,f53c43b2c822d111bca9e3ae615ceb539ff324fbf9fae9a07ded738891b01546,477fee196153c242d686d57bb9605fedb219ebdcdb8ee09b33660fc52cd8c120,efb2c9b0cb1be3de920b75bf0f5f5f1cace273389576971cd0b9d19ef382067d,3049c664dd1b2e517d0ef8b59c0078d485f327951d4603e1bc460e11248013c2
2026-27:250,8,3.257409593743891,2026-10-10T09:11:16Z,2026-10-10T10:00:00Z,Current formula at this deadline. This file does not replace the published Gameweeks 1-5 total of 280.,ffe911b65b5019529f8a7a322ad058e013a0e6146677c35d796f075e2572f09b,8e21d4821be776332f3504f55f85b4277f326f03513b2c7501fbdedf92b8b1a2,98e5bb4281312953f19a18383d2d6691e34279618c900c736d39c22085bb1b0a,f53c43b2c822d111bca9e3ae615ceb539ff324fbf9fae9a07ded738891b01546,477fee196153c242d686d57bb9605fedb219ebdcdb8ee09b33660fc52cd8c120,efb2c9b0cb1be3de920b75bf0f5f5f1cace273389576971cd0b9d19ef382067d,3049c664dd1b2e517d0ef8b59c0078d485f327951d4603e1bc460e11248013c2
2026-27:254,8,2.8862623236646625,2026-10-10T09:11:16Z,2026-10-10T10:00:00Z,Current formula at this deadline. This file does not replace the published Gameweeks 1-5 total of 280.,ffe911b65b5019529f8a7a322ad058e013a0e6146677c35d796f075e2572f09b,8e21d4821be776332f3504f55f85b4277f326f03513b2c7501fbdedf92b8b1a2,98e5bb4281312953f19a18383d2d6691e34279618c900c736d39c22085bb1b0a,f53c43b2c822d111bca9e3ae615ceb539ff324fbf9fae9a07ded738891b01546,477fee196153c242d686d57bb9605fedb219ebdcdb8ee09b33660fc52cd8c120,efb2c9b0cb1be3de920b75bf0f5f5f1cace273389576971cd0b9d19ef382067d,3049c664dd1b2e517d0ef8b59c0078d485f327951d4603e1bc460e11248013c2
2026-27:257,8,2.572524878085057,2026-10-10T09:11:16Z,2026-10-10T10:00:00Z,Current formula at this deadline. This file does not replace the published Gameweeks 1-5 total of 280.,ffe911b65b5019529f8a7a322ad058e013a0e6146677c35d796f075e2572f09b,8e21d4821be776332f3504f55f85b4277f326f03513b2c7501fbdedf92b8b1a2,98e5bb4281312953f19a18383d2d6691e34279618c900c736d39c22085bb1b0a,f53c43b2c822d111bca9e3ae615ceb539ff324fbf9fae9a07ded738891b01546,477fee196153c242d686d57bb9605fedb219ebdcdb8ee09b33660fc52cd8c120,efb2c9b0cb1be3de920b75bf0f5f5f1cace273389576971cd0b9d19ef382067d,3049c664dd1b2e517d0ef8b59c0078d485f327951d4603e1bc460e11248013c2
2026-27:258,8,3.372729449533075,2026-10-10T09:11:16Z,2026-10-10T10:00:00Z,Current formula at this deadline. This file does not replace the published Gameweeks 1-5 total of 280.,ffe911b65b5019529f8a7a322ad058e013a0e6146677c35d796f075e2572f09b,8e21d4821be776332f3504f55f85b4277f326f03513b2c7501fbdedf92b8b1a2,98e5bb4281312953f19a18383d2d6691e34279618c900c736d39c22085bb1b0a,f53c43b2c822d111bca9e3ae615ceb539ff324fbf9fae9a07ded738891b01546,477fee196153c242d686d57bb9605fedb219ebdcdb8ee09b33660fc52cd8c120,efb2c9b0cb1be3de920b75bf0f5f5f1cace273389576971cd0b9d19ef382067d,3049c664dd1b2e517d0ef8b59c0078d485f327951d4603e1bc460e11248013c2
2026-27:259,8,4.164921518159183,2026-10-10T09:11:16Z,2026-10-10T10:00:00Z,Current formula at this deadline. This file does not replace the published Gameweeks 1-5 total of 280.,ffe911b65b5019529f8a7a322ad058e013a0e6146677c35d796f075e2572f09b,8e21d4821be776332f3504f55f85b4277f326f03513b2c7501fbdedf92b8b1a2,98e5bb4281312953f19a18383d2d6691e34279618c900c736d39c22085bb1b0a,f53c43b2c822d111bca9e3ae615ceb539ff324fbf9fae9a07ded738891b01546,477fee196153c242d686d57bb9605fedb219ebdcdb8ee09b33660fc52cd8c120,efb2c9b0cb1be3de920b75bf0f5f5f1cace273389576971cd0b9d19ef382067d,3049c664dd1b2e517d0ef8b59c0078d485f327951d4603e1bc460e11248013c2
2026-27:26,8,3.617860958299264,2026-10-10T09:11:16Z,2026-10-10T10:00:00Z,Current formula at this deadline. This file does not replace the published Gameweeks 1-5 total of 280.,ffe911b65b5019529f8a7a322ad058e013a0e6146677c35d796f075e2572f09b,8e21d4821be776332f3504f55f85b4277f326f03513b2c7501fbdedf92b8b1a2,98e5bb4281312953f19a18383d2d6691e34279618c900c736d39c22085bb1b0a,f53c43b2c822d111bca9e3ae615ceb539ff324fbf9fae9a07ded738891b01546,477fee196153c242d686d57bb9605fedb219ebdcdb8ee09b33660fc52cd8c120,efb2c9b0cb1be3de920b75bf0f5f5f1cace273389576971cd0b9d19ef382067d,3049c664dd1b2e517d0ef8b59c0078d485f327951d4603e1bc460e11248013c2
2026-27:261,8,3.222358012567719,2026-10-10T09:11:16Z,2026-10-10T10:00:00Z,Current formula at this deadline. This file does not replace the published Gameweeks 1-5 total of 280.,ffe911b65b5019529f8a7a322ad058e013a0e6146677c35d796f075e2572f09b,8e21d4821be776332f3504f55f85b4277f326f03513b2c7501fbdedf92b8b1a2,98e5bb4281312953f19a18383d2d6691e34279618c900c736d39c22085bb1b0a,f53c43b2c822d111bca9e3ae615ceb539ff324fbf9fae9a07ded738891b01546,477fee196153c242d686d57bb9605fedb219ebdcdb8ee09b33660fc52cd8c120,efb2c9b0cb1be3de920b75bf0f5f5f1cace273389576971cd0b9d19ef382067d,3049c664dd1b2e517d0ef8b59c0078d485f327951d4603e1bc460e11248013c2
2026-27:264,8,3.3304444971164533,2026-10-10T09:11:16Z,2026-10-10T10:00:00Z,Current formula at this deadline. This file does not replace the published Gameweeks 1-5 total of 280.,ffe911b65b5019529f8a7a322ad058e013a0e6146677c35d796f075e2572f09b,8e21d4821be776332f3504f55f85b4277f326f03513b2c7501fbdedf92b8b1a2,98e5bb4281312953f19a18383d2d6691e34279618c900c736d39c22085bb1b0a,f53c43b2c822d111bca9e3ae615ceb539ff324fbf9fae9a07ded738891b01546,477fee196153c242d686d57bb9605fedb219ebdcdb8ee09b33660fc52cd8c120,efb2c9b0cb1be3de920b75bf0f5f5f1cace273389576971cd0b9d19ef382067d,3049c664dd1b2e517d0ef8b59c0078d485f327951d4603e1bc460e11248013c2
2026-27:265,8,2.465701578765853,2026-10-10T09:11:16Z,2026-10-10T10:00:00Z,Current formula at this deadline. This file does not replace the published Gameweeks 1-5 total of 280.,ffe911b65b5019529f8a7a322ad058e013a0e6146677c35d796f075e2572f09b,8e21d4821be776332f3504f55f85b4277f326f03513b2c7501fbdedf92b8b1a2,98e5bb4281312953f19a18383d2d6691e34279618c900c736d39c22085bb1b0a,f53c43b2c822d111bca9e3ae615ceb539ff324fbf9fae9a07ded738891b01546,477fee196153c242d686d57bb9605fedb219ebdcdb8ee09b33660fc52cd8c120,efb2c9b0cb1be3de920b75bf0f5f5f1cace273389576971cd0b9d19ef382067d,3049c664dd1b2e517d0ef8b59c0078d485f327951d4603e1bc460e11248013c2
2026-27:267,8,2.6229496603295663,2026-10-10T09:11:16Z,2026-10-10T10:00:00Z,Current formula at this deadline. This file does not replace the published Gameweeks 1-5 total of 280.,ffe911b65b5019529f8a7a322ad058e013a0e6146677c35d796f075e2572f09b,8e21d4821be776332f3504f55f85b4277f326f03513b2c7501fbdedf92b8b1a2,98e5bb4281312953f19a18383d2d6691e34279618c900c736d39c22085bb1b0a,f53c43b2c822d111bca9e3ae615ceb539ff324fbf9fae9a07ded738891b01546,477fee196153c242d686d57bb9605fedb219ebdcdb8ee09b33660fc52cd8c120,efb2c9b0cb1be3de920b75bf0f5f5f1cace273389576971cd0b9d19ef382067d,3049c664dd1b2e517d0ef8b59c0078d485f327951d4603e1bc460e11248013c2
2026-27:268,8,3.8830496806161605,2026-10-10T09:11:16Z,2026-10-10T10:00:00Z,Current formula at this deadline. This file does not replace the published Gameweeks 1-5 total of 280.,ffe911b65b5019529f8a7a322ad058e013a0e6146677c35d796f075e2572f09b,8e21d4821be776332f3504f55f85b4277f326f03513b2c7501fbdedf92b8b1a2,98e5bb4281312953f19a18383d2d6691e34279618c900c736d39c22085bb1b0a,f53c43b2c822d111bca9e3ae615ceb539ff324fbf9fae9a07ded738891b01546,477fee196153c242d686d57bb9605fedb219ebdcdb8ee09b33660fc52cd8c120,efb2c9b0cb1be3de920b75bf0f5f5f1cace273389576971cd0b9d19ef382067d,3049c664dd1b2e517d0ef8b59c0078d485f327951d4603e1bc460e11248013c2
2026-27:277,8,3.583477379994164,2026-10-10T09:11:16Z,2026-10-10T10:00:00Z,Current formula at this deadline. This file does not replace the published Gameweeks 1-5 total of 280.,ffe911b65b5019529f8a7a322ad058e013a0e6146677c35d796f075e2572f09b,8e21d4821be776332f3504f55f85b4277f326f03513b2c7501fbdedf92b8b1a2,98e5bb4281312953f19a18383d2d6691e34279618c900c736d39c22085bb1b0a,f53c43b2c822d111bca9e3ae615ceb539ff324fbf9fae9a07ded738891b01546,477fee196153c242d686d57bb9605fedb219ebdcdb8ee09b33660fc52cd8c120,efb2c9b0cb1be3de920b75bf0f5f5f1cace273389576971cd0b9d19ef382067d,3049c664dd1b2e517d0ef8b59c0078d485f327951d4603e1bc460e11248013c2
2026-27:279,8,3.356635441046059,2026-10-10T09:11:16Z,2026-10-10T10:00:00Z,Current formula at this deadline. This file does not replace the published Gameweeks 1-5 total of 280.,ffe911b65b5019529f8a7a322ad058e013a0e6146677c35d796f075e2572f09b,8e21d4821be776332f3504f55f85b4277f326f03513b2c7501fbdedf92b8b1a2,98e5bb4281312953f19a18383d2d6691e34279618c900c736d39c22085bb1b0a,f53c43b2c822d111bca9e3ae615ceb539ff324fbf9fae9a07ded738891b01546,477fee196153c242d686d57bb9605fedb219ebdcdb8ee09b33660fc52cd8c120,efb2c9b0cb1be3de920b75bf0f5f5f1cace273389576971cd0b9d19ef382067d,3049c664dd1b2e517d0ef8b59c0078d485f327951d4603e1bc460e11248013c2
2026-27:28,8,3.6007083996772837,2026-10-10T09:11:16Z,2026-10-10T10:00:00Z,Current formula at this deadline. This file does not replace the published Gameweeks 1-5 total of 280.,ffe911b65b5019529f8a7a322ad058e013a0e6146677c35d796f075e2572f09b,8e21d4821be776332f3504f55f85b4277f326f03513b2c7501fbdedf92b8b1a2,98e5bb4281312953f19a18383d2d6691e34279618c900c736d39c22085bb1b0a,f53c43b2c822d111bca9e3ae615ceb539ff324fbf9fae9a07ded738891b01546,477fee196153c242d686d57bb9605fedb219ebdcdb8ee09b33660fc52cd8c120,efb2c9b0cb1be3de920b75bf0f5f5f1cace273389576971cd0b9d19ef382067d,3049c664dd1b2e517d0ef8b59c0078d485f327951d4603e1bc460e11248013c2
2026-27:280,8,2.6109416060758117,2026-10-10T09:11:16Z,2026-10-10T10:00:00Z,Current formula at this deadline. This file does not replace the published Gameweeks 1-5 total of 280.,ffe911b65b5019529f8a7a322ad058e013a0e6146677c35d796f075e2572f09b,8e21d4821be776332f3504f55f85b4277f326f03513b2c7501fbdedf92b8b1a2,98e5bb4281312953f19a18383d2d6691e34279618c900c736d39c22085bb1b0a,f53c43b2c822d111bca9e3ae615ceb539ff324fbf9fae9a07ded738891b01546,477fee196153c242d686d57bb9605fedb219ebdcdb8ee09b33660fc52cd8c120,efb2c9b0cb1be3de920b75bf0f5f5f1cace273389576971cd0b9d19ef382067d,3049c664dd1b2e517d0ef8b59c0078d485f327951d4603e1bc460e11248013c2
2026-27:282,8,2.8677296442896254,2026-10-10T09:11:16Z,2026-10-10T10:00:00Z,Current formula at this deadline. This file does not replace the published Gameweeks 1-5 total of 280.,ffe911b65b5019529f8a7a322ad058e013a0e6146677c35d796f075e2572f09b,8e21d4821be776332f3504f55f85b4277f326f03513b2c7501fbdedf92b8b1a2,98e5bb4281312953f19a18383d2d6691e34279618c900c736d39c22085bb1b0a,f53c43b2c822d111bca9e3ae615ceb539ff324fbf9fae9a07ded738891b01546,477fee196153c242d686d57bb9605fedb219ebdcdb8ee09b33660fc52cd8c120,efb2c9b0cb1be3de920b75bf0f5f5f1cace273389576971cd0b9d19ef382067d,3049c664dd1b2e517d0ef8b59c0078d485f327951d4603e1bc460e11248013c2
2026-27:286,8,4.051456383743842,2026-10-10T09:11:16Z,2026-10-10T10:00:00Z,Current formula at this deadline. This file does not replace the published Gameweeks 1-5 total of 280.,ffe911b65b5019529f8a7a322ad058e013a0e6146677c35d796f075e2572f09b,8e21d4821be776332f3504f55f85b4277f326f03513b2c7501fbdedf92b8b1a2,98e5bb4281312953f19a18383d2d6691e34279618c900c736d39c22085bb1b0a,f53c43b2c822d111bca9e3ae615ceb539ff324fbf9fae9a07ded738891b01546,477fee196153c242d686d57bb9605fedb219ebdcdb8ee09b33660fc52cd8c120,efb2c9b0cb1be3de920b75bf0f5f5f1cace273389576971cd0b9d19ef382067d,3049c664dd1b2e517d0ef8b59c0078d485f327951d4603e1bc460e11248013c2
2026-27:29,8,2.166877787727475,2026-10-10T09:11:16Z,2026-10-10T10:00:00Z,Current formula at this deadline. This file does not replace the published Gameweeks 1-5 total of 280.,ffe911b65b5019529f8a7a322ad058e013a0e6146677c35d796f075e2572f09b,8e21d4821be776332f3504f55f85b4277f326f03513b2c7501fbdedf92b8b1a2,98e5bb4281312953f19a18383d2d6691e34279618c900c736d39c22085bb1b0a,f53c43b2c822d111bca9e3ae615ceb539ff324fbf9fae9a07ded738891b01546,477fee196153c242d686d57bb9605fedb219ebdcdb8ee09b33660fc52cd8c120,efb2c9b0cb1be3de920b75bf0f5f5f1cace273389576971cd0b9d19ef382067d,3049c664dd1b2e517d0ef8b59c0078d485f327951d4603e1bc460e11248013c2
2026-27:290,8,3.1582800468515564,2026-10-10T09:11:16Z,2026-10-10T10:00:00Z,Current formula at this deadline. This file does not replace the published Gameweeks 1-5 total of 280.,ffe911b65b5019529f8a7a322ad058e013a0e6146677c35d796f075e2572f09b,8e21d4821be776332f3504f55f85b4277f326f03513b2c7501fbdedf92b8b1a2,98e5bb4281312953f19a18383d2d6691e34279618c900c736d39c22085bb1b0a,f53c43b2c822d111bca9e3ae615ceb539ff324fbf9fae9a07ded738891b01546,477fee196153c242d686d57bb9605fedb219ebdcdb8ee09b33660fc52cd8c120,efb2c9b0cb1be3de920b75bf0f5f5f1cace273389576971cd0b9d19ef382067d,3049c664dd1b2e517d0ef8b59c0078d485f327951d4603e1bc460e11248013c2
2026-27:295,8,3.3190114507944792,2026-10-10T09:11:16Z,2026-10-10T10:00:00Z,Current formula at this deadline. This file does not replace the published Gameweeks 1-5 total of 280.,ffe911b65b5019529f8a7a322ad058e013a0e6146677c35d796f075e2572f09b,8e21d4821be776332f3504f55f85b4277f326f03513b2c7501fbdedf92b8b1a2,98e5bb4281312953f19a18383d2d6691e34279618c900c736d39c22085bb1b0a,f53c43b2c822d111bca9e3ae615ceb539ff324fbf9fae9a07ded738891b01546,477fee196153c242d686d57bb9605fedb219ebdcdb8ee09b33660fc52cd8c120,efb2c9b0cb1be3de920b75bf0f5f5f1cace273389576971cd0b9d19ef382067d,3049c664dd1b2e517d0ef8b59c0078d485f327951d4603e1bc460e11248013c2
2026-27:304,8,3.8692393339536815,2026-10-10T09:11:16Z,2026-10-10T10:00:00Z,Current formula at this deadline. This file does not replace the published Gameweeks 1-5 total of 280.,ffe911b65b5019529f8a7a322ad058e013a0e6146677c35d796f075e2572f09b,8e21d4821be776332f3504f55f85b4277f326f03513b2c7501fbdedf92b8b1a2,98e5bb4281312953f19a18383d2d6691e34279618c900c736d39c22085bb1b0a,f53c43b2c822d111bca9e3ae615ceb539ff324fbf9fae9a07ded738891b01546,477fee196153c242d686d57bb9605fedb219ebdcdb8ee09b33660fc52cd8c120,efb2c9b0cb1be3de920b75bf0f5f5f1cace273389576971cd0b9d19ef382067d,3049c664dd1b2e517d0ef8b59c0078d485f327951d4603e1bc460e11248013c2
2026-27:305,8,5.29407631908119,2026-10-10T09:11:16Z,2026-10-10T10:00:00Z,Current formula at this deadline. This file does not replace the published Gameweeks 1-5 total of 280.,ffe911b65b5019529f8a7a322ad058e013a0e6146677c35d796f075e2572f09b,8e21d4821be776332f3504f55f85b4277f326f03513b2c7501fbdedf92b8b1a2,98e5bb4281312953f19a18383d2d6691e34279618c900c736d39c22085bb1b0a,f53c43b2c822d111bca9e3ae615ceb539ff324fbf9fae9a07ded738891b01546,477fee196153c242d686d57bb9605fedb219ebdcdb8ee09b33660fc52cd8c120,efb2c9b0cb1be3de920b75bf0f5f5f1cace273389576971cd0b9d19ef382067d,3049c664dd1b2e517d0ef8b59c0078d485f327951d4603e1bc460e11248013c2
2026-27:306,8,3.1687679536961517,2026-10-10T09:11:16Z,2026-10-10T10:00:00Z,Current formula at this deadline. This file does not replace the published Gameweeks 1-5 total of 280.,ffe911b65b5019529f8a7a322ad058e013a0e6146677c35d796f075e2572f09b,8e21d4821be776332f3504f55f85b4277f326f03513b2c7501fbdedf92b8b1a2,98e5bb4281312953f19a18383d2d6691e34279618c900c736d39c22085bb1b0a,f53c43b2c822d111bca9e3ae615ceb539ff324fbf9fae9a07ded738891b01546,477fee196153c242d686d57bb9605fedb219ebdcdb8ee09b33660fc52cd8c120,efb2c9b0cb1be3de920b75bf0f5f5f1cace273389576971cd0b9d19ef382067d,3049c664dd1b2e517d0ef8b59c0078d485f327951d4603e1bc460e11248013c2
2026-27:31,8,3.771696639781281,2026-10-10T09:11:16Z,2026-10-10T10:00:00Z,Current formula at this deadline. This file does not replace the published Gameweeks 1-5 total of 280.,ffe911b65b5019529f8a7a322ad058e013a0e6146677c35d796f075e2572f09b,8e21d4821be776332f3504f55f85b4277f326f03513b2c7501fbdedf92b8b1a2,98e5bb4281312953f19a18383d2d6691e34279618c900c736d39c22085bb1b0a,f53c43b2c822d111bca9e3ae615ceb539ff324fbf9fae9a07ded738891b01546,477fee196153c242d686d57bb9605fedb219ebdcdb8ee09b33660fc52cd8c120,efb2c9b0cb1be3de920b75bf0f5f5f1cace273389576971cd0b9d19ef382067d,3049c664dd1b2e517d0ef8b59c0078d485f327951d4603e1bc460e11248013c2
2026-27:312,8,1.6050880520980977,2026-10-10T09:11:16Z,2026-10-10T10:00:00Z,Current formula at this deadline. This file does not replace the published Gameweeks 1-5 total of 280.,ffe911b65b5019529f8a7a322ad058e013a0e6146677c35d796f075e2572f09b,8e21d4821be776332f3504f55f85b4277f326f03513b2c7501fbdedf92b8b1a2,98e5bb4281312953f19a18383d2d6691e34279618c900c736d39c22085bb1b0a,f53c43b2c822d111bca9e3ae615ceb539ff324fbf9fae9a07ded738891b01546,477fee196153c242d686d57bb9605fedb219ebdcdb8ee09b33660fc52cd8c120,efb2c9b0cb1be3de920b75bf0f5f5f1cace273389576971cd0b9d19ef382067d,3049c664dd1b2e517d0ef8b59c0078d485f327951d4603e1bc460e11248013c2
2026-27:313,8,2.5102847590417534,2026-10-10T09:11:16Z,2026-10-10T10:00:00Z,Current formula at this deadline. This file does not replace the published Gameweeks 1-5 total of 280.,ffe911b65b5019529f8a7a322ad058e013a0e6146677c35d796f075e2572f09b,8e21d4821be776332f3504f55f85b4277f326f03513b2c7501fbdedf92b8b1a2,98e5bb4281312953f19a18383d2d6691e34279618c900c736d39c22085bb1b0a,f53c43b2c822d111bca9e3ae615ceb539ff324fbf9fae9a07ded738891b01546,477fee196153c242d686d57bb9605fedb219ebdcdb8ee09b33660fc52cd8c120,efb2c9b0cb1be3de920b75bf0f5f5f1cace273389576971cd0b9d19ef382067d,3049c664dd1b2e517d0ef8b59c0078d485f327951d4603e1bc460e11248013c2
2026-27:316,8,3.436755847768203,2026-10-10T09:11:16Z,2026-10-10T10:00:00Z,Current formula at this deadline. This file does not replace the published Gameweeks 1-5 total of 280.,ffe911b65b5019529f8a7a322ad058e013a0e6146677c35d796f075e2572f09b,8e21d4821be776332f3504f55f85b4277f326f03513b2c7501fbdedf92b8b1a2,98e5bb4281312953f19a18383d2d6691e34279618c900c736d39c22085bb1b0a,f53c43b2c822d111bca9e3ae615ceb539ff324fbf9fae9a07ded738891b01546,477fee196153c242d686d57bb9605fedb219ebdcdb8ee09b33660fc52cd8c120,efb2c9b0cb1be3de920b75bf0f5f5f1cace273389576971cd0b9d19ef382067d,3049c664dd1b2e517d0ef8b59c0078d485f327951d4603e1bc460e11248013c2
2026-27:325,8,2.278074965733367,2026-10-10T09:11:16Z,2026-10-10T10:00:00Z,Current formula at this deadline. This file does not replace the published Gameweeks 1-5 total of 280.,ffe911b65b5019529f8a7a322ad058e013a0e6146677c35d796f075e2572f09b,8e21d4821be776332f3504f55f85b4277f326f03513b2c7501fbdedf92b8b1a2,98e5bb4281312953f19a18383d2d6691e34279618c900c736d39c22085bb1b0a,f53c43b2c822d111bca9e3ae615ceb539ff324fbf9fae9a07ded738891b01546,477fee196153c242d686d57bb9605fedb219ebdcdb8ee09b33660fc52cd8c120,efb2c9b0cb1be3de920b75bf0f5f5f1cace273389576971cd0b9d19ef382067d,3049c664dd1b2e517d0ef8b59c0078d485f327951d4603e1bc460e11248013c2
2026-27:33,8,3.370724261984211,2026-10-10T09:11:16Z,2026-10-10T10:00:00Z,Current formula at this deadline. This file does not replace the published Gameweeks 1-5 total of 280.,ffe911b65b5019529f8a7a322ad058e013a0e6146677c35d796f075e2572f09b,8e21d4821be776332f3504f55f85b4277f326f03513b2c7501fbdedf92b8b1a2,98e5bb4281312953f19a18383d2d6691e34279618c900c736d39c22085bb1b0a,f53c43b2c822d111bca9e3ae615ceb539ff324fbf9fae9a07ded738891b01546,477fee196153c242d686d57bb9605fedb219ebdcdb8ee09b33660fc52cd8c120,efb2c9b0cb1be3de920b75bf0f5f5f1cace273389576971cd0b9d19ef382067d,3049c664dd1b2e517d0ef8b59c0078d485f327951d4603e1bc460e11248013c2
2026-27:330,8,4.043996176297401,2026-10-10T09:11:16Z,2026-10-10T10:00:00Z,Current formula at this deadline. This file does not replace the published Gameweeks 1-5 total of 280.,ffe911b65b5019529f8a7a322ad058e013a0e6146677c35d796f075e2572f09b,8e21d4821be776332f3504f55f85b4277f326f03513b2c7501fbdedf92b8b1a2,98e5bb4281312953f19a18383d2d6691e34279618c900c736d39c22085bb1b0a,f53c43b2c822d111bca9e3ae615ceb539ff324fbf9fae9a07ded738891b01546,477fee196153c242d686d57bb9605fedb219ebdcdb8ee09b33660fc52cd8c120,efb2c9b0cb1be3de920b75bf0f5f5f1cace273389576971cd0b9d19ef382067d,3049c664dd1b2e517d0ef8b59c0078d485f327951d4603e1bc460e11248013c2
2026-27:331,8,2.6332439917246684,2026-10-10T09:11:16Z,2026-10-10T10:00:00Z,Current formula at this deadline. This file does not replace the published Gameweeks 1-5 total of 280.,ffe911b65b5019529f8a7a322ad058e013a0e6146677c35d796f075e2572f09b,8e21d4821be776332f3504f55f85b4277f326f03513b2c7501fbdedf92b8b1a2,98e5bb4281312953f19a18383d2d6691e34279618c900c736d39c22085bb1b0a,f53c43b2c822d111bca9e3ae615ceb539ff324fbf9fae9a07ded738891b01546,477fee196153c242d686d57bb9605fedb219ebdcdb8ee09b33660fc52cd8c120,efb2c9b0cb1be3de920b75bf0f5f5f1cace273389576971cd0b9d19ef382067d,3049c664dd1b2e517d0ef8b59c0078d485f327951d4603e1bc460e11248013c2
2026-27:332,8,3.9201949544385353,2026-10-10T09:11:16Z,2026-10-10T10:00:00Z,Current formula at this deadline. This file does not replace the published Gameweeks 1-5 total of 280.,ffe911b65b5019529f8a7a322ad058e013a0e6146677c35d796f075e2572f09b,8e21d4821be776332f3504f55f85b4277f326f03513b2c7501fbdedf92b8b1a2,98e5bb4281312953f19a18383d2d6691e34279618c900c736d39c22085bb1b0a,f53c43b2c822d111bca9e3ae615ceb539ff324fbf9fae9a07ded738891b01546,477fee196153c242d686d57bb9605fedb219ebdcdb8ee09b33660fc52cd8c120,efb2c9b0cb1be3de920b75bf0f5f5f1cace273389576971cd0b9d19ef382067d,3049c664dd1b2e517d0ef8b59c0078d485f327951d4603e1bc460e11248013c2
2026-27:334,8,4.179330997595799,2026-10-10T09:11:16Z,2026-10-10T10:00:00Z,Current formula at this deadline. This file does not replace the published Gameweeks 1-5 total of 280.,ffe911b65b5019529f8a7a322ad058e013a0e6146677c35d796f075e2572f09b,8e21d4821be776332f3504f55f85b4277f326f03513b2c7501fbdedf92b8b1a2,98e5bb4281312953f19a18383d2d6691e34279618c900c736d39c22085bb1b0a,f53c43b2c822d111bca9e3ae615ceb539ff324fbf9fae9a07ded738891b01546,477fee196153c242d686d57bb9605fedb219ebdcdb8ee09b33660fc52cd8c120,efb2c9b0cb1be3de920b75bf0f5f5f1cace273389576971cd0b9d19ef382067d,3049c664dd1b2e517d0ef8b59c0078d485f327951d4603e1bc460e11248013c2
2026-27:335,8,4.621302794179348,2026-10-10T09:11:16Z,2026-10-10T10:00:00Z,Current formula at this deadline. This file does not replace the published Gameweeks 1-5 total of 280.,ffe911b65b5019529f8a7a322ad058e013a0e6146677c35d796f075e2572f09b,8e21d4821be776332f3504f55f85b4277f326f03513b2c7501fbdedf92b8b1a2,98e5bb4281312953f19a18383d2d6691e34279618c900c736d39c22085bb1b0a,f53c43b2c822d111bca9e3ae615ceb539ff324fbf9fae9a07ded738891b01546,477fee196153c242d686d57bb9605fedb219ebdcdb8ee09b33660fc52cd8c120,efb2c9b0cb1be3de920b75bf0f5f5f1cace273389576971cd0b9d19ef382067d,3049c664dd1b2e517d0ef8b59c0078d485f327951d4603e1bc460e11248013c2
2026-27:336,8,2.6619717051450977,2026-10-10T09:11:16Z,2026-10-10T10:00:00Z,Current formula at this deadline. This file does not replace the published Gameweeks 1-5 total of 280.,ffe911b65b5019529f8a7a322ad058e013a0e6146677c35d796f075e2572f09b,8e21d4821be776332f3504f55f85b4277f326f03513b2c7501fbdedf92b8b1a2,98e5bb4281312953f19a18383d2d6691e34279618c900c736d39c22085bb1b0a,f53c43b2c822d111bca9e3ae615ceb539ff324fbf9fae9a07ded738891b01546,477fee196153c242d686d57bb9605fedb219ebdcdb8ee09b33660fc52cd8c120,efb2c9b0cb1be3de920b75bf0f5f5f1cace273389576971cd0b9d19ef382067d,3049c664dd1b2e517d0ef8b59c0078d485f327951d4603e1bc460e11248013c2
2026-27:338,8,3.7312189882774787,2026-10-10T09:11:16Z,2026-10-10T10:00:00Z,Current formula at this deadline. This file does not replace the published Gameweeks 1-5 total of 280.,ffe911b65b5019529f8a7a322ad058e013a0e6146677c35d796f075e2572f09b,8e21d4821be776332f3504f55f85b4277f326f03513b2c7501fbdedf92b8b1a2,98e5bb4281312953f19a18383d2d6691e34279618c900c736d39c22085bb1b0a,f53c43b2c822d111bca9e3ae615ceb539ff324fbf9fae9a07ded738891b01546,477fee196153c242d686d57bb9605fedb219ebdcdb8ee09b33660fc52cd8c120,efb2c9b0cb1be3de920b75bf0f5f5f1cace273389576971cd0b9d19ef382067d,3049c664dd1b2e517d0ef8b59c0078d485f327951d4603e1bc460e11248013c2
2026-27:345,8,2.9185635161150283,2026-10-10T09:11:16Z,2026-10-10T10:00:00Z,Current formula at this deadline. This file does not replace the published Gameweeks 1-5 total of 280.,ffe911b65b5019529f8a7a322ad058e013a0e6146677c35d796f075e2572f09b,8e21d4821be776332f3504f55f85b4277f326f03513b2c7501fbdedf92b8b1a2,98e5bb4281312953f19a18383d2d6691e34279618c900c736d39c22085bb1b0a,f53c43b2c822d111bca9e3ae615ceb539ff324fbf9fae9a07ded738891b01546,477fee196153c242d686d57bb9605fedb219ebdcdb8ee09b33660fc52cd8c120,efb2c9b0cb1be3de920b75bf0f5f5f1cace273389576971cd0b9d19ef382067d,3049c664dd1b2e517d0ef8b59c0078d485f327951d4603e1bc460e11248013c2
2026-27:346,8,4.197375712224859,2026-10-10T09:11:16Z,2026-10-10T10:00:00Z,Current formula at this deadline. This file does not replace the published Gameweeks 1-5 total of 280.,ffe911b65b5019529f8a7a322ad058e013a0e6146677c35d796f075e2572f09b,8e21d4821be776332f3504f55f85b4277f326f03513b2c7501fbdedf92b8b1a2,98e5bb4281312953f19a18383d2d6691e34279618c900c736d39c22085bb1b0a,f53c43b2c822d111bca9e3ae615ceb539ff324fbf9fae9a07ded738891b01546,477fee196153c242d686d57bb9605fedb219ebdcdb8ee09b33660fc52cd8c120,efb2c9b0cb1be3de920b75bf0f5f5f1cace273389576971cd0b9d19ef382067d,3049c664dd1b2e517d0ef8b59c0078d485f327951d4603e1bc460e11248013c2
2026-27:350,8,3.466032146973295,2026-10-10T09:11:16Z,2026-10-10T10:00:00Z,Current formula at this deadline. This file does not replace the published Gameweeks 1-5 total of 280.,ffe911b65b5019529f8a7a322ad058e013a0e6146677c35d796f075e2572f09b,8e21d4821be776332f3504f55f85b4277f326f03513b2c7501fbdedf92b8b1a2,98e5bb4281312953f19a18383d2d6691e34279618c900c736d39c22085bb1b0a,f53c43b2c822d111bca9e3ae615ceb539ff324fbf9fae9a07ded738891b01546,477fee196153c242d686d57bb9605fedb219ebdcdb8ee09b33660fc52cd8c120,efb2c9b0cb1be3de920b75bf0f5f5f1cace273389576971cd0b9d19ef382067d,3049c664dd1b2e517d0ef8b59c0078d485f327951d4603e1bc460e11248013c2
2026-27:356,8,4.298203082791916,2026-10-10T09:11:16Z,2026-10-10T10:00:00Z,Current formula at this deadline. This file does not replace the published Gameweeks 1-5 total of 280.,ffe911b65b5019529f8a7a322ad058e013a0e6146677c35d796f075e2572f09b,8e21d4821be776332f3504f55f85b4277f326f03513b2c7501fbdedf92b8b1a2,98e5bb4281312953f19a18383d2d6691e34279618c900c736d39c22085bb1b0a,f53c43b2c822d111bca9e3ae615ceb539ff324fbf9fae9a07ded738891b01546,477fee196153c242d686d57bb9605fedb219ebdcdb8ee09b33660fc52cd8c120,efb2c9b0cb1be3de920b75bf0f5f5f1cace273389576971cd0b9d19ef382067d,3049c664dd1b2e517d0ef8b59c0078d485f327951d4603e1bc460e11248013c2
2026-27:358,8,2.900472283253851,2026-10-10T09:11:16Z,2026-10-10T10:00:00Z,Current formula at this deadline. This file does not replace the published Gameweeks 1-5 total of 280.,ffe911b65b5019529f8a7a322ad058e013a0e6146677c35d796f075e2572f09b,8e21d4821be776332f3504f55f85b4277f326f03513b2c7501fbdedf92b8b1a2,98e5bb4281312953f19a18383d2d6691e34279618c900c736d39c22085bb1b0a,f53c43b2c822d111bca9e3ae615ceb539ff324fbf9fae9a07ded738891b01546,477fee196153c242d686d57bb9605fedb219ebdcdb8ee09b33660fc52cd8c120,efb2c9b0cb1be3de920b75bf0f5f5f1cace273389576971cd0b9d19ef382067d,3049c664dd1b2e517d0ef8b59c0078d485f327951d4603e1bc460e11248013c2
2026-27:362,8,3.236172542005501,2026-10-10T09:11:16Z,2026-10-10T10:00:00Z,Current formula at this deadline. This file does not replace the published Gameweeks 1-5 total of 280.,ffe911b65b5019529f8a7a322ad058e013a0e6146677c35d796f075e2572f09b,8e21d4821be776332f3504f55f85b4277f326f03513b2c7501fbdedf92b8b1a2,98e5bb4281312953f19a18383d2d6691e34279618c900c736d39c22085bb1b0a,f53c43b2c822d111bca9e3ae615ceb539ff324fbf9fae9a07ded738891b01546,477fee196153c242d686d57bb9605fedb219ebdcdb8ee09b33660fc52cd8c120,efb2c9b0cb1be3de920b75bf0f5f5f1cace273389576971cd0b9d19ef382067d,3049c664dd1b2e517d0ef8b59c0078d485f327951d4603e1bc460e11248013c2
2026-27:366,8,3.565465466232549,2026-10-10T09:11:16Z,2026-10-10T10:00:00Z,Current formula at this deadline. This file does not replace the published Gameweeks 1-5 total of 280.,ffe911b65b5019529f8a7a322ad058e013a0e6146677c35d796f075e2572f09b,8e21d4821be776332f3504f55f85b4277f326f03513b2c7501fbdedf92b8b1a2,98e5bb4281312953f19a18383d2d6691e34279618c900c736d39c22085bb1b0a,f53c43b2c822d111bca9e3ae615ceb539ff324fbf9fae9a07ded738891b01546,477fee196153c242d686d57bb9605fedb219ebdcdb8ee09b33660fc52cd8c120,efb2c9b0cb1be3de920b75bf0f5f5f1cace273389576971cd0b9d19ef382067d,3049c664dd1b2e517d0ef8b59c0078d485f327951d4603e1bc460e11248013c2
2026-27:368,8,4.7242221197828425,2026-10-10T09:11:16Z,2026-10-10T10:00:00Z,Current formula at this deadline. This file does not replace the published Gameweeks 1-5 total of 280.,ffe911b65b5019529f8a7a322ad058e013a0e6146677c35d796f075e2572f09b,8e21d4821be776332f3504f55f85b4277f326f03513b2c7501fbdedf92b8b1a2,98e5bb4281312953f19a18383d2d6691e34279618c900c736d39c22085bb1b0a,f53c43b2c822d111bca9e3ae615ceb539ff324fbf9fae9a07ded738891b01546,477fee196153c242d686d57bb9605fedb219ebdcdb8ee09b33660fc52cd8c120,efb2c9b0cb1be3de920b75bf0f5f5f1cace273389576971cd0b9d19ef382067d,3049c664dd1b2e517d0ef8b59c0078d485f327951d4603e1bc460e11248013c2
2026-27:37,8,3.644559058966937,2026-10-10T09:11:16Z,2026-10-10T10:00:00Z,Current formula at this deadline. This file does not replace the published Gameweeks 1-5 total of 280.,ffe911b65b5019529f8a7a322ad058e013a0e6146677c35d796f075e2572f09b,8e21d4821be776332f3504f55f85b4277f326f03513b2c7501fbdedf92b8b1a2,98e5bb4281312953f19a18383d2d6691e34279618c900c736d39c22085bb1b0a,f53c43b2c822d111bca9e3ae615ceb539ff324fbf9fae9a07ded738891b01546,477fee196153c242d686d57bb9605fedb219ebdcdb8ee09b33660fc52cd8c120,efb2c9b0cb1be3de920b75bf0f5f5f1cace273389576971cd0b9d19ef382067d,3049c664dd1b2e517d0ef8b59c0078d485f327951d4603e1bc460e11248013c2
2026-27:372,8,3.1345082671264035,2026-10-10T09:11:16Z,2026-10-10T10:00:00Z,Current formula at this deadline. This file does not replace the published Gameweeks 1-5 total of 280.,ffe911b65b5019529f8a7a322ad058e013a0e6146677c35d796f075e2572f09b,8e21d4821be776332f3504f55f85b4277f326f03513b2c7501fbdedf92b8b1a2,98e5bb4281312953f19a18383d2d6691e34279618c900c736d39c22085bb1b0a,f53c43b2c822d111bca9e3ae615ceb539ff324fbf9fae9a07ded738891b01546,477fee196153c242d686d57bb9605fedb219ebdcdb8ee09b33660fc52cd8c120,efb2c9b0cb1be3de920b75bf0f5f5f1cace273389576971cd0b9d19ef382067d,3049c664dd1b2e517d0ef8b59c0078d485f327951d4603e1bc460e11248013c2
2026-27:377,8,2.457201979350701,2026-10-10T09:11:16Z,2026-10-10T10:00:00Z,Current formula at this deadline. This file does not replace the published Gameweeks 1-5 total of 280.,ffe911b65b5019529f8a7a322ad058e013a0e6146677c35d796f075e2572f09b,8e21d4821be776332f3504f55f85b4277f326f03513b2c7501fbdedf92b8b1a2,98e5bb4281312953f19a18383d2d6691e34279618c900c736d39c22085bb1b0a,f53c43b2c822d111bca9e3ae615ceb539ff324fbf9fae9a07ded738891b01546,477fee196153c242d686d57bb9605fedb219ebdcdb8ee09b33660fc52cd8c120,efb2c9b0cb1be3de920b75bf0f5f5f1cace273389576971cd0b9d19ef382067d,3049c664dd1b2e517d0ef8b59c0078d485f327951d4603e1bc460e11248013c2
2026-27:384,8,3.2357481400613906,2026-10-10T09:11:16Z,2026-10-10T10:00:00Z,Current formula at this deadline. This file does not replace the published Gameweeks 1-5 total of 280.,ffe911b65b5019529f8a7a322ad058e013a0e6146677c35d796f075e2572f09b,8e21d4821be776332f3504f55f85b4277f326f03513b2c7501fbdedf92b8b1a2,98e5bb4281312953f19a18383d2d6691e34279618c900c736d39c22085bb1b0a,f53c43b2c822d111bca9e3ae615ceb539ff324fbf9fae9a07ded738891b01546,477fee196153c242d686d57bb9605fedb219ebdcdb8ee09b33660fc52cd8c120,efb2c9b0cb1be3de920b75bf0f5f5f1cace273389576971cd0b9d19ef382067d,3049c664dd1b2e517d0ef8b59c0078d485f327951d4603e1bc460e11248013c2
2026-27:385,8,3.2534541332169042,2026-10-10T09:11:16Z,2026-10-10T10:00:00Z,Current formula at this deadline. This file does not replace the published Gameweeks 1-5 total of 280.,ffe911b65b5019529f8a7a322ad058e013a0e6146677c35d796f075e2572f09b,8e21d4821be776332f3504f55f85b4277f326f03513b2c7501fbdedf92b8b1a2,98e5bb4281312953f19a18383d2d6691e34279618c900c736d39c22085bb1b0a,f53c43b2c822d111bca9e3ae615ceb539ff324fbf9fae9a07ded738891b01546,477fee196153c242d686d57bb9605fedb219ebdcdb8ee09b33660fc52cd8c120,efb2c9b0cb1be3de920b75bf0f5f5f1cace273389576971cd0b9d19ef382067d,3049c664dd1b2e517d0ef8b59c0078d485f327951d4603e1bc460e11248013c2
2026-27:388,8,3.27114277223859,2026-10-10T09:11:16Z,2026-10-10T10:00:00Z,Current formula at this deadline. This file does not replace the published Gameweeks 1-5 total of 280.,ffe911b65b5019529f8a7a322ad058e013a0e6146677c35d796f075e2572f09b,8e21d4821be776332f3504f55f85b4277f326f03513b2c7501fbdedf92b8b1a2,98e5bb4281312953f19a18383d2d6691e34279618c900c736d39c22085bb1b0a,f53c43b2c822d111bca9e3ae615ceb539ff324fbf9fae9a07ded738891b01546,477fee196153c242d686d57bb9605fedb219ebdcdb8ee09b33660fc52cd8c120,efb2c9b0cb1be3de920b75bf0f5f5f1cace273389576971cd0b9d19ef382067d,3049c664dd1b2e517d0ef8b59c0078d485f327951d4603e1bc460e11248013c2
2026-27:389,8,2.810867792043701,2026-10-10T09:11:16Z,2026-10-10T10:00:00Z,Current formula at this deadline. This file does not replace the published Gameweeks 1-5 total of 280.,ffe911b65b5019529f8a7a322ad058e013a0e6146677c35d796f075e2572f09b,8e21d4821be776332f3504f55f85b4277f326f03513b2c7501fbdedf92b8b1a2,98e5bb4281312953f19a18383d2d6691e34279618c900c736d39c22085bb1b0a,f53c43b2c822d111bca9e3ae615ceb539ff324fbf9fae9a07ded738891b01546,477fee196153c242d686d57bb9605fedb219ebdcdb8ee09b33660fc52cd8c120,efb2c9b0cb1be3de920b75bf0f5f5f1cace273389576971cd0b9d19ef382067d,3049c664dd1b2e517d0ef8b59c0078d485f327951d4603e1bc460e11248013c2
2026-27:390,8,2.852896029816964,2026-10-10T09:11:16Z,2026-10-10T10:00:00Z,Current formula at this deadline. This file does not replace the published Gameweeks 1-5 total of 280.,ffe911b65b5019529f8a7a322ad058e013a0e6146677c35d796f075e2572f09b,8e21d4821be776332f3504f55f85b4277f326f03513b2c7501fbdedf92b8b1a2,98e5bb4281312953f19a18383d2d6691e34279618c900c736d39c22085bb1b0a,f53c43b2c822d111bca9e3ae615ceb539ff324fbf9fae9a07ded738891b01546,477fee196153c242d686d57bb9605fedb219ebdcdb8ee09b33660fc52cd8c120,efb2c9b0cb1be3de920b75bf0f5f5f1cace273389576971cd0b9d19ef382067d,3049c664dd1b2e517d0ef8b59c0078d485f327951d4603e1bc460e11248013c2
2026-27:391,8,2.7948127356779224,2026-10-10T09:11:16Z,2026-10-10T10:00:00Z,Current formula at this deadline. This file does not replace the published Gameweeks 1-5 total of 280.,ffe911b65b5019529f8a7a322ad058e013a0e6146677c35d796f075e2572f09b,8e21d4821be776332f3504f55f85b4277f326f03513b2c7501fbdedf92b8b1a2,98e5bb4281312953f19a18383d2d6691e34279618c900c736d39c22085bb1b0a,f53c43b2c822d111bca9e3ae615ceb539ff324fbf9fae9a07ded738891b01546,477fee196153c242d686d57bb9605fedb219ebdcdb8ee09b33660fc52cd8c120,efb2c9b0cb1be3de920b75bf0f5f5f1cace273389576971cd0b9d19ef382067d,3049c664dd1b2e517d0ef8b59c0078d485f327951d4603e1bc460e11248013c2
2026-27:397,8,2.8349094698351855,2026-10-10T09:11:16Z,2026-10-10T10:00:00Z,Current formula at this deadline. This file does not replace the published Gameweeks 1-5 total of 280.,ffe911b65b5019529f8a7a322ad058e013a0e6146677c35d796f075e2572f09b,8e21d4821be776332f3504f55f85b4277f326f03513b2c7501fbdedf92b8b1a2,98e5bb4281312953f19a18383d2d6691e34279618c900c736d39c22085bb1b0a,f53c43b2c822d111bca9e3ae615ceb539ff324fbf9fae9a07ded738891b01546,477fee196153c242d686d57bb9605fedb219ebdcdb8ee09b33660fc52cd8c120,efb2c9b0cb1be3de920b75bf0f5f5f1cace273389576971cd0b9d19ef382067d,3049c664dd1b2e517d0ef8b59c0078d485f327951d4603e1bc460e11248013c2
2026-27:399,8,3.2497909381787213,2026-10-10T09:11:16Z,2026-10-10T10:00:00Z,Current formula at this deadline. This file does not replace the published Gameweeks 1-5 total of 280.,ffe911b65b5019529f8a7a322ad058e013a0e6146677c35d796f075e2572f09b,8e21d4821be776332f3504f55f85b4277f326f03513b2c7501fbdedf92b8b1a2,98e5bb4281312953f19a18383d2d6691e34279618c900c736d39c22085bb1b0a,f53c43b2c822d111bca9e3ae615ceb539ff324fbf9fae9a07ded738891b01546,477fee196153c242d686d57bb9605fedb219ebdcdb8ee09b33660fc52cd8c120,efb2c9b0cb1be3de920b75bf0f5f5f1cace273389576971cd0b9d19ef382067d,3049c664dd1b2e517d0ef8b59c0078d485f327951d4603e1bc460e11248013c2
2026-27:4,8,4.625269796795792,2026-10-10T09:11:16Z,2026-10-10T10:00:00Z,Current formula at this deadline. This file does not replace the published Gameweeks 1-5 total of 280.,ffe911b65b5019529f8a7a322ad058e013a0e6146677c35d796f075e2572f09b,8e21d4821be776332f3504f55f85b4277f326f03513b2c7501fbdedf92b8b1a2,98e5bb4281312953f19a18383d2d6691e34279618c900c736d39c22085bb1b0a,f53c43b2c822d111bca9e3ae615ceb539ff324fbf9fae9a07ded738891b01546,477fee196153c242d686d57bb9605fedb219ebdcdb8ee09b33660fc52cd8c120,efb2c9b0cb1be3de920b75bf0f5f5f1cace273389576971cd0b9d19ef382067d,3049c664dd1b2e517d0ef8b59c0078d485f327951d4603e1bc460e11248013c2
2026-27:40,8,5.4677469014485425,2026-10-10T09:11:16Z,2026-10-10T10:00:00Z,Current formula at this deadline. This file does not replace the published Gameweeks 1-5 total of 280.,ffe911b65b5019529f8a7a322ad058e013a0e6146677c35d796f075e2572f09b,8e21d4821be776332f3504f55f85b4277f326f03513b2c7501fbdedf92b8b1a2,98e5bb4281312953f19a18383d2d6691e34279618c900c736d39c22085bb1b0a,f53c43b2c822d111bca9e3ae615ceb539ff324fbf9fae9a07ded738891b01546,477fee196153c242d686d57bb9605fedb219ebdcdb8ee09b33660fc52cd8c120,efb2c9b0cb1be3de920b75bf0f5f5f1cace273389576971cd0b9d19ef382067d,3049c664dd1b2e517d0ef8b59c0078d485f327951d4603e1bc460e11248013c2
2026-27:401,8,2.315577598031243,2026-10-10T09:11:16Z,2026-10-10T10:00:00Z,Current formula at this deadline. This file does not replace the published Gameweeks 1-5 total of 280.,ffe911b65b5019529f8a7a322ad058e013a0e6146677c35d796f075e2572f09b,8e21d4821be776332f3504f55f85b4277f326f03513b2c7501fbdedf92b8b1a2,98e5bb4281312953f19a18383d2d6691e34279618c900c736d39c22085bb1b0a,f53c43b2c822d111bca9e3ae615ceb539ff324fbf9fae9a07ded738891b01546,477fee196153c242d686d57bb9605fedb219ebdcdb8ee09b33660fc52cd8c120,efb2c9b0cb1be3de920b75bf0f5f5f1cace273389576971cd0b9d19ef382067d,3049c664dd1b2e517d0ef8b59c0078d485f327951d4603e1bc460e11248013c2
2026-27:403,8,3.0267075404085717,2026-10-10T09:11:16Z,2026-10-10T10:00:00Z,Current formula at this deadline. This file does not replace the published Gameweeks 1-5 total of 280.,ffe911b65b5019529f8a7a322ad058e013a0e6146677c35d796f075e2572f09b,8e21d4821be776332f3504f55f85b4277f326f03513b2c7501fbdedf92b8b1a2,98e5bb4281312953f19a18383d2d6691e34279618c900c736d39c22085bb1b0a,f53c43b2c822d111bca9e3ae615ceb539ff324fbf9fae9a07ded738891b01546,477fee196153c242d686d57bb9605fedb219ebdcdb8ee09b33660fc52cd8c120,efb2c9b0cb1be3de920b75bf0f5f5f1cace273389576971cd0b9d19ef382067d,3049c664dd1b2e517d0ef8b59c0078d485f327951d4603e1bc460e11248013c2
2026-27:41,8,4.493987494933207,2026-10-10T09:11:16Z,2026-10-10T10:00:00Z,Current formula at this deadline. This file does not replace the published Gameweeks 1-5 total of 280.,ffe911b65b5019529f8a7a322ad058e013a0e6146677c35d796f075e2572f09b,8e21d4821be776332f3504f55f85b4277f326f03513b2c7501fbdedf92b8b1a2,98e5bb4281312953f19a18383d2d6691e34279618c900c736d39c22085bb1b0a,f53c43b2c822d111bca9e3ae615ceb539ff324fbf9fae9a07ded738891b01546,477fee196153c242d686d57bb9605fedb219ebdcdb8ee09b33660fc52cd8c120,efb2c9b0cb1be3de920b75bf0f5f5f1cace273389576971cd0b9d19ef382067d,3049c664dd1b2e517d0ef8b59c0078d485f327951d4603e1bc460e11248013c2
2026-27:411,8,4.4909722245466135,2026-10-10T09:11:16Z,2026-10-10T10:00:00Z,Current formula at this deadline. This file does not replace the published Gameweeks 1-5 total of 280.,ffe911b65b5019529f8a7a322ad058e013a0e6146677c35d796f075e2572f09b,8e21d4821be776332f3504f55f85b4277f326f03513b2c7501fbdedf92b8b1a2,98e5bb4281312953f19a18383d2d6691e34279618c900c736d39c22085bb1b0a,f53c43b2c822d111bca9e3ae615ceb539ff324fbf9fae9a07ded738891b01546,477fee196153c242d686d57bb9605fedb219ebdcdb8ee09b33660fc52cd8c120,efb2c9b0cb1be3de920b75bf0f5f5f1cace273389576971cd0b9d19ef382067d,3049c664dd1b2e517d0ef8b59c0078d485f327951d4603e1bc460e11248013c2
2026-27:412,8,3.556149931466735,2026-10-10T09:11:16Z,2026-10-10T10:00:00Z,Current formula at this deadline. This file does not replace the published Gameweeks 1-5 total of 280.,ffe911b65b5019529f8a7a322ad058e013a0e6146677c35d796f075e2572f09b,8e21d4821be776332f3504f55f85b4277f326f03513b2c7501fbdedf92b8b1a2,98e5bb4281312953f19a18383d2d6691e34279618c900c736d39c22085bb1b0a,f53c43b2c822d111bca9e3ae615ceb539ff324fbf9fae9a07ded738891b01546,477fee196153c242d686d57bb9605fedb219ebdcdb8ee09b33660fc52cd8c120,efb2c9b0cb1be3de920b75bf0f5f5f1cace273389576971cd0b9d19ef382067d,3049c664dd1b2e517d0ef8b59c0078d485f327951d4603e1bc460e11248013c2
2026-27:417,8,3.257021592435037,2026-10-10T09:11:16Z,2026-10-10T10:00:00Z,Current formula at this deadline. This file does not replace the published Gameweeks 1-5 total of 280.,ffe911b65b5019529f8a7a322ad058e013a0e6146677c35d796f075e2572f09b,8e21d4821be776332f3504f55f85b4277f326f03513b2c7501fbdedf92b8b1a2,98e5bb4281312953f19a18383d2d6691e34279618c900c736d39c22085bb1b0a,f53c43b2c822d111bca9e3ae615ceb539ff324fbf9fae9a07ded738891b01546,477fee196153c242d686d57bb9605fedb219ebdcdb8ee09b33660fc52cd8c120,efb2c9b0cb1be3de920b75bf0f5f5f1cace273389576971cd0b9d19ef382067d,3049c664dd1b2e517d0ef8b59c0078d485f327951d4603e1bc460e11248013c2
2026-27:418,8,3.751063803180189,2026-10-10T09:11:16Z,2026-10-10T10:00:00Z,Current formula at this deadline. This file does not replace the published Gameweeks 1-5 total of 280.,ffe911b65b5019529f8a7a322ad058e013a0e6146677c35d796f075e2572f09b,8e21d4821be776332f3504f55f85b4277f326f03513b2c7501fbdedf92b8b1a2,98e5bb4281312953f19a18383d2d6691e34279618c900c736d39c22085bb1b0a,f53c43b2c822d111bca9e3ae615ceb539ff324fbf9fae9a07ded738891b01546,477fee196153c242d686d57bb9605fedb219ebdcdb8ee09b33660fc52cd8c120,efb2c9b0cb1be3de920b75bf0f5f5f1cace273389576971cd0b9d19ef382067d,3049c664dd1b2e517d0ef8b59c0078d485f327951d4603e1bc460e11248013c2
2026-27:419,8,3.5788311440190443,2026-10-10T09:11:16Z,2026-10-10T10:00:00Z,Current formula at this deadline. This file does not replace the published Gameweeks 1-5 total of 280.,ffe911b65b5019529f8a7a322ad058e013a0e6146677c35d796f075e2572f09b,8e21d4821be776332f3504f55f85b4277f326f03513b2c7501fbdedf92b8b1a2,98e5bb4281312953f19a18383d2d6691e34279618c900c736d39c22085bb1b0a,f53c43b2c822d111bca9e3ae615ceb539ff324fbf9fae9a07ded738891b01546,477fee196153c242d686d57bb9605fedb219ebdcdb8ee09b33660fc52cd8c120,efb2c9b0cb1be3de920b75bf0f5f5f1cace273389576971cd0b9d19ef382067d,3049c664dd1b2e517d0ef8b59c0078d485f327951d4603e1bc460e11248013c2
2026-27:423,8,3.1423877172566073,2026-10-10T09:11:16Z,2026-10-10T10:00:00Z,Current formula at this deadline. This file does not replace the published Gameweeks 1-5 total of 280.,ffe911b65b5019529f8a7a322ad058e013a0e6146677c35d796f075e2572f09b,8e21d4821be776332f3504f55f85b4277f326f03513b2c7501fbdedf92b8b1a2,98e5bb4281312953f19a18383d2d6691e34279618c900c736d39c22085bb1b0a,f53c43b2c822d111bca9e3ae615ceb539ff324fbf9fae9a07ded738891b01546,477fee196153c242d686d57bb9605fedb219ebdcdb8ee09b33660fc52cd8c120,efb2c9b0cb1be3de920b75bf0f5f5f1cace273389576971cd0b9d19ef382067d,3049c664dd1b2e517d0ef8b59c0078d485f327951d4603e1bc460e11248013c2
2026-27:426,8,5.288077872646368,2026-10-10T09:11:16Z,2026-10-10T10:00:00Z,Current formula at this deadline. This file does not replace the published Gameweeks 1-5 total of 280.,ffe911b65b5019529f8a7a322ad058e013a0e6146677c35d796f075e2572f09b,8e21d4821be776332f3504f55f85b4277f326f03513b2c7501fbdedf92b8b1a2,98e5bb4281312953f19a18383d2d6691e34279618c900c736d39c22085bb1b0a,f53c43b2c822d111bca9e3ae615ceb539ff324fbf9fae9a07ded738891b01546,477fee196153c242d686d57bb9605fedb219ebdcdb8ee09b33660fc52cd8c120,efb2c9b0cb1be3de920b75bf0f5f5f1cace273389576971cd0b9d19ef382067d,3049c664dd1b2e517d0ef8b59c0078d485f327951d4603e1bc460e11248013c2
2026-27:427,8,5.419658247616149,2026-10-10T09:11:16Z,2026-10-10T10:00:00Z,Current formula at this deadline. This file does not replace the published Gameweeks 1-5 total of 280.,ffe911b65b5019529f8a7a322ad058e013a0e6146677c35d796f075e2572f09b,8e21d4821be776332f3504f55f85b4277f326f03513b2c7501fbdedf92b8b1a2,98e5bb4281312953f19a18383d2d6691e34279618c900c736d39c22085bb1b0a,f53c43b2c822d111bca9e3ae615ceb539ff324fbf9fae9a07ded738891b01546,477fee196153c242d686d57bb9605fedb219ebdcdb8ee09b33660fc52cd8c120,efb2c9b0cb1be3de920b75bf0f5f5f1cace273389576971cd0b9d19ef382067d,3049c664dd1b2e517d0ef8b59c0078d485f327951d4603e1bc460e11248013c2
2026-27:428,8,3.3042936809673025,2026-10-10T09:11:16Z,2026-10-10T10:00:00Z,Current formula at this deadline. This file does not replace the published Gameweeks 1-5 total of 280.,ffe911b65b5019529f8a7a322ad058e013a0e6146677c35d796f075e2572f09b,8e21d4821be776332f3504f55f85b4277f326f03513b2c7501fbdedf92b8b1a2,98e5bb4281312953f19a18383d2d6691e34279618c900c736d39c22085bb1b0a,f53c43b2c822d111bca9e3ae615ceb539ff324fbf9fae9a07ded738891b01546,477fee196153c242d686d57bb9605fedb219ebdcdb8ee09b33660fc52cd8c120,efb2c9b0cb1be3de920b75bf0f5f5f1cace273389576971cd0b9d19ef382067d,3049c664dd1b2e517d0ef8b59c0078d485f327951d4603e1bc460e11248013c2
2026-27:429,8,3.0863897477588327,2026-10-10T09:11:16Z,2026-10-10T10:00:00Z,Current formula at this deadline. This file does not replace the published Gameweeks 1-5 total of 280.,ffe911b65b5019529f8a7a322ad058e013a0e6146677c35d796f075e2572f09b,8e21d4821be776332f3504f55f85b4277f326f03513b2c7501fbdedf92b8b1a2,98e5bb4281312953f19a18383d2d6691e34279618c900c736d39c22085bb1b0a,f53c43b2c822d111bca9e3ae615ceb539ff324fbf9fae9a07ded738891b01546,477fee196153c242d686d57bb9605fedb219ebdcdb8ee09b33660fc52cd8c120,efb2c9b0cb1be3de920b75bf0f5f5f1cace273389576971cd0b9d19ef382067d,3049c664dd1b2e517d0ef8b59c0078d485f327951d4603e1bc460e11248013c2
2026-27:43,8,3.9346687116080075,2026-10-10T09:11:16Z,2026-10-10T10:00:00Z,Current formula at this deadline. This file does not replace the published Gameweeks 1-5 total of 280.,ffe911b65b5019529f8a7a322ad058e013a0e6146677c35d796f075e2572f09b,8e21d4821be776332f3504f55f85b4277f326f03513b2c7501fbdedf92b8b1a2,98e5bb4281312953f19a18383d2d6691e34279618c900c736d39c22085bb1b0a,f53c43b2c822d111bca9e3ae615ceb539ff324fbf9fae9a07ded738891b01546,477fee196153c242d686d57bb9605fedb219ebdcdb8ee09b33660fc52cd8c120,efb2c9b0cb1be3de920b75bf0f5f5f1cace273389576971cd0b9d19ef382067d,3049c664dd1b2e517d0ef8b59c0078d485f327951d4603e1bc460e11248013c2
2026-27:432,8,4.45860654658242,2026-10-10T09:11:16Z,2026-10-10T10:00:00Z,Current formula at this deadline. This file does not replace the published Gameweeks 1-5 total of 280.,ffe911b65b5019529f8a7a322ad058e013a0e6146677c35d796f075e2572f09b,8e21d4821be776332f3504f55f85b4277f326f03513b2c7501fbdedf92b8b1a2,98e5bb4281312953f19a18383d2d6691e34279618c900c736d39c22085bb1b0a,f53c43b2c822d111bca9e3ae615ceb539ff324fbf9fae9a07ded738891b01546,477fee196153c242d686d57bb9605fedb219ebdcdb8ee09b33660fc52cd8c120,efb2c9b0cb1be3de920b75bf0f5f5f1cace273389576971cd0b9d19ef382067d,3049c664dd1b2e517d0ef8b59c0078d485f327951d4603e1bc460e11248013c2
2026-27:445,8,3.6069906503703,2026-10-10T09:11:16Z,2026-10-10T10:00:00Z,Current formula at this deadline. This file does not replace the published Gameweeks 1-5 total of 280.,ffe911b65b5019529f8a7a322ad058e013a0e6146677c35d796f075e2572f09b,8e21d4821be776332f3504f55f85b4277f326f03513b2c7501fbdedf92b8b1a2,98e5bb4281312953f19a18383d2d6691e34279618c900c736d39c22085bb1b0a,f53c43b2c822d111bca9e3ae615ceb539ff324fbf9fae9a07ded738891b01546,477fee196153c242d686d57bb9605fedb219ebdcdb8ee09b33660fc52cd8c120,efb2c9b0cb1be3de920b75bf0f5f5f1cace273389576971cd0b9d19ef382067d,3049c664dd1b2e517d0ef8b59c0078d485f327951d4603e1bc460e11248013c2
2026-27:447,8,3.785385314080139,2026-10-10T09:11:16Z,2026-10-10T10:00:00Z,Current formula at this deadline. This file does not replace the published Gameweeks 1-5 total of 280.,ffe911b65b5019529f8a7a322ad058e013a0e6146677c35d796f075e2572f09b,8e21d4821be776332f3504f55f85b4277f326f03513b2c7501fbdedf92b8b1a2,98e5bb4281312953f19a18383d2d6691e34279618c900c736d39c22085bb1b0a,f53c43b2c822d111bca9e3ae615ceb539ff324fbf9fae9a07ded738891b01546,477fee196153c242d686d57bb9605fedb219ebdcdb8ee09b33660fc52cd8c120,efb2c9b0cb1be3de920b75bf0f5f5f1cace273389576971cd0b9d19ef382067d,3049c664dd1b2e517d0ef8b59c0078d485f327951d4603e1bc460e11248013c2
2026-27:449,8,4.649431402860874,2026-10-10T09:11:16Z,2026-10-10T10:00:00Z,Current formula at this deadline. This file does not replace the published Gameweeks 1-5 total of 280.,ffe911b65b5019529f8a7a322ad058e013a0e6146677c35d796f075e2572f09b,8e21d4821be776332f3504f55f85b4277f326f03513b2c7501fbdedf92b8b1a2,98e5bb4281312953f19a18383d2d6691e34279618c900c736d39c22085bb1b0a,f53c43b2c822d111bca9e3ae615ceb539ff324fbf9fae9a07ded738891b01546,477fee196153c242d686d57bb9605fedb219ebdcdb8ee09b33660fc52cd8c120,efb2c9b0cb1be3de920b75bf0f5f5f1cace273389576971cd0b9d19ef382067d,3049c664dd1b2e517d0ef8b59c0078d485f327951d4603e1bc460e11248013c2
2026-27:45,8,3.8122805278482583,2026-10-10T09:11:16Z,2026-10-10T10:00:00Z,Current formula at this deadline. This file does not replace the published Gameweeks 1-5 total of 280.,ffe911b65b5019529f8a7a322ad058e013a0e6146677c35d796f075e2572f09b,8e21d4821be776332f3504f55f85b4277f326f03513b2c7501fbdedf92b8b1a2,98e5bb4281312953f19a18383d2d6691e34279618c900c736d39c22085bb1b0a,f53c43b2c822d111bca9e3ae615ceb539ff324fbf9fae9a07ded738891b01546,477fee196153c242d686d57bb9605fedb219ebdcdb8ee09b33660fc52cd8c120,efb2c9b0cb1be3de920b75bf0f5f5f1cace273389576971cd0b9d19ef382067d,3049c664dd1b2e517d0ef8b59c0078d485f327951d4603e1bc460e11248013c2
2026-27:453,8,3.413142768801975,2026-10-10T09:11:16Z,2026-10-10T10:00:00Z,Current formula at this deadline. This file does not replace the published Gameweeks 1-5 total of 280.,ffe911b65b5019529f8a7a322ad058e013a0e6146677c35d796f075e2572f09b,8e21d4821be776332f3504f55f85b4277f326f03513b2c7501fbdedf92b8b1a2,98e5bb4281312953f19a18383d2d6691e34279618c900c736d39c22085bb1b0a,f53c43b2c822d111bca9e3ae615ceb539ff324fbf9fae9a07ded738891b01546,477fee196153c242d686d57bb9605fedb219ebdcdb8ee09b33660fc52cd8c120,efb2c9b0cb1be3de920b75bf0f5f5f1cace273389576971cd0b9d19ef382067d,3049c664dd1b2e517d0ef8b59c0078d485f327951d4603e1bc460e11248013c2
2026-27:455,8,3.15646249162662,2026-10-10T09:11:16Z,2026-10-10T10:00:00Z,Current formula at this deadline. This file does not replace the published Gameweeks 1-5 total of 280.,ffe911b65b5019529f8a7a322ad058e013a0e6146677c35d796f075e2572f09b,8e21d4821be776332f3504f55f85b4277f326f03513b2c7501fbdedf92b8b1a2,98e5bb4281312953f19a18383d2d6691e34279618c900c736d39c22085bb1b0a,f53c43b2c822d111bca9e3ae615ceb539ff324fbf9fae9a07ded738891b01546,477fee196153c242d686d57bb9605fedb219ebdcdb8ee09b33660fc52cd8c120,efb2c9b0cb1be3de920b75bf0f5f5f1cace273389576971cd0b9d19ef382067d,3049c664dd1b2e517d0ef8b59c0078d485f327951d4603e1bc460e11248013c2
2026-27:457,8,2.3069099824665975,2026-10-10T09:11:16Z,2026-10-10T10:00:00Z,Current formula at this deadline. This file does not replace the published Gameweeks 1-5 total of 280.,ffe911b65b5019529f8a7a322ad058e013a0e6146677c35d796f075e2572f09b,8e21d4821be776332f3504f55f85b4277f326f03513b2c7501fbdedf92b8b1a2,98e5bb4281312953f19a18383d2d6691e34279618c900c736d39c22085bb1b0a,f53c43b2c822d111bca9e3ae615ceb539ff324fbf9fae9a07ded738891b01546,477fee196153c242d686d57bb9605fedb219ebdcdb8ee09b33660fc52cd8c120,efb2c9b0cb1be3de920b75bf0f5f5f1cace273389576971cd0b9d19ef382067d,3049c664dd1b2e517d0ef8b59c0078d485f327951d4603e1bc460e11248013c2
2026-27:458,8,2.177389957526916,2026-10-10T09:11:16Z,2026-10-10T10:00:00Z,Current formula at this deadline. This file does not replace the published Gameweeks 1-5 total of 280.,ffe911b65b5019529f8a7a322ad058e013a0e6146677c35d796f075e2572f09b,8e21d4821be776332f3504f55f85b4277f326f03513b2c7501fbdedf92b8b1a2,98e5bb4281312953f19a18383d2d6691e34279618c900c736d39c22085bb1b0a,f53c43b2c822d111bca9e3ae615ceb539ff324fbf9fae9a07ded738891b01546,477fee196153c242d686d57bb9605fedb219ebdcdb8ee09b33660fc52cd8c120,efb2c9b0cb1be3de920b75bf0f5f5f1cace273389576971cd0b9d19ef382067d,3049c664dd1b2e517d0ef8b59c0078d485f327951d4603e1bc460e11248013c2
2026-27:46,8,2.7448148751316226,2026-10-10T09:11:16Z,2026-10-10T10:00:00Z,Current formula at this deadline. This file does not replace the published Gameweeks 1-5 total of 280.,ffe911b65b5019529f8a7a322ad058e013a0e6146677c35d796f075e2572f09b,8e21d4821be776332f3504f55f85b4277f326f03513b2c7501fbdedf92b8b1a2,98e5bb4281312953f19a18383d2d6691e34279618c900c736d39c22085bb1b0a,f53c43b2c822d111bca9e3ae615ceb539ff324fbf9fae9a07ded738891b01546,477fee196153c242d686d57bb9605fedb219ebdcdb8ee09b33660fc52cd8c120,efb2c9b0cb1be3de920b75bf0f5f5f1cace273389576971cd0b9d19ef382067d,3049c664dd1b2e517d0ef8b59c0078d485f327951d4603e1bc460e11248013c2
2026-27:460,8,3.561802924478669,2026-10-10T09:11:16Z,2026-10-10T10:00:00Z,Current formula at this deadline. This file does not replace the published Gameweeks 1-5 total of 280.,ffe911b65b5019529f8a7a322ad058e013a0e6146677c35d796f075e2572f09b,8e21d4821be776332f3504f55f85b4277f326f03513b2c7501fbdedf92b8b1a2,98e5bb4281312953f19a18383d2d6691e34279618c900c736d39c22085bb1b0a,f53c43b2c822d111bca9e3ae615ceb539ff324fbf9fae9a07ded738891b01546,477fee196153c242d686d57bb9605fedb219ebdcdb8ee09b33660fc52cd8c120,efb2c9b0cb1be3de920b75bf0f5f5f1cace273389576971cd0b9d19ef382067d,3049c664dd1b2e517d0ef8b59c0078d485f327951d4603e1bc460e11248013c2
2026-27:464,8,4.4670838268022255,2026-10-10T09:11:16Z,2026-10-10T10:00:00Z,Current formula at this deadline. This file does not replace the published Gameweeks 1-5 total of 280.,ffe911b65b5019529f8a7a322ad058e013a0e6146677c35d796f075e2572f09b,8e21d4821be776332f3504f55f85b4277f326f03513b2c7501fbdedf92b8b1a2,98e5bb4281312953f19a18383d2d6691e34279618c900c736d39c22085bb1b0a,f53c43b2c822d111bca9e3ae615ceb539ff324fbf9fae9a07ded738891b01546,477fee196153c242d686d57bb9605fedb219ebdcdb8ee09b33660fc52cd8c120,efb2c9b0cb1be3de920b75bf0f5f5f1cace273389576971cd0b9d19ef382067d,3049c664dd1b2e517d0ef8b59c0078d485f327951d4603e1bc460e11248013c2
2026-27:467,8,3.161776920588904,2026-10-10T09:11:16Z,2026-10-10T10:00:00Z,Current formula at this deadline. This file does not replace the published Gameweeks 1-5 total of 280.,ffe911b65b5019529f8a7a322ad058e013a0e6146677c35d796f075e2572f09b,8e21d4821be776332f3504f55f85b4277f326f03513b2c7501fbdedf92b8b1a2,98e5bb4281312953f19a18383d2d6691e34279618c900c736d39c22085bb1b0a,f53c43b2c822d111bca9e3ae615ceb539ff324fbf9fae9a07ded738891b01546,477fee196153c242d686d57bb9605fedb219ebdcdb8ee09b33660fc52cd8c120,efb2c9b0cb1be3de920b75bf0f5f5f1cace273389576971cd0b9d19ef382067d,3049c664dd1b2e517d0ef8b59c0078d485f327951d4603e1bc460e11248013c2
2026-27:469,8,2.523150710314447,2026-10-10T09:11:16Z,2026-10-10T10:00:00Z,Current formula at this deadline. This file does not replace the published Gameweeks 1-5 total of 280.,ffe911b65b5019529f8a7a322ad058e013a0e6146677c35d796f075e2572f09b,8e21d4821be776332f3504f55f85b4277f326f03513b2c7501fbdedf92b8b1a2,98e5bb4281312953f19a18383d2d6691e34279618c900c736d39c22085bb1b0a,f53c43b2c822d111bca9e3ae615ceb539ff324fbf9fae9a07ded738891b01546,477fee196153c242d686d57bb9605fedb219ebdcdb8ee09b33660fc52cd8c120,efb2c9b0cb1be3de920b75bf0f5f5f1cace273389576971cd0b9d19ef382067d,3049c664dd1b2e517d0ef8b59c0078d485f327951d4603e1bc460e11248013c2
2026-27:47,8,2.5812574908287917,2026-10-10T09:11:16Z,2026-10-10T10:00:00Z,Current formula at this deadline. This file does not replace the published Gameweeks 1-5 total of 280.,ffe911b65b5019529f8a7a322ad058e013a0e6146677c35d796f075e2572f09b,8e21d4821be776332f3504f55f85b4277f326f03513b2c7501fbdedf92b8b1a2,98e5bb4281312953f19a18383d2d6691e34279618c900c736d39c22085bb1b0a,f53c43b2c822d111bca9e3ae615ceb539ff324fbf9fae9a07ded738891b01546,477fee196153c242d686d57bb9605fedb219ebdcdb8ee09b33660fc52cd8c120,efb2c9b0cb1be3de920b75bf0f5f5f1cace273389576971cd0b9d19ef382067d,3049c664dd1b2e517d0ef8b59c0078d485f327951d4603e1bc460e11248013c2
2026-27:472,8,4.406378723690176,2026-10-10T09:11:16Z,2026-10-10T10:00:00Z,Current formula at this deadline. This file does not replace the published Gameweeks 1-5 total of 280.,ffe911b65b5019529f8a7a322ad058e013a0e6146677c35d796f075e2572f09b,8e21d4821be776332f3504f55f85b4277f326f03513b2c7501fbdedf92b8b1a2,98e5bb4281312953f19a18383d2d6691e34279618c900c736d39c22085bb1b0a,f53c43b2c822d111bca9e3ae615ceb539ff324fbf9fae9a07ded738891b01546,477fee196153c242d686d57bb9605fedb219ebdcdb8ee09b33660fc52cd8c120,efb2c9b0cb1be3de920b75bf0f5f5f1cace273389576971cd0b9d19ef382067d,3049c664dd1b2e517d0ef8b59c0078d485f327951d4603e1bc460e11248013c2
2026-27:473,8,2.0716356253010835,2026-10-10T09:11:16Z,2026-10-10T10:00:00Z,Current formula at this deadline. This file does not replace the published Gameweeks 1-5 total of 280.,ffe911b65b5019529f8a7a322ad058e013a0e6146677c35d796f075e2572f09b,8e21d4821be776332f3504f55f85b4277f326f03513b2c7501fbdedf92b8b1a2,98e5bb4281312953f19a18383d2d6691e34279618c900c736d39c22085bb1b0a,f53c43b2c822d111bca9e3ae615ceb539ff324fbf9fae9a07ded738891b01546,477fee196153c242d686d57bb9605fedb219ebdcdb8ee09b33660fc52cd8c120,efb2c9b0cb1be3de920b75bf0f5f5f1cace273389576971cd0b9d19ef382067d,3049c664dd1b2e517d0ef8b59c0078d485f327951d4603e1bc460e11248013c2
2026-27:474,8,2.689392245322569,2026-10-10T09:11:16Z,2026-10-10T10:00:00Z,Current formula at this deadline. This file does not replace the published Gameweeks 1-5 total of 280.,ffe911b65b5019529f8a7a322ad058e013a0e6146677c35d796f075e2572f09b,8e21d4821be776332f3504f55f85b4277f326f03513b2c7501fbdedf92b8b1a2,98e5bb4281312953f19a18383d2d6691e34279618c900c736d39c22085bb1b0a,f53c43b2c822d111bca9e3ae615ceb539ff324fbf9fae9a07ded738891b01546,477fee196153c242d686d57bb9605fedb219ebdcdb8ee09b33660fc52cd8c120,efb2c9b0cb1be3de920b75bf0f5f5f1cace273389576971cd0b9d19ef382067d,3049c664dd1b2e517d0ef8b59c0078d485f327951d4603e1bc460e11248013c2
2026-27:480,8,4.197624707425504,2026-10-10T09:11:16Z,2026-10-10T10:00:00Z,Current formula at this deadline. This file does not replace the published Gameweeks 1-5 total of 280.,ffe911b65b5019529f8a7a322ad058e013a0e6146677c35d796f075e2572f09b,8e21d4821be776332f3504f55f85b4277f326f03513b2c7501fbdedf92b8b1a2,98e5bb4281312953f19a18383d2d6691e34279618c900c736d39c22085bb1b0a,f53c43b2c822d111bca9e3ae615ceb539ff324fbf9fae9a07ded738891b01546,477fee196153c242d686d57bb9605fedb219ebdcdb8ee09b33660fc52cd8c120,efb2c9b0cb1be3de920b75bf0f5f5f1cace273389576971cd0b9d19ef382067d,3049c664dd1b2e517d0ef8b59c0078d485f327951d4603e1bc460e11248013c2
2026-27:481,8,3.26413251336882,2026-10-10T09:11:16Z,2026-10-10T10:00:00Z,Current formula at this deadline. This file does not replace the published Gameweeks 1-5 total of 280.,ffe911b65b5019529f8a7a322ad058e013a0e6146677c35d796f075e2572f09b,8e21d4821be776332f3504f55f85b4277f326f03513b2c7501fbdedf92b8b1a2,98e5bb4281312953f19a18383d2d6691e34279618c900c736d39c22085bb1b0a,f53c43b2c822d111bca9e3ae615ceb539ff324fbf9fae9a07ded738891b01546,477fee196153c242d686d57bb9605fedb219ebdcdb8ee09b33660fc52cd8c120,efb2c9b0cb1be3de920b75bf0f5f5f1cace273389576971cd0b9d19ef382067d,3049c664dd1b2e517d0ef8b59c0078d485f327951d4603e1bc460e11248013c2
2026-27:483,8,3.727778066231905,2026-10-10T09:11:16Z,2026-10-10T10:00:00Z,Current formula at this deadline. This file does not replace the published Gameweeks 1-5 total of 280.,ffe911b65b5019529f8a7a322ad058e013a0e6146677c35d796f075e2572f09b,8e21d4821be776332f3504f55f85b4277f326f03513b2c7501fbdedf92b8b1a2,98e5bb4281312953f19a18383d2d6691e34279618c900c736d39c22085bb1b0a,f53c43b2c822d111bca9e3ae615ceb539ff324fbf9fae9a07ded738891b01546,477fee196153c242d686d57bb9605fedb219ebdcdb8ee09b33660fc52cd8c120,efb2c9b0cb1be3de920b75bf0f5f5f1cace273389576971cd0b9d19ef382067d,3049c664dd1b2e517d0ef8b59c0078d485f327951d4603e1bc460e11248013c2
2026-27:486,8,3.3201684030970036,2026-10-10T09:11:16Z,2026-10-10T10:00:00Z,Current formula at this deadline. This file does not replace the published Gameweeks 1-5 total of 280.,ffe911b65b5019529f8a7a322ad058e013a0e6146677c35d796f075e2572f09b,8e21d4821be776332f3504f55f85b4277f326f03513b2c7501fbdedf92b8b1a2,98e5bb4281312953f19a18383d2d6691e34279618c900c736d39c22085bb1b0a,f53c43b2c822d111bca9e3ae615ceb539ff324fbf9fae9a07ded738891b01546,477fee196153c242d686d57bb9605fedb219ebdcdb8ee09b33660fc52cd8c120,efb2c9b0cb1be3de920b75bf0f5f5f1cace273389576971cd0b9d19ef382067d,3049c664dd1b2e517d0ef8b59c0078d485f327951d4603e1bc460e11248013c2
2026-27:496,8,3.1175330343185625,2026-10-10T09:11:16Z,2026-10-10T10:00:00Z,Current formula at this deadline. This file does not replace the published Gameweeks 1-5 total of 280.,ffe911b65b5019529f8a7a322ad058e013a0e6146677c35d796f075e2572f09b,8e21d4821be776332f3504f55f85b4277f326f03513b2c7501fbdedf92b8b1a2,98e5bb4281312953f19a18383d2d6691e34279618c900c736d39c22085bb1b0a,f53c43b2c822d111bca9e3ae615ceb539ff324fbf9fae9a07ded738891b01546,477fee196153c242d686d57bb9605fedb219ebdcdb8ee09b33660fc52cd8c120,efb2c9b0cb1be3de920b75bf0f5f5f1cace273389576971cd0b9d19ef382067d,3049c664dd1b2e517d0ef8b59c0078d485f327951d4603e1bc460e11248013c2
2026-27:501,8,2.652764010089163,2026-10-10T09:11:16Z,2026-10-10T10:00:00Z,Current formula at this deadline. This file does not replace the published Gameweeks 1-5 total of 280.,ffe911b65b5019529f8a7a322ad058e013a0e6146677c35d796f075e2572f09b,8e21d4821be776332f3504f55f85b4277f326f03513b2c7501fbdedf92b8b1a2,98e5bb4281312953f19a18383d2d6691e34279618c900c736d39c22085bb1b0a,f53c43b2c822d111bca9e3ae615ceb539ff324fbf9fae9a07ded738891b01546,477fee196153c242d686d57bb9605fedb219ebdcdb8ee09b33660fc52cd8c120,efb2c9b0cb1be3de920b75bf0f5f5f1cace273389576971cd0b9d19ef382067d,3049c664dd1b2e517d0ef8b59c0078d485f327951d4603e1bc460e11248013c2
2026-27:502,8,2.9580930729973036,2026-10-10T09:11:16Z,2026-10-10T10:00:00Z,Current formula at this deadline. This file does not replace the published Gameweeks 1-5 total of 280.,ffe911b65b5019529f8a7a322ad058e013a0e6146677c35d796f075e2572f09b,8e21d4821be776332f3504f55f85b4277f326f03513b2c7501fbdedf92b8b1a2,98e5bb4281312953f19a18383d2d6691e34279618c900c736d39c22085bb1b0a,f53c43b2c822d111bca9e3ae615ceb539ff324fbf9fae9a07ded738891b01546,477fee196153c242d686d57bb9605fedb219ebdcdb8ee09b33660fc52cd8c120,efb2c9b0cb1be3de920b75bf0f5f5f1cace273389576971cd0b9d19ef382067d,3049c664dd1b2e517d0ef8b59c0078d485f327951d4603e1bc460e11248013c2
2026-27:503,8,2.9607805555041584,2026-10-10T09:11:16Z,2026-10-10T10:00:00Z,Current formula at this deadline. This file does not replace the published Gameweeks 1-5 total of 280.,ffe911b65b5019529f8a7a322ad058e013a0e6146677c35d796f075e2572f09b,8e21d4821be776332f3504f55f85b4277f326f03513b2c7501fbdedf92b8b1a2,98e5bb4281312953f19a18383d2d6691e34279618c900c736d39c22085bb1b0a,f53c43b2c822d111bca9e3ae615ceb539ff324fbf9fae9a07ded738891b01546,477fee196153c242d686d57bb9605fedb219ebdcdb8ee09b33660fc52cd8c120,efb2c9b0cb1be3de920b75bf0f5f5f1cace273389576971cd0b9d19ef382067d,3049c664dd1b2e517d0ef8b59c0078d485f327951d4603e1bc460e11248013c2
2026-27:504,8,3.342437249026543,2026-10-10T09:11:16Z,2026-10-10T10:00:00Z,Current formula at this deadline. This file does not replace the published Gameweeks 1-5 total of 280.,ffe911b65b5019529f8a7a322ad058e013a0e6146677c35d796f075e2572f09b,8e21d4821be776332f3504f55f85b4277f326f03513b2c7501fbdedf92b8b1a2,98e5bb4281312953f19a18383d2d6691e34279618c900c736d39c22085bb1b0a,f53c43b2c822d111bca9e3ae615ceb539ff324fbf9fae9a07ded738891b01546,477fee196153c242d686d57bb9605fedb219ebdcdb8ee09b33660fc52cd8c120,efb2c9b0cb1be3de920b75bf0f5f5f1cace273389576971cd0b9d19ef382067d,3049c664dd1b2e517d0ef8b59c0078d485f327951d4603e1bc460e11248013c2
2026-27:51,8,1.9336771739513896,2026-10-10T09:11:16Z,2026-10-10T10:00:00Z,Current formula at this deadline. This file does not replace the published Gameweeks 1-5 total of 280.,ffe911b65b5019529f8a7a322ad058e013a0e6146677c35d796f075e2572f09b,8e21d4821be776332f3504f55f85b4277f326f03513b2c7501fbdedf92b8b1a2,98e5bb4281312953f19a18383d2d6691e34279618c900c736d39c22085bb1b0a,f53c43b2c822d111bca9e3ae615ceb539ff324fbf9fae9a07ded738891b01546,477fee196153c242d686d57bb9605fedb219ebdcdb8ee09b33660fc52cd8c120,efb2c9b0cb1be3de920b75bf0f5f5f1cace273389576971cd0b9d19ef382067d,3049c664dd1b2e517d0ef8b59c0078d485f327951d4603e1bc460e11248013c2
2026-27:516,8,3.0168779375083217,2026-10-10T09:11:16Z,2026-10-10T10:00:00Z,Current formula at this deadline. This file does not replace the published Gameweeks 1-5 total of 280.,ffe911b65b5019529f8a7a322ad058e013a0e6146677c35d796f075e2572f09b,8e21d4821be776332f3504f55f85b4277f326f03513b2c7501fbdedf92b8b1a2,98e5bb4281312953f19a18383d2d6691e34279618c900c736d39c22085bb1b0a,f53c43b2c822d111bca9e3ae615ceb539ff324fbf9fae9a07ded738891b01546,477fee196153c242d686d57bb9605fedb219ebdcdb8ee09b33660fc52cd8c120,efb2c9b0cb1be3de920b75bf0f5f5f1cace273389576971cd0b9d19ef382067d,3049c664dd1b2e517d0ef8b59c0078d485f327951d4603e1bc460e11248013c2
2026-27:522,8,2.1239026468098468,2026-10-10T09:11:16Z,2026-10-10T10:00:00Z,Current formula at this deadline. This file does not replace the published Gameweeks 1-5 total of 280.,ffe911b65b5019529f8a7a322ad058e013a0e6146677c35d796f075e2572f09b,8e21d4821be776332f3504f55f85b4277f326f03513b2c7501fbdedf92b8b1a2,98e5bb4281312953f19a18383d2d6691e34279618c900c736d39c22085bb1b0a,f53c43b2c822d111bca9e3ae615ceb539ff324fbf9fae9a07ded738891b01546,477fee196153c242d686d57bb9605fedb219ebdcdb8ee09b33660fc52cd8c120,efb2c9b0cb1be3de920b75bf0f5f5f1cace273389576971cd0b9d19ef382067d,3049c664dd1b2e517d0ef8b59c0078d485f327951d4603e1bc460e11248013c2
2026-27:528,8,0.0,2026-10-10T09:11:16Z,2026-10-10T10:00:00Z,Current formula at this deadline. This file does not replace the published Gameweeks 1-5 total of 280.,ffe911b65b5019529f8a7a322ad058e013a0e6146677c35d796f075e2572f09b,8e21d4821be776332f3504f55f85b4277f326f03513b2c7501fbdedf92b8b1a2,98e5bb4281312953f19a18383d2d6691e34279618c900c736d39c22085bb1b0a,f53c43b2c822d111bca9e3ae615ceb539ff324fbf9fae9a07ded738891b01546,477fee196153c242d686d57bb9605fedb219ebdcdb8ee09b33660fc52cd8c120,efb2c9b0cb1be3de920b75bf0f5f5f1cace273389576971cd0b9d19ef382067d,3049c664dd1b2e517d0ef8b59c0078d485f327951d4603e1bc460e11248013c2
2026-27:529,8,3.3181029744400403,2026-10-10T09:11:16Z,2026-10-10T10:00:00Z,Current formula at this deadline. This file does not replace the published Gameweeks 1-5 total of 280.,ffe911b65b5019529f8a7a322ad058e013a0e6146677c35d796f075e2572f09b,8e21d4821be776332f3504f55f85b4277f326f03513b2c7501fbdedf92b8b1a2,98e5bb4281312953f19a18383d2d6691e34279618c900c736d39c22085bb1b0a,f53c43b2c822d111bca9e3ae615ceb539ff324fbf9fae9a07ded738891b01546,477fee196153c242d686d57bb9605fedb219ebdcdb8ee09b33660fc52cd8c120,efb2c9b0cb1be3de920b75bf0f5f5f1cace273389576971cd0b9d19ef382067d,3049c664dd1b2e517d0ef8b59c0078d485f327951d4603e1bc460e11248013c2
2026-27:533,8,4.171282814572215,2026-10-10T09:11:16Z,2026-10-10T10:00:00Z,Current formula at this deadline. This file does not replace the published Gameweeks 1-5 total of 280.,ffe911b65b5019529f8a7a322ad058e013a0e6146677c35d796f075e2572f09b,8e21d4821be776332f3504f55f85b4277f326f03513b2c7501fbdedf92b8b1a2,98e5bb4281312953f19a18383d2d6691e34279618c900c736d39c22085bb1b0a,f53c43b2c822d111bca9e3ae615ceb539ff324fbf9fae9a07ded738891b01546,477fee196153c242d686d57bb9605fedb219ebdcdb8ee09b33660fc52cd8c120,efb2c9b0cb1be3de920b75bf0f5f5f1cace273389576971cd0b9d19ef382067d,3049c664dd1b2e517d0ef8b59c0078d485f327951d4603e1bc460e11248013c2
2026-27:536,8,2.7329580233302906,2026-10-10T09:11:16Z,2026-10-10T10:00:00Z,Current formula at this deadline. This file does not replace the published Gameweeks 1-5 total of 280.,ffe911b65b5019529f8a7a322ad058e013a0e6146677c35d796f075e2572f09b,8e21d4821be776332f3504f55f85b4277f326f03513b2c7501fbdedf92b8b1a2,98e5bb4281312953f19a18383d2d6691e34279618c900c736d39c22085bb1b0a,f53c43b2c822d111bca9e3ae615ceb539ff324fbf9fae9a07ded738891b01546,477fee196153c242d686d57bb9605fedb219ebdcdb8ee09b33660fc52cd8c120,efb2c9b0cb1be3de920b75bf0f5f5f1cace273389576971cd0b9d19ef382067d,3049c664dd1b2e517d0ef8b59c0078d485f327951d4603e1bc460e11248013c2
2026-27:541,8,3.204576498408144,2026-10-10T09:11:16Z,2026-10-10T10:00:00Z,Current formula at this deadline. This file does not replace the published Gameweeks 1-5 total of 280.,ffe911b65b5019529f8a7a322ad058e013a0e6146677c35d796f075e2572f09b,8e21d4821be776332f3504f55f85b4277f326f03513b2c7501fbdedf92b8b1a2,98e5bb4281312953f19a18383d2d6691e34279618c900c736d39c22085bb1b0a,f53c43b2c822d111bca9e3ae615ceb539ff324fbf9fae9a07ded738891b01546,477fee196153c242d686d57bb9605fedb219ebdcdb8ee09b33660fc52cd8c120,efb2c9b0cb1be3de920b75bf0f5f5f1cace273389576971cd0b9d19ef382067d,3049c664dd1b2e517d0ef8b59c0078d485f327951d4603e1bc460e11248013c2
2026-27:542,8,4.662994059706698,2026-10-10T09:11:16Z,2026-10-10T10:00:00Z,Current formula at this deadline. This file does not replace the published Gameweeks 1-5 total of 280.,ffe911b65b5019529f8a7a322ad058e013a0e6146677c35d796f075e2572f09b,8e21d4821be776332f3504f55f85b4277f326f03513b2c7501fbdedf92b8b1a2,98e5bb4281312953f19a18383d2d6691e34279618c900c736d39c22085bb1b0a,f53c43b2c822d111bca9e3ae615ceb539ff324fbf9fae9a07ded738891b01546,477fee196153c242d686d57bb9605fedb219ebdcdb8ee09b33660fc52cd8c120,efb2c9b0cb1be3de920b75bf0f5f5f1cace273389576971cd0b9d19ef382067d,3049c664dd1b2e517d0ef8b59c0078d485f327951d4603e1bc460e11248013c2
2026-27:544,8,3.863078864329197,2026-10-10T09:11:16Z,2026-10-10T10:00:00Z,Current formula at this deadline. This file does not replace the published Gameweeks 1-5 total of 280.,ffe911b65b5019529f8a7a322ad058e013a0e6146677c35d796f075e2572f09b,8e21d4821be776332f3504f55f85b4277f326f03513b2c7501fbdedf92b8b1a2,98e5bb4281312953f19a18383d2d6691e34279618c900c736d39c22085bb1b0a,f53c43b2c822d111bca9e3ae615ceb539ff324fbf9fae9a07ded738891b01546,477fee196153c242d686d57bb9605fedb219ebdcdb8ee09b33660fc52cd8c120,efb2c9b0cb1be3de920b75bf0f5f5f1cace273389576971cd0b9d19ef382067d,3049c664dd1b2e517d0ef8b59c0078d485f327951d4603e1bc460e11248013c2
2026-27:545,8,2.689525153477967,2026-10-10T09:11:16Z,2026-10-10T10:00:00Z,Current formula at this deadline. This file does not replace the published Gameweeks 1-5 total of 280.,ffe911b65b5019529f8a7a322ad058e013a0e6146677c35d796f075e2572f09b,8e21d4821be776332f3504f55f85b4277f326f03513b2c7501fbdedf92b8b1a2,98e5bb4281312953f19a18383d2d6691e34279618c900c736d39c22085bb1b0a,f53c43b2c822d111bca9e3ae615ceb539ff324fbf9fae9a07ded738891b01546,477fee196153c242d686d57bb9605fedb219ebdcdb8ee09b33660fc52cd8c120,efb2c9b0cb1be3de920b75bf0f5f5f1cace273389576971cd0b9d19ef382067d,3049c664dd1b2e517d0ef8b59c0078d485f327951d4603e1bc460e11248013c2
2026-27:551,8,2.767130047830765,2026-10-10T09:11:16Z,2026-10-10T10:00:00Z,Current formula at this deadline. This file does not replace the published Gameweeks 1-5 total of 280.,ffe911b65b5019529f8a7a322ad058e013a0e6146677c35d796f075e2572f09b,8e21d4821be776332f3504f55f85b4277f326f03513b2c7501fbdedf92b8b1a2,98e5bb4281312953f19a18383d2d6691e34279618c900c736d39c22085bb1b0a,f53c43b2c822d111bca9e3ae615ceb539ff324fbf9fae9a07ded738891b01546,477fee196153c242d686d57bb9605fedb219ebdcdb8ee09b33660fc52cd8c120,efb2c9b0cb1be3de920b75bf0f5f5f1cace273389576971cd0b9d19ef382067d,3049c664dd1b2e517d0ef8b59c0078d485f327951d4603e1bc460e11248013c2
2026-27:558,8,3.172440805901417,2026-10-10T09:11:16Z,2026-10-10T10:00:00Z,Current formula at this deadline. This file does not replace the published Gameweeks 1-5 total of 280.,ffe911b65b5019529f8a7a322ad058e013a0e6146677c35d796f075e2572f09b,8e21d4821be776332f3504f55f85b4277f326f03513b2c7501fbdedf92b8b1a2,98e5bb4281312953f19a18383d2d6691e34279618c900c736d39c22085bb1b0a,f53c43b2c822d111bca9e3ae615ceb539ff324fbf9fae9a07ded738891b01546,477fee196153c242d686d57bb9605fedb219ebdcdb8ee09b33660fc52cd8c120,efb2c9b0cb1be3de920b75bf0f5f5f1cace273389576971cd0b9d19ef382067d,3049c664dd1b2e517d0ef8b59c0078d485f327951d4603e1bc460e11248013c2
2026-27:560,8,2.2958938804364992,2026-10-10T09:11:16Z,2026-10-10T10:00:00Z,Current formula at this deadline. This file does not replace the published Gameweeks 1-5 total of 280.,ffe911b65b5019529f8a7a322ad058e013a0e6146677c35d796f075e2572f09b,8e21d4821be776332f3504f55f85b4277f326f03513b2c7501fbdedf92b8b1a2,98e5bb4281312953f19a18383d2d6691e34279618c900c736d39c22085bb1b0a,f53c43b2c822d111bca9e3ae615ceb539ff324fbf9fae9a07ded738891b01546,477fee196153c242d686d57bb9605fedb219ebdcdb8ee09b33660fc52cd8c120,efb2c9b0cb1be3de920b75bf0f5f5f1cace273389576971cd0b9d19ef382067d,3049c664dd1b2e517d0ef8b59c0078d485f327951d4603e1bc460e11248013c2
2026-27:564,8,3.53373650088429,2026-10-10T09:11:16Z,2026-10-10T10:00:00Z,Current formula at this deadline. This file does not replace the published Gameweeks 1-5 total of 280.,ffe911b65b5019529f8a7a322ad058e013a0e6146677c35d796f075e2572f09b,8e21d4821be776332f3504f55f85b4277f326f03513b2c7501fbdedf92b8b1a2,98e5bb4281312953f19a18383d2d6691e34279618c900c736d39c22085bb1b0a,f53c43b2c822d111bca9e3ae615ceb539ff324fbf9fae9a07ded738891b01546,477fee196153c242d686d57bb9605fedb219ebdcdb8ee09b33660fc52cd8c120,efb2c9b0cb1be3de920b75bf0f5f5f1cace273389576971cd0b9d19ef382067d,3049c664dd1b2e517d0ef8b59c0078d485f327951d4603e1bc460e11248013c2
2026-27:565,8,3.4769998959355175,2026-10-10T09:11:16Z,2026-10-10T10:00:00Z,Current formula at this deadline. This file does not replace the published Gameweeks 1-5 total of 280.,ffe911b65b5019529f8a7a322ad058e013a0e6146677c35d796f075e2572f09b,8e21d4821be776332f3504f55f85b4277f326f03513b2c7501fbdedf92b8b1a2,98e5bb4281312953f19a18383d2d6691e34279618c900c736d39c22085bb1b0a,f53c43b2c822d111bca9e3ae615ceb539ff324fbf9fae9a07ded738891b01546,477fee196153c242d686d57bb9605fedb219ebdcdb8ee09b33660fc52cd8c120,efb2c9b0cb1be3de920b75bf0f5f5f1cace273389576971cd0b9d19ef382067d,3049c664dd1b2e517d0ef8b59c0078d485f327951d4603e1bc460e11248013c2
2026-27:566,8,4.816876412587135,2026-10-10T09:11:16Z,2026-10-10T10:00:00Z,Current formula at this deadline. This file does not replace the published Gameweeks 1-5 total of 280.,ffe911b65b5019529f8a7a322ad058e013a0e6146677c35d796f075e2572f09b,8e21d4821be776332f3504f55f85b4277f326f03513b2c7501fbdedf92b8b1a2,98e5bb4281312953f19a18383d2d6691e34279618c900c736d39c22085bb1b0a,f53c43b2c822d111bca9e3ae615ceb539ff324fbf9fae9a07ded738891b01546,477fee196153c242d686d57bb9605fedb219ebdcdb8ee09b33660fc52cd8c120,efb2c9b0cb1be3de920b75bf0f5f5f1cace273389576971cd0b9d19ef382067d,3049c664dd1b2e517d0ef8b59c0078d485f327951d4603e1bc460e11248013c2
2026-27:567,8,3.2341833157430266,2026-10-10T09:11:16Z,2026-10-10T10:00:00Z,Current formula at this deadline. This file does not replace the published Gameweeks 1-5 total of 280.,ffe911b65b5019529f8a7a322ad058e013a0e6146677c35d796f075e2572f09b,8e21d4821be776332f3504f55f85b4277f326f03513b2c7501fbdedf92b8b1a2,98e5bb4281312953f19a18383d2d6691e34279618c900c736d39c22085bb1b0a,f53c43b2c822d111bca9e3ae615ceb539ff324fbf9fae9a07ded738891b01546,477fee196153c242d686d57bb9605fedb219ebdcdb8ee09b33660fc52cd8c120,efb2c9b0cb1be3de920b75bf0f5f5f1cace273389576971cd0b9d19ef382067d,3049c664dd1b2e517d0ef8b59c0078d485f327951d4603e1bc460e11248013c2
2026-27:569,8,3.961360879039111,2026-10-10T09:11:16Z,2026-10-10T10:00:00Z,Current formula at this deadline. This file does not replace the published Gameweeks 1-5 total of 280.,ffe911b65b5019529f8a7a322ad058e013a0e6146677c35d796f075e2572f09b,8e21d4821be776332f3504f55f85b4277f326f03513b2c7501fbdedf92b8b1a2,98e5bb4281312953f19a18383d2d6691e34279618c900c736d39c22085bb1b0a,f53c43b2c822d111bca9e3ae615ceb539ff324fbf9fae9a07ded738891b01546,477fee196153c242d686d57bb9605fedb219ebdcdb8ee09b33660fc52cd8c120,efb2c9b0cb1be3de920b75bf0f5f5f1cace273389576971cd0b9d19ef382067d,3049c664dd1b2e517d0ef8b59c0078d485f327951d4603e1bc460e11248013c2
2026-27:57,8,3.1278854240569816,2026-10-10T09:11:16Z,2026-10-10T10:00:00Z,Current formula at this deadline. This file does not replace the published Gameweeks 1-5 total of 280.,ffe911b65b5019529f8a7a322ad058e013a0e6146677c35d796f075e2572f09b,8e21d4821be776332f3504f55f85b4277f326f03513b2c7501fbdedf92b8b1a2,98e5bb4281312953f19a18383d2d6691e34279618c900c736d39c22085bb1b0a,f53c43b2c822d111bca9e3ae615ceb539ff324fbf9fae9a07ded738891b01546,477fee196153c242d686d57bb9605fedb219ebdcdb8ee09b33660fc52cd8c120,efb2c9b0cb1be3de920b75bf0f5f5f1cace273389576971cd0b9d19ef382067d,3049c664dd1b2e517d0ef8b59c0078d485f327951d4603e1bc460e11248013c2
2026-27:572,8,3.214299867418923,2026-10-10T09:11:16Z,2026-10-10T10:00:00Z,Current formula at this deadline. This file does not replace the published Gameweeks 1-5 total of 280.,ffe911b65b5019529f8a7a322ad058e013a0e6146677c35d796f075e2572f09b,8e21d4821be776332f3504f55f85b4277f326f03513b2c7501fbdedf92b8b1a2,98e5bb4281312953f19a18383d2d6691e34279618c900c736d39c22085bb1b0a,f53c43b2c822d111bca9e3ae615ceb539ff324fbf9fae9a07ded738891b01546,477fee196153c242d686d57bb9605fedb219ebdcdb8ee09b33660fc52cd8c120,efb2c9b0cb1be3de920b75bf0f5f5f1cace273389576971cd0b9d19ef382067d,3049c664dd1b2e517d0ef8b59c0078d485f327951d4603e1bc460e11248013c2
2026-27:579,8,3.1836377083539342,2026-10-10T09:11:16Z,2026-10-10T10:00:00Z,Current formula at this deadline. This file does not replace the published Gameweeks 1-5 total of 280.,ffe911b65b5019529f8a7a322ad058e013a0e6146677c35d796f075e2572f09b,8e21d4821be776332f3504f55f85b4277f326f03513b2c7501fbdedf92b8b1a2,98e5bb4281312953f19a18383d2d6691e34279618c900c736d39c22085bb1b0a,f53c43b2c822d111bca9e3ae615ceb539ff324fbf9fae9a07ded738891b01546,477fee196153c242d686d57bb9605fedb219ebdcdb8ee09b33660fc52cd8c120,efb2c9b0cb1be3de920b75bf0f5f5f1cace273389576971cd0b9d19ef382067d,3049c664dd1b2e517d0ef8b59c0078d485f327951d4603e1bc460e11248013c2
2026-27:58,8,0.0,2026-10-10T09:11:16Z,2026-10-10T10:00:00Z,Current formula at this deadline. This file does not replace the published Gameweeks 1-5 total of 280.,ffe911b65b5019529f8a7a322ad058e013a0e6146677c35d796f075e2572f09b,8e21d4821be776332f3504f55f85b4277f326f03513b2c7501fbdedf92b8b1a2,98e5bb4281312953f19a18383d2d6691e34279618c900c736d39c22085bb1b0a,f53c43b2c822d111bca9e3ae615ceb539ff324fbf9fae9a07ded738891b01546,477fee196153c242d686d57bb9605fedb219ebdcdb8ee09b33660fc52cd8c120,efb2c9b0cb1be3de920b75bf0f5f5f1cace273389576971cd0b9d19ef382067d,3049c664dd1b2e517d0ef8b59c0078d485f327951d4603e1bc460e11248013c2
2026-27:580,8,3.1285897751819314,2026-10-10T09:11:16Z,2026-10-10T10:00:00Z,Current formula at this deadline. This file does not replace the published Gameweeks 1-5 total of 280.,ffe911b65b5019529f8a7a322ad058e013a0e6146677c35d796f075e2572f09b,8e21d4821be776332f3504f55f85b4277f326f03513b2c7501fbdedf92b8b1a2,98e5bb4281312953f19a18383d2d6691e34279618c900c736d39c22085bb1b0a,f53c43b2c822d111bca9e3ae615ceb539ff324fbf9fae9a07ded738891b01546,477fee196153c242d686d57bb9605fedb219ebdcdb8ee09b33660fc52cd8c120,efb2c9b0cb1be3de920b75bf0f5f5f1cace273389576971cd0b9d19ef382067d,3049c664dd1b2e517d0ef8b59c0078d485f327951d4603e1bc460e11248013c2
2026-27:581,8,2.486035955556833,2026-10-10T09:11:16Z,2026-10-10T10:00:00Z,Current formula at this deadline. This file does not replace the published Gameweeks 1-5 total of 280.,ffe911b65b5019529f8a7a322ad058e013a0e6146677c35d796f075e2572f09b,8e21d4821be776332f3504f55f85b4277f326f03513b2c7501fbdedf92b8b1a2,98e5bb4281312953f19a18383d2d6691e34279618c900c736d39c22085bb1b0a,f53c43b2c822d111bca9e3ae615ceb539ff324fbf9fae9a07ded738891b01546,477fee196153c242d686d57bb9605fedb219ebdcdb8ee09b33660fc52cd8c120,efb2c9b0cb1be3de920b75bf0f5f5f1cace273389576971cd0b9d19ef382067d,3049c664dd1b2e517d0ef8b59c0078d485f327951d4603e1bc460e11248013c2
2026-27:582,8,1.425,2026-10-10T09:11:16Z,2026-10-10T10:00:00Z,Current formula at this deadline. This file does not replace the published Gameweeks 1-5 total of 280.,ffe911b65b5019529f8a7a322ad058e013a0e6146677c35d796f075e2572f09b,8e21d4821be776332f3504f55f85b4277f326f03513b2c7501fbdedf92b8b1a2,98e5bb4281312953f19a18383d2d6691e34279618c900c736d39c22085bb1b0a,f53c43b2c822d111bca9e3ae615ceb539ff324fbf9fae9a07ded738891b01546,477fee196153c242d686d57bb9605fedb219ebdcdb8ee09b33660fc52cd8c120,efb2c9b0cb1be3de920b75bf0f5f5f1cace273389576971cd0b9d19ef382067d,3049c664dd1b2e517d0ef8b59c0078d485f327951d4603e1bc460e11248013c2
2026-27:583,8,2.747709365760878,2026-10-10T09:11:16Z,2026-10-10T10:00:00Z,Current formula at this deadline. This file does not replace the published Gameweeks 1-5 total of 280.,ffe911b65b5019529f8a7a322ad058e013a0e6146677c35d796f075e2572f09b,8e21d4821be776332f3504f55f85b4277f326f03513b2c7501fbdedf92b8b1a2,98e5bb4281312953f19a18383d2d6691e34279618c900c736d39c22085bb1b0a,f53c43b2c822d111bca9e3ae615ceb539ff324fbf9fae9a07ded738891b01546,477fee196153c242d686d57bb9605fedb219ebdcdb8ee09b33660fc52cd8c120,efb2c9b0cb1be3de920b75bf0f5f5f1cace273389576971cd0b9d19ef382067d,3049c664dd1b2e517d0ef8b59c0078d485f327951d4603e1bc460e11248013c2
2026-27:585,8,1.8079476652565005,2026-10-10T09:11:16Z,2026-10-10T10:00:00Z,Current formula at this deadline. This file does not replace the published Gameweeks 1-5 total of 280.,ffe911b65b5019529f8a7a322ad058e013a0e6146677c35d796f075e2572f09b,8e21d4821be776332f3504f55f85b4277f326f03513b2c7501fbdedf92b8b1a2,98e5bb4281312953f19a18383d2d6691e34279618c900c736d39c22085bb1b0a,f53c43b2c822d111bca9e3ae615ceb539ff324fbf9fae9a07ded738891b01546,477fee196153c242d686d57bb9605fedb219ebdcdb8ee09b33660fc52cd8c120,efb2c9b0cb1be3de920b75bf0f5f5f1cace273389576971cd0b9d19ef382067d,3049c664dd1b2e517d0ef8b59c0078d485f327951d4603e1bc460e11248013c2
2026-27:588,8,5.099990643292223,2026-10-10T09:11:16Z,2026-10-10T10:00:00Z,Current formula at this deadline. This file does not replace the published Gameweeks 1-5 total of 280.,ffe911b65b5019529f8a7a322ad058e013a0e6146677c35d796f075e2572f09b,8e21d4821be776332f3504f55f85b4277f326f03513b2c7501fbdedf92b8b1a2,98e5bb4281312953f19a18383d2d6691e34279618c900c736d39c22085bb1b0a,f53c43b2c822d111bca9e3ae615ceb539ff324fbf9fae9a07ded738891b01546,477fee196153c242d686d57bb9605fedb219ebdcdb8ee09b33660fc52cd8c120,efb2c9b0cb1be3de920b75bf0f5f5f1cace273389576971cd0b9d19ef382067d,3049c664dd1b2e517d0ef8b59c0078d485f327951d4603e1bc460e11248013c2
2026-27:591,8,4.43976210971201,2026-10-10T09:11:16Z,2026-10-10T10:00:00Z,Current formula at this deadline. This file does not replace the published Gameweeks 1-5 total of 280.,ffe911b65b5019529f8a7a322ad058e013a0e6146677c35d796f075e2572f09b,8e21d4821be776332f3504f55f85b4277f326f03513b2c7501fbdedf92b8b1a2,98e5bb4281312953f19a18383d2d6691e34279618c900c736d39c22085bb1b0a,f53c43b2c822d111bca9e3ae615ceb539ff324fbf9fae9a07ded738891b01546,477fee196153c242d686d57bb9605fedb219ebdcdb8ee09b33660fc52cd8c120,efb2c9b0cb1be3de920b75bf0f5f5f1cace273389576971cd0b9d19ef382067d,3049c664dd1b2e517d0ef8b59c0078d485f327951d4603e1bc460e11248013c2
2026-27:597,8,3.3461764405039656,2026-10-10T09:11:16Z,2026-10-10T10:00:00Z,Current formula at this deadline. This file does not replace the published Gameweeks 1-5 total of 280.,ffe911b65b5019529f8a7a322ad058e013a0e6146677c35d796f075e2572f09b,8e21d4821be776332f3504f55f85b4277f326f03513b2c7501fbdedf92b8b1a2,98e5bb4281312953f19a18383d2d6691e34279618c900c736d39c22085bb1b0a,f53c43b2c822d111bca9e3ae615ceb539ff324fbf9fae9a07ded738891b01546,477fee196153c242d686d57bb9605fedb219ebdcdb8ee09b33660fc52cd8c120,efb2c9b0cb1be3de920b75bf0f5f5f1cace273389576971cd0b9d19ef382067d,3049c664dd1b2e517d0ef8b59c0078d485f327951d4603e1bc460e11248013c2
2026-27:598,8,3.599830366048874,2026-10-10T09:11:16Z,2026-10-10T10:00:00Z,Current formula at this deadline. This file does not replace the published Gameweeks 1-5 total of 280.,ffe911b65b5019529f8a7a322ad058e013a0e6146677c35d796f075e2572f09b,8e21d4821be776332f3504f55f85b4277f326f03513b2c7501fbdedf92b8b1a2,98e5bb4281312953f19a18383d2d6691e34279618c900c736d39c22085bb1b0a,f53c43b2c822d111bca9e3ae615ceb539ff324fbf9fae9a07ded738891b01546,477fee196153c242d686d57bb9605fedb219ebdcdb8ee09b33660fc52cd8c120,efb2c9b0cb1be3de920b75bf0f5f5f1cace273389576971cd0b9d19ef382067d,3049c664dd1b2e517d0ef8b59c0078d485f327951d4603e1bc460e11248013c2
2026-27:60,8,3.8074651622769746,2026-10-10T09:11:16Z,2026-10-10T10:00:00Z,Current formula at this deadline. This file does not replace the published Gameweeks 1-5 total of 280.,ffe911b65b5019529f8a7a322ad058e013a0e6146677c35d796f075e2572f09b,8e21d4821be776332f3504f55f85b4277f326f03513b2c7501fbdedf92b8b1a2,98e5bb4281312953f19a18383d2d6691e34279618c900c736d39c22085bb1b0a,f53c43b2c822d111bca9e3ae615ceb539ff324fbf9fae9a07ded738891b01546,477fee196153c242d686d57bb9605fedb219ebdcdb8ee09b33660fc52cd8c120,efb2c9b0cb1be3de920b75bf0f5f5f1cace273389576971cd0b9d19ef382067d,3049c664dd1b2e517d0ef8b59c0078d485f327951d4603e1bc460e11248013c2
2026-27:605,8,2.95490482657724,2026-10-10T09:11:16Z,2026-10-10T10:00:00Z,Current formula at this deadline. This file does not replace the published Gameweeks 1-5 total of 280.,ffe911b65b5019529f8a7a322ad058e013a0e6146677c35d796f075e2572f09b,8e21d4821be776332f3504f55f85b4277f326f03513b2c7501fbdedf92b8b1a2,98e5bb4281312953f19a18383d2d6691e34279618c900c736d39c22085bb1b0a,f53c43b2c822d111bca9e3ae615ceb539ff324fbf9fae9a07ded738891b01546,477fee196153c242d686d57bb9605fedb219ebdcdb8ee09b33660fc52cd8c120,efb2c9b0cb1be3de920b75bf0f5f5f1cace273389576971cd0b9d19ef382067d,3049c664dd1b2e517d0ef8b59c0078d485f327951d4603e1bc460e11248013c2
2026-27:61,8,2.8108945443412927,2026-10-10T09:11:16Z,2026-10-10T10:00:00Z,Current formula at this deadline. This file does not replace the published Gameweeks 1-5 total of 280.,ffe911b65b5019529f8a7a322ad058e013a0e6146677c35d796f075e2572f09b,8e21d4821be776332f3504f55f85b4277f326f03513b2c7501fbdedf92b8b1a2,98e5bb4281312953f19a18383d2d6691e34279618c900c736d39c22085bb1b0a,f53c43b2c822d111bca9e3ae615ceb539ff324fbf9fae9a07ded738891b01546,477fee196153c242d686d57bb9605fedb219ebdcdb8ee09b33660fc52cd8c120,efb2c9b0cb1be3de920b75bf0f5f5f1cace273389576971cd0b9d19ef382067d,3049c664dd1b2e517d0ef8b59c0078d485f327951d4603e1bc460e11248013c2
2026-27:611,8,2.2332111161512262,2026-10-10T09:11:16Z,2026-10-10T10:00:00Z,Current formula at this deadline. This file does not replace the published Gameweeks 1-5 total of 280.,ffe911b65b5019529f8a7a322ad058e013a0e6146677c35d796f075e2572f09b,8e21d4821be776332f3504f55f85b4277f326f03513b2c7501fbdedf92b8b1a2,98e5bb4281312953f19a18383d2d6691e34279618c900c736d39c22085bb1b0a,f53c43b2c822d111bca9e3ae615ceb539ff324fbf9fae9a07ded738891b01546,477fee196153c242d686d57bb9605fedb219ebdcdb8ee09b33660fc52cd8c120,efb2c9b0cb1be3de920b75bf0f5f5f1cace273389576971cd0b9d19ef382067d,3049c664dd1b2e517d0ef8b59c0078d485f327951d4603e1bc460e11248013c2
2026-27:619,8,3.3251899145912436,2026-10-10T09:11:16Z,2026-10-10T10:00:00Z,Current formula at this deadline. This file does not replace the published Gameweeks 1-5 total of 280.,ffe911b65b5019529f8a7a322ad058e013a0e6146677c35d796f075e2572f09b,8e21d4821be776332f3504f55f85b4277f326f03513b2c7501fbdedf92b8b1a2,98e5bb4281312953f19a18383d2d6691e34279618c900c736d39c22085bb1b0a,f53c43b2c822d111bca9e3ae615ceb539ff324fbf9fae9a07ded738891b01546,477fee196153c242d686d57bb9605fedb219ebdcdb8ee09b33660fc52cd8c120,efb2c9b0cb1be3de920b75bf0f5f5f1cace273389576971cd0b9d19ef382067d,3049c664dd1b2e517d0ef8b59c0078d485f327951d4603e1bc460e11248013c2
2026-27:627,8,2.7010820780889144,2026-10-10T09:11:16Z,2026-10-10T10:00:00Z,Current formula at this deadline. This file does not replace the published Gameweeks 1-5 total of 280.,ffe911b65b5019529f8a7a322ad058e013a0e6146677c35d796f075e2572f09b,8e21d4821be776332f3504f55f85b4277f326f03513b2c7501fbdedf92b8b1a2,98e5bb4281312953f19a18383d2d6691e34279618c900c736d39c22085bb1b0a,f53c43b2c822d111bca9e3ae615ceb539ff324fbf9fae9a07ded738891b01546,477fee196153c242d686d57bb9605fedb219ebdcdb8ee09b33660fc52cd8c120,efb2c9b0cb1be3de920b75bf0f5f5f1cace273389576971cd0b9d19ef382067d,3049c664dd1b2e517d0ef8b59c0078d485f327951d4603e1bc460e11248013c2
2026-27:634,8,1.7629847354240635,2026-10-10T09:11:16Z,2026-10-10T10:00:00Z,Current formula at this deadline. This file does not replace the published Gameweeks 1-5 total of 280.,ffe911b65b5019529f8a7a322ad058e013a0e6146677c35d796f075e2572f09b,8e21d4821be776332f3504f55f85b4277f326f03513b2c7501fbdedf92b8b1a2,98e5bb4281312953f19a18383d2d6691e34279618c900c736d39c22085bb1b0a,f53c43b2c822d111bca9e3ae615ceb539ff324fbf9fae9a07ded738891b01546,477fee196153c242d686d57bb9605fedb219ebdcdb8ee09b33660fc52cd8c120,efb2c9b0cb1be3de920b75bf0f5f5f1cace273389576971cd0b9d19ef382067d,3049c664dd1b2e517d0ef8b59c0078d485f327951d4603e1bc460e11248013c2
2026-27:64,8,2.1843154711540156,2026-10-10T09:11:16Z,2026-10-10T10:00:00Z,Current formula at this deadline. This file does not replace the published Gameweeks 1-5 total of 280.,ffe911b65b5019529f8a7a322ad058e013a0e6146677c35d796f075e2572f09b,8e21d4821be776332f3504f55f85b4277f326f03513b2c7501fbdedf92b8b1a2,98e5bb4281312953f19a18383d2d6691e34279618c900c736d39c22085bb1b0a,f53c43b2c822d111bca9e3ae615ceb539ff324fbf9fae9a07ded738891b01546,477fee196153c242d686d57bb9605fedb219ebdcdb8ee09b33660fc52cd8c120,efb2c9b0cb1be3de920b75bf0f5f5f1cace273389576971cd0b9d19ef382067d,3049c664dd1b2e517d0ef8b59c0078d485f327951d4603e1bc460e11248013c2
2026-27:644,8,3.450687733272444,2026-10-10T09:11:16Z,2026-10-10T10:00:00Z,Current formula at this deadline. This file does not replace the published Gameweeks 1-5 total of 280.,ffe911b65b5019529f8a7a322ad058e013a0e6146677c35d796f075e2572f09b,8e21d4821be776332f3504f55f85b4277f326f03513b2c7501fbdedf92b8b1a2,98e5bb4281312953f19a18383d2d6691e34279618c900c736d39c22085bb1b0a,f53c43b2c822d111bca9e3ae615ceb539ff324fbf9fae9a07ded738891b01546,477fee196153c242d686d57bb9605fedb219ebdcdb8ee09b33660fc52cd8c120,efb2c9b0cb1be3de920b75bf0f5f5f1cace273389576971cd0b9d19ef382067d,3049c664dd1b2e517d0ef8b59c0078d485f327951d4603e1bc460e11248013c2
2026-27:649,8,2.39480283707966,2026-10-10T09:11:16Z,2026-10-10T10:00:00Z,Current formula at this deadline. This file does not replace the published Gameweeks 1-5 total of 280.,ffe911b65b5019529f8a7a322ad058e013a0e6146677c35d796f075e2572f09b,8e21d4821be776332f3504f55f85b4277f326f03513b2c7501fbdedf92b8b1a2,98e5bb4281312953f19a18383d2d6691e34279618c900c736d39c22085bb1b0a,f53c43b2c822d111bca9e3ae615ceb539ff324fbf9fae9a07ded738891b01546,477fee196153c242d686d57bb9605fedb219ebdcdb8ee09b33660fc52cd8c120,efb2c9b0cb1be3de920b75bf0f5f5f1cace273389576971cd0b9d19ef382067d,3049c664dd1b2e517d0ef8b59c0078d485f327951d4603e1bc460e11248013c2
2026-27:650,8,3.781364720167543,2026-10-10T09:11:16Z,2026-10-10T10:00:00Z,Current formula at this deadline. This file does not replace the published Gameweeks 1-5 total of 280.,ffe911b65b5019529f8a7a322ad058e013a0e6146677c35d796f075e2572f09b,8e21d4821be776332f3504f55f85b4277f326f03513b2c7501fbdedf92b8b1a2,98e5bb4281312953f19a18383d2d6691e34279618c900c736d39c22085bb1b0a,f53c43b2c822d111bca9e3ae615ceb539ff324fbf9fae9a07ded738891b01546,477fee196153c242d686d57bb9605fedb219ebdcdb8ee09b33660fc52cd8c120,efb2c9b0cb1be3de920b75bf0f5f5f1cace273389576971cd0b9d19ef382067d,3049c664dd1b2e517d0ef8b59c0078d485f327951d4603e1bc460e11248013c2
2026-27:67,8,3.175210576240353,2026-10-10T09:11:16Z,2026-10-10T10:00:00Z,Current formula at this deadline. This file does not replace the published Gameweeks 1-5 total of 280.,ffe911b65b5019529f8a7a322ad058e013a0e6146677c35d796f075e2572f09b,8e21d4821be776332f3504f55f85b4277f326f03513b2c7501fbdedf92b8b1a2,98e5bb4281312953f19a18383d2d6691e34279618c900c736d39c22085bb1b0a,f53c43b2c822d111bca9e3ae615ceb539ff324fbf9fae9a07ded738891b01546,477fee196153c242d686d57bb9605fedb219ebdcdb8ee09b33660fc52cd8c120,efb2c9b0cb1be3de920b75bf0f5f5f1cace273389576971cd0b9d19ef382067d,3049c664dd1b2e517d0ef8b59c0078d485f327951d4603e1bc460e11248013c2
2026-27:68,8,4.245267310105983,2026-10-10T09:11:16Z,2026-10-10T10:00:00Z,Current formula at this deadline. This file does not replace the published Gameweeks 1-5 total of 280.,ffe911b65b5019529f8a7a322ad058e013a0e6146677c35d796f075e2572f09b,8e21d4821be776332f3504f55f85b4277f326f03513b2c7501fbdedf92b8b1a2,98e5bb4281312953f19a18383d2d6691e34279618c900c736d39c22085bb1b0a,f53c43b2c822d111bca9e3ae615ceb539ff324fbf9fae9a07ded738891b01546,477fee196153c242d686d57bb9605fedb219ebdcdb8ee09b33660fc52cd8c120,efb2c9b0cb1be3de920b75bf0f5f5f1cace273389576971cd0b9d19ef382067d,3049c664dd1b2e517d0ef8b59c0078d485f327951d4603e1bc460e11248013c2
2026-27:73,8,2.992224829579749,2026-10-10T09:11:16Z,2026-10-10T10:00:00Z,Current formula at this deadline. This file does not replace the published Gameweeks 1-5 total of 280.,ffe911b65b5019529f8a7a322ad058e013a0e6146677c35d796f075e2572f09b,8e21d4821be776332f3504f55f85b4277f326f03513b2c7501fbdedf92b8b1a2,98e5bb4281312953f19a18383d2d6691e34279618c900c736d39c22085bb1b0a,f53c43b2c822d111bca9e3ae615ceb539ff324fbf9fae9a07ded738891b01546,477fee196153c242d686d57bb9605fedb219ebdcdb8ee09b33660fc52cd8c120,efb2c9b0cb1be3de920b75bf0f5f5f1cace273389576971cd0b9d19ef382067d,3049c664dd1b2e517d0ef8b59c0078d485f327951d4603e1bc460e11248013c2
2026-27:79,8,2.810749401180018,2026-10-10T09:11:16Z,2026-10-10T10:00:00Z,Current formula at this deadline. This file does not replace the published Gameweeks 1-5 total of 280.,ffe911b65b5019529f8a7a322ad058e013a0e6146677c35d796f075e2572f09b,8e21d4821be776332f3504f55f85b4277f326f03513b2c7501fbdedf92b8b1a2,98e5bb4281312953f19a18383d2d6691e34279618c900c736d39c22085bb1b0a,f53c43b2c822d111bca9e3ae615ceb539ff324fbf9fae9a07ded738891b01546,477fee196153c242d686d57bb9605fedb219ebdcdb8ee09b33660fc52cd8c120,efb2c9b0cb1be3de920b75bf0f5f5f1cace273389576971cd0b9d19ef382067d,3049c664dd1b2e517d0ef8b59c0078d485f327951d4603e1bc460e11248013c2
2026-27:8,8,4.328057925870371,2026-10-10T09:11:16Z,2026-10-10T10:00:00Z,Current formula at this deadline. This file does not replace the published Gameweeks 1-5 total of 280.,ffe911b65b5019529f8a7a322ad058e013a0e6146677c35d796f075e2572f09b,8e21d4821be776332f3504f55f85b4277f326f03513b2c7501fbdedf92b8b1a2,98e5bb4281312953f19a18383d2d6691e34279618c900c736d39c22085bb1b0a,f53c43b2c822d111bca9e3ae615ceb539ff324fbf9fae9a07ded738891b01546,477fee196153c242d686d57bb9605fedb219ebdcdb8ee09b33660fc52cd8c120,efb2c9b0cb1be3de920b75bf0f5f5f1cace273389576971cd0b9d19ef382067d,3049c664dd1b2e517d0ef8b59c0078d485f327951d4603e1bc460e11248013c2
2026-27:82,8,3.370143322534537,2026-10-10T09:11:16Z,2026-10-10T10:00:00Z,Current formula at this deadline. This file does not replace the published Gameweeks 1-5 total of 280.,ffe911b65b5019529f8a7a322ad058e013a0e6146677c35d796f075e2572f09b,8e21d4821be776332f3504f55f85b4277f326f03513b2c7501fbdedf92b8b1a2,98e5bb4281312953f19a18383d2d6691e34279618c900c736d39c22085bb1b0a,f53c43b2c822d111bca9e3ae615ceb539ff324fbf9fae9a07ded738891b01546,477fee196153c242d686d57bb9605fedb219ebdcdb8ee09b33660fc52cd8c120,efb2c9b0cb1be3de920b75bf0f5f5f1cace273389576971cd0b9d19ef382067d,3049c664dd1b2e517d0ef8b59c0078d485f327951d4603e1bc460e11248013c2
2026-27:86,8,3.629446391645911,2026-10-10T09:11:16Z,2026-10-10T10:00:00Z,Current formula at this deadline. This file does not replace the published Gameweeks 1-5 total of 280.,ffe911b65b5019529f8a7a322ad058e013a0e6146677c35d796f075e2572f09b,8e21d4821be776332f3504f55f85b4277f326f03513b2c7501fbdedf92b8b1a2,98e5bb4281312953f19a18383d2d6691e34279618c900c736d39c22085bb1b0a,f53c43b2c822d111bca9e3ae615ceb539ff324fbf9fae9a07ded738891b01546,477fee196153c242d686d57bb9605fedb219ebdcdb8ee09b33660fc52cd8c120,efb2c9b0cb1be3de920b75bf0f5f5f1cace273389576971cd0b9d19ef382067d,3049c664dd1b2e517d0ef8b59c0078d485f327951d4603e1bc460e11248013c2
2026-27:87,8,3.536182688785954,2026-10-10T09:11:16Z,2026-10-10T10:00:00Z,Current formula at this deadline. This file does not replace the published Gameweeks 1-5 total of 280.,ffe911b65b5019529f8a7a322ad058e013a0e6146677c35d796f075e2572f09b,8e21d4821be776332f3504f55f85b4277f326f03513b2c7501fbdedf92b8b1a2,98e5bb4281312953f19a18383d2d6691e34279618c900c736d39c22085bb1b0a,f53c43b2c822d111bca9e3ae615ceb539ff324fbf9fae9a07ded738891b01546,477fee196153c242d686d57bb9605fedb219ebdcdb8ee09b33660fc52cd8c120,efb2c9b0cb1be3de920b75bf0f5f5f1cace273389576971cd0b9d19ef382067d,3049c664dd1b2e517d0ef8b59c0078d485f327951d4603e1bc460e11248013c2
2026-27:90,8,1.8649881612894113,2026-10-10T09:11:16Z,2026-10-10T10:00:00Z,Current formula at this deadline. This file does not replace the published Gameweeks 1-5 total of 280.,ffe911b65b5019529f8a7a322ad058e013a0e6146677c35d796f075e2572f09b,8e21d4821be776332f3504f55f85b4277f326f03513b2c7501fbdedf92b8b1a2,98e5bb4281312953f19a18383d2d6691e34279618c900c736d39c22085bb1b0a,f53c43b2c822d111bca9e3ae615ceb539ff324fbf9fae9a07ded738891b01546,477fee196153c242d686d57bb9605fedb219ebdcdb8ee09b33660fc52cd8c120,efb2c9b0cb1be3de920b75bf0f5f5f1cace273389576971cd0b9d19ef382067d,3049c664dd1b2e517d0ef8b59c0078d485f327951d4603e1bc460e11248013c2
2026-27:91,8,3.895308757831407,2026-10-10T09:11:16Z,2026-10-10T10:00:00Z,Current formula at this deadline. This file does not replace the published Gameweeks 1-5 total of 280.,ffe911b65b5019529f8a7a322ad058e013a0e6146677c35d796f075e2572f09b,8e21d4821be776332f3504f55f85b4277f326f03513b2c7501fbdedf92b8b1a2,98e5bb4281312953f19a18383d2d6691e34279618c900c736d39c22085bb1b0a,f53c43b2c822d111bca9e3ae615ceb539ff324fbf9fae9a07ded738891b01546,477fee196153c242d686d57bb9605fedb219ebdcdb8ee09b33660fc52cd8c120,efb2c9b0cb1be3de920b75bf0f5f5f1cace273389576971cd0b9d19ef382067d,3049c664dd1b2e517d0ef8b59c0078d485f327951d4603e1bc460e11248013c2
2026-27:93,8,4.18828192007242,2026-10-10T09:11:16Z,2026-10-10T10:00:00Z,Current formula at this deadline. This file does not replace the published Gameweeks 1-5 total of 280.,ffe911b65b5019529f8a7a322ad058e013a0e6146677c35d796f075e2572f09b,8e21d4821be776332f3504f55f85b4277f326f03513b2c7501fbdedf92b8b1a2,98e5bb4281312953f19a18383d2d6691e34279618c900c736d39c22085bb1b0a,f53c43b2c822d111bca9e3ae615ceb539ff324fbf9fae9a07ded738891b01546,477fee196153c242d686d57bb9605fedb219ebdcdb8ee09b33660fc52cd8c120,efb2c9b0cb1be3de920b75bf0f5f5f1cace273389576971cd0b9d19ef382067d,3049c664dd1b2e517d0ef8b59c0078d485f327951d4603e1bc460e11248013c2
2026-27:94,8,3.5759954931097404,2026-10-10T09:11:16Z,2026-10-10T10:00:00Z,Current formula at this deadline. This file does not replace the published Gameweeks 1-5 total of 280.,ffe911b65b5019529f8a7a322ad058e013a0e6146677c35d796f075e2572f09b,8e21d4821be776332f3504f55f85b4277f326f03513b2c7501fbdedf92b8b1a2,98e5bb4281312953f19a18383d2d6691e34279618c900c736d39c22085bb1b0a,f53c43b2c822d111bca9e3ae615ceb539ff324fbf9fae9a07ded738891b01546,477fee196153c242d686d57bb9605fedb219ebdcdb8ee09b33660fc52cd8c120,efb2c9b0cb1be3de920b75bf0f5f5f1cace273389576971cd0b9d19ef382067d,3049c664dd1b2e517d0ef8b59c0078d485f327951d4603e1bc460e11248013c2
2026-27:96,8,2.3787509083299554,2026-10-10T09:11:16Z,2026-10-10T10:00:00Z,Current formula at this deadline. This file does not replace the published Gameweeks 1-5 total of 280.,ffe911b65b5019529f8a7a322ad058e013a0e6146677c35d796f075e2572f09b,8e21d4821be776332f3504f55f85b4277f326f03513b2c7501fbdedf92b8b1a2,98e5bb4281312953f19a18383d2d6691e34279618c900c736d39c22085bb1b0a,f53c43b2c822d111bca9e3ae615ceb539ff324fbf9fae9a07ded738891b01546,477fee196153c242d686d57bb9605fedb219ebdcdb8ee09b33660fc52cd8c120,efb2c9b0cb1be3de920b75bf0f5f5f1cace273389576971cd0b9d19ef382067d,3049c664dd1b2e517d0ef8b59c0078d485f327951d4603e1bc460e11248013c2
2026-27:98,8,4.059537162942861,2026-10-10T09:11:16Z,2026-10-10T10:00:00Z,Current formula at this deadline. This file does not replace the published Gameweeks 1-5 total of 280.,ffe911b65b5019529f8a7a322ad058e013a0e6146677c35d796f075e2572f09b,8e21d4821be776332f3504f55f85b4277f326f03513b2c7501fbdedf92b8b1a2,98e5bb4281312953f19a18383d2d6691e34279618c900c736d39c22085bb1b0a,f53c43b2c822d111bca9e3ae615ceb539ff324fbf9fae9a07ded738891b01546,477fee196153c242d686d57bb9605fedb219ebdcdb8ee09b33660fc52cd8c120,efb2c9b0cb1be3de920b75bf0f5f5f1cace273389576971cd0b9d19ef382067d,3049c664dd1b2e517d0ef8b59c0078d485f327951d4603e1bc460e11248013c2
