player_id,gw,score,created_at,deadline,note,logs_hash,odds_hash,bootstrap_hash,fixtures_hash,minutes_hash,entry_hash
2026-27:1,6,3.802004305890962,2026-10-07T07:04:50Z,2026-10-10T10:00:00Z,Current formula at this deadline. This file does not replace the published Gameweeks 1-5 total of 280.,ffe911b65b5019529f8a7a322ad058e013a0e6146677c35d796f075e2572f09b,8e21d4821be776332f3504f55f85b4277f326f03513b2c7501fbdedf92b8b1a2,4bdb565c1c9841691252069c87a6c4e1c8f137b43a96fc15a718026d5b26a61d,477fee196153c242d686d57bb9605fedb219ebdcdb8ee09b33660fc52cd8c120,e3615a56acc1840bc9212c03cbc840ef332708ad61aacf7227942c47af6754fd,3049c664dd1b2e517d0ef8b59c0078d485f327951d4603e1bc460e11248013c2
2026-27:10,6,2.7928673091397047,2026-10-07T07:04:50Z,2026-10-10T10:00:00Z,Current formula at this deadline. This file does not replace the published Gameweeks 1-5 total of 280.,ffe911b65b5019529f8a7a322ad058e013a0e6146677c35d796f075e2572f09b,8e21d4821be776332f3504f55f85b4277f326f03513b2c7501fbdedf92b8b1a2,4bdb565c1c9841691252069c87a6c4e1c8f137b43a96fc15a718026d5b26a61d,477fee196153c242d686d57bb9605fedb219ebdcdb8ee09b33660fc52cd8c120,e3615a56acc1840bc9212c03cbc840ef332708ad61aacf7227942c47af6754fd,3049c664dd1b2e517d0ef8b59c0078d485f327951d4603e1bc460e11248013c2
2026-27:101,6,2.351540723972757,2026-10-07T07:04:50Z,2026-10-10T10:00:00Z,Current formula at this deadline. This file does not replace the published Gameweeks 1-5 total of 280.,ffe911b65b5019529f8a7a322ad058e013a0e6146677c35d796f075e2572f09b,8e21d4821be776332f3504f55f85b4277f326f03513b2c7501fbdedf92b8b1a2,4bdb565c1c9841691252069c87a6c4e1c8f137b43a96fc15a718026d5b26a61d,477fee196153c242d686d57bb9605fedb219ebdcdb8ee09b33660fc52cd8c120,e3615a56acc1840bc9212c03cbc840ef332708ad61aacf7227942c47af6754fd,3049c664dd1b2e517d0ef8b59c0078d485f327951d4603e1bc460e11248013c2
2026-27:102,6,2.479076994224704,2026-10-07T07:04:50Z,2026-10-10T10:00:00Z,Current formula at this deadline. This file does not replace the published Gameweeks 1-5 total of 280.,ffe911b65b5019529f8a7a322ad058e013a0e6146677c35d796f075e2572f09b,8e21d4821be776332f3504f55f85b4277f326f03513b2c7501fbdedf92b8b1a2,4bdb565c1c9841691252069c87a6c4e1c8f137b43a96fc15a718026d5b26a61d,477fee196153c242d686d57bb9605fedb219ebdcdb8ee09b33660fc52cd8c120,e3615a56acc1840bc9212c03cbc840ef332708ad61aacf7227942c47af6754fd,3049c664dd1b2e517d0ef8b59c0078d485f327951d4603e1bc460e11248013c2
2026-27:104,6,2.216680572292914,2026-10-07T07:04:50Z,2026-10-10T10:00:00Z,Current formula at this deadline. This file does not replace the published Gameweeks 1-5 total of 280.,ffe911b65b5019529f8a7a322ad058e013a0e6146677c35d796f075e2572f09b,8e21d4821be776332f3504f55f85b4277f326f03513b2c7501fbdedf92b8b1a2,4bdb565c1c9841691252069c87a6c4e1c8f137b43a96fc15a718026d5b26a61d,477fee196153c242d686d57bb9605fedb219ebdcdb8ee09b33660fc52cd8c120,e3615a56acc1840bc9212c03cbc840ef332708ad61aacf7227942c47af6754fd,3049c664dd1b2e517d0ef8b59c0078d485f327951d4603e1bc460e11248013c2
2026-27:105,6,3.3962297361644187,2026-10-07T07:04:50Z,2026-10-10T10:00:00Z,Current formula at this deadline. This file does not replace the published Gameweeks 1-5 total of 280.,ffe911b65b5019529f8a7a322ad058e013a0e6146677c35d796f075e2572f09b,8e21d4821be776332f3504f55f85b4277f326f03513b2c7501fbdedf92b8b1a2,4bdb565c1c9841691252069c87a6c4e1c8f137b43a96fc15a718026d5b26a61d,477fee196153c242d686d57bb9605fedb219ebdcdb8ee09b33660fc52cd8c120,e3615a56acc1840bc9212c03cbc840ef332708ad61aacf7227942c47af6754fd,3049c664dd1b2e517d0ef8b59c0078d485f327951d4603e1bc460e11248013c2
2026-27:106,6,3.851503196137371,2026-10-07T07:04:50Z,2026-10-10T10:00:00Z,Current formula at this deadline. This file does not replace the published Gameweeks 1-5 total of 280.,ffe911b65b5019529f8a7a322ad058e013a0e6146677c35d796f075e2572f09b,8e21d4821be776332f3504f55f85b4277f326f03513b2c7501fbdedf92b8b1a2,4bdb565c1c9841691252069c87a6c4e1c8f137b43a96fc15a718026d5b26a61d,477fee196153c242d686d57bb9605fedb219ebdcdb8ee09b33660fc52cd8c120,e3615a56acc1840bc9212c03cbc840ef332708ad61aacf7227942c47af6754fd,3049c664dd1b2e517d0ef8b59c0078d485f327951d4603e1bc460e11248013c2
2026-27:109,6,3.645679936579918,2026-10-07T07:04:50Z,2026-10-10T10:00:00Z,Current formula at this deadline. This file does not replace the published Gameweeks 1-5 total of 280.,ffe911b65b5019529f8a7a322ad058e013a0e6146677c35d796f075e2572f09b,8e21d4821be776332f3504f55f85b4277f326f03513b2c7501fbdedf92b8b1a2,4bdb565c1c9841691252069c87a6c4e1c8f137b43a96fc15a718026d5b26a61d,477fee196153c242d686d57bb9605fedb219ebdcdb8ee09b33660fc52cd8c120,e3615a56acc1840bc9212c03cbc840ef332708ad61aacf7227942c47af6754fd,3049c664dd1b2e517d0ef8b59c0078d485f327951d4603e1bc460e11248013c2
2026-27:110,6,3.3686080973686146,2026-10-07T07:04:50Z,2026-10-10T10:00:00Z,Current formula at this deadline. This file does not replace the published Gameweeks 1-5 total of 280.,ffe911b65b5019529f8a7a322ad058e013a0e6146677c35d796f075e2572f09b,8e21d4821be776332f3504f55f85b4277f326f03513b2c7501fbdedf92b8b1a2,4bdb565c1c9841691252069c87a6c4e1c8f137b43a96fc15a718026d5b26a61d,477fee196153c242d686d57bb9605fedb219ebdcdb8ee09b33660fc52cd8c120,e3615a56acc1840bc9212c03cbc840ef332708ad61aacf7227942c47af6754fd,3049c664dd1b2e517d0ef8b59c0078d485f327951d4603e1bc460e11248013c2
2026-27:112,6,3.531418985797422,2026-10-07T07:04:50Z,2026-10-10T10:00:00Z,Current formula at this deadline. This file does not replace the published Gameweeks 1-5 total of 280.,ffe911b65b5019529f8a7a322ad058e013a0e6146677c35d796f075e2572f09b,8e21d4821be776332f3504f55f85b4277f326f03513b2c7501fbdedf92b8b1a2,4bdb565c1c9841691252069c87a6c4e1c8f137b43a96fc15a718026d5b26a61d,477fee196153c242d686d57bb9605fedb219ebdcdb8ee09b33660fc52cd8c120,e3615a56acc1840bc9212c03cbc840ef332708ad61aacf7227942c47af6754fd,3049c664dd1b2e517d0ef8b59c0078d485f327951d4603e1bc460e11248013c2
2026-27:113,6,2.9571424365872456,2026-10-07T07:04:50Z,2026-10-10T10:00:00Z,Current formula at this deadline. This file does not replace the published Gameweeks 1-5 total of 280.,ffe911b65b5019529f8a7a322ad058e013a0e6146677c35d796f075e2572f09b,8e21d4821be776332f3504f55f85b4277f326f03513b2c7501fbdedf92b8b1a2,4bdb565c1c9841691252069c87a6c4e1c8f137b43a96fc15a718026d5b26a61d,477fee196153c242d686d57bb9605fedb219ebdcdb8ee09b33660fc52cd8c120,e3615a56acc1840bc9212c03cbc840ef332708ad61aacf7227942c47af6754fd,3049c664dd1b2e517d0ef8b59c0078d485f327951d4603e1bc460e11248013c2
2026-27:114,6,3.1570318771928627,2026-10-07T07:04:50Z,2026-10-10T10:00:00Z,Current formula at this deadline. This file does not replace the published Gameweeks 1-5 total of 280.,ffe911b65b5019529f8a7a322ad058e013a0e6146677c35d796f075e2572f09b,8e21d4821be776332f3504f55f85b4277f326f03513b2c7501fbdedf92b8b1a2,4bdb565c1c9841691252069c87a6c4e1c8f137b43a96fc15a718026d5b26a61d,477fee196153c242d686d57bb9605fedb219ebdcdb8ee09b33660fc52cd8c120,e3615a56acc1840bc9212c03cbc840ef332708ad61aacf7227942c47af6754fd,3049c664dd1b2e517d0ef8b59c0078d485f327951d4603e1bc460e11248013c2
2026-27:115,6,4.489158284386762,2026-10-07T07:04:50Z,2026-10-10T10:00:00Z,Current formula at this deadline. This file does not replace the published Gameweeks 1-5 total of 280.,ffe911b65b5019529f8a7a322ad058e013a0e6146677c35d796f075e2572f09b,8e21d4821be776332f3504f55f85b4277f326f03513b2c7501fbdedf92b8b1a2,4bdb565c1c9841691252069c87a6c4e1c8f137b43a96fc15a718026d5b26a61d,477fee196153c242d686d57bb9605fedb219ebdcdb8ee09b33660fc52cd8c120,e3615a56acc1840bc9212c03cbc840ef332708ad61aacf7227942c47af6754fd,3049c664dd1b2e517d0ef8b59c0078d485f327951d4603e1bc460e11248013c2
2026-27:116,6,2.9059694390950686,2026-10-07T07:04:50Z,2026-10-10T10:00:00Z,Current formula at this deadline. This file does not replace the published Gameweeks 1-5 total of 280.,ffe911b65b5019529f8a7a322ad058e013a0e6146677c35d796f075e2572f09b,8e21d4821be776332f3504f55f85b4277f326f03513b2c7501fbdedf92b8b1a2,4bdb565c1c9841691252069c87a6c4e1c8f137b43a96fc15a718026d5b26a61d,477fee196153c242d686d57bb9605fedb219ebdcdb8ee09b33660fc52cd8c120,e3615a56acc1840bc9212c03cbc840ef332708ad61aacf7227942c47af6754fd,3049c664dd1b2e517d0ef8b59c0078d485f327951d4603e1bc460e11248013c2
2026-27:12,6,7.797241492465457,2026-10-07T07:04:50Z,2026-10-10T10:00:00Z,Current formula at this deadline. This file does not replace the published Gameweeks 1-5 total of 280.,ffe911b65b5019529f8a7a322ad058e013a0e6146677c35d796f075e2572f09b,8e21d4821be776332f3504f55f85b4277f326f03513b2c7501fbdedf92b8b1a2,4bdb565c1c9841691252069c87a6c4e1c8f137b43a96fc15a718026d5b26a61d,477fee196153c242d686d57bb9605fedb219ebdcdb8ee09b33660fc52cd8c120,e3615a56acc1840bc9212c03cbc840ef332708ad61aacf7227942c47af6754fd,3049c664dd1b2e517d0ef8b59c0078d485f327951d4603e1bc460e11248013c2
2026-27:124,6,4.025694187756466,2026-10-07T07:04:50Z,2026-10-10T10:00:00Z,Current formula at this deadline. This file does not replace the published Gameweeks 1-5 total of 280.,ffe911b65b5019529f8a7a322ad058e013a0e6146677c35d796f075e2572f09b,8e21d4821be776332f3504f55f85b4277f326f03513b2c7501fbdedf92b8b1a2,4bdb565c1c9841691252069c87a6c4e1c8f137b43a96fc15a718026d5b26a61d,477fee196153c242d686d57bb9605fedb219ebdcdb8ee09b33660fc52cd8c120,e3615a56acc1840bc9212c03cbc840ef332708ad61aacf7227942c47af6754fd,3049c664dd1b2e517d0ef8b59c0078d485f327951d4603e1bc460e11248013c2
2026-27:127,6,3.6971254358857166,2026-10-07T07:04:50Z,2026-10-10T10:00:00Z,Current formula at this deadline. This file does not replace the published Gameweeks 1-5 total of 280.,ffe911b65b5019529f8a7a322ad058e013a0e6146677c35d796f075e2572f09b,8e21d4821be776332f3504f55f85b4277f326f03513b2c7501fbdedf92b8b1a2,4bdb565c1c9841691252069c87a6c4e1c8f137b43a96fc15a718026d5b26a61d,477fee196153c242d686d57bb9605fedb219ebdcdb8ee09b33660fc52cd8c120,e3615a56acc1840bc9212c03cbc840ef332708ad61aacf7227942c47af6754fd,3049c664dd1b2e517d0ef8b59c0078d485f327951d4603e1bc460e11248013c2
2026-27:129,6,2.8259071800764857,2026-10-07T07:04:50Z,2026-10-10T10:00:00Z,Current formula at this deadline. This file does not replace the published Gameweeks 1-5 total of 280.,ffe911b65b5019529f8a7a322ad058e013a0e6146677c35d796f075e2572f09b,8e21d4821be776332f3504f55f85b4277f326f03513b2c7501fbdedf92b8b1a2,4bdb565c1c9841691252069c87a6c4e1c8f137b43a96fc15a718026d5b26a61d,477fee196153c242d686d57bb9605fedb219ebdcdb8ee09b33660fc52cd8c120,e3615a56acc1840bc9212c03cbc840ef332708ad61aacf7227942c47af6754fd,3049c664dd1b2e517d0ef8b59c0078d485f327951d4603e1bc460e11248013c2
2026-27:13,6,3.518820157978997,2026-10-07T07:04:50Z,2026-10-10T10:00:00Z,Current formula at this deadline. This file does not replace the published Gameweeks 1-5 total of 280.,ffe911b65b5019529f8a7a322ad058e013a0e6146677c35d796f075e2572f09b,8e21d4821be776332f3504f55f85b4277f326f03513b2c7501fbdedf92b8b1a2,4bdb565c1c9841691252069c87a6c4e1c8f137b43a96fc15a718026d5b26a61d,477fee196153c242d686d57bb9605fedb219ebdcdb8ee09b33660fc52cd8c120,e3615a56acc1840bc9212c03cbc840ef332708ad61aacf7227942c47af6754fd,3049c664dd1b2e517d0ef8b59c0078d485f327951d4603e1bc460e11248013c2
2026-27:136,6,2.0174588667711983,2026-10-07T07:04:50Z,2026-10-10T10:00:00Z,Current formula at this deadline. This file does not replace the published Gameweeks 1-5 total of 280.,ffe911b65b5019529f8a7a322ad058e013a0e6146677c35d796f075e2572f09b,8e21d4821be776332f3504f55f85b4277f326f03513b2c7501fbdedf92b8b1a2,4bdb565c1c9841691252069c87a6c4e1c8f137b43a96fc15a718026d5b26a61d,477fee196153c242d686d57bb9605fedb219ebdcdb8ee09b33660fc52cd8c120,e3615a56acc1840bc9212c03cbc840ef332708ad61aacf7227942c47af6754fd,3049c664dd1b2e517d0ef8b59c0078d485f327951d4603e1bc460e11248013c2
2026-27:138,6,2.66831552357405,2026-10-07T07:04:50Z,2026-10-10T10:00:00Z,Current formula at this deadline. This file does not replace the published Gameweeks 1-5 total of 280.,ffe911b65b5019529f8a7a322ad058e013a0e6146677c35d796f075e2572f09b,8e21d4821be776332f3504f55f85b4277f326f03513b2c7501fbdedf92b8b1a2,4bdb565c1c9841691252069c87a6c4e1c8f137b43a96fc15a718026d5b26a61d,477fee196153c242d686d57bb9605fedb219ebdcdb8ee09b33660fc52cd8c120,e3615a56acc1840bc9212c03cbc840ef332708ad61aacf7227942c47af6754fd,3049c664dd1b2e517d0ef8b59c0078d485f327951d4603e1bc460e11248013c2
2026-27:142,6,3.6071729368567538,2026-10-07T07:04:50Z,2026-10-10T10:00:00Z,Current formula at this deadline. This file does not replace the published Gameweeks 1-5 total of 280.,ffe911b65b5019529f8a7a322ad058e013a0e6146677c35d796f075e2572f09b,8e21d4821be776332f3504f55f85b4277f326f03513b2c7501fbdedf92b8b1a2,4bdb565c1c9841691252069c87a6c4e1c8f137b43a96fc15a718026d5b26a61d,477fee196153c242d686d57bb9605fedb219ebdcdb8ee09b33660fc52cd8c120,e3615a56acc1840bc9212c03cbc840ef332708ad61aacf7227942c47af6754fd,3049c664dd1b2e517d0ef8b59c0078d485f327951d4603e1bc460e11248013c2
2026-27:145,6,4.06904958317247,2026-10-07T07:04:50Z,2026-10-10T10:00:00Z,Current formula at this deadline. This file does not replace the published Gameweeks 1-5 total of 280.,ffe911b65b5019529f8a7a322ad058e013a0e6146677c35d796f075e2572f09b,8e21d4821be776332f3504f55f85b4277f326f03513b2c7501fbdedf92b8b1a2,4bdb565c1c9841691252069c87a6c4e1c8f137b43a96fc15a718026d5b26a61d,477fee196153c242d686d57bb9605fedb219ebdcdb8ee09b33660fc52cd8c120,e3615a56acc1840bc9212c03cbc840ef332708ad61aacf7227942c47af6754fd,3049c664dd1b2e517d0ef8b59c0078d485f327951d4603e1bc460e11248013c2
2026-27:149,6,3.2228999657360857,2026-10-07T07:04:50Z,2026-10-10T10:00:00Z,Current formula at this deadline. This file does not replace the published Gameweeks 1-5 total of 280.,ffe911b65b5019529f8a7a322ad058e013a0e6146677c35d796f075e2572f09b,8e21d4821be776332f3504f55f85b4277f326f03513b2c7501fbdedf92b8b1a2,4bdb565c1c9841691252069c87a6c4e1c8f137b43a96fc15a718026d5b26a61d,477fee196153c242d686d57bb9605fedb219ebdcdb8ee09b33660fc52cd8c120,e3615a56acc1840bc9212c03cbc840ef332708ad61aacf7227942c47af6754fd,3049c664dd1b2e517d0ef8b59c0078d485f327951d4603e1bc460e11248013c2
2026-27:15,6,5.0115168041303795,2026-10-07T07:04:50Z,2026-10-10T10:00:00Z,Current formula at this deadline. This file does not replace the published Gameweeks 1-5 total of 280.,ffe911b65b5019529f8a7a322ad058e013a0e6146677c35d796f075e2572f09b,8e21d4821be776332f3504f55f85b4277f326f03513b2c7501fbdedf92b8b1a2,4bdb565c1c9841691252069c87a6c4e1c8f137b43a96fc15a718026d5b26a61d,477fee196153c242d686d57bb9605fedb219ebdcdb8ee09b33660fc52cd8c120,e3615a56acc1840bc9212c03cbc840ef332708ad61aacf7227942c47af6754fd,3049c664dd1b2e517d0ef8b59c0078d485f327951d4603e1bc460e11248013c2
2026-27:154,6,4.811883881412764,2026-10-07T07:04:50Z,2026-10-10T10:00:00Z,Current formula at this deadline. This file does not replace the published Gameweeks 1-5 total of 280.,ffe911b65b5019529f8a7a322ad058e013a0e6146677c35d796f075e2572f09b,8e21d4821be776332f3504f55f85b4277f326f03513b2c7501fbdedf92b8b1a2,4bdb565c1c9841691252069c87a6c4e1c8f137b43a96fc15a718026d5b26a61d,477fee196153c242d686d57bb9605fedb219ebdcdb8ee09b33660fc52cd8c120,e3615a56acc1840bc9212c03cbc840ef332708ad61aacf7227942c47af6754fd,3049c664dd1b2e517d0ef8b59c0078d485f327951d4603e1bc460e11248013c2
2026-27:155,6,2.6682619718797924,2026-10-07T07:04:50Z,2026-10-10T10:00:00Z,Current formula at this deadline. This file does not replace the published Gameweeks 1-5 total of 280.,ffe911b65b5019529f8a7a322ad058e013a0e6146677c35d796f075e2572f09b,8e21d4821be776332f3504f55f85b4277f326f03513b2c7501fbdedf92b8b1a2,4bdb565c1c9841691252069c87a6c4e1c8f137b43a96fc15a718026d5b26a61d,477fee196153c242d686d57bb9605fedb219ebdcdb8ee09b33660fc52cd8c120,e3615a56acc1840bc9212c03cbc840ef332708ad61aacf7227942c47af6754fd,3049c664dd1b2e517d0ef8b59c0078d485f327951d4603e1bc460e11248013c2
2026-27:156,6,3.739638245490145,2026-10-07T07:04:50Z,2026-10-10T10:00:00Z,Current formula at this deadline. This file does not replace the published Gameweeks 1-5 total of 280.,ffe911b65b5019529f8a7a322ad058e013a0e6146677c35d796f075e2572f09b,8e21d4821be776332f3504f55f85b4277f326f03513b2c7501fbdedf92b8b1a2,4bdb565c1c9841691252069c87a6c4e1c8f137b43a96fc15a718026d5b26a61d,477fee196153c242d686d57bb9605fedb219ebdcdb8ee09b33660fc52cd8c120,e3615a56acc1840bc9212c03cbc840ef332708ad61aacf7227942c47af6754fd,3049c664dd1b2e517d0ef8b59c0078d485f327951d4603e1bc460e11248013c2
2026-27:158,6,1.6374487810041314,2026-10-07T07:04:50Z,2026-10-10T10:00:00Z,Current formula at this deadline. This file does not replace the published Gameweeks 1-5 total of 280.,ffe911b65b5019529f8a7a322ad058e013a0e6146677c35d796f075e2572f09b,8e21d4821be776332f3504f55f85b4277f326f03513b2c7501fbdedf92b8b1a2,4bdb565c1c9841691252069c87a6c4e1c8f137b43a96fc15a718026d5b26a61d,477fee196153c242d686d57bb9605fedb219ebdcdb8ee09b33660fc52cd8c120,e3615a56acc1840bc9212c03cbc840ef332708ad61aacf7227942c47af6754fd,3049c664dd1b2e517d0ef8b59c0078d485f327951d4603e1bc460e11248013c2
2026-27:165,6,4.227496612664826,2026-10-07T07:04:50Z,2026-10-10T10:00:00Z,Current formula at this deadline. This file does not replace the published Gameweeks 1-5 total of 280.,ffe911b65b5019529f8a7a322ad058e013a0e6146677c35d796f075e2572f09b,8e21d4821be776332f3504f55f85b4277f326f03513b2c7501fbdedf92b8b1a2,4bdb565c1c9841691252069c87a6c4e1c8f137b43a96fc15a718026d5b26a61d,477fee196153c242d686d57bb9605fedb219ebdcdb8ee09b33660fc52cd8c120,e3615a56acc1840bc9212c03cbc840ef332708ad61aacf7227942c47af6754fd,3049c664dd1b2e517d0ef8b59c0078d485f327951d4603e1bc460e11248013c2
2026-27:166,6,3.4816589515537264,2026-10-07T07:04:50Z,2026-10-10T10:00:00Z,Current formula at this deadline. This file does not replace the published Gameweeks 1-5 total of 280.,ffe911b65b5019529f8a7a322ad058e013a0e6146677c35d796f075e2572f09b,8e21d4821be776332f3504f55f85b4277f326f03513b2c7501fbdedf92b8b1a2,4bdb565c1c9841691252069c87a6c4e1c8f137b43a96fc15a718026d5b26a61d,477fee196153c242d686d57bb9605fedb219ebdcdb8ee09b33660fc52cd8c120,e3615a56acc1840bc9212c03cbc840ef332708ad61aacf7227942c47af6754fd,3049c664dd1b2e517d0ef8b59c0078d485f327951d4603e1bc460e11248013c2
2026-27:167,6,2.7143861325578484,2026-10-07T07:04:50Z,2026-10-10T10:00:00Z,Current formula at this deadline. This file does not replace the published Gameweeks 1-5 total of 280.,ffe911b65b5019529f8a7a322ad058e013a0e6146677c35d796f075e2572f09b,8e21d4821be776332f3504f55f85b4277f326f03513b2c7501fbdedf92b8b1a2,4bdb565c1c9841691252069c87a6c4e1c8f137b43a96fc15a718026d5b26a61d,477fee196153c242d686d57bb9605fedb219ebdcdb8ee09b33660fc52cd8c120,e3615a56acc1840bc9212c03cbc840ef332708ad61aacf7227942c47af6754fd,3049c664dd1b2e517d0ef8b59c0078d485f327951d4603e1bc460e11248013c2
2026-27:173,6,4.533174058820734,2026-10-07T07:04:50Z,2026-10-10T10:00:00Z,Current formula at this deadline. This file does not replace the published Gameweeks 1-5 total of 280.,ffe911b65b5019529f8a7a322ad058e013a0e6146677c35d796f075e2572f09b,8e21d4821be776332f3504f55f85b4277f326f03513b2c7501fbdedf92b8b1a2,4bdb565c1c9841691252069c87a6c4e1c8f137b43a96fc15a718026d5b26a61d,477fee196153c242d686d57bb9605fedb219ebdcdb8ee09b33660fc52cd8c120,e3615a56acc1840bc9212c03cbc840ef332708ad61aacf7227942c47af6754fd,3049c664dd1b2e517d0ef8b59c0078d485f327951d4603e1bc460e11248013c2
2026-27:175,6,3.016089461700907,2026-10-07T07:04:50Z,2026-10-10T10:00:00Z,Current formula at this deadline. This file does not replace the published Gameweeks 1-5 total of 280.,ffe911b65b5019529f8a7a322ad058e013a0e6146677c35d796f075e2572f09b,8e21d4821be776332f3504f55f85b4277f326f03513b2c7501fbdedf92b8b1a2,4bdb565c1c9841691252069c87a6c4e1c8f137b43a96fc15a718026d5b26a61d,477fee196153c242d686d57bb9605fedb219ebdcdb8ee09b33660fc52cd8c120,e3615a56acc1840bc9212c03cbc840ef332708ad61aacf7227942c47af6754fd,3049c664dd1b2e517d0ef8b59c0078d485f327951d4603e1bc460e11248013c2
2026-27:176,6,3.520517423868786,2026-10-07T07:04:50Z,2026-10-10T10:00:00Z,Current formula at this deadline. This file does not replace the published Gameweeks 1-5 total of 280.,ffe911b65b5019529f8a7a322ad058e013a0e6146677c35d796f075e2572f09b,8e21d4821be776332f3504f55f85b4277f326f03513b2c7501fbdedf92b8b1a2,4bdb565c1c9841691252069c87a6c4e1c8f137b43a96fc15a718026d5b26a61d,477fee196153c242d686d57bb9605fedb219ebdcdb8ee09b33660fc52cd8c120,e3615a56acc1840bc9212c03cbc840ef332708ad61aacf7227942c47af6754fd,3049c664dd1b2e517d0ef8b59c0078d485f327951d4603e1bc460e11248013c2
2026-27:183,6,4.656716186952254,2026-10-07T07:04:50Z,2026-10-10T10:00:00Z,Current formula at this deadline. This file does not replace the published Gameweeks 1-5 total of 280.,ffe911b65b5019529f8a7a322ad058e013a0e6146677c35d796f075e2572f09b,8e21d4821be776332f3504f55f85b4277f326f03513b2c7501fbdedf92b8b1a2,4bdb565c1c9841691252069c87a6c4e1c8f137b43a96fc15a718026d5b26a61d,477fee196153c242d686d57bb9605fedb219ebdcdb8ee09b33660fc52cd8c120,e3615a56acc1840bc9212c03cbc840ef332708ad61aacf7227942c47af6754fd,3049c664dd1b2e517d0ef8b59c0078d485f327951d4603e1bc460e11248013c2
2026-27:184,6,2.4199357686912015,2026-10-07T07:04:50Z,2026-10-10T10:00:00Z,Current formula at this deadline. This file does not replace the published Gameweeks 1-5 total of 280.,ffe911b65b5019529f8a7a322ad058e013a0e6146677c35d796f075e2572f09b,8e21d4821be776332f3504f55f85b4277f326f03513b2c7501fbdedf92b8b1a2,4bdb565c1c9841691252069c87a6c4e1c8f137b43a96fc15a718026d5b26a61d,477fee196153c242d686d57bb9605fedb219ebdcdb8ee09b33660fc52cd8c120,e3615a56acc1840bc9212c03cbc840ef332708ad61aacf7227942c47af6754fd,3049c664dd1b2e517d0ef8b59c0078d485f327951d4603e1bc460e11248013c2
2026-27:186,6,2.339944567295645,2026-10-07T07:04:50Z,2026-10-10T10:00:00Z,Current formula at this deadline. This file does not replace the published Gameweeks 1-5 total of 280.,ffe911b65b5019529f8a7a322ad058e013a0e6146677c35d796f075e2572f09b,8e21d4821be776332f3504f55f85b4277f326f03513b2c7501fbdedf92b8b1a2,4bdb565c1c9841691252069c87a6c4e1c8f137b43a96fc15a718026d5b26a61d,477fee196153c242d686d57bb9605fedb219ebdcdb8ee09b33660fc52cd8c120,e3615a56acc1840bc9212c03cbc840ef332708ad61aacf7227942c47af6754fd,3049c664dd1b2e517d0ef8b59c0078d485f327951d4603e1bc460e11248013c2
2026-27:190,6,2.021490345174337,2026-10-07T07:04:50Z,2026-10-10T10:00:00Z,Current formula at this deadline. This file does not replace the published Gameweeks 1-5 total of 280.,ffe911b65b5019529f8a7a322ad058e013a0e6146677c35d796f075e2572f09b,8e21d4821be776332f3504f55f85b4277f326f03513b2c7501fbdedf92b8b1a2,4bdb565c1c9841691252069c87a6c4e1c8f137b43a96fc15a718026d5b26a61d,477fee196153c242d686d57bb9605fedb219ebdcdb8ee09b33660fc52cd8c120,e3615a56acc1840bc9212c03cbc840ef332708ad61aacf7227942c47af6754fd,3049c664dd1b2e517d0ef8b59c0078d485f327951d4603e1bc460e11248013c2
2026-27:194,6,2.65166601190955,2026-10-07T07:04:50Z,2026-10-10T10:00:00Z,Current formula at this deadline. This file does not replace the published Gameweeks 1-5 total of 280.,ffe911b65b5019529f8a7a322ad058e013a0e6146677c35d796f075e2572f09b,8e21d4821be776332f3504f55f85b4277f326f03513b2c7501fbdedf92b8b1a2,4bdb565c1c9841691252069c87a6c4e1c8f137b43a96fc15a718026d5b26a61d,477fee196153c242d686d57bb9605fedb219ebdcdb8ee09b33660fc52cd8c120,e3615a56acc1840bc9212c03cbc840ef332708ad61aacf7227942c47af6754fd,3049c664dd1b2e517d0ef8b59c0078d485f327951d4603e1bc460e11248013c2
2026-27:199,6,3.497701846728702,2026-10-07T07:04:50Z,2026-10-10T10:00:00Z,Current formula at this deadline. This file does not replace the published Gameweeks 1-5 total of 280.,ffe911b65b5019529f8a7a322ad058e013a0e6146677c35d796f075e2572f09b,8e21d4821be776332f3504f55f85b4277f326f03513b2c7501fbdedf92b8b1a2,4bdb565c1c9841691252069c87a6c4e1c8f137b43a96fc15a718026d5b26a61d,477fee196153c242d686d57bb9605fedb219ebdcdb8ee09b33660fc52cd8c120,e3615a56acc1840bc9212c03cbc840ef332708ad61aacf7227942c47af6754fd,3049c664dd1b2e517d0ef8b59c0078d485f327951d4603e1bc460e11248013c2
2026-27:200,6,4.808715307781522,2026-10-07T07:04:50Z,2026-10-10T10:00:00Z,Current formula at this deadline. This file does not replace the published Gameweeks 1-5 total of 280.,ffe911b65b5019529f8a7a322ad058e013a0e6146677c35d796f075e2572f09b,8e21d4821be776332f3504f55f85b4277f326f03513b2c7501fbdedf92b8b1a2,4bdb565c1c9841691252069c87a6c4e1c8f137b43a96fc15a718026d5b26a61d,477fee196153c242d686d57bb9605fedb219ebdcdb8ee09b33660fc52cd8c120,e3615a56acc1840bc9212c03cbc840ef332708ad61aacf7227942c47af6754fd,3049c664dd1b2e517d0ef8b59c0078d485f327951d4603e1bc460e11248013c2
2026-27:201,6,3.5034033321859175,2026-10-07T07:04:50Z,2026-10-10T10:00:00Z,Current formula at this deadline. This file does not replace the published Gameweeks 1-5 total of 280.,ffe911b65b5019529f8a7a322ad058e013a0e6146677c35d796f075e2572f09b,8e21d4821be776332f3504f55f85b4277f326f03513b2c7501fbdedf92b8b1a2,4bdb565c1c9841691252069c87a6c4e1c8f137b43a96fc15a718026d5b26a61d,477fee196153c242d686d57bb9605fedb219ebdcdb8ee09b33660fc52cd8c120,e3615a56acc1840bc9212c03cbc840ef332708ad61aacf7227942c47af6754fd,3049c664dd1b2e517d0ef8b59c0078d485f327951d4603e1bc460e11248013c2
2026-27:202,6,4.078838321412671,2026-10-07T07:04:50Z,2026-10-10T10:00:00Z,Current formula at this deadline. This file does not replace the published Gameweeks 1-5 total of 280.,ffe911b65b5019529f8a7a322ad058e013a0e6146677c35d796f075e2572f09b,8e21d4821be776332f3504f55f85b4277f326f03513b2c7501fbdedf92b8b1a2,4bdb565c1c9841691252069c87a6c4e1c8f137b43a96fc15a718026d5b26a61d,477fee196153c242d686d57bb9605fedb219ebdcdb8ee09b33660fc52cd8c120,e3615a56acc1840bc9212c03cbc840ef332708ad61aacf7227942c47af6754fd,3049c664dd1b2e517d0ef8b59c0078d485f327951d4603e1bc460e11248013c2
2026-27:203,6,3.291960818410127,2026-10-07T07:04:50Z,2026-10-10T10:00:00Z,Current formula at this deadline. This file does not replace the published Gameweeks 1-5 total of 280.,ffe911b65b5019529f8a7a322ad058e013a0e6146677c35d796f075e2572f09b,8e21d4821be776332f3504f55f85b4277f326f03513b2c7501fbdedf92b8b1a2,4bdb565c1c9841691252069c87a6c4e1c8f137b43a96fc15a718026d5b26a61d,477fee196153c242d686d57bb9605fedb219ebdcdb8ee09b33660fc52cd8c120,e3615a56acc1840bc9212c03cbc840ef332708ad61aacf7227942c47af6754fd,3049c664dd1b2e517d0ef8b59c0078d485f327951d4603e1bc460e11248013c2
2026-27:204,6,3.9768124410525103,2026-10-07T07:04:50Z,2026-10-10T10:00:00Z,Current formula at this deadline. This file does not replace the published Gameweeks 1-5 total of 280.,ffe911b65b5019529f8a7a322ad058e013a0e6146677c35d796f075e2572f09b,8e21d4821be776332f3504f55f85b4277f326f03513b2c7501fbdedf92b8b1a2,4bdb565c1c9841691252069c87a6c4e1c8f137b43a96fc15a718026d5b26a61d,477fee196153c242d686d57bb9605fedb219ebdcdb8ee09b33660fc52cd8c120,e3615a56acc1840bc9212c03cbc840ef332708ad61aacf7227942c47af6754fd,3049c664dd1b2e517d0ef8b59c0078d485f327951d4603e1bc460e11248013c2
2026-27:209,6,3.6644265363638673,2026-10-07T07:04:50Z,2026-10-10T10:00:00Z,Current formula at this deadline. This file does not replace the published Gameweeks 1-5 total of 280.,ffe911b65b5019529f8a7a322ad058e013a0e6146677c35d796f075e2572f09b,8e21d4821be776332f3504f55f85b4277f326f03513b2c7501fbdedf92b8b1a2,4bdb565c1c9841691252069c87a6c4e1c8f137b43a96fc15a718026d5b26a61d,477fee196153c242d686d57bb9605fedb219ebdcdb8ee09b33660fc52cd8c120,e3615a56acc1840bc9212c03cbc840ef332708ad61aacf7227942c47af6754fd,3049c664dd1b2e517d0ef8b59c0078d485f327951d4603e1bc460e11248013c2
2026-27:210,6,3.2979571297568544,2026-10-07T07:04:50Z,2026-10-10T10:00:00Z,Current formula at this deadline. This file does not replace the published Gameweeks 1-5 total of 280.,ffe911b65b5019529f8a7a322ad058e013a0e6146677c35d796f075e2572f09b,8e21d4821be776332f3504f55f85b4277f326f03513b2c7501fbdedf92b8b1a2,4bdb565c1c9841691252069c87a6c4e1c8f137b43a96fc15a718026d5b26a61d,477fee196153c242d686d57bb9605fedb219ebdcdb8ee09b33660fc52cd8c120,e3615a56acc1840bc9212c03cbc840ef332708ad61aacf7227942c47af6754fd,3049c664dd1b2e517d0ef8b59c0078d485f327951d4603e1bc460e11248013c2
2026-27:211,6,3.301151380331083,2026-10-07T07:04:50Z,2026-10-10T10:00:00Z,Current formula at this deadline. This file does not replace the published Gameweeks 1-5 total of 280.,ffe911b65b5019529f8a7a322ad058e013a0e6146677c35d796f075e2572f09b,8e21d4821be776332f3504f55f85b4277f326f03513b2c7501fbdedf92b8b1a2,4bdb565c1c9841691252069c87a6c4e1c8f137b43a96fc15a718026d5b26a61d,477fee196153c242d686d57bb9605fedb219ebdcdb8ee09b33660fc52cd8c120,e3615a56acc1840bc9212c03cbc840ef332708ad61aacf7227942c47af6754fd,3049c664dd1b2e517d0ef8b59c0078d485f327951d4603e1bc460e11248013c2
2026-27:213,6,1.897889272070083,2026-10-07T07:04:50Z,2026-10-10T10:00:00Z,Current formula at this deadline. This file does not replace the published Gameweeks 1-5 total of 280.,ffe911b65b5019529f8a7a322ad058e013a0e6146677c35d796f075e2572f09b,8e21d4821be776332f3504f55f85b4277f326f03513b2c7501fbdedf92b8b1a2,4bdb565c1c9841691252069c87a6c4e1c8f137b43a96fc15a718026d5b26a61d,477fee196153c242d686d57bb9605fedb219ebdcdb8ee09b33660fc52cd8c120,e3615a56acc1840bc9212c03cbc840ef332708ad61aacf7227942c47af6754fd,3049c664dd1b2e517d0ef8b59c0078d485f327951d4603e1bc460e11248013c2
2026-27:214,6,3.4785083702992092,2026-10-07T07:04:50Z,2026-10-10T10:00:00Z,Current formula at this deadline. This file does not replace the published Gameweeks 1-5 total of 280.,ffe911b65b5019529f8a7a322ad058e013a0e6146677c35d796f075e2572f09b,8e21d4821be776332f3504f55f85b4277f326f03513b2c7501fbdedf92b8b1a2,4bdb565c1c9841691252069c87a6c4e1c8f137b43a96fc15a718026d5b26a61d,477fee196153c242d686d57bb9605fedb219ebdcdb8ee09b33660fc52cd8c120,e3615a56acc1840bc9212c03cbc840ef332708ad61aacf7227942c47af6754fd,3049c664dd1b2e517d0ef8b59c0078d485f327951d4603e1bc460e11248013c2
2026-27:222,6,2.4291011781634504,2026-10-07T07:04:50Z,2026-10-10T10:00:00Z,Current formula at this deadline. This file does not replace the published Gameweeks 1-5 total of 280.,ffe911b65b5019529f8a7a322ad058e013a0e6146677c35d796f075e2572f09b,8e21d4821be776332f3504f55f85b4277f326f03513b2c7501fbdedf92b8b1a2,4bdb565c1c9841691252069c87a6c4e1c8f137b43a96fc15a718026d5b26a61d,477fee196153c242d686d57bb9605fedb219ebdcdb8ee09b33660fc52cd8c120,e3615a56acc1840bc9212c03cbc840ef332708ad61aacf7227942c47af6754fd,3049c664dd1b2e517d0ef8b59c0078d485f327951d4603e1bc460e11248013c2
2026-27:226,6,3.6446081431462236,2026-10-07T07:04:50Z,2026-10-10T10:00:00Z,Current formula at this deadline. This file does not replace the published Gameweeks 1-5 total of 280.,ffe911b65b5019529f8a7a322ad058e013a0e6146677c35d796f075e2572f09b,8e21d4821be776332f3504f55f85b4277f326f03513b2c7501fbdedf92b8b1a2,4bdb565c1c9841691252069c87a6c4e1c8f137b43a96fc15a718026d5b26a61d,477fee196153c242d686d57bb9605fedb219ebdcdb8ee09b33660fc52cd8c120,e3615a56acc1840bc9212c03cbc840ef332708ad61aacf7227942c47af6754fd,3049c664dd1b2e517d0ef8b59c0078d485f327951d4603e1bc460e11248013c2
2026-27:229,6,4.499499734442176,2026-10-07T07:04:50Z,2026-10-10T10:00:00Z,Current formula at this deadline. This file does not replace the published Gameweeks 1-5 total of 280.,ffe911b65b5019529f8a7a322ad058e013a0e6146677c35d796f075e2572f09b,8e21d4821be776332f3504f55f85b4277f326f03513b2c7501fbdedf92b8b1a2,4bdb565c1c9841691252069c87a6c4e1c8f137b43a96fc15a718026d5b26a61d,477fee196153c242d686d57bb9605fedb219ebdcdb8ee09b33660fc52cd8c120,e3615a56acc1840bc9212c03cbc840ef332708ad61aacf7227942c47af6754fd,3049c664dd1b2e517d0ef8b59c0078d485f327951d4603e1bc460e11248013c2
2026-27:230,6,4.46802500238879,2026-10-07T07:04:50Z,2026-10-10T10:00:00Z,Current formula at this deadline. This file does not replace the published Gameweeks 1-5 total of 280.,ffe911b65b5019529f8a7a322ad058e013a0e6146677c35d796f075e2572f09b,8e21d4821be776332f3504f55f85b4277f326f03513b2c7501fbdedf92b8b1a2,4bdb565c1c9841691252069c87a6c4e1c8f137b43a96fc15a718026d5b26a61d,477fee196153c242d686d57bb9605fedb219ebdcdb8ee09b33660fc52cd8c120,e3615a56acc1840bc9212c03cbc840ef332708ad61aacf7227942c47af6754fd,3049c664dd1b2e517d0ef8b59c0078d485f327951d4603e1bc460e11248013c2
2026-27:233,6,4.057310241161,2026-10-07T07:04:50Z,2026-10-10T10:00:00Z,Current formula at this deadline. This file does not replace the published Gameweeks 1-5 total of 280.,ffe911b65b5019529f8a7a322ad058e013a0e6146677c35d796f075e2572f09b,8e21d4821be776332f3504f55f85b4277f326f03513b2c7501fbdedf92b8b1a2,4bdb565c1c9841691252069c87a6c4e1c8f137b43a96fc15a718026d5b26a61d,477fee196153c242d686d57bb9605fedb219ebdcdb8ee09b33660fc52cd8c120,e3615a56acc1840bc9212c03cbc840ef332708ad61aacf7227942c47af6754fd,3049c664dd1b2e517d0ef8b59c0078d485f327951d4603e1bc460e11248013c2
2026-27:236,6,4.121413996405141,2026-10-07T07:04:50Z,2026-10-10T10:00:00Z,Current formula at this deadline. This file does not replace the published Gameweeks 1-5 total of 280.,ffe911b65b5019529f8a7a322ad058e013a0e6146677c35d796f075e2572f09b,8e21d4821be776332f3504f55f85b4277f326f03513b2c7501fbdedf92b8b1a2,4bdb565c1c9841691252069c87a6c4e1c8f137b43a96fc15a718026d5b26a61d,477fee196153c242d686d57bb9605fedb219ebdcdb8ee09b33660fc52cd8c120,e3615a56acc1840bc9212c03cbc840ef332708ad61aacf7227942c47af6754fd,3049c664dd1b2e517d0ef8b59c0078d485f327951d4603e1bc460e11248013c2
2026-27:237,6,3.5378866809256504,2026-10-07T07:04:50Z,2026-10-10T10:00:00Z,Current formula at this deadline. This file does not replace the published Gameweeks 1-5 total of 280.,ffe911b65b5019529f8a7a322ad058e013a0e6146677c35d796f075e2572f09b,8e21d4821be776332f3504f55f85b4277f326f03513b2c7501fbdedf92b8b1a2,4bdb565c1c9841691252069c87a6c4e1c8f137b43a96fc15a718026d5b26a61d,477fee196153c242d686d57bb9605fedb219ebdcdb8ee09b33660fc52cd8c120,e3615a56acc1840bc9212c03cbc840ef332708ad61aacf7227942c47af6754fd,3049c664dd1b2e517d0ef8b59c0078d485f327951d4603e1bc460e11248013c2
2026-27:238,6,2.69136276107515,2026-10-07T07:04:50Z,2026-10-10T10:00:00Z,Current formula at this deadline. This file does not replace the published Gameweeks 1-5 total of 280.,ffe911b65b5019529f8a7a322ad058e013a0e6146677c35d796f075e2572f09b,8e21d4821be776332f3504f55f85b4277f326f03513b2c7501fbdedf92b8b1a2,4bdb565c1c9841691252069c87a6c4e1c8f137b43a96fc15a718026d5b26a61d,477fee196153c242d686d57bb9605fedb219ebdcdb8ee09b33660fc52cd8c120,e3615a56acc1840bc9212c03cbc840ef332708ad61aacf7227942c47af6754fd,3049c664dd1b2e517d0ef8b59c0078d485f327951d4603e1bc460e11248013c2
2026-27:239,6,3.0350578653365727,2026-10-07T07:04:50Z,2026-10-10T10:00:00Z,Current formula at this deadline. This file does not replace the published Gameweeks 1-5 total of 280.,ffe911b65b5019529f8a7a322ad058e013a0e6146677c35d796f075e2572f09b,8e21d4821be776332f3504f55f85b4277f326f03513b2c7501fbdedf92b8b1a2,4bdb565c1c9841691252069c87a6c4e1c8f137b43a96fc15a718026d5b26a61d,477fee196153c242d686d57bb9605fedb219ebdcdb8ee09b33660fc52cd8c120,e3615a56acc1840bc9212c03cbc840ef332708ad61aacf7227942c47af6754fd,3049c664dd1b2e517d0ef8b59c0078d485f327951d4603e1bc460e11248013c2
2026-27:240,6,1.7173178334348689,2026-10-07T07:04:50Z,2026-10-10T10:00:00Z,Current formula at this deadline. This file does not replace the published Gameweeks 1-5 total of 280.,ffe911b65b5019529f8a7a322ad058e013a0e6146677c35d796f075e2572f09b,8e21d4821be776332f3504f55f85b4277f326f03513b2c7501fbdedf92b8b1a2,4bdb565c1c9841691252069c87a6c4e1c8f137b43a96fc15a718026d5b26a61d,477fee196153c242d686d57bb9605fedb219ebdcdb8ee09b33660fc52cd8c120,e3615a56acc1840bc9212c03cbc840ef332708ad61aacf7227942c47af6754fd,3049c664dd1b2e517d0ef8b59c0078d485f327951d4603e1bc460e11248013c2
2026-27:244,6,3.331852626054044,2026-10-07T07:04:50Z,2026-10-10T10:00:00Z,Current formula at this deadline. This file does not replace the published Gameweeks 1-5 total of 280.,ffe911b65b5019529f8a7a322ad058e013a0e6146677c35d796f075e2572f09b,8e21d4821be776332f3504f55f85b4277f326f03513b2c7501fbdedf92b8b1a2,4bdb565c1c9841691252069c87a6c4e1c8f137b43a96fc15a718026d5b26a61d,477fee196153c242d686d57bb9605fedb219ebdcdb8ee09b33660fc52cd8c120,e3615a56acc1840bc9212c03cbc840ef332708ad61aacf7227942c47af6754fd,3049c664dd1b2e517d0ef8b59c0078d485f327951d4603e1bc460e11248013c2
2026-27:249,6,5.1653493930949095,2026-10-07T07:04:50Z,2026-10-10T10:00:00Z,Current formula at this deadline. This file does not replace the published Gameweeks 1-5 total of 280.,ffe911b65b5019529f8a7a322ad058e013a0e6146677c35d796f075e2572f09b,8e21d4821be776332f3504f55f85b4277f326f03513b2c7501fbdedf92b8b1a2,4bdb565c1c9841691252069c87a6c4e1c8f137b43a96fc15a718026d5b26a61d,477fee196153c242d686d57bb9605fedb219ebdcdb8ee09b33660fc52cd8c120,e3615a56acc1840bc9212c03cbc840ef332708ad61aacf7227942c47af6754fd,3049c664dd1b2e517d0ef8b59c0078d485f327951d4603e1bc460e11248013c2
2026-27:250,6,3.4698229200369894,2026-10-07T07:04:50Z,2026-10-10T10:00:00Z,Current formula at this deadline. This file does not replace the published Gameweeks 1-5 total of 280.,ffe911b65b5019529f8a7a322ad058e013a0e6146677c35d796f075e2572f09b,8e21d4821be776332f3504f55f85b4277f326f03513b2c7501fbdedf92b8b1a2,4bdb565c1c9841691252069c87a6c4e1c8f137b43a96fc15a718026d5b26a61d,477fee196153c242d686d57bb9605fedb219ebdcdb8ee09b33660fc52cd8c120,e3615a56acc1840bc9212c03cbc840ef332708ad61aacf7227942c47af6754fd,3049c664dd1b2e517d0ef8b59c0078d485f327951d4603e1bc460e11248013c2
2026-27:254,6,3.123207500184378,2026-10-07T07:04:50Z,2026-10-10T10:00:00Z,Current formula at this deadline. This file does not replace the published Gameweeks 1-5 total of 280.,ffe911b65b5019529f8a7a322ad058e013a0e6146677c35d796f075e2572f09b,8e21d4821be776332f3504f55f85b4277f326f03513b2c7501fbdedf92b8b1a2,4bdb565c1c9841691252069c87a6c4e1c8f137b43a96fc15a718026d5b26a61d,477fee196153c242d686d57bb9605fedb219ebdcdb8ee09b33660fc52cd8c120,e3615a56acc1840bc9212c03cbc840ef332708ad61aacf7227942c47af6754fd,3049c664dd1b2e517d0ef8b59c0078d485f327951d4603e1bc460e11248013c2
2026-27:257,6,2.8394500045381807,2026-10-07T07:04:50Z,2026-10-10T10:00:00Z,Current formula at this deadline. This file does not replace the published Gameweeks 1-5 total of 280.,ffe911b65b5019529f8a7a322ad058e013a0e6146677c35d796f075e2572f09b,8e21d4821be776332f3504f55f85b4277f326f03513b2c7501fbdedf92b8b1a2,4bdb565c1c9841691252069c87a6c4e1c8f137b43a96fc15a718026d5b26a61d,477fee196153c242d686d57bb9605fedb219ebdcdb8ee09b33660fc52cd8c120,e3615a56acc1840bc9212c03cbc840ef332708ad61aacf7227942c47af6754fd,3049c664dd1b2e517d0ef8b59c0078d485f327951d4603e1bc460e11248013c2
2026-27:258,6,3.6655484317310725,2026-10-07T07:04:50Z,2026-10-10T10:00:00Z,Current formula at this deadline. This file does not replace the published Gameweeks 1-5 total of 280.,ffe911b65b5019529f8a7a322ad058e013a0e6146677c35d796f075e2572f09b,8e21d4821be776332f3504f55f85b4277f326f03513b2c7501fbdedf92b8b1a2,4bdb565c1c9841691252069c87a6c4e1c8f137b43a96fc15a718026d5b26a61d,477fee196153c242d686d57bb9605fedb219ebdcdb8ee09b33660fc52cd8c120,e3615a56acc1840bc9212c03cbc840ef332708ad61aacf7227942c47af6754fd,3049c664dd1b2e517d0ef8b59c0078d485f327951d4603e1bc460e11248013c2
2026-27:259,6,3.9557006114199367,2026-10-07T07:04:50Z,2026-10-10T10:00:00Z,Current formula at this deadline. This file does not replace the published Gameweeks 1-5 total of 280.,ffe911b65b5019529f8a7a322ad058e013a0e6146677c35d796f075e2572f09b,8e21d4821be776332f3504f55f85b4277f326f03513b2c7501fbdedf92b8b1a2,4bdb565c1c9841691252069c87a6c4e1c8f137b43a96fc15a718026d5b26a61d,477fee196153c242d686d57bb9605fedb219ebdcdb8ee09b33660fc52cd8c120,e3615a56acc1840bc9212c03cbc840ef332708ad61aacf7227942c47af6754fd,3049c664dd1b2e517d0ef8b59c0078d485f327951d4603e1bc460e11248013c2
2026-27:26,6,4.127858040936174,2026-10-07T07:04:50Z,2026-10-10T10:00:00Z,Current formula at this deadline. This file does not replace the published Gameweeks 1-5 total of 280.,ffe911b65b5019529f8a7a322ad058e013a0e6146677c35d796f075e2572f09b,8e21d4821be776332f3504f55f85b4277f326f03513b2c7501fbdedf92b8b1a2,4bdb565c1c9841691252069c87a6c4e1c8f137b43a96fc15a718026d5b26a61d,477fee196153c242d686d57bb9605fedb219ebdcdb8ee09b33660fc52cd8c120,e3615a56acc1840bc9212c03cbc840ef332708ad61aacf7227942c47af6754fd,3049c664dd1b2e517d0ef8b59c0078d485f327951d4603e1bc460e11248013c2
2026-27:261,6,3.336872659688773,2026-10-07T07:04:50Z,2026-10-10T10:00:00Z,Current formula at this deadline. This file does not replace the published Gameweeks 1-5 total of 280.,ffe911b65b5019529f8a7a322ad058e013a0e6146677c35d796f075e2572f09b,8e21d4821be776332f3504f55f85b4277f326f03513b2c7501fbdedf92b8b1a2,4bdb565c1c9841691252069c87a6c4e1c8f137b43a96fc15a718026d5b26a61d,477fee196153c242d686d57bb9605fedb219ebdcdb8ee09b33660fc52cd8c120,e3615a56acc1840bc9212c03cbc840ef332708ad61aacf7227942c47af6754fd,3049c664dd1b2e517d0ef8b59c0078d485f327951d4603e1bc460e11248013c2
2026-27:264,6,3.439486718572909,2026-10-07T07:04:50Z,2026-10-10T10:00:00Z,Current formula at this deadline. This file does not replace the published Gameweeks 1-5 total of 280.,ffe911b65b5019529f8a7a322ad058e013a0e6146677c35d796f075e2572f09b,8e21d4821be776332f3504f55f85b4277f326f03513b2c7501fbdedf92b8b1a2,4bdb565c1c9841691252069c87a6c4e1c8f137b43a96fc15a718026d5b26a61d,477fee196153c242d686d57bb9605fedb219ebdcdb8ee09b33660fc52cd8c120,e3615a56acc1840bc9212c03cbc840ef332708ad61aacf7227942c47af6754fd,3049c664dd1b2e517d0ef8b59c0078d485f327951d4603e1bc460e11248013c2
2026-27:265,6,2.516110137560636,2026-10-07T07:04:50Z,2026-10-10T10:00:00Z,Current formula at this deadline. This file does not replace the published Gameweeks 1-5 total of 280.,ffe911b65b5019529f8a7a322ad058e013a0e6146677c35d796f075e2572f09b,8e21d4821be776332f3504f55f85b4277f326f03513b2c7501fbdedf92b8b1a2,4bdb565c1c9841691252069c87a6c4e1c8f137b43a96fc15a718026d5b26a61d,477fee196153c242d686d57bb9605fedb219ebdcdb8ee09b33660fc52cd8c120,e3615a56acc1840bc9212c03cbc840ef332708ad61aacf7227942c47af6754fd,3049c664dd1b2e517d0ef8b59c0078d485f327951d4603e1bc460e11248013c2
2026-27:267,6,2.5581745027993064,2026-10-07T07:04:50Z,2026-10-10T10:00:00Z,Current formula at this deadline. This file does not replace the published Gameweeks 1-5 total of 280.,ffe911b65b5019529f8a7a322ad058e013a0e6146677c35d796f075e2572f09b,8e21d4821be776332f3504f55f85b4277f326f03513b2c7501fbdedf92b8b1a2,4bdb565c1c9841691252069c87a6c4e1c8f137b43a96fc15a718026d5b26a61d,477fee196153c242d686d57bb9605fedb219ebdcdb8ee09b33660fc52cd8c120,e3615a56acc1840bc9212c03cbc840ef332708ad61aacf7227942c47af6754fd,3049c664dd1b2e517d0ef8b59c0078d485f327951d4603e1bc460e11248013c2
2026-27:268,6,4.022941587014483,2026-10-07T07:04:50Z,2026-10-10T10:00:00Z,Current formula at this deadline. This file does not replace the published Gameweeks 1-5 total of 280.,ffe911b65b5019529f8a7a322ad058e013a0e6146677c35d796f075e2572f09b,8e21d4821be776332f3504f55f85b4277f326f03513b2c7501fbdedf92b8b1a2,4bdb565c1c9841691252069c87a6c4e1c8f137b43a96fc15a718026d5b26a61d,477fee196153c242d686d57bb9605fedb219ebdcdb8ee09b33660fc52cd8c120,e3615a56acc1840bc9212c03cbc840ef332708ad61aacf7227942c47af6754fd,3049c664dd1b2e517d0ef8b59c0078d485f327951d4603e1bc460e11248013c2
2026-27:277,6,3.7184346016778567,2026-10-07T07:04:50Z,2026-10-10T10:00:00Z,Current formula at this deadline. This file does not replace the published Gameweeks 1-5 total of 280.,ffe911b65b5019529f8a7a322ad058e013a0e6146677c35d796f075e2572f09b,8e21d4821be776332f3504f55f85b4277f326f03513b2c7501fbdedf92b8b1a2,4bdb565c1c9841691252069c87a6c4e1c8f137b43a96fc15a718026d5b26a61d,477fee196153c242d686d57bb9605fedb219ebdcdb8ee09b33660fc52cd8c120,e3615a56acc1840bc9212c03cbc840ef332708ad61aacf7227942c47af6754fd,3049c664dd1b2e517d0ef8b59c0078d485f327951d4603e1bc460e11248013c2
2026-27:279,6,3.2429868910295174,2026-10-07T07:04:50Z,2026-10-10T10:00:00Z,Current formula at this deadline. This file does not replace the published Gameweeks 1-5 total of 280.,ffe911b65b5019529f8a7a322ad058e013a0e6146677c35d796f075e2572f09b,8e21d4821be776332f3504f55f85b4277f326f03513b2c7501fbdedf92b8b1a2,4bdb565c1c9841691252069c87a6c4e1c8f137b43a96fc15a718026d5b26a61d,477fee196153c242d686d57bb9605fedb219ebdcdb8ee09b33660fc52cd8c120,e3615a56acc1840bc9212c03cbc840ef332708ad61aacf7227942c47af6754fd,3049c664dd1b2e517d0ef8b59c0078d485f327951d4603e1bc460e11248013c2
2026-27:28,6,3.689343029998082,2026-10-07T07:04:50Z,2026-10-10T10:00:00Z,Current formula at this deadline. This file does not replace the published Gameweeks 1-5 total of 280.,ffe911b65b5019529f8a7a322ad058e013a0e6146677c35d796f075e2572f09b,8e21d4821be776332f3504f55f85b4277f326f03513b2c7501fbdedf92b8b1a2,4bdb565c1c9841691252069c87a6c4e1c8f137b43a96fc15a718026d5b26a61d,477fee196153c242d686d57bb9605fedb219ebdcdb8ee09b33660fc52cd8c120,e3615a56acc1840bc9212c03cbc840ef332708ad61aacf7227942c47af6754fd,3049c664dd1b2e517d0ef8b59c0078d485f327951d4603e1bc460e11248013c2
2026-27:280,6,2.6601770733402224,2026-10-07T07:04:50Z,2026-10-10T10:00:00Z,Current formula at this deadline. This file does not replace the published Gameweeks 1-5 total of 280.,ffe911b65b5019529f8a7a322ad058e013a0e6146677c35d796f075e2572f09b,8e21d4821be776332f3504f55f85b4277f326f03513b2c7501fbdedf92b8b1a2,4bdb565c1c9841691252069c87a6c4e1c8f137b43a96fc15a718026d5b26a61d,477fee196153c242d686d57bb9605fedb219ebdcdb8ee09b33660fc52cd8c120,e3615a56acc1840bc9212c03cbc840ef332708ad61aacf7227942c47af6754fd,3049c664dd1b2e517d0ef8b59c0078d485f327951d4603e1bc460e11248013c2
2026-27:282,6,2.870854995405821,2026-10-07T07:04:50Z,2026-10-10T10:00:00Z,Current formula at this deadline. This file does not replace the published Gameweeks 1-5 total of 280.,ffe911b65b5019529f8a7a322ad058e013a0e6146677c35d796f075e2572f09b,8e21d4821be776332f3504f55f85b4277f326f03513b2c7501fbdedf92b8b1a2,4bdb565c1c9841691252069c87a6c4e1c8f137b43a96fc15a718026d5b26a61d,477fee196153c242d686d57bb9605fedb219ebdcdb8ee09b33660fc52cd8c120,e3615a56acc1840bc9212c03cbc840ef332708ad61aacf7227942c47af6754fd,3049c664dd1b2e517d0ef8b59c0078d485f327951d4603e1bc460e11248013c2
2026-27:286,6,3.7222682353793717,2026-10-07T07:04:50Z,2026-10-10T10:00:00Z,Current formula at this deadline. This file does not replace the published Gameweeks 1-5 total of 280.,ffe911b65b5019529f8a7a322ad058e013a0e6146677c35d796f075e2572f09b,8e21d4821be776332f3504f55f85b4277f326f03513b2c7501fbdedf92b8b1a2,4bdb565c1c9841691252069c87a6c4e1c8f137b43a96fc15a718026d5b26a61d,477fee196153c242d686d57bb9605fedb219ebdcdb8ee09b33660fc52cd8c120,e3615a56acc1840bc9212c03cbc840ef332708ad61aacf7227942c47af6754fd,3049c664dd1b2e517d0ef8b59c0078d485f327951d4603e1bc460e11248013c2
2026-27:289,6,1.7015159913135696,2026-10-07T07:04:50Z,2026-10-10T10:00:00Z,Current formula at this deadline. This file does not replace the published Gameweeks 1-5 total of 280.,ffe911b65b5019529f8a7a322ad058e013a0e6146677c35d796f075e2572f09b,8e21d4821be776332f3504f55f85b4277f326f03513b2c7501fbdedf92b8b1a2,4bdb565c1c9841691252069c87a6c4e1c8f137b43a96fc15a718026d5b26a61d,477fee196153c242d686d57bb9605fedb219ebdcdb8ee09b33660fc52cd8c120,e3615a56acc1840bc9212c03cbc840ef332708ad61aacf7227942c47af6754fd,3049c664dd1b2e517d0ef8b59c0078d485f327951d4603e1bc460e11248013c2
2026-27:290,6,2.970019329100107,2026-10-07T07:04:50Z,2026-10-10T10:00:00Z,Current formula at this deadline. This file does not replace the published Gameweeks 1-5 total of 280.,ffe911b65b5019529f8a7a322ad058e013a0e6146677c35d796f075e2572f09b,8e21d4821be776332f3504f55f85b4277f326f03513b2c7501fbdedf92b8b1a2,4bdb565c1c9841691252069c87a6c4e1c8f137b43a96fc15a718026d5b26a61d,477fee196153c242d686d57bb9605fedb219ebdcdb8ee09b33660fc52cd8c120,e3615a56acc1840bc9212c03cbc840ef332708ad61aacf7227942c47af6754fd,3049c664dd1b2e517d0ef8b59c0078d485f327951d4603e1bc460e11248013c2
2026-27:295,6,2.9643360541302064,2026-10-07T07:04:50Z,2026-10-10T10:00:00Z,Current formula at this deadline. This file does not replace the published Gameweeks 1-5 total of 280.,ffe911b65b5019529f8a7a322ad058e013a0e6146677c35d796f075e2572f09b,8e21d4821be776332f3504f55f85b4277f326f03513b2c7501fbdedf92b8b1a2,4bdb565c1c9841691252069c87a6c4e1c8f137b43a96fc15a718026d5b26a61d,477fee196153c242d686d57bb9605fedb219ebdcdb8ee09b33660fc52cd8c120,e3615a56acc1840bc9212c03cbc840ef332708ad61aacf7227942c47af6754fd,3049c664dd1b2e517d0ef8b59c0078d485f327951d4603e1bc460e11248013c2
2026-27:300,6,3.448982254841329,2026-10-07T07:04:50Z,2026-10-10T10:00:00Z,Current formula at this deadline. This file does not replace the published Gameweeks 1-5 total of 280.,ffe911b65b5019529f8a7a322ad058e013a0e6146677c35d796f075e2572f09b,8e21d4821be776332f3504f55f85b4277f326f03513b2c7501fbdedf92b8b1a2,4bdb565c1c9841691252069c87a6c4e1c8f137b43a96fc15a718026d5b26a61d,477fee196153c242d686d57bb9605fedb219ebdcdb8ee09b33660fc52cd8c120,e3615a56acc1840bc9212c03cbc840ef332708ad61aacf7227942c47af6754fd,3049c664dd1b2e517d0ef8b59c0078d485f327951d4603e1bc460e11248013c2
2026-27:304,6,3.644224911098902,2026-10-07T07:04:50Z,2026-10-10T10:00:00Z,Current formula at this deadline. This file does not replace the published Gameweeks 1-5 total of 280.,ffe911b65b5019529f8a7a322ad058e013a0e6146677c35d796f075e2572f09b,8e21d4821be776332f3504f55f85b4277f326f03513b2c7501fbdedf92b8b1a2,4bdb565c1c9841691252069c87a6c4e1c8f137b43a96fc15a718026d5b26a61d,477fee196153c242d686d57bb9605fedb219ebdcdb8ee09b33660fc52cd8c120,e3615a56acc1840bc9212c03cbc840ef332708ad61aacf7227942c47af6754fd,3049c664dd1b2e517d0ef8b59c0078d485f327951d4603e1bc460e11248013c2
2026-27:305,6,4.732225867678169,2026-10-07T07:04:50Z,2026-10-10T10:00:00Z,Current formula at this deadline. This file does not replace the published Gameweeks 1-5 total of 280.,ffe911b65b5019529f8a7a322ad058e013a0e6146677c35d796f075e2572f09b,8e21d4821be776332f3504f55f85b4277f326f03513b2c7501fbdedf92b8b1a2,4bdb565c1c9841691252069c87a6c4e1c8f137b43a96fc15a718026d5b26a61d,477fee196153c242d686d57bb9605fedb219ebdcdb8ee09b33660fc52cd8c120,e3615a56acc1840bc9212c03cbc840ef332708ad61aacf7227942c47af6754fd,3049c664dd1b2e517d0ef8b59c0078d485f327951d4603e1bc460e11248013c2
2026-27:31,6,4.283442894416805,2026-10-07T07:04:50Z,2026-10-10T10:00:00Z,Current formula at this deadline. This file does not replace the published Gameweeks 1-5 total of 280.,ffe911b65b5019529f8a7a322ad058e013a0e6146677c35d796f075e2572f09b,8e21d4821be776332f3504f55f85b4277f326f03513b2c7501fbdedf92b8b1a2,4bdb565c1c9841691252069c87a6c4e1c8f137b43a96fc15a718026d5b26a61d,477fee196153c242d686d57bb9605fedb219ebdcdb8ee09b33660fc52cd8c120,e3615a56acc1840bc9212c03cbc840ef332708ad61aacf7227942c47af6754fd,3049c664dd1b2e517d0ef8b59c0078d485f327951d4603e1bc460e11248013c2
2026-27:313,6,2.8051421336702966,2026-10-07T07:04:50Z,2026-10-10T10:00:00Z,Current formula at this deadline. This file does not replace the published Gameweeks 1-5 total of 280.,ffe911b65b5019529f8a7a322ad058e013a0e6146677c35d796f075e2572f09b,8e21d4821be776332f3504f55f85b4277f326f03513b2c7501fbdedf92b8b1a2,4bdb565c1c9841691252069c87a6c4e1c8f137b43a96fc15a718026d5b26a61d,477fee196153c242d686d57bb9605fedb219ebdcdb8ee09b33660fc52cd8c120,e3615a56acc1840bc9212c03cbc840ef332708ad61aacf7227942c47af6754fd,3049c664dd1b2e517d0ef8b59c0078d485f327951d4603e1bc460e11248013c2
2026-27:316,6,3.183489671924256,2026-10-07T07:04:50Z,2026-10-10T10:00:00Z,Current formula at this deadline. This file does not replace the published Gameweeks 1-5 total of 280.,ffe911b65b5019529f8a7a322ad058e013a0e6146677c35d796f075e2572f09b,8e21d4821be776332f3504f55f85b4277f326f03513b2c7501fbdedf92b8b1a2,4bdb565c1c9841691252069c87a6c4e1c8f137b43a96fc15a718026d5b26a61d,477fee196153c242d686d57bb9605fedb219ebdcdb8ee09b33660fc52cd8c120,e3615a56acc1840bc9212c03cbc840ef332708ad61aacf7227942c47af6754fd,3049c664dd1b2e517d0ef8b59c0078d485f327951d4603e1bc460e11248013c2
2026-27:32,6,2.128507458445432,2026-10-07T07:04:50Z,2026-10-10T10:00:00Z,Current formula at this deadline. This file does not replace the published Gameweeks 1-5 total of 280.,ffe911b65b5019529f8a7a322ad058e013a0e6146677c35d796f075e2572f09b,8e21d4821be776332f3504f55f85b4277f326f03513b2c7501fbdedf92b8b1a2,4bdb565c1c9841691252069c87a6c4e1c8f137b43a96fc15a718026d5b26a61d,477fee196153c242d686d57bb9605fedb219ebdcdb8ee09b33660fc52cd8c120,e3615a56acc1840bc9212c03cbc840ef332708ad61aacf7227942c47af6754fd,3049c664dd1b2e517d0ef8b59c0078d485f327951d4603e1bc460e11248013c2
2026-27:328,6,2.935600731333473,2026-10-07T07:04:50Z,2026-10-10T10:00:00Z,Current formula at this deadline. This file does not replace the published Gameweeks 1-5 total of 280.,ffe911b65b5019529f8a7a322ad058e013a0e6146677c35d796f075e2572f09b,8e21d4821be776332f3504f55f85b4277f326f03513b2c7501fbdedf92b8b1a2,4bdb565c1c9841691252069c87a6c4e1c8f137b43a96fc15a718026d5b26a61d,477fee196153c242d686d57bb9605fedb219ebdcdb8ee09b33660fc52cd8c120,e3615a56acc1840bc9212c03cbc840ef332708ad61aacf7227942c47af6754fd,3049c664dd1b2e517d0ef8b59c0078d485f327951d4603e1bc460e11248013c2
2026-27:33,6,3.3845727565534878,2026-10-07T07:04:50Z,2026-10-10T10:00:00Z,Current formula at this deadline. This file does not replace the published Gameweeks 1-5 total of 280.,ffe911b65b5019529f8a7a322ad058e013a0e6146677c35d796f075e2572f09b,8e21d4821be776332f3504f55f85b4277f326f03513b2c7501fbdedf92b8b1a2,4bdb565c1c9841691252069c87a6c4e1c8f137b43a96fc15a718026d5b26a61d,477fee196153c242d686d57bb9605fedb219ebdcdb8ee09b33660fc52cd8c120,e3615a56acc1840bc9212c03cbc840ef332708ad61aacf7227942c47af6754fd,3049c664dd1b2e517d0ef8b59c0078d485f327951d4603e1bc460e11248013c2
2026-27:330,6,2.4126764270635603,2026-10-07T07:04:50Z,2026-10-10T10:00:00Z,Current formula at this deadline. This file does not replace the published Gameweeks 1-5 total of 280.,ffe911b65b5019529f8a7a322ad058e013a0e6146677c35d796f075e2572f09b,8e21d4821be776332f3504f55f85b4277f326f03513b2c7501fbdedf92b8b1a2,4bdb565c1c9841691252069c87a6c4e1c8f137b43a96fc15a718026d5b26a61d,477fee196153c242d686d57bb9605fedb219ebdcdb8ee09b33660fc52cd8c120,e3615a56acc1840bc9212c03cbc840ef332708ad61aacf7227942c47af6754fd,3049c664dd1b2e517d0ef8b59c0078d485f327951d4603e1bc460e11248013c2
2026-27:331,6,1.8352579826504585,2026-10-07T07:04:50Z,2026-10-10T10:00:00Z,Current formula at this deadline. This file does not replace the published Gameweeks 1-5 total of 280.,ffe911b65b5019529f8a7a322ad058e013a0e6146677c35d796f075e2572f09b,8e21d4821be776332f3504f55f85b4277f326f03513b2c7501fbdedf92b8b1a2,4bdb565c1c9841691252069c87a6c4e1c8f137b43a96fc15a718026d5b26a61d,477fee196153c242d686d57bb9605fedb219ebdcdb8ee09b33660fc52cd8c120,e3615a56acc1840bc9212c03cbc840ef332708ad61aacf7227942c47af6754fd,3049c664dd1b2e517d0ef8b59c0078d485f327951d4603e1bc460e11248013c2
2026-27:332,6,2.827906848122828,2026-10-07T07:04:50Z,2026-10-10T10:00:00Z,Current formula at this deadline. This file does not replace the published Gameweeks 1-5 total of 280.,ffe911b65b5019529f8a7a322ad058e013a0e6146677c35d796f075e2572f09b,8e21d4821be776332f3504f55f85b4277f326f03513b2c7501fbdedf92b8b1a2,4bdb565c1c9841691252069c87a6c4e1c8f137b43a96fc15a718026d5b26a61d,477fee196153c242d686d57bb9605fedb219ebdcdb8ee09b33660fc52cd8c120,e3615a56acc1840bc9212c03cbc840ef332708ad61aacf7227942c47af6754fd,3049c664dd1b2e517d0ef8b59c0078d485f327951d4603e1bc460e11248013c2
2026-27:334,6,3.173299284182306,2026-10-07T07:04:50Z,2026-10-10T10:00:00Z,Current formula at this deadline. This file does not replace the published Gameweeks 1-5 total of 280.,ffe911b65b5019529f8a7a322ad058e013a0e6146677c35d796f075e2572f09b,8e21d4821be776332f3504f55f85b4277f326f03513b2c7501fbdedf92b8b1a2,4bdb565c1c9841691252069c87a6c4e1c8f137b43a96fc15a718026d5b26a61d,477fee196153c242d686d57bb9605fedb219ebdcdb8ee09b33660fc52cd8c120,e3615a56acc1840bc9212c03cbc840ef332708ad61aacf7227942c47af6754fd,3049c664dd1b2e517d0ef8b59c0078d485f327951d4603e1bc460e11248013c2
2026-27:335,6,3.774952701667788,2026-10-07T07:04:50Z,2026-10-10T10:00:00Z,Current formula at this deadline. This file does not replace the published Gameweeks 1-5 total of 280.,ffe911b65b5019529f8a7a322ad058e013a0e6146677c35d796f075e2572f09b,8e21d4821be776332f3504f55f85b4277f326f03513b2c7501fbdedf92b8b1a2,4bdb565c1c9841691252069c87a6c4e1c8f137b43a96fc15a718026d5b26a61d,477fee196153c242d686d57bb9605fedb219ebdcdb8ee09b33660fc52cd8c120,e3615a56acc1840bc9212c03cbc840ef332708ad61aacf7227942c47af6754fd,3049c664dd1b2e517d0ef8b59c0078d485f327951d4603e1bc460e11248013c2
2026-27:336,6,2.2926670474948008,2026-10-07T07:04:50Z,2026-10-10T10:00:00Z,Current formula at this deadline. This file does not replace the published Gameweeks 1-5 total of 280.,ffe911b65b5019529f8a7a322ad058e013a0e6146677c35d796f075e2572f09b,8e21d4821be776332f3504f55f85b4277f326f03513b2c7501fbdedf92b8b1a2,4bdb565c1c9841691252069c87a6c4e1c8f137b43a96fc15a718026d5b26a61d,477fee196153c242d686d57bb9605fedb219ebdcdb8ee09b33660fc52cd8c120,e3615a56acc1840bc9212c03cbc840ef332708ad61aacf7227942c47af6754fd,3049c664dd1b2e517d0ef8b59c0078d485f327951d4603e1bc460e11248013c2
2026-27:338,6,3.4305473844807564,2026-10-07T07:04:50Z,2026-10-10T10:00:00Z,Current formula at this deadline. This file does not replace the published Gameweeks 1-5 total of 280.,ffe911b65b5019529f8a7a322ad058e013a0e6146677c35d796f075e2572f09b,8e21d4821be776332f3504f55f85b4277f326f03513b2c7501fbdedf92b8b1a2,4bdb565c1c9841691252069c87a6c4e1c8f137b43a96fc15a718026d5b26a61d,477fee196153c242d686d57bb9605fedb219ebdcdb8ee09b33660fc52cd8c120,e3615a56acc1840bc9212c03cbc840ef332708ad61aacf7227942c47af6754fd,3049c664dd1b2e517d0ef8b59c0078d485f327951d4603e1bc460e11248013c2
2026-27:345,6,2.4061173067389077,2026-10-07T07:04:50Z,2026-10-10T10:00:00Z,Current formula at this deadline. This file does not replace the published Gameweeks 1-5 total of 280.,ffe911b65b5019529f8a7a322ad058e013a0e6146677c35d796f075e2572f09b,8e21d4821be776332f3504f55f85b4277f326f03513b2c7501fbdedf92b8b1a2,4bdb565c1c9841691252069c87a6c4e1c8f137b43a96fc15a718026d5b26a61d,477fee196153c242d686d57bb9605fedb219ebdcdb8ee09b33660fc52cd8c120,e3615a56acc1840bc9212c03cbc840ef332708ad61aacf7227942c47af6754fd,3049c664dd1b2e517d0ef8b59c0078d485f327951d4603e1bc460e11248013c2
2026-27:346,6,2.769977978861383,2026-10-07T07:04:50Z,2026-10-10T10:00:00Z,Current formula at this deadline. This file does not replace the published Gameweeks 1-5 total of 280.,ffe911b65b5019529f8a7a322ad058e013a0e6146677c35d796f075e2572f09b,8e21d4821be776332f3504f55f85b4277f326f03513b2c7501fbdedf92b8b1a2,4bdb565c1c9841691252069c87a6c4e1c8f137b43a96fc15a718026d5b26a61d,477fee196153c242d686d57bb9605fedb219ebdcdb8ee09b33660fc52cd8c120,e3615a56acc1840bc9212c03cbc840ef332708ad61aacf7227942c47af6754fd,3049c664dd1b2e517d0ef8b59c0078d485f327951d4603e1bc460e11248013c2
2026-27:350,6,3.42855354959943,2026-10-07T07:04:50Z,2026-10-10T10:00:00Z,Current formula at this deadline. This file does not replace the published Gameweeks 1-5 total of 280.,ffe911b65b5019529f8a7a322ad058e013a0e6146677c35d796f075e2572f09b,8e21d4821be776332f3504f55f85b4277f326f03513b2c7501fbdedf92b8b1a2,4bdb565c1c9841691252069c87a6c4e1c8f137b43a96fc15a718026d5b26a61d,477fee196153c242d686d57bb9605fedb219ebdcdb8ee09b33660fc52cd8c120,e3615a56acc1840bc9212c03cbc840ef332708ad61aacf7227942c47af6754fd,3049c664dd1b2e517d0ef8b59c0078d485f327951d4603e1bc460e11248013c2
2026-27:356,6,4.073150069386993,2026-10-07T07:04:50Z,2026-10-10T10:00:00Z,Current formula at this deadline. This file does not replace the published Gameweeks 1-5 total of 280.,ffe911b65b5019529f8a7a322ad058e013a0e6146677c35d796f075e2572f09b,8e21d4821be776332f3504f55f85b4277f326f03513b2c7501fbdedf92b8b1a2,4bdb565c1c9841691252069c87a6c4e1c8f137b43a96fc15a718026d5b26a61d,477fee196153c242d686d57bb9605fedb219ebdcdb8ee09b33660fc52cd8c120,e3615a56acc1840bc9212c03cbc840ef332708ad61aacf7227942c47af6754fd,3049c664dd1b2e517d0ef8b59c0078d485f327951d4603e1bc460e11248013c2
2026-27:358,6,2.6685582380180537,2026-10-07T07:04:50Z,2026-10-10T10:00:00Z,Current formula at this deadline. This file does not replace the published Gameweeks 1-5 total of 280.,ffe911b65b5019529f8a7a322ad058e013a0e6146677c35d796f075e2572f09b,8e21d4821be776332f3504f55f85b4277f326f03513b2c7501fbdedf92b8b1a2,4bdb565c1c9841691252069c87a6c4e1c8f137b43a96fc15a718026d5b26a61d,477fee196153c242d686d57bb9605fedb219ebdcdb8ee09b33660fc52cd8c120,e3615a56acc1840bc9212c03cbc840ef332708ad61aacf7227942c47af6754fd,3049c664dd1b2e517d0ef8b59c0078d485f327951d4603e1bc460e11248013c2
2026-27:362,6,3.032459027441874,2026-10-07T07:04:50Z,2026-10-10T10:00:00Z,Current formula at this deadline. This file does not replace the published Gameweeks 1-5 total of 280.,ffe911b65b5019529f8a7a322ad058e013a0e6146677c35d796f075e2572f09b,8e21d4821be776332f3504f55f85b4277f326f03513b2c7501fbdedf92b8b1a2,4bdb565c1c9841691252069c87a6c4e1c8f137b43a96fc15a718026d5b26a61d,477fee196153c242d686d57bb9605fedb219ebdcdb8ee09b33660fc52cd8c120,e3615a56acc1840bc9212c03cbc840ef332708ad61aacf7227942c47af6754fd,3049c664dd1b2e517d0ef8b59c0078d485f327951d4603e1bc460e11248013c2
2026-27:366,6,3.4588235395091225,2026-10-07T07:04:50Z,2026-10-10T10:00:00Z,Current formula at this deadline. This file does not replace the published Gameweeks 1-5 total of 280.,ffe911b65b5019529f8a7a322ad058e013a0e6146677c35d796f075e2572f09b,8e21d4821be776332f3504f55f85b4277f326f03513b2c7501fbdedf92b8b1a2,4bdb565c1c9841691252069c87a6c4e1c8f137b43a96fc15a718026d5b26a61d,477fee196153c242d686d57bb9605fedb219ebdcdb8ee09b33660fc52cd8c120,e3615a56acc1840bc9212c03cbc840ef332708ad61aacf7227942c47af6754fd,3049c664dd1b2e517d0ef8b59c0078d485f327951d4603e1bc460e11248013c2
2026-27:367,6,4.483473920807984,2026-10-07T07:04:50Z,2026-10-10T10:00:00Z,Current formula at this deadline. This file does not replace the published Gameweeks 1-5 total of 280.,ffe911b65b5019529f8a7a322ad058e013a0e6146677c35d796f075e2572f09b,8e21d4821be776332f3504f55f85b4277f326f03513b2c7501fbdedf92b8b1a2,4bdb565c1c9841691252069c87a6c4e1c8f137b43a96fc15a718026d5b26a61d,477fee196153c242d686d57bb9605fedb219ebdcdb8ee09b33660fc52cd8c120,e3615a56acc1840bc9212c03cbc840ef332708ad61aacf7227942c47af6754fd,3049c664dd1b2e517d0ef8b59c0078d485f327951d4603e1bc460e11248013c2
2026-27:368,6,4.544224278530918,2026-10-07T07:04:50Z,2026-10-10T10:00:00Z,Current formula at this deadline. This file does not replace the published Gameweeks 1-5 total of 280.,ffe911b65b5019529f8a7a322ad058e013a0e6146677c35d796f075e2572f09b,8e21d4821be776332f3504f55f85b4277f326f03513b2c7501fbdedf92b8b1a2,4bdb565c1c9841691252069c87a6c4e1c8f137b43a96fc15a718026d5b26a61d,477fee196153c242d686d57bb9605fedb219ebdcdb8ee09b33660fc52cd8c120,e3615a56acc1840bc9212c03cbc840ef332708ad61aacf7227942c47af6754fd,3049c664dd1b2e517d0ef8b59c0078d485f327951d4603e1bc460e11248013c2
2026-27:37,6,3.645597133278269,2026-10-07T07:04:50Z,2026-10-10T10:00:00Z,Current formula at this deadline. This file does not replace the published Gameweeks 1-5 total of 280.,ffe911b65b5019529f8a7a322ad058e013a0e6146677c35d796f075e2572f09b,8e21d4821be776332f3504f55f85b4277f326f03513b2c7501fbdedf92b8b1a2,4bdb565c1c9841691252069c87a6c4e1c8f137b43a96fc15a718026d5b26a61d,477fee196153c242d686d57bb9605fedb219ebdcdb8ee09b33660fc52cd8c120,e3615a56acc1840bc9212c03cbc840ef332708ad61aacf7227942c47af6754fd,3049c664dd1b2e517d0ef8b59c0078d485f327951d4603e1bc460e11248013c2
2026-27:372,6,3.0382206612394826,2026-10-07T07:04:50Z,2026-10-10T10:00:00Z,Current formula at this deadline. This file does not replace the published Gameweeks 1-5 total of 280.,ffe911b65b5019529f8a7a322ad058e013a0e6146677c35d796f075e2572f09b,8e21d4821be776332f3504f55f85b4277f326f03513b2c7501fbdedf92b8b1a2,4bdb565c1c9841691252069c87a6c4e1c8f137b43a96fc15a718026d5b26a61d,477fee196153c242d686d57bb9605fedb219ebdcdb8ee09b33660fc52cd8c120,e3615a56acc1840bc9212c03cbc840ef332708ad61aacf7227942c47af6754fd,3049c664dd1b2e517d0ef8b59c0078d485f327951d4603e1bc460e11248013c2
2026-27:379,6,4.482045272704727,2026-10-07T07:04:50Z,2026-10-10T10:00:00Z,Current formula at this deadline. This file does not replace the published Gameweeks 1-5 total of 280.,ffe911b65b5019529f8a7a322ad058e013a0e6146677c35d796f075e2572f09b,8e21d4821be776332f3504f55f85b4277f326f03513b2c7501fbdedf92b8b1a2,4bdb565c1c9841691252069c87a6c4e1c8f137b43a96fc15a718026d5b26a61d,477fee196153c242d686d57bb9605fedb219ebdcdb8ee09b33660fc52cd8c120,e3615a56acc1840bc9212c03cbc840ef332708ad61aacf7227942c47af6754fd,3049c664dd1b2e517d0ef8b59c0078d485f327951d4603e1bc460e11248013c2
2026-27:384,6,3.428926439859722,2026-10-07T07:04:50Z,2026-10-10T10:00:00Z,Current formula at this deadline. This file does not replace the published Gameweeks 1-5 total of 280.,ffe911b65b5019529f8a7a322ad058e013a0e6146677c35d796f075e2572f09b,8e21d4821be776332f3504f55f85b4277f326f03513b2c7501fbdedf92b8b1a2,4bdb565c1c9841691252069c87a6c4e1c8f137b43a96fc15a718026d5b26a61d,477fee196153c242d686d57bb9605fedb219ebdcdb8ee09b33660fc52cd8c120,e3615a56acc1840bc9212c03cbc840ef332708ad61aacf7227942c47af6754fd,3049c664dd1b2e517d0ef8b59c0078d485f327951d4603e1bc460e11248013c2
2026-27:385,6,3.120044397788161,2026-10-07T07:04:50Z,2026-10-10T10:00:00Z,Current formula at this deadline. This file does not replace the published Gameweeks 1-5 total of 280.,ffe911b65b5019529f8a7a322ad058e013a0e6146677c35d796f075e2572f09b,8e21d4821be776332f3504f55f85b4277f326f03513b2c7501fbdedf92b8b1a2,4bdb565c1c9841691252069c87a6c4e1c8f137b43a96fc15a718026d5b26a61d,477fee196153c242d686d57bb9605fedb219ebdcdb8ee09b33660fc52cd8c120,e3615a56acc1840bc9212c03cbc840ef332708ad61aacf7227942c47af6754fd,3049c664dd1b2e517d0ef8b59c0078d485f327951d4603e1bc460e11248013c2
2026-27:388,6,3.553135741222517,2026-10-07T07:04:50Z,2026-10-10T10:00:00Z,Current formula at this deadline. This file does not replace the published Gameweeks 1-5 total of 280.,ffe911b65b5019529f8a7a322ad058e013a0e6146677c35d796f075e2572f09b,8e21d4821be776332f3504f55f85b4277f326f03513b2c7501fbdedf92b8b1a2,4bdb565c1c9841691252069c87a6c4e1c8f137b43a96fc15a718026d5b26a61d,477fee196153c242d686d57bb9605fedb219ebdcdb8ee09b33660fc52cd8c120,e3615a56acc1840bc9212c03cbc840ef332708ad61aacf7227942c47af6754fd,3049c664dd1b2e517d0ef8b59c0078d485f327951d4603e1bc460e11248013c2
2026-27:389,6,2.956335120523121,2026-10-07T07:04:50Z,2026-10-10T10:00:00Z,Current formula at this deadline. This file does not replace the published Gameweeks 1-5 total of 280.,ffe911b65b5019529f8a7a322ad058e013a0e6146677c35d796f075e2572f09b,8e21d4821be776332f3504f55f85b4277f326f03513b2c7501fbdedf92b8b1a2,4bdb565c1c9841691252069c87a6c4e1c8f137b43a96fc15a718026d5b26a61d,477fee196153c242d686d57bb9605fedb219ebdcdb8ee09b33660fc52cd8c120,e3615a56acc1840bc9212c03cbc840ef332708ad61aacf7227942c47af6754fd,3049c664dd1b2e517d0ef8b59c0078d485f327951d4603e1bc460e11248013c2
2026-27:390,6,3.0951328063707666,2026-10-07T07:04:50Z,2026-10-10T10:00:00Z,Current formula at this deadline. This file does not replace the published Gameweeks 1-5 total of 280.,ffe911b65b5019529f8a7a322ad058e013a0e6146677c35d796f075e2572f09b,8e21d4821be776332f3504f55f85b4277f326f03513b2c7501fbdedf92b8b1a2,4bdb565c1c9841691252069c87a6c4e1c8f137b43a96fc15a718026d5b26a61d,477fee196153c242d686d57bb9605fedb219ebdcdb8ee09b33660fc52cd8c120,e3615a56acc1840bc9212c03cbc840ef332708ad61aacf7227942c47af6754fd,3049c664dd1b2e517d0ef8b59c0078d485f327951d4603e1bc460e11248013c2
2026-27:391,6,3.031528439657682,2026-10-07T07:04:50Z,2026-10-10T10:00:00Z,Current formula at this deadline. This file does not replace the published Gameweeks 1-5 total of 280.,ffe911b65b5019529f8a7a322ad058e013a0e6146677c35d796f075e2572f09b,8e21d4821be776332f3504f55f85b4277f326f03513b2c7501fbdedf92b8b1a2,4bdb565c1c9841691252069c87a6c4e1c8f137b43a96fc15a718026d5b26a61d,477fee196153c242d686d57bb9605fedb219ebdcdb8ee09b33660fc52cd8c120,e3615a56acc1840bc9212c03cbc840ef332708ad61aacf7227942c47af6754fd,3049c664dd1b2e517d0ef8b59c0078d485f327951d4603e1bc460e11248013c2
2026-27:397,6,2.94983642547893,2026-10-07T07:04:50Z,2026-10-10T10:00:00Z,Current formula at this deadline. This file does not replace the published Gameweeks 1-5 total of 280.,ffe911b65b5019529f8a7a322ad058e013a0e6146677c35d796f075e2572f09b,8e21d4821be776332f3504f55f85b4277f326f03513b2c7501fbdedf92b8b1a2,4bdb565c1c9841691252069c87a6c4e1c8f137b43a96fc15a718026d5b26a61d,477fee196153c242d686d57bb9605fedb219ebdcdb8ee09b33660fc52cd8c120,e3615a56acc1840bc9212c03cbc840ef332708ad61aacf7227942c47af6754fd,3049c664dd1b2e517d0ef8b59c0078d485f327951d4603e1bc460e11248013c2
2026-27:399,6,3.382316445269347,2026-10-07T07:04:50Z,2026-10-10T10:00:00Z,Current formula at this deadline. This file does not replace the published Gameweeks 1-5 total of 280.,ffe911b65b5019529f8a7a322ad058e013a0e6146677c35d796f075e2572f09b,8e21d4821be776332f3504f55f85b4277f326f03513b2c7501fbdedf92b8b1a2,4bdb565c1c9841691252069c87a6c4e1c8f137b43a96fc15a718026d5b26a61d,477fee196153c242d686d57bb9605fedb219ebdcdb8ee09b33660fc52cd8c120,e3615a56acc1840bc9212c03cbc840ef332708ad61aacf7227942c47af6754fd,3049c664dd1b2e517d0ef8b59c0078d485f327951d4603e1bc460e11248013c2
2026-27:4,6,5.320062617835122,2026-10-07T07:04:50Z,2026-10-10T10:00:00Z,Current formula at this deadline. This file does not replace the published Gameweeks 1-5 total of 280.,ffe911b65b5019529f8a7a322ad058e013a0e6146677c35d796f075e2572f09b,8e21d4821be776332f3504f55f85b4277f326f03513b2c7501fbdedf92b8b1a2,4bdb565c1c9841691252069c87a6c4e1c8f137b43a96fc15a718026d5b26a61d,477fee196153c242d686d57bb9605fedb219ebdcdb8ee09b33660fc52cd8c120,e3615a56acc1840bc9212c03cbc840ef332708ad61aacf7227942c47af6754fd,3049c664dd1b2e517d0ef8b59c0078d485f327951d4603e1bc460e11248013c2
2026-27:40,6,5.7441887447000015,2026-10-07T07:04:50Z,2026-10-10T10:00:00Z,Current formula at this deadline. This file does not replace the published Gameweeks 1-5 total of 280.,ffe911b65b5019529f8a7a322ad058e013a0e6146677c35d796f075e2572f09b,8e21d4821be776332f3504f55f85b4277f326f03513b2c7501fbdedf92b8b1a2,4bdb565c1c9841691252069c87a6c4e1c8f137b43a96fc15a718026d5b26a61d,477fee196153c242d686d57bb9605fedb219ebdcdb8ee09b33660fc52cd8c120,e3615a56acc1840bc9212c03cbc840ef332708ad61aacf7227942c47af6754fd,3049c664dd1b2e517d0ef8b59c0078d485f327951d4603e1bc460e11248013c2
2026-27:401,6,2.191841000134245,2026-10-07T07:04:50Z,2026-10-10T10:00:00Z,Current formula at this deadline. This file does not replace the published Gameweeks 1-5 total of 280.,ffe911b65b5019529f8a7a322ad058e013a0e6146677c35d796f075e2572f09b,8e21d4821be776332f3504f55f85b4277f326f03513b2c7501fbdedf92b8b1a2,4bdb565c1c9841691252069c87a6c4e1c8f137b43a96fc15a718026d5b26a61d,477fee196153c242d686d57bb9605fedb219ebdcdb8ee09b33660fc52cd8c120,e3615a56acc1840bc9212c03cbc840ef332708ad61aacf7227942c47af6754fd,3049c664dd1b2e517d0ef8b59c0078d485f327951d4603e1bc460e11248013c2
2026-27:403,6,2.8197767240428124,2026-10-07T07:04:50Z,2026-10-10T10:00:00Z,Current formula at this deadline. This file does not replace the published Gameweeks 1-5 total of 280.,ffe911b65b5019529f8a7a322ad058e013a0e6146677c35d796f075e2572f09b,8e21d4821be776332f3504f55f85b4277f326f03513b2c7501fbdedf92b8b1a2,4bdb565c1c9841691252069c87a6c4e1c8f137b43a96fc15a718026d5b26a61d,477fee196153c242d686d57bb9605fedb219ebdcdb8ee09b33660fc52cd8c120,e3615a56acc1840bc9212c03cbc840ef332708ad61aacf7227942c47af6754fd,3049c664dd1b2e517d0ef8b59c0078d485f327951d4603e1bc460e11248013c2
2026-27:41,6,4.41842274484426,2026-10-07T07:04:50Z,2026-10-10T10:00:00Z,Current formula at this deadline. This file does not replace the published Gameweeks 1-5 total of 280.,ffe911b65b5019529f8a7a322ad058e013a0e6146677c35d796f075e2572f09b,8e21d4821be776332f3504f55f85b4277f326f03513b2c7501fbdedf92b8b1a2,4bdb565c1c9841691252069c87a6c4e1c8f137b43a96fc15a718026d5b26a61d,477fee196153c242d686d57bb9605fedb219ebdcdb8ee09b33660fc52cd8c120,e3615a56acc1840bc9212c03cbc840ef332708ad61aacf7227942c47af6754fd,3049c664dd1b2e517d0ef8b59c0078d485f327951d4603e1bc460e11248013c2
2026-27:411,6,4.74200825020403,2026-10-07T07:04:50Z,2026-10-10T10:00:00Z,Current formula at this deadline. This file does not replace the published Gameweeks 1-5 total of 280.,ffe911b65b5019529f8a7a322ad058e013a0e6146677c35d796f075e2572f09b,8e21d4821be776332f3504f55f85b4277f326f03513b2c7501fbdedf92b8b1a2,4bdb565c1c9841691252069c87a6c4e1c8f137b43a96fc15a718026d5b26a61d,477fee196153c242d686d57bb9605fedb219ebdcdb8ee09b33660fc52cd8c120,e3615a56acc1840bc9212c03cbc840ef332708ad61aacf7227942c47af6754fd,3049c664dd1b2e517d0ef8b59c0078d485f327951d4603e1bc460e11248013c2
2026-27:412,6,3.685232196782815,2026-10-07T07:04:50Z,2026-10-10T10:00:00Z,Current formula at this deadline. This file does not replace the published Gameweeks 1-5 total of 280.,ffe911b65b5019529f8a7a322ad058e013a0e6146677c35d796f075e2572f09b,8e21d4821be776332f3504f55f85b4277f326f03513b2c7501fbdedf92b8b1a2,4bdb565c1c9841691252069c87a6c4e1c8f137b43a96fc15a718026d5b26a61d,477fee196153c242d686d57bb9605fedb219ebdcdb8ee09b33660fc52cd8c120,e3615a56acc1840bc9212c03cbc840ef332708ad61aacf7227942c47af6754fd,3049c664dd1b2e517d0ef8b59c0078d485f327951d4603e1bc460e11248013c2
2026-27:417,6,3.6047099132871327,2026-10-07T07:04:50Z,2026-10-10T10:00:00Z,Current formula at this deadline. This file does not replace the published Gameweeks 1-5 total of 280.,ffe911b65b5019529f8a7a322ad058e013a0e6146677c35d796f075e2572f09b,8e21d4821be776332f3504f55f85b4277f326f03513b2c7501fbdedf92b8b1a2,4bdb565c1c9841691252069c87a6c4e1c8f137b43a96fc15a718026d5b26a61d,477fee196153c242d686d57bb9605fedb219ebdcdb8ee09b33660fc52cd8c120,e3615a56acc1840bc9212c03cbc840ef332708ad61aacf7227942c47af6754fd,3049c664dd1b2e517d0ef8b59c0078d485f327951d4603e1bc460e11248013c2
2026-27:418,6,4.1122814861725425,2026-10-07T07:04:50Z,2026-10-10T10:00:00Z,Current formula at this deadline. This file does not replace the published Gameweeks 1-5 total of 280.,ffe911b65b5019529f8a7a322ad058e013a0e6146677c35d796f075e2572f09b,8e21d4821be776332f3504f55f85b4277f326f03513b2c7501fbdedf92b8b1a2,4bdb565c1c9841691252069c87a6c4e1c8f137b43a96fc15a718026d5b26a61d,477fee196153c242d686d57bb9605fedb219ebdcdb8ee09b33660fc52cd8c120,e3615a56acc1840bc9212c03cbc840ef332708ad61aacf7227942c47af6754fd,3049c664dd1b2e517d0ef8b59c0078d485f327951d4603e1bc460e11248013c2
2026-27:419,6,3.9230940052044363,2026-10-07T07:04:50Z,2026-10-10T10:00:00Z,Current formula at this deadline. This file does not replace the published Gameweeks 1-5 total of 280.,ffe911b65b5019529f8a7a322ad058e013a0e6146677c35d796f075e2572f09b,8e21d4821be776332f3504f55f85b4277f326f03513b2c7501fbdedf92b8b1a2,4bdb565c1c9841691252069c87a6c4e1c8f137b43a96fc15a718026d5b26a61d,477fee196153c242d686d57bb9605fedb219ebdcdb8ee09b33660fc52cd8c120,e3615a56acc1840bc9212c03cbc840ef332708ad61aacf7227942c47af6754fd,3049c664dd1b2e517d0ef8b59c0078d485f327951d4603e1bc460e11248013c2
2026-27:423,6,3.6122402902090336,2026-10-07T07:04:50Z,2026-10-10T10:00:00Z,Current formula at this deadline. This file does not replace the published Gameweeks 1-5 total of 280.,ffe911b65b5019529f8a7a322ad058e013a0e6146677c35d796f075e2572f09b,8e21d4821be776332f3504f55f85b4277f326f03513b2c7501fbdedf92b8b1a2,4bdb565c1c9841691252069c87a6c4e1c8f137b43a96fc15a718026d5b26a61d,477fee196153c242d686d57bb9605fedb219ebdcdb8ee09b33660fc52cd8c120,e3615a56acc1840bc9212c03cbc840ef332708ad61aacf7227942c47af6754fd,3049c664dd1b2e517d0ef8b59c0078d485f327951d4603e1bc460e11248013c2
2026-27:426,6,5.6325789249041325,2026-10-07T07:04:50Z,2026-10-10T10:00:00Z,Current formula at this deadline. This file does not replace the published Gameweeks 1-5 total of 280.,ffe911b65b5019529f8a7a322ad058e013a0e6146677c35d796f075e2572f09b,8e21d4821be776332f3504f55f85b4277f326f03513b2c7501fbdedf92b8b1a2,4bdb565c1c9841691252069c87a6c4e1c8f137b43a96fc15a718026d5b26a61d,477fee196153c242d686d57bb9605fedb219ebdcdb8ee09b33660fc52cd8c120,e3615a56acc1840bc9212c03cbc840ef332708ad61aacf7227942c47af6754fd,3049c664dd1b2e517d0ef8b59c0078d485f327951d4603e1bc460e11248013c2
2026-27:427,6,5.777112254451584,2026-10-07T07:04:50Z,2026-10-10T10:00:00Z,Current formula at this deadline. This file does not replace the published Gameweeks 1-5 total of 280.,ffe911b65b5019529f8a7a322ad058e013a0e6146677c35d796f075e2572f09b,8e21d4821be776332f3504f55f85b4277f326f03513b2c7501fbdedf92b8b1a2,4bdb565c1c9841691252069c87a6c4e1c8f137b43a96fc15a718026d5b26a61d,477fee196153c242d686d57bb9605fedb219ebdcdb8ee09b33660fc52cd8c120,e3615a56acc1840bc9212c03cbc840ef332708ad61aacf7227942c47af6754fd,3049c664dd1b2e517d0ef8b59c0078d485f327951d4603e1bc460e11248013c2
2026-27:428,6,3.4406931169235264,2026-10-07T07:04:50Z,2026-10-10T10:00:00Z,Current formula at this deadline. This file does not replace the published Gameweeks 1-5 total of 280.,ffe911b65b5019529f8a7a322ad058e013a0e6146677c35d796f075e2572f09b,8e21d4821be776332f3504f55f85b4277f326f03513b2c7501fbdedf92b8b1a2,4bdb565c1c9841691252069c87a6c4e1c8f137b43a96fc15a718026d5b26a61d,477fee196153c242d686d57bb9605fedb219ebdcdb8ee09b33660fc52cd8c120,e3615a56acc1840bc9212c03cbc840ef332708ad61aacf7227942c47af6754fd,3049c664dd1b2e517d0ef8b59c0078d485f327951d4603e1bc460e11248013c2
2026-27:429,6,3.1383955021567553,2026-10-07T07:04:50Z,2026-10-10T10:00:00Z,Current formula at this deadline. This file does not replace the published Gameweeks 1-5 total of 280.,ffe911b65b5019529f8a7a322ad058e013a0e6146677c35d796f075e2572f09b,8e21d4821be776332f3504f55f85b4277f326f03513b2c7501fbdedf92b8b1a2,4bdb565c1c9841691252069c87a6c4e1c8f137b43a96fc15a718026d5b26a61d,477fee196153c242d686d57bb9605fedb219ebdcdb8ee09b33660fc52cd8c120,e3615a56acc1840bc9212c03cbc840ef332708ad61aacf7227942c47af6754fd,3049c664dd1b2e517d0ef8b59c0078d485f327951d4603e1bc460e11248013c2
2026-27:43,6,4.052539294712971,2026-10-07T07:04:50Z,2026-10-10T10:00:00Z,Current formula at this deadline. This file does not replace the published Gameweeks 1-5 total of 280.,ffe911b65b5019529f8a7a322ad058e013a0e6146677c35d796f075e2572f09b,8e21d4821be776332f3504f55f85b4277f326f03513b2c7501fbdedf92b8b1a2,4bdb565c1c9841691252069c87a6c4e1c8f137b43a96fc15a718026d5b26a61d,477fee196153c242d686d57bb9605fedb219ebdcdb8ee09b33660fc52cd8c120,e3615a56acc1840bc9212c03cbc840ef332708ad61aacf7227942c47af6754fd,3049c664dd1b2e517d0ef8b59c0078d485f327951d4603e1bc460e11248013c2
2026-27:432,6,4.564517210094018,2026-10-07T07:04:50Z,2026-10-10T10:00:00Z,Current formula at this deadline. This file does not replace the published Gameweeks 1-5 total of 280.,ffe911b65b5019529f8a7a322ad058e013a0e6146677c35d796f075e2572f09b,8e21d4821be776332f3504f55f85b4277f326f03513b2c7501fbdedf92b8b1a2,4bdb565c1c9841691252069c87a6c4e1c8f137b43a96fc15a718026d5b26a61d,477fee196153c242d686d57bb9605fedb219ebdcdb8ee09b33660fc52cd8c120,e3615a56acc1840bc9212c03cbc840ef332708ad61aacf7227942c47af6754fd,3049c664dd1b2e517d0ef8b59c0078d485f327951d4603e1bc460e11248013c2
2026-27:439,6,1.8913484376559684,2026-10-07T07:04:50Z,2026-10-10T10:00:00Z,Current formula at this deadline. This file does not replace the published Gameweeks 1-5 total of 280.,ffe911b65b5019529f8a7a322ad058e013a0e6146677c35d796f075e2572f09b,8e21d4821be776332f3504f55f85b4277f326f03513b2c7501fbdedf92b8b1a2,4bdb565c1c9841691252069c87a6c4e1c8f137b43a96fc15a718026d5b26a61d,477fee196153c242d686d57bb9605fedb219ebdcdb8ee09b33660fc52cd8c120,e3615a56acc1840bc9212c03cbc840ef332708ad61aacf7227942c47af6754fd,3049c664dd1b2e517d0ef8b59c0078d485f327951d4603e1bc460e11248013c2
2026-27:445,6,4.096286895567677,2026-10-07T07:04:50Z,2026-10-10T10:00:00Z,Current formula at this deadline. This file does not replace the published Gameweeks 1-5 total of 280.,ffe911b65b5019529f8a7a322ad058e013a0e6146677c35d796f075e2572f09b,8e21d4821be776332f3504f55f85b4277f326f03513b2c7501fbdedf92b8b1a2,4bdb565c1c9841691252069c87a6c4e1c8f137b43a96fc15a718026d5b26a61d,477fee196153c242d686d57bb9605fedb219ebdcdb8ee09b33660fc52cd8c120,e3615a56acc1840bc9212c03cbc840ef332708ad61aacf7227942c47af6754fd,3049c664dd1b2e517d0ef8b59c0078d485f327951d4603e1bc460e11248013c2
2026-27:447,6,4.31891292868134,2026-10-07T07:04:50Z,2026-10-10T10:00:00Z,Current formula at this deadline. This file does not replace the published Gameweeks 1-5 total of 280.,ffe911b65b5019529f8a7a322ad058e013a0e6146677c35d796f075e2572f09b,8e21d4821be776332f3504f55f85b4277f326f03513b2c7501fbdedf92b8b1a2,4bdb565c1c9841691252069c87a6c4e1c8f137b43a96fc15a718026d5b26a61d,477fee196153c242d686d57bb9605fedb219ebdcdb8ee09b33660fc52cd8c120,e3615a56acc1840bc9212c03cbc840ef332708ad61aacf7227942c47af6754fd,3049c664dd1b2e517d0ef8b59c0078d485f327951d4603e1bc460e11248013c2
2026-27:449,6,5.396498255761511,2026-10-07T07:04:50Z,2026-10-10T10:00:00Z,Current formula at this deadline. This file does not replace the published Gameweeks 1-5 total of 280.,ffe911b65b5019529f8a7a322ad058e013a0e6146677c35d796f075e2572f09b,8e21d4821be776332f3504f55f85b4277f326f03513b2c7501fbdedf92b8b1a2,4bdb565c1c9841691252069c87a6c4e1c8f137b43a96fc15a718026d5b26a61d,477fee196153c242d686d57bb9605fedb219ebdcdb8ee09b33660fc52cd8c120,e3615a56acc1840bc9212c03cbc840ef332708ad61aacf7227942c47af6754fd,3049c664dd1b2e517d0ef8b59c0078d485f327951d4603e1bc460e11248013c2
2026-27:45,6,3.779076610027688,2026-10-07T07:04:50Z,2026-10-10T10:00:00Z,Current formula at this deadline. This file does not replace the published Gameweeks 1-5 total of 280.,ffe911b65b5019529f8a7a322ad058e013a0e6146677c35d796f075e2572f09b,8e21d4821be776332f3504f55f85b4277f326f03513b2c7501fbdedf92b8b1a2,4bdb565c1c9841691252069c87a6c4e1c8f137b43a96fc15a718026d5b26a61d,477fee196153c242d686d57bb9605fedb219ebdcdb8ee09b33660fc52cd8c120,e3615a56acc1840bc9212c03cbc840ef332708ad61aacf7227942c47af6754fd,3049c664dd1b2e517d0ef8b59c0078d485f327951d4603e1bc460e11248013c2
2026-27:450,6,2.550545058633986,2026-10-07T07:04:50Z,2026-10-10T10:00:00Z,Current formula at this deadline. This file does not replace the published Gameweeks 1-5 total of 280.,ffe911b65b5019529f8a7a322ad058e013a0e6146677c35d796f075e2572f09b,8e21d4821be776332f3504f55f85b4277f326f03513b2c7501fbdedf92b8b1a2,4bdb565c1c9841691252069c87a6c4e1c8f137b43a96fc15a718026d5b26a61d,477fee196153c242d686d57bb9605fedb219ebdcdb8ee09b33660fc52cd8c120,e3615a56acc1840bc9212c03cbc840ef332708ad61aacf7227942c47af6754fd,3049c664dd1b2e517d0ef8b59c0078d485f327951d4603e1bc460e11248013c2
2026-27:452,6,2.584393486853452,2026-10-07T07:04:50Z,2026-10-10T10:00:00Z,Current formula at this deadline. This file does not replace the published Gameweeks 1-5 total of 280.,ffe911b65b5019529f8a7a322ad058e013a0e6146677c35d796f075e2572f09b,8e21d4821be776332f3504f55f85b4277f326f03513b2c7501fbdedf92b8b1a2,4bdb565c1c9841691252069c87a6c4e1c8f137b43a96fc15a718026d5b26a61d,477fee196153c242d686d57bb9605fedb219ebdcdb8ee09b33660fc52cd8c120,e3615a56acc1840bc9212c03cbc840ef332708ad61aacf7227942c47af6754fd,3049c664dd1b2e517d0ef8b59c0078d485f327951d4603e1bc460e11248013c2
2026-27:453,6,3.822865399972241,2026-10-07T07:04:50Z,2026-10-10T10:00:00Z,Current formula at this deadline. This file does not replace the published Gameweeks 1-5 total of 280.,ffe911b65b5019529f8a7a322ad058e013a0e6146677c35d796f075e2572f09b,8e21d4821be776332f3504f55f85b4277f326f03513b2c7501fbdedf92b8b1a2,4bdb565c1c9841691252069c87a6c4e1c8f137b43a96fc15a718026d5b26a61d,477fee196153c242d686d57bb9605fedb219ebdcdb8ee09b33660fc52cd8c120,e3615a56acc1840bc9212c03cbc840ef332708ad61aacf7227942c47af6754fd,3049c664dd1b2e517d0ef8b59c0078d485f327951d4603e1bc460e11248013c2
2026-27:455,6,3.037544404497996,2026-10-07T07:04:50Z,2026-10-10T10:00:00Z,Current formula at this deadline. This file does not replace the published Gameweeks 1-5 total of 280.,ffe911b65b5019529f8a7a322ad058e013a0e6146677c35d796f075e2572f09b,8e21d4821be776332f3504f55f85b4277f326f03513b2c7501fbdedf92b8b1a2,4bdb565c1c9841691252069c87a6c4e1c8f137b43a96fc15a718026d5b26a61d,477fee196153c242d686d57bb9605fedb219ebdcdb8ee09b33660fc52cd8c120,e3615a56acc1840bc9212c03cbc840ef332708ad61aacf7227942c47af6754fd,3049c664dd1b2e517d0ef8b59c0078d485f327951d4603e1bc460e11248013c2
2026-27:457,6,2.7326605656019716,2026-10-07T07:04:50Z,2026-10-10T10:00:00Z,Current formula at this deadline. This file does not replace the published Gameweeks 1-5 total of 280.,ffe911b65b5019529f8a7a322ad058e013a0e6146677c35d796f075e2572f09b,8e21d4821be776332f3504f55f85b4277f326f03513b2c7501fbdedf92b8b1a2,4bdb565c1c9841691252069c87a6c4e1c8f137b43a96fc15a718026d5b26a61d,477fee196153c242d686d57bb9605fedb219ebdcdb8ee09b33660fc52cd8c120,e3615a56acc1840bc9212c03cbc840ef332708ad61aacf7227942c47af6754fd,3049c664dd1b2e517d0ef8b59c0078d485f327951d4603e1bc460e11248013c2
2026-27:459,6,3.308054805316056,2026-10-07T07:04:50Z,2026-10-10T10:00:00Z,Current formula at this deadline. This file does not replace the published Gameweeks 1-5 total of 280.,ffe911b65b5019529f8a7a322ad058e013a0e6146677c35d796f075e2572f09b,8e21d4821be776332f3504f55f85b4277f326f03513b2c7501fbdedf92b8b1a2,4bdb565c1c9841691252069c87a6c4e1c8f137b43a96fc15a718026d5b26a61d,477fee196153c242d686d57bb9605fedb219ebdcdb8ee09b33660fc52cd8c120,e3615a56acc1840bc9212c03cbc840ef332708ad61aacf7227942c47af6754fd,3049c664dd1b2e517d0ef8b59c0078d485f327951d4603e1bc460e11248013c2
2026-27:460,6,3.9443207966448908,2026-10-07T07:04:50Z,2026-10-10T10:00:00Z,Current formula at this deadline. This file does not replace the published Gameweeks 1-5 total of 280.,ffe911b65b5019529f8a7a322ad058e013a0e6146677c35d796f075e2572f09b,8e21d4821be776332f3504f55f85b4277f326f03513b2c7501fbdedf92b8b1a2,4bdb565c1c9841691252069c87a6c4e1c8f137b43a96fc15a718026d5b26a61d,477fee196153c242d686d57bb9605fedb219ebdcdb8ee09b33660fc52cd8c120,e3615a56acc1840bc9212c03cbc840ef332708ad61aacf7227942c47af6754fd,3049c664dd1b2e517d0ef8b59c0078d485f327951d4603e1bc460e11248013c2
2026-27:462,6,2.333989063415087,2026-10-07T07:04:50Z,2026-10-10T10:00:00Z,Current formula at this deadline. This file does not replace the published Gameweeks 1-5 total of 280.,ffe911b65b5019529f8a7a322ad058e013a0e6146677c35d796f075e2572f09b,8e21d4821be776332f3504f55f85b4277f326f03513b2c7501fbdedf92b8b1a2,4bdb565c1c9841691252069c87a6c4e1c8f137b43a96fc15a718026d5b26a61d,477fee196153c242d686d57bb9605fedb219ebdcdb8ee09b33660fc52cd8c120,e3615a56acc1840bc9212c03cbc840ef332708ad61aacf7227942c47af6754fd,3049c664dd1b2e517d0ef8b59c0078d485f327951d4603e1bc460e11248013c2
2026-27:464,6,5.115966473271652,2026-10-07T07:04:50Z,2026-10-10T10:00:00Z,Current formula at this deadline. This file does not replace the published Gameweeks 1-5 total of 280.,ffe911b65b5019529f8a7a322ad058e013a0e6146677c35d796f075e2572f09b,8e21d4821be776332f3504f55f85b4277f326f03513b2c7501fbdedf92b8b1a2,4bdb565c1c9841691252069c87a6c4e1c8f137b43a96fc15a718026d5b26a61d,477fee196153c242d686d57bb9605fedb219ebdcdb8ee09b33660fc52cd8c120,e3615a56acc1840bc9212c03cbc840ef332708ad61aacf7227942c47af6754fd,3049c664dd1b2e517d0ef8b59c0078d485f327951d4603e1bc460e11248013c2
2026-27:467,6,3.4954049686973963,2026-10-07T07:04:50Z,2026-10-10T10:00:00Z,Current formula at this deadline. This file does not replace the published Gameweeks 1-5 total of 280.,ffe911b65b5019529f8a7a322ad058e013a0e6146677c35d796f075e2572f09b,8e21d4821be776332f3504f55f85b4277f326f03513b2c7501fbdedf92b8b1a2,4bdb565c1c9841691252069c87a6c4e1c8f137b43a96fc15a718026d5b26a61d,477fee196153c242d686d57bb9605fedb219ebdcdb8ee09b33660fc52cd8c120,e3615a56acc1840bc9212c03cbc840ef332708ad61aacf7227942c47af6754fd,3049c664dd1b2e517d0ef8b59c0078d485f327951d4603e1bc460e11248013c2
2026-27:469,6,3.878856225389715,2026-10-07T07:04:50Z,2026-10-10T10:00:00Z,Current formula at this deadline. This file does not replace the published Gameweeks 1-5 total of 280.,ffe911b65b5019529f8a7a322ad058e013a0e6146677c35d796f075e2572f09b,8e21d4821be776332f3504f55f85b4277f326f03513b2c7501fbdedf92b8b1a2,4bdb565c1c9841691252069c87a6c4e1c8f137b43a96fc15a718026d5b26a61d,477fee196153c242d686d57bb9605fedb219ebdcdb8ee09b33660fc52cd8c120,e3615a56acc1840bc9212c03cbc840ef332708ad61aacf7227942c47af6754fd,3049c664dd1b2e517d0ef8b59c0078d485f327951d4603e1bc460e11248013c2
2026-27:47,6,2.595845244732602,2026-10-07T07:04:50Z,2026-10-10T10:00:00Z,Current formula at this deadline. This file does not replace the published Gameweeks 1-5 total of 280.,ffe911b65b5019529f8a7a322ad058e013a0e6146677c35d796f075e2572f09b,8e21d4821be776332f3504f55f85b4277f326f03513b2c7501fbdedf92b8b1a2,4bdb565c1c9841691252069c87a6c4e1c8f137b43a96fc15a718026d5b26a61d,477fee196153c242d686d57bb9605fedb219ebdcdb8ee09b33660fc52cd8c120,e3615a56acc1840bc9212c03cbc840ef332708ad61aacf7227942c47af6754fd,3049c664dd1b2e517d0ef8b59c0078d485f327951d4603e1bc460e11248013c2
2026-27:472,6,4.965891748485138,2026-10-07T07:04:50Z,2026-10-10T10:00:00Z,Current formula at this deadline. This file does not replace the published Gameweeks 1-5 total of 280.,ffe911b65b5019529f8a7a322ad058e013a0e6146677c35d796f075e2572f09b,8e21d4821be776332f3504f55f85b4277f326f03513b2c7501fbdedf92b8b1a2,4bdb565c1c9841691252069c87a6c4e1c8f137b43a96fc15a718026d5b26a61d,477fee196153c242d686d57bb9605fedb219ebdcdb8ee09b33660fc52cd8c120,e3615a56acc1840bc9212c03cbc840ef332708ad61aacf7227942c47af6754fd,3049c664dd1b2e517d0ef8b59c0078d485f327951d4603e1bc460e11248013c2
2026-27:474,6,3.158538104575174,2026-10-07T07:04:50Z,2026-10-10T10:00:00Z,Current formula at this deadline. This file does not replace the published Gameweeks 1-5 total of 280.,ffe911b65b5019529f8a7a322ad058e013a0e6146677c35d796f075e2572f09b,8e21d4821be776332f3504f55f85b4277f326f03513b2c7501fbdedf92b8b1a2,4bdb565c1c9841691252069c87a6c4e1c8f137b43a96fc15a718026d5b26a61d,477fee196153c242d686d57bb9605fedb219ebdcdb8ee09b33660fc52cd8c120,e3615a56acc1840bc9212c03cbc840ef332708ad61aacf7227942c47af6754fd,3049c664dd1b2e517d0ef8b59c0078d485f327951d4603e1bc460e11248013c2
2026-27:480,6,4.442706624416996,2026-10-07T07:04:50Z,2026-10-10T10:00:00Z,Current formula at this deadline. This file does not replace the published Gameweeks 1-5 total of 280.,ffe911b65b5019529f8a7a322ad058e013a0e6146677c35d796f075e2572f09b,8e21d4821be776332f3504f55f85b4277f326f03513b2c7501fbdedf92b8b1a2,4bdb565c1c9841691252069c87a6c4e1c8f137b43a96fc15a718026d5b26a61d,477fee196153c242d686d57bb9605fedb219ebdcdb8ee09b33660fc52cd8c120,e3615a56acc1840bc9212c03cbc840ef332708ad61aacf7227942c47af6754fd,3049c664dd1b2e517d0ef8b59c0078d485f327951d4603e1bc460e11248013c2
2026-27:481,6,3.3432133617910558,2026-10-07T07:04:50Z,2026-10-10T10:00:00Z,Current formula at this deadline. This file does not replace the published Gameweeks 1-5 total of 280.,ffe911b65b5019529f8a7a322ad058e013a0e6146677c35d796f075e2572f09b,8e21d4821be776332f3504f55f85b4277f326f03513b2c7501fbdedf92b8b1a2,4bdb565c1c9841691252069c87a6c4e1c8f137b43a96fc15a718026d5b26a61d,477fee196153c242d686d57bb9605fedb219ebdcdb8ee09b33660fc52cd8c120,e3615a56acc1840bc9212c03cbc840ef332708ad61aacf7227942c47af6754fd,3049c664dd1b2e517d0ef8b59c0078d485f327951d4603e1bc460e11248013c2
2026-27:483,6,3.853921092874931,2026-10-07T07:04:50Z,2026-10-10T10:00:00Z,Current formula at this deadline. This file does not replace the published Gameweeks 1-5 total of 280.,ffe911b65b5019529f8a7a322ad058e013a0e6146677c35d796f075e2572f09b,8e21d4821be776332f3504f55f85b4277f326f03513b2c7501fbdedf92b8b1a2,4bdb565c1c9841691252069c87a6c4e1c8f137b43a96fc15a718026d5b26a61d,477fee196153c242d686d57bb9605fedb219ebdcdb8ee09b33660fc52cd8c120,e3615a56acc1840bc9212c03cbc840ef332708ad61aacf7227942c47af6754fd,3049c664dd1b2e517d0ef8b59c0078d485f327951d4603e1bc460e11248013c2
2026-27:486,6,3.4761649762831612,2026-10-07T07:04:50Z,2026-10-10T10:00:00Z,Current formula at this deadline. This file does not replace the published Gameweeks 1-5 total of 280.,ffe911b65b5019529f8a7a322ad058e013a0e6146677c35d796f075e2572f09b,8e21d4821be776332f3504f55f85b4277f326f03513b2c7501fbdedf92b8b1a2,4bdb565c1c9841691252069c87a6c4e1c8f137b43a96fc15a718026d5b26a61d,477fee196153c242d686d57bb9605fedb219ebdcdb8ee09b33660fc52cd8c120,e3615a56acc1840bc9212c03cbc840ef332708ad61aacf7227942c47af6754fd,3049c664dd1b2e517d0ef8b59c0078d485f327951d4603e1bc460e11248013c2
2026-27:496,6,3.27430113655052,2026-10-07T07:04:50Z,2026-10-10T10:00:00Z,Current formula at this deadline. This file does not replace the published Gameweeks 1-5 total of 280.,ffe911b65b5019529f8a7a322ad058e013a0e6146677c35d796f075e2572f09b,8e21d4821be776332f3504f55f85b4277f326f03513b2c7501fbdedf92b8b1a2,4bdb565c1c9841691252069c87a6c4e1c8f137b43a96fc15a718026d5b26a61d,477fee196153c242d686d57bb9605fedb219ebdcdb8ee09b33660fc52cd8c120,e3615a56acc1840bc9212c03cbc840ef332708ad61aacf7227942c47af6754fd,3049c664dd1b2e517d0ef8b59c0078d485f327951d4603e1bc460e11248013c2
2026-27:499,6,2.0496122741553386,2026-10-07T07:04:50Z,2026-10-10T10:00:00Z,Current formula at this deadline. This file does not replace the published Gameweeks 1-5 total of 280.,ffe911b65b5019529f8a7a322ad058e013a0e6146677c35d796f075e2572f09b,8e21d4821be776332f3504f55f85b4277f326f03513b2c7501fbdedf92b8b1a2,4bdb565c1c9841691252069c87a6c4e1c8f137b43a96fc15a718026d5b26a61d,477fee196153c242d686d57bb9605fedb219ebdcdb8ee09b33660fc52cd8c120,e3615a56acc1840bc9212c03cbc840ef332708ad61aacf7227942c47af6754fd,3049c664dd1b2e517d0ef8b59c0078d485f327951d4603e1bc460e11248013c2
2026-27:5,6,3.4596098430939732,2026-10-07T07:04:50Z,2026-10-10T10:00:00Z,Current formula at this deadline. This file does not replace the published Gameweeks 1-5 total of 280.,ffe911b65b5019529f8a7a322ad058e013a0e6146677c35d796f075e2572f09b,8e21d4821be776332f3504f55f85b4277f326f03513b2c7501fbdedf92b8b1a2,4bdb565c1c9841691252069c87a6c4e1c8f137b43a96fc15a718026d5b26a61d,477fee196153c242d686d57bb9605fedb219ebdcdb8ee09b33660fc52cd8c120,e3615a56acc1840bc9212c03cbc840ef332708ad61aacf7227942c47af6754fd,3049c664dd1b2e517d0ef8b59c0078d485f327951d4603e1bc460e11248013c2
2026-27:501,6,2.662454537865991,2026-10-07T07:04:50Z,2026-10-10T10:00:00Z,Current formula at this deadline. This file does not replace the published Gameweeks 1-5 total of 280.,ffe911b65b5019529f8a7a322ad058e013a0e6146677c35d796f075e2572f09b,8e21d4821be776332f3504f55f85b4277f326f03513b2c7501fbdedf92b8b1a2,4bdb565c1c9841691252069c87a6c4e1c8f137b43a96fc15a718026d5b26a61d,477fee196153c242d686d57bb9605fedb219ebdcdb8ee09b33660fc52cd8c120,e3615a56acc1840bc9212c03cbc840ef332708ad61aacf7227942c47af6754fd,3049c664dd1b2e517d0ef8b59c0078d485f327951d4603e1bc460e11248013c2
2026-27:502,6,2.8869551900194845,2026-10-07T07:04:50Z,2026-10-10T10:00:00Z,Current formula at this deadline. This file does not replace the published Gameweeks 1-5 total of 280.,ffe911b65b5019529f8a7a322ad058e013a0e6146677c35d796f075e2572f09b,8e21d4821be776332f3504f55f85b4277f326f03513b2c7501fbdedf92b8b1a2,4bdb565c1c9841691252069c87a6c4e1c8f137b43a96fc15a718026d5b26a61d,477fee196153c242d686d57bb9605fedb219ebdcdb8ee09b33660fc52cd8c120,e3615a56acc1840bc9212c03cbc840ef332708ad61aacf7227942c47af6754fd,3049c664dd1b2e517d0ef8b59c0078d485f327951d4603e1bc460e11248013c2
2026-27:503,6,2.8157415071593834,2026-10-07T07:04:50Z,2026-10-10T10:00:00Z,Current formula at this deadline. This file does not replace the published Gameweeks 1-5 total of 280.,ffe911b65b5019529f8a7a322ad058e013a0e6146677c35d796f075e2572f09b,8e21d4821be776332f3504f55f85b4277f326f03513b2c7501fbdedf92b8b1a2,4bdb565c1c9841691252069c87a6c4e1c8f137b43a96fc15a718026d5b26a61d,477fee196153c242d686d57bb9605fedb219ebdcdb8ee09b33660fc52cd8c120,e3615a56acc1840bc9212c03cbc840ef332708ad61aacf7227942c47af6754fd,3049c664dd1b2e517d0ef8b59c0078d485f327951d4603e1bc460e11248013c2
2026-27:504,6,3.976713208637634,2026-10-07T07:04:50Z,2026-10-10T10:00:00Z,Current formula at this deadline. This file does not replace the published Gameweeks 1-5 total of 280.,ffe911b65b5019529f8a7a322ad058e013a0e6146677c35d796f075e2572f09b,8e21d4821be776332f3504f55f85b4277f326f03513b2c7501fbdedf92b8b1a2,4bdb565c1c9841691252069c87a6c4e1c8f137b43a96fc15a718026d5b26a61d,477fee196153c242d686d57bb9605fedb219ebdcdb8ee09b33660fc52cd8c120,e3615a56acc1840bc9212c03cbc840ef332708ad61aacf7227942c47af6754fd,3049c664dd1b2e517d0ef8b59c0078d485f327951d4603e1bc460e11248013c2
2026-27:512,6,1.8553628390905892,2026-10-07T07:04:50Z,2026-10-10T10:00:00Z,Current formula at this deadline. This file does not replace the published Gameweeks 1-5 total of 280.,ffe911b65b5019529f8a7a322ad058e013a0e6146677c35d796f075e2572f09b,8e21d4821be776332f3504f55f85b4277f326f03513b2c7501fbdedf92b8b1a2,4bdb565c1c9841691252069c87a6c4e1c8f137b43a96fc15a718026d5b26a61d,477fee196153c242d686d57bb9605fedb219ebdcdb8ee09b33660fc52cd8c120,e3615a56acc1840bc9212c03cbc840ef332708ad61aacf7227942c47af6754fd,3049c664dd1b2e517d0ef8b59c0078d485f327951d4603e1bc460e11248013c2
2026-27:516,6,3.019467559036163,2026-10-07T07:04:50Z,2026-10-10T10:00:00Z,Current formula at this deadline. This file does not replace the published Gameweeks 1-5 total of 280.,ffe911b65b5019529f8a7a322ad058e013a0e6146677c35d796f075e2572f09b,8e21d4821be776332f3504f55f85b4277f326f03513b2c7501fbdedf92b8b1a2,4bdb565c1c9841691252069c87a6c4e1c8f137b43a96fc15a718026d5b26a61d,477fee196153c242d686d57bb9605fedb219ebdcdb8ee09b33660fc52cd8c120,e3615a56acc1840bc9212c03cbc840ef332708ad61aacf7227942c47af6754fd,3049c664dd1b2e517d0ef8b59c0078d485f327951d4603e1bc460e11248013c2
2026-27:522,6,2.39791611381717,2026-10-07T07:04:50Z,2026-10-10T10:00:00Z,Current formula at this deadline. This file does not replace the published Gameweeks 1-5 total of 280.,ffe911b65b5019529f8a7a322ad058e013a0e6146677c35d796f075e2572f09b,8e21d4821be776332f3504f55f85b4277f326f03513b2c7501fbdedf92b8b1a2,4bdb565c1c9841691252069c87a6c4e1c8f137b43a96fc15a718026d5b26a61d,477fee196153c242d686d57bb9605fedb219ebdcdb8ee09b33660fc52cd8c120,e3615a56acc1840bc9212c03cbc840ef332708ad61aacf7227942c47af6754fd,3049c664dd1b2e517d0ef8b59c0078d485f327951d4603e1bc460e11248013c2
2026-27:525,6,1.8650092457911718,2026-10-07T07:04:50Z,2026-10-10T10:00:00Z,Current formula at this deadline. This file does not replace the published Gameweeks 1-5 total of 280.,ffe911b65b5019529f8a7a322ad058e013a0e6146677c35d796f075e2572f09b,8e21d4821be776332f3504f55f85b4277f326f03513b2c7501fbdedf92b8b1a2,4bdb565c1c9841691252069c87a6c4e1c8f137b43a96fc15a718026d5b26a61d,477fee196153c242d686d57bb9605fedb219ebdcdb8ee09b33660fc52cd8c120,e3615a56acc1840bc9212c03cbc840ef332708ad61aacf7227942c47af6754fd,3049c664dd1b2e517d0ef8b59c0078d485f327951d4603e1bc460e11248013c2
2026-27:526,6,2.3009894999224696,2026-10-07T07:04:50Z,2026-10-10T10:00:00Z,Current formula at this deadline. This file does not replace the published Gameweeks 1-5 total of 280.,ffe911b65b5019529f8a7a322ad058e013a0e6146677c35d796f075e2572f09b,8e21d4821be776332f3504f55f85b4277f326f03513b2c7501fbdedf92b8b1a2,4bdb565c1c9841691252069c87a6c4e1c8f137b43a96fc15a718026d5b26a61d,477fee196153c242d686d57bb9605fedb219ebdcdb8ee09b33660fc52cd8c120,e3615a56acc1840bc9212c03cbc840ef332708ad61aacf7227942c47af6754fd,3049c664dd1b2e517d0ef8b59c0078d485f327951d4603e1bc460e11248013c2
2026-27:528,6,0.0,2026-10-07T07:04:50Z,2026-10-10T10:00:00Z,Current formula at this deadline. This file does not replace the published Gameweeks 1-5 total of 280.,ffe911b65b5019529f8a7a322ad058e013a0e6146677c35d796f075e2572f09b,8e21d4821be776332f3504f55f85b4277f326f03513b2c7501fbdedf92b8b1a2,4bdb565c1c9841691252069c87a6c4e1c8f137b43a96fc15a718026d5b26a61d,477fee196153c242d686d57bb9605fedb219ebdcdb8ee09b33660fc52cd8c120,e3615a56acc1840bc9212c03cbc840ef332708ad61aacf7227942c47af6754fd,3049c664dd1b2e517d0ef8b59c0078d485f327951d4603e1bc460e11248013c2
2026-27:529,6,3.424794679602836,2026-10-07T07:04:50Z,2026-10-10T10:00:00Z,Current formula at this deadline. This file does not replace the published Gameweeks 1-5 total of 280.,ffe911b65b5019529f8a7a322ad058e013a0e6146677c35d796f075e2572f09b,8e21d4821be776332f3504f55f85b4277f326f03513b2c7501fbdedf92b8b1a2,4bdb565c1c9841691252069c87a6c4e1c8f137b43a96fc15a718026d5b26a61d,477fee196153c242d686d57bb9605fedb219ebdcdb8ee09b33660fc52cd8c120,e3615a56acc1840bc9212c03cbc840ef332708ad61aacf7227942c47af6754fd,3049c664dd1b2e517d0ef8b59c0078d485f327951d4603e1bc460e11248013c2
2026-27:53,6,3.2468484467645595,2026-10-07T07:04:50Z,2026-10-10T10:00:00Z,Current formula at this deadline. This file does not replace the published Gameweeks 1-5 total of 280.,ffe911b65b5019529f8a7a322ad058e013a0e6146677c35d796f075e2572f09b,8e21d4821be776332f3504f55f85b4277f326f03513b2c7501fbdedf92b8b1a2,4bdb565c1c9841691252069c87a6c4e1c8f137b43a96fc15a718026d5b26a61d,477fee196153c242d686d57bb9605fedb219ebdcdb8ee09b33660fc52cd8c120,e3615a56acc1840bc9212c03cbc840ef332708ad61aacf7227942c47af6754fd,3049c664dd1b2e517d0ef8b59c0078d485f327951d4603e1bc460e11248013c2
2026-27:532,6,4.097451550203564,2026-10-07T07:04:50Z,2026-10-10T10:00:00Z,Current formula at this deadline. This file does not replace the published Gameweeks 1-5 total of 280.,ffe911b65b5019529f8a7a322ad058e013a0e6146677c35d796f075e2572f09b,8e21d4821be776332f3504f55f85b4277f326f03513b2c7501fbdedf92b8b1a2,4bdb565c1c9841691252069c87a6c4e1c8f137b43a96fc15a718026d5b26a61d,477fee196153c242d686d57bb9605fedb219ebdcdb8ee09b33660fc52cd8c120,e3615a56acc1840bc9212c03cbc840ef332708ad61aacf7227942c47af6754fd,3049c664dd1b2e517d0ef8b59c0078d485f327951d4603e1bc460e11248013c2
2026-27:533,6,4.0879797557812605,2026-10-07T07:04:50Z,2026-10-10T10:00:00Z,Current formula at this deadline. This file does not replace the published Gameweeks 1-5 total of 280.,ffe911b65b5019529f8a7a322ad058e013a0e6146677c35d796f075e2572f09b,8e21d4821be776332f3504f55f85b4277f326f03513b2c7501fbdedf92b8b1a2,4bdb565c1c9841691252069c87a6c4e1c8f137b43a96fc15a718026d5b26a61d,477fee196153c242d686d57bb9605fedb219ebdcdb8ee09b33660fc52cd8c120,e3615a56acc1840bc9212c03cbc840ef332708ad61aacf7227942c47af6754fd,3049c664dd1b2e517d0ef8b59c0078d485f327951d4603e1bc460e11248013c2
2026-27:54,6,2.628165845385977,2026-10-07T07:04:50Z,2026-10-10T10:00:00Z,Current formula at this deadline. This file does not replace the published Gameweeks 1-5 total of 280.,ffe911b65b5019529f8a7a322ad058e013a0e6146677c35d796f075e2572f09b,8e21d4821be776332f3504f55f85b4277f326f03513b2c7501fbdedf92b8b1a2,4bdb565c1c9841691252069c87a6c4e1c8f137b43a96fc15a718026d5b26a61d,477fee196153c242d686d57bb9605fedb219ebdcdb8ee09b33660fc52cd8c120,e3615a56acc1840bc9212c03cbc840ef332708ad61aacf7227942c47af6754fd,3049c664dd1b2e517d0ef8b59c0078d485f327951d4603e1bc460e11248013c2
2026-27:541,6,3.136731960294034,2026-10-07T07:04:50Z,2026-10-10T10:00:00Z,Current formula at this deadline. This file does not replace the published Gameweeks 1-5 total of 280.,ffe911b65b5019529f8a7a322ad058e013a0e6146677c35d796f075e2572f09b,8e21d4821be776332f3504f55f85b4277f326f03513b2c7501fbdedf92b8b1a2,4bdb565c1c9841691252069c87a6c4e1c8f137b43a96fc15a718026d5b26a61d,477fee196153c242d686d57bb9605fedb219ebdcdb8ee09b33660fc52cd8c120,e3615a56acc1840bc9212c03cbc840ef332708ad61aacf7227942c47af6754fd,3049c664dd1b2e517d0ef8b59c0078d485f327951d4603e1bc460e11248013c2
2026-27:542,6,4.3616554516628865,2026-10-07T07:04:50Z,2026-10-10T10:00:00Z,Current formula at this deadline. This file does not replace the published Gameweeks 1-5 total of 280.,ffe911b65b5019529f8a7a322ad058e013a0e6146677c35d796f075e2572f09b,8e21d4821be776332f3504f55f85b4277f326f03513b2c7501fbdedf92b8b1a2,4bdb565c1c9841691252069c87a6c4e1c8f137b43a96fc15a718026d5b26a61d,477fee196153c242d686d57bb9605fedb219ebdcdb8ee09b33660fc52cd8c120,e3615a56acc1840bc9212c03cbc840ef332708ad61aacf7227942c47af6754fd,3049c664dd1b2e517d0ef8b59c0078d485f327951d4603e1bc460e11248013c2
2026-27:544,6,3.7688077001631988,2026-10-07T07:04:50Z,2026-10-10T10:00:00Z,Current formula at this deadline. This file does not replace the published Gameweeks 1-5 total of 280.,ffe911b65b5019529f8a7a322ad058e013a0e6146677c35d796f075e2572f09b,8e21d4821be776332f3504f55f85b4277f326f03513b2c7501fbdedf92b8b1a2,4bdb565c1c9841691252069c87a6c4e1c8f137b43a96fc15a718026d5b26a61d,477fee196153c242d686d57bb9605fedb219ebdcdb8ee09b33660fc52cd8c120,e3615a56acc1840bc9212c03cbc840ef332708ad61aacf7227942c47af6754fd,3049c664dd1b2e517d0ef8b59c0078d485f327951d4603e1bc460e11248013c2
2026-27:545,6,2.662588009641428,2026-10-07T07:04:50Z,2026-10-10T10:00:00Z,Current formula at this deadline. This file does not replace the published Gameweeks 1-5 total of 280.,ffe911b65b5019529f8a7a322ad058e013a0e6146677c35d796f075e2572f09b,8e21d4821be776332f3504f55f85b4277f326f03513b2c7501fbdedf92b8b1a2,4bdb565c1c9841691252069c87a6c4e1c8f137b43a96fc15a718026d5b26a61d,477fee196153c242d686d57bb9605fedb219ebdcdb8ee09b33660fc52cd8c120,e3615a56acc1840bc9212c03cbc840ef332708ad61aacf7227942c47af6754fd,3049c664dd1b2e517d0ef8b59c0078d485f327951d4603e1bc460e11248013c2
2026-27:551,6,2.6801065021459576,2026-10-07T07:04:50Z,2026-10-10T10:00:00Z,Current formula at this deadline. This file does not replace the published Gameweeks 1-5 total of 280.,ffe911b65b5019529f8a7a322ad058e013a0e6146677c35d796f075e2572f09b,8e21d4821be776332f3504f55f85b4277f326f03513b2c7501fbdedf92b8b1a2,4bdb565c1c9841691252069c87a6c4e1c8f137b43a96fc15a718026d5b26a61d,477fee196153c242d686d57bb9605fedb219ebdcdb8ee09b33660fc52cd8c120,e3615a56acc1840bc9212c03cbc840ef332708ad61aacf7227942c47af6754fd,3049c664dd1b2e517d0ef8b59c0078d485f327951d4603e1bc460e11248013c2
2026-27:552,6,3.586598575137531,2026-10-07T07:04:50Z,2026-10-10T10:00:00Z,Current formula at this deadline. This file does not replace the published Gameweeks 1-5 total of 280.,ffe911b65b5019529f8a7a322ad058e013a0e6146677c35d796f075e2572f09b,8e21d4821be776332f3504f55f85b4277f326f03513b2c7501fbdedf92b8b1a2,4bdb565c1c9841691252069c87a6c4e1c8f137b43a96fc15a718026d5b26a61d,477fee196153c242d686d57bb9605fedb219ebdcdb8ee09b33660fc52cd8c120,e3615a56acc1840bc9212c03cbc840ef332708ad61aacf7227942c47af6754fd,3049c664dd1b2e517d0ef8b59c0078d485f327951d4603e1bc460e11248013c2
2026-27:556,6,1.7181922995234993,2026-10-07T07:04:50Z,2026-10-10T10:00:00Z,Current formula at this deadline. This file does not replace the published Gameweeks 1-5 total of 280.,ffe911b65b5019529f8a7a322ad058e013a0e6146677c35d796f075e2572f09b,8e21d4821be776332f3504f55f85b4277f326f03513b2c7501fbdedf92b8b1a2,4bdb565c1c9841691252069c87a6c4e1c8f137b43a96fc15a718026d5b26a61d,477fee196153c242d686d57bb9605fedb219ebdcdb8ee09b33660fc52cd8c120,e3615a56acc1840bc9212c03cbc840ef332708ad61aacf7227942c47af6754fd,3049c664dd1b2e517d0ef8b59c0078d485f327951d4603e1bc460e11248013c2
2026-27:557,6,2.636377937504702,2026-10-07T07:04:50Z,2026-10-10T10:00:00Z,Current formula at this deadline. This file does not replace the published Gameweeks 1-5 total of 280.,ffe911b65b5019529f8a7a322ad058e013a0e6146677c35d796f075e2572f09b,8e21d4821be776332f3504f55f85b4277f326f03513b2c7501fbdedf92b8b1a2,4bdb565c1c9841691252069c87a6c4e1c8f137b43a96fc15a718026d5b26a61d,477fee196153c242d686d57bb9605fedb219ebdcdb8ee09b33660fc52cd8c120,e3615a56acc1840bc9212c03cbc840ef332708ad61aacf7227942c47af6754fd,3049c664dd1b2e517d0ef8b59c0078d485f327951d4603e1bc460e11248013c2
2026-27:558,6,3.2856593504208265,2026-10-07T07:04:50Z,2026-10-10T10:00:00Z,Current formula at this deadline. This file does not replace the published Gameweeks 1-5 total of 280.,ffe911b65b5019529f8a7a322ad058e013a0e6146677c35d796f075e2572f09b,8e21d4821be776332f3504f55f85b4277f326f03513b2c7501fbdedf92b8b1a2,4bdb565c1c9841691252069c87a6c4e1c8f137b43a96fc15a718026d5b26a61d,477fee196153c242d686d57bb9605fedb219ebdcdb8ee09b33660fc52cd8c120,e3615a56acc1840bc9212c03cbc840ef332708ad61aacf7227942c47af6754fd,3049c664dd1b2e517d0ef8b59c0078d485f327951d4603e1bc460e11248013c2
2026-27:566,6,4.596566978079085,2026-10-07T07:04:50Z,2026-10-10T10:00:00Z,Current formula at this deadline. This file does not replace the published Gameweeks 1-5 total of 280.,ffe911b65b5019529f8a7a322ad058e013a0e6146677c35d796f075e2572f09b,8e21d4821be776332f3504f55f85b4277f326f03513b2c7501fbdedf92b8b1a2,4bdb565c1c9841691252069c87a6c4e1c8f137b43a96fc15a718026d5b26a61d,477fee196153c242d686d57bb9605fedb219ebdcdb8ee09b33660fc52cd8c120,e3615a56acc1840bc9212c03cbc840ef332708ad61aacf7227942c47af6754fd,3049c664dd1b2e517d0ef8b59c0078d485f327951d4603e1bc460e11248013c2
2026-27:567,6,3.5340312381451597,2026-10-07T07:04:50Z,2026-10-10T10:00:00Z,Current formula at this deadline. This file does not replace the published Gameweeks 1-5 total of 280.,ffe911b65b5019529f8a7a322ad058e013a0e6146677c35d796f075e2572f09b,8e21d4821be776332f3504f55f85b4277f326f03513b2c7501fbdedf92b8b1a2,4bdb565c1c9841691252069c87a6c4e1c8f137b43a96fc15a718026d5b26a61d,477fee196153c242d686d57bb9605fedb219ebdcdb8ee09b33660fc52cd8c120,e3615a56acc1840bc9212c03cbc840ef332708ad61aacf7227942c47af6754fd,3049c664dd1b2e517d0ef8b59c0078d485f327951d4603e1bc460e11248013c2
2026-27:568,6,2.479843835905644,2026-10-07T07:04:50Z,2026-10-10T10:00:00Z,Current formula at this deadline. This file does not replace the published Gameweeks 1-5 total of 280.,ffe911b65b5019529f8a7a322ad058e013a0e6146677c35d796f075e2572f09b,8e21d4821be776332f3504f55f85b4277f326f03513b2c7501fbdedf92b8b1a2,4bdb565c1c9841691252069c87a6c4e1c8f137b43a96fc15a718026d5b26a61d,477fee196153c242d686d57bb9605fedb219ebdcdb8ee09b33660fc52cd8c120,e3615a56acc1840bc9212c03cbc840ef332708ad61aacf7227942c47af6754fd,3049c664dd1b2e517d0ef8b59c0078d485f327951d4603e1bc460e11248013c2
2026-27:569,6,4.062622539387648,2026-10-07T07:04:50Z,2026-10-10T10:00:00Z,Current formula at this deadline. This file does not replace the published Gameweeks 1-5 total of 280.,ffe911b65b5019529f8a7a322ad058e013a0e6146677c35d796f075e2572f09b,8e21d4821be776332f3504f55f85b4277f326f03513b2c7501fbdedf92b8b1a2,4bdb565c1c9841691252069c87a6c4e1c8f137b43a96fc15a718026d5b26a61d,477fee196153c242d686d57bb9605fedb219ebdcdb8ee09b33660fc52cd8c120,e3615a56acc1840bc9212c03cbc840ef332708ad61aacf7227942c47af6754fd,3049c664dd1b2e517d0ef8b59c0078d485f327951d4603e1bc460e11248013c2
2026-27:57,6,3.2797706985808133,2026-10-07T07:04:50Z,2026-10-10T10:00:00Z,Current formula at this deadline. This file does not replace the published Gameweeks 1-5 total of 280.,ffe911b65b5019529f8a7a322ad058e013a0e6146677c35d796f075e2572f09b,8e21d4821be776332f3504f55f85b4277f326f03513b2c7501fbdedf92b8b1a2,4bdb565c1c9841691252069c87a6c4e1c8f137b43a96fc15a718026d5b26a61d,477fee196153c242d686d57bb9605fedb219ebdcdb8ee09b33660fc52cd8c120,e3615a56acc1840bc9212c03cbc840ef332708ad61aacf7227942c47af6754fd,3049c664dd1b2e517d0ef8b59c0078d485f327951d4603e1bc460e11248013c2
2026-27:572,6,3.3826334456648257,2026-10-07T07:04:50Z,2026-10-10T10:00:00Z,Current formula at this deadline. This file does not replace the published Gameweeks 1-5 total of 280.,ffe911b65b5019529f8a7a322ad058e013a0e6146677c35d796f075e2572f09b,8e21d4821be776332f3504f55f85b4277f326f03513b2c7501fbdedf92b8b1a2,4bdb565c1c9841691252069c87a6c4e1c8f137b43a96fc15a718026d5b26a61d,477fee196153c242d686d57bb9605fedb219ebdcdb8ee09b33660fc52cd8c120,e3615a56acc1840bc9212c03cbc840ef332708ad61aacf7227942c47af6754fd,3049c664dd1b2e517d0ef8b59c0078d485f327951d4603e1bc460e11248013c2
2026-27:575,6,2.3181329134552997,2026-10-07T07:04:50Z,2026-10-10T10:00:00Z,Current formula at this deadline. This file does not replace the published Gameweeks 1-5 total of 280.,ffe911b65b5019529f8a7a322ad058e013a0e6146677c35d796f075e2572f09b,8e21d4821be776332f3504f55f85b4277f326f03513b2c7501fbdedf92b8b1a2,4bdb565c1c9841691252069c87a6c4e1c8f137b43a96fc15a718026d5b26a61d,477fee196153c242d686d57bb9605fedb219ebdcdb8ee09b33660fc52cd8c120,e3615a56acc1840bc9212c03cbc840ef332708ad61aacf7227942c47af6754fd,3049c664dd1b2e517d0ef8b59c0078d485f327951d4603e1bc460e11248013c2
2026-27:579,6,2.9745066549077,2026-10-07T07:04:50Z,2026-10-10T10:00:00Z,Current formula at this deadline. This file does not replace the published Gameweeks 1-5 total of 280.,ffe911b65b5019529f8a7a322ad058e013a0e6146677c35d796f075e2572f09b,8e21d4821be776332f3504f55f85b4277f326f03513b2c7501fbdedf92b8b1a2,4bdb565c1c9841691252069c87a6c4e1c8f137b43a96fc15a718026d5b26a61d,477fee196153c242d686d57bb9605fedb219ebdcdb8ee09b33660fc52cd8c120,e3615a56acc1840bc9212c03cbc840ef332708ad61aacf7227942c47af6754fd,3049c664dd1b2e517d0ef8b59c0078d485f327951d4603e1bc460e11248013c2
2026-27:58,6,0.0,2026-10-07T07:04:50Z,2026-10-10T10:00:00Z,Current formula at this deadline. This file does not replace the published Gameweeks 1-5 total of 280.,ffe911b65b5019529f8a7a322ad058e013a0e6146677c35d796f075e2572f09b,8e21d4821be776332f3504f55f85b4277f326f03513b2c7501fbdedf92b8b1a2,4bdb565c1c9841691252069c87a6c4e1c8f137b43a96fc15a718026d5b26a61d,477fee196153c242d686d57bb9605fedb219ebdcdb8ee09b33660fc52cd8c120,e3615a56acc1840bc9212c03cbc840ef332708ad61aacf7227942c47af6754fd,3049c664dd1b2e517d0ef8b59c0078d485f327951d4603e1bc460e11248013c2
2026-27:580,6,3.1859516215945236,2026-10-07T07:04:50Z,2026-10-10T10:00:00Z,Current formula at this deadline. This file does not replace the published Gameweeks 1-5 total of 280.,ffe911b65b5019529f8a7a322ad058e013a0e6146677c35d796f075e2572f09b,8e21d4821be776332f3504f55f85b4277f326f03513b2c7501fbdedf92b8b1a2,4bdb565c1c9841691252069c87a6c4e1c8f137b43a96fc15a718026d5b26a61d,477fee196153c242d686d57bb9605fedb219ebdcdb8ee09b33660fc52cd8c120,e3615a56acc1840bc9212c03cbc840ef332708ad61aacf7227942c47af6754fd,3049c664dd1b2e517d0ef8b59c0078d485f327951d4603e1bc460e11248013c2
2026-27:581,6,3.309949804569312,2026-10-07T07:04:50Z,2026-10-10T10:00:00Z,Current formula at this deadline. This file does not replace the published Gameweeks 1-5 total of 280.,ffe911b65b5019529f8a7a322ad058e013a0e6146677c35d796f075e2572f09b,8e21d4821be776332f3504f55f85b4277f326f03513b2c7501fbdedf92b8b1a2,4bdb565c1c9841691252069c87a6c4e1c8f137b43a96fc15a718026d5b26a61d,477fee196153c242d686d57bb9605fedb219ebdcdb8ee09b33660fc52cd8c120,e3615a56acc1840bc9212c03cbc840ef332708ad61aacf7227942c47af6754fd,3049c664dd1b2e517d0ef8b59c0078d485f327951d4603e1bc460e11248013c2
2026-27:583,6,3.289835461128113,2026-10-07T07:04:50Z,2026-10-10T10:00:00Z,Current formula at this deadline. This file does not replace the published Gameweeks 1-5 total of 280.,ffe911b65b5019529f8a7a322ad058e013a0e6146677c35d796f075e2572f09b,8e21d4821be776332f3504f55f85b4277f326f03513b2c7501fbdedf92b8b1a2,4bdb565c1c9841691252069c87a6c4e1c8f137b43a96fc15a718026d5b26a61d,477fee196153c242d686d57bb9605fedb219ebdcdb8ee09b33660fc52cd8c120,e3615a56acc1840bc9212c03cbc840ef332708ad61aacf7227942c47af6754fd,3049c664dd1b2e517d0ef8b59c0078d485f327951d4603e1bc460e11248013c2
2026-27:585,6,2.4987069624534324,2026-10-07T07:04:50Z,2026-10-10T10:00:00Z,Current formula at this deadline. This file does not replace the published Gameweeks 1-5 total of 280.,ffe911b65b5019529f8a7a322ad058e013a0e6146677c35d796f075e2572f09b,8e21d4821be776332f3504f55f85b4277f326f03513b2c7501fbdedf92b8b1a2,4bdb565c1c9841691252069c87a6c4e1c8f137b43a96fc15a718026d5b26a61d,477fee196153c242d686d57bb9605fedb219ebdcdb8ee09b33660fc52cd8c120,e3615a56acc1840bc9212c03cbc840ef332708ad61aacf7227942c47af6754fd,3049c664dd1b2e517d0ef8b59c0078d485f327951d4603e1bc460e11248013c2
2026-27:588,6,5.094917432103611,2026-10-07T07:04:50Z,2026-10-10T10:00:00Z,Current formula at this deadline. This file does not replace the published Gameweeks 1-5 total of 280.,ffe911b65b5019529f8a7a322ad058e013a0e6146677c35d796f075e2572f09b,8e21d4821be776332f3504f55f85b4277f326f03513b2c7501fbdedf92b8b1a2,4bdb565c1c9841691252069c87a6c4e1c8f137b43a96fc15a718026d5b26a61d,477fee196153c242d686d57bb9605fedb219ebdcdb8ee09b33660fc52cd8c120,e3615a56acc1840bc9212c03cbc840ef332708ad61aacf7227942c47af6754fd,3049c664dd1b2e517d0ef8b59c0078d485f327951d4603e1bc460e11248013c2
2026-27:591,6,4.10533006746862,2026-10-07T07:04:50Z,2026-10-10T10:00:00Z,Current formula at this deadline. This file does not replace the published Gameweeks 1-5 total of 280.,ffe911b65b5019529f8a7a322ad058e013a0e6146677c35d796f075e2572f09b,8e21d4821be776332f3504f55f85b4277f326f03513b2c7501fbdedf92b8b1a2,4bdb565c1c9841691252069c87a6c4e1c8f137b43a96fc15a718026d5b26a61d,477fee196153c242d686d57bb9605fedb219ebdcdb8ee09b33660fc52cd8c120,e3615a56acc1840bc9212c03cbc840ef332708ad61aacf7227942c47af6754fd,3049c664dd1b2e517d0ef8b59c0078d485f327951d4603e1bc460e11248013c2
2026-27:592,6,2.609821879407299,2026-10-07T07:04:50Z,2026-10-10T10:00:00Z,Current formula at this deadline. This file does not replace the published Gameweeks 1-5 total of 280.,ffe911b65b5019529f8a7a322ad058e013a0e6146677c35d796f075e2572f09b,8e21d4821be776332f3504f55f85b4277f326f03513b2c7501fbdedf92b8b1a2,4bdb565c1c9841691252069c87a6c4e1c8f137b43a96fc15a718026d5b26a61d,477fee196153c242d686d57bb9605fedb219ebdcdb8ee09b33660fc52cd8c120,e3615a56acc1840bc9212c03cbc840ef332708ad61aacf7227942c47af6754fd,3049c664dd1b2e517d0ef8b59c0078d485f327951d4603e1bc460e11248013c2
2026-27:596,6,3.0431953465362813,2026-10-07T07:04:50Z,2026-10-10T10:00:00Z,Current formula at this deadline. This file does not replace the published Gameweeks 1-5 total of 280.,ffe911b65b5019529f8a7a322ad058e013a0e6146677c35d796f075e2572f09b,8e21d4821be776332f3504f55f85b4277f326f03513b2c7501fbdedf92b8b1a2,4bdb565c1c9841691252069c87a6c4e1c8f137b43a96fc15a718026d5b26a61d,477fee196153c242d686d57bb9605fedb219ebdcdb8ee09b33660fc52cd8c120,e3615a56acc1840bc9212c03cbc840ef332708ad61aacf7227942c47af6754fd,3049c664dd1b2e517d0ef8b59c0078d485f327951d4603e1bc460e11248013c2
2026-27:597,6,3.451446388249347,2026-10-07T07:04:50Z,2026-10-10T10:00:00Z,Current formula at this deadline. This file does not replace the published Gameweeks 1-5 total of 280.,ffe911b65b5019529f8a7a322ad058e013a0e6146677c35d796f075e2572f09b,8e21d4821be776332f3504f55f85b4277f326f03513b2c7501fbdedf92b8b1a2,4bdb565c1c9841691252069c87a6c4e1c8f137b43a96fc15a718026d5b26a61d,477fee196153c242d686d57bb9605fedb219ebdcdb8ee09b33660fc52cd8c120,e3615a56acc1840bc9212c03cbc840ef332708ad61aacf7227942c47af6754fd,3049c664dd1b2e517d0ef8b59c0078d485f327951d4603e1bc460e11248013c2
2026-27:598,6,2.4587784488424957,2026-10-07T07:04:50Z,2026-10-10T10:00:00Z,Current formula at this deadline. This file does not replace the published Gameweeks 1-5 total of 280.,ffe911b65b5019529f8a7a322ad058e013a0e6146677c35d796f075e2572f09b,8e21d4821be776332f3504f55f85b4277f326f03513b2c7501fbdedf92b8b1a2,4bdb565c1c9841691252069c87a6c4e1c8f137b43a96fc15a718026d5b26a61d,477fee196153c242d686d57bb9605fedb219ebdcdb8ee09b33660fc52cd8c120,e3615a56acc1840bc9212c03cbc840ef332708ad61aacf7227942c47af6754fd,3049c664dd1b2e517d0ef8b59c0078d485f327951d4603e1bc460e11248013c2
2026-27:60,6,3.7408968940692806,2026-10-07T07:04:50Z,2026-10-10T10:00:00Z,Current formula at this deadline. This file does not replace the published Gameweeks 1-5 total of 280.,ffe911b65b5019529f8a7a322ad058e013a0e6146677c35d796f075e2572f09b,8e21d4821be776332f3504f55f85b4277f326f03513b2c7501fbdedf92b8b1a2,4bdb565c1c9841691252069c87a6c4e1c8f137b43a96fc15a718026d5b26a61d,477fee196153c242d686d57bb9605fedb219ebdcdb8ee09b33660fc52cd8c120,e3615a56acc1840bc9212c03cbc840ef332708ad61aacf7227942c47af6754fd,3049c664dd1b2e517d0ef8b59c0078d485f327951d4603e1bc460e11248013c2
2026-27:61,6,2.793916755545379,2026-10-07T07:04:50Z,2026-10-10T10:00:00Z,Current formula at this deadline. This file does not replace the published Gameweeks 1-5 total of 280.,ffe911b65b5019529f8a7a322ad058e013a0e6146677c35d796f075e2572f09b,8e21d4821be776332f3504f55f85b4277f326f03513b2c7501fbdedf92b8b1a2,4bdb565c1c9841691252069c87a6c4e1c8f137b43a96fc15a718026d5b26a61d,477fee196153c242d686d57bb9605fedb219ebdcdb8ee09b33660fc52cd8c120,e3615a56acc1840bc9212c03cbc840ef332708ad61aacf7227942c47af6754fd,3049c664dd1b2e517d0ef8b59c0078d485f327951d4603e1bc460e11248013c2
2026-27:611,6,2.1340006993265814,2026-10-07T07:04:50Z,2026-10-10T10:00:00Z,Current formula at this deadline. This file does not replace the published Gameweeks 1-5 total of 280.,ffe911b65b5019529f8a7a322ad058e013a0e6146677c35d796f075e2572f09b,8e21d4821be776332f3504f55f85b4277f326f03513b2c7501fbdedf92b8b1a2,4bdb565c1c9841691252069c87a6c4e1c8f137b43a96fc15a718026d5b26a61d,477fee196153c242d686d57bb9605fedb219ebdcdb8ee09b33660fc52cd8c120,e3615a56acc1840bc9212c03cbc840ef332708ad61aacf7227942c47af6754fd,3049c664dd1b2e517d0ef8b59c0078d485f327951d4603e1bc460e11248013c2
2026-27:612,6,2.5469839084250547,2026-10-07T07:04:50Z,2026-10-10T10:00:00Z,Current formula at this deadline. This file does not replace the published Gameweeks 1-5 total of 280.,ffe911b65b5019529f8a7a322ad058e013a0e6146677c35d796f075e2572f09b,8e21d4821be776332f3504f55f85b4277f326f03513b2c7501fbdedf92b8b1a2,4bdb565c1c9841691252069c87a6c4e1c8f137b43a96fc15a718026d5b26a61d,477fee196153c242d686d57bb9605fedb219ebdcdb8ee09b33660fc52cd8c120,e3615a56acc1840bc9212c03cbc840ef332708ad61aacf7227942c47af6754fd,3049c664dd1b2e517d0ef8b59c0078d485f327951d4603e1bc460e11248013c2
2026-27:619,6,3.2964046845923733,2026-10-07T07:04:50Z,2026-10-10T10:00:00Z,Current formula at this deadline. This file does not replace the published Gameweeks 1-5 total of 280.,ffe911b65b5019529f8a7a322ad058e013a0e6146677c35d796f075e2572f09b,8e21d4821be776332f3504f55f85b4277f326f03513b2c7501fbdedf92b8b1a2,4bdb565c1c9841691252069c87a6c4e1c8f137b43a96fc15a718026d5b26a61d,477fee196153c242d686d57bb9605fedb219ebdcdb8ee09b33660fc52cd8c120,e3615a56acc1840bc9212c03cbc840ef332708ad61aacf7227942c47af6754fd,3049c664dd1b2e517d0ef8b59c0078d485f327951d4603e1bc460e11248013c2
2026-27:627,6,2.7876115232430005,2026-10-07T07:04:50Z,2026-10-10T10:00:00Z,Current formula at this deadline. This file does not replace the published Gameweeks 1-5 total of 280.,ffe911b65b5019529f8a7a322ad058e013a0e6146677c35d796f075e2572f09b,8e21d4821be776332f3504f55f85b4277f326f03513b2c7501fbdedf92b8b1a2,4bdb565c1c9841691252069c87a6c4e1c8f137b43a96fc15a718026d5b26a61d,477fee196153c242d686d57bb9605fedb219ebdcdb8ee09b33660fc52cd8c120,e3615a56acc1840bc9212c03cbc840ef332708ad61aacf7227942c47af6754fd,3049c664dd1b2e517d0ef8b59c0078d485f327951d4603e1bc460e11248013c2
2026-27:634,6,2.0103187205451083,2026-10-07T07:04:50Z,2026-10-10T10:00:00Z,Current formula at this deadline. This file does not replace the published Gameweeks 1-5 total of 280.,ffe911b65b5019529f8a7a322ad058e013a0e6146677c35d796f075e2572f09b,8e21d4821be776332f3504f55f85b4277f326f03513b2c7501fbdedf92b8b1a2,4bdb565c1c9841691252069c87a6c4e1c8f137b43a96fc15a718026d5b26a61d,477fee196153c242d686d57bb9605fedb219ebdcdb8ee09b33660fc52cd8c120,e3615a56acc1840bc9212c03cbc840ef332708ad61aacf7227942c47af6754fd,3049c664dd1b2e517d0ef8b59c0078d485f327951d4603e1bc460e11248013c2
2026-27:638,6,1.8188311927971517,2026-10-07T07:04:50Z,2026-10-10T10:00:00Z,Current formula at this deadline. This file does not replace the published Gameweeks 1-5 total of 280.,ffe911b65b5019529f8a7a322ad058e013a0e6146677c35d796f075e2572f09b,8e21d4821be776332f3504f55f85b4277f326f03513b2c7501fbdedf92b8b1a2,4bdb565c1c9841691252069c87a6c4e1c8f137b43a96fc15a718026d5b26a61d,477fee196153c242d686d57bb9605fedb219ebdcdb8ee09b33660fc52cd8c120,e3615a56acc1840bc9212c03cbc840ef332708ad61aacf7227942c47af6754fd,3049c664dd1b2e517d0ef8b59c0078d485f327951d4603e1bc460e11248013c2
2026-27:639,6,2.9654948699546244,2026-10-07T07:04:50Z,2026-10-10T10:00:00Z,Current formula at this deadline. This file does not replace the published Gameweeks 1-5 total of 280.,ffe911b65b5019529f8a7a322ad058e013a0e6146677c35d796f075e2572f09b,8e21d4821be776332f3504f55f85b4277f326f03513b2c7501fbdedf92b8b1a2,4bdb565c1c9841691252069c87a6c4e1c8f137b43a96fc15a718026d5b26a61d,477fee196153c242d686d57bb9605fedb219ebdcdb8ee09b33660fc52cd8c120,e3615a56acc1840bc9212c03cbc840ef332708ad61aacf7227942c47af6754fd,3049c664dd1b2e517d0ef8b59c0078d485f327951d4603e1bc460e11248013c2
2026-27:64,6,2.2445188910661966,2026-10-07T07:04:50Z,2026-10-10T10:00:00Z,Current formula at this deadline. This file does not replace the published Gameweeks 1-5 total of 280.,ffe911b65b5019529f8a7a322ad058e013a0e6146677c35d796f075e2572f09b,8e21d4821be776332f3504f55f85b4277f326f03513b2c7501fbdedf92b8b1a2,4bdb565c1c9841691252069c87a6c4e1c8f137b43a96fc15a718026d5b26a61d,477fee196153c242d686d57bb9605fedb219ebdcdb8ee09b33660fc52cd8c120,e3615a56acc1840bc9212c03cbc840ef332708ad61aacf7227942c47af6754fd,3049c664dd1b2e517d0ef8b59c0078d485f327951d4603e1bc460e11248013c2
2026-27:642,6,2.74786198463885,2026-10-07T07:04:50Z,2026-10-10T10:00:00Z,Current formula at this deadline. This file does not replace the published Gameweeks 1-5 total of 280.,ffe911b65b5019529f8a7a322ad058e013a0e6146677c35d796f075e2572f09b,8e21d4821be776332f3504f55f85b4277f326f03513b2c7501fbdedf92b8b1a2,4bdb565c1c9841691252069c87a6c4e1c8f137b43a96fc15a718026d5b26a61d,477fee196153c242d686d57bb9605fedb219ebdcdb8ee09b33660fc52cd8c120,e3615a56acc1840bc9212c03cbc840ef332708ad61aacf7227942c47af6754fd,3049c664dd1b2e517d0ef8b59c0078d485f327951d4603e1bc460e11248013c2
2026-27:644,6,3.417028169975764,2026-10-07T07:04:50Z,2026-10-10T10:00:00Z,Current formula at this deadline. This file does not replace the published Gameweeks 1-5 total of 280.,ffe911b65b5019529f8a7a322ad058e013a0e6146677c35d796f075e2572f09b,8e21d4821be776332f3504f55f85b4277f326f03513b2c7501fbdedf92b8b1a2,4bdb565c1c9841691252069c87a6c4e1c8f137b43a96fc15a718026d5b26a61d,477fee196153c242d686d57bb9605fedb219ebdcdb8ee09b33660fc52cd8c120,e3615a56acc1840bc9212c03cbc840ef332708ad61aacf7227942c47af6754fd,3049c664dd1b2e517d0ef8b59c0078d485f327951d4603e1bc460e11248013c2
2026-27:649,6,3.5263952471544835,2026-10-07T07:04:50Z,2026-10-10T10:00:00Z,Current formula at this deadline. This file does not replace the published Gameweeks 1-5 total of 280.,ffe911b65b5019529f8a7a322ad058e013a0e6146677c35d796f075e2572f09b,8e21d4821be776332f3504f55f85b4277f326f03513b2c7501fbdedf92b8b1a2,4bdb565c1c9841691252069c87a6c4e1c8f137b43a96fc15a718026d5b26a61d,477fee196153c242d686d57bb9605fedb219ebdcdb8ee09b33660fc52cd8c120,e3615a56acc1840bc9212c03cbc840ef332708ad61aacf7227942c47af6754fd,3049c664dd1b2e517d0ef8b59c0078d485f327951d4603e1bc460e11248013c2
2026-27:650,6,3.9902354010330137,2026-10-07T07:04:50Z,2026-10-10T10:00:00Z,Current formula at this deadline. This file does not replace the published Gameweeks 1-5 total of 280.,ffe911b65b5019529f8a7a322ad058e013a0e6146677c35d796f075e2572f09b,8e21d4821be776332f3504f55f85b4277f326f03513b2c7501fbdedf92b8b1a2,4bdb565c1c9841691252069c87a6c4e1c8f137b43a96fc15a718026d5b26a61d,477fee196153c242d686d57bb9605fedb219ebdcdb8ee09b33660fc52cd8c120,e3615a56acc1840bc9212c03cbc840ef332708ad61aacf7227942c47af6754fd,3049c664dd1b2e517d0ef8b59c0078d485f327951d4603e1bc460e11248013c2
2026-27:67,6,2.9367811981880014,2026-10-07T07:04:50Z,2026-10-10T10:00:00Z,Current formula at this deadline. This file does not replace the published Gameweeks 1-5 total of 280.,ffe911b65b5019529f8a7a322ad058e013a0e6146677c35d796f075e2572f09b,8e21d4821be776332f3504f55f85b4277f326f03513b2c7501fbdedf92b8b1a2,4bdb565c1c9841691252069c87a6c4e1c8f137b43a96fc15a718026d5b26a61d,477fee196153c242d686d57bb9605fedb219ebdcdb8ee09b33660fc52cd8c120,e3615a56acc1840bc9212c03cbc840ef332708ad61aacf7227942c47af6754fd,3049c664dd1b2e517d0ef8b59c0078d485f327951d4603e1bc460e11248013c2
2026-27:68,6,3.7535678121958567,2026-10-07T07:04:50Z,2026-10-10T10:00:00Z,Current formula at this deadline. This file does not replace the published Gameweeks 1-5 total of 280.,ffe911b65b5019529f8a7a322ad058e013a0e6146677c35d796f075e2572f09b,8e21d4821be776332f3504f55f85b4277f326f03513b2c7501fbdedf92b8b1a2,4bdb565c1c9841691252069c87a6c4e1c8f137b43a96fc15a718026d5b26a61d,477fee196153c242d686d57bb9605fedb219ebdcdb8ee09b33660fc52cd8c120,e3615a56acc1840bc9212c03cbc840ef332708ad61aacf7227942c47af6754fd,3049c664dd1b2e517d0ef8b59c0078d485f327951d4603e1bc460e11248013c2
2026-27:69,6,3.5709580956762608,2026-10-07T07:04:50Z,2026-10-10T10:00:00Z,Current formula at this deadline. This file does not replace the published Gameweeks 1-5 total of 280.,ffe911b65b5019529f8a7a322ad058e013a0e6146677c35d796f075e2572f09b,8e21d4821be776332f3504f55f85b4277f326f03513b2c7501fbdedf92b8b1a2,4bdb565c1c9841691252069c87a6c4e1c8f137b43a96fc15a718026d5b26a61d,477fee196153c242d686d57bb9605fedb219ebdcdb8ee09b33660fc52cd8c120,e3615a56acc1840bc9212c03cbc840ef332708ad61aacf7227942c47af6754fd,3049c664dd1b2e517d0ef8b59c0078d485f327951d4603e1bc460e11248013c2
2026-27:73,6,2.9963811019666533,2026-10-07T07:04:50Z,2026-10-10T10:00:00Z,Current formula at this deadline. This file does not replace the published Gameweeks 1-5 total of 280.,ffe911b65b5019529f8a7a322ad058e013a0e6146677c35d796f075e2572f09b,8e21d4821be776332f3504f55f85b4277f326f03513b2c7501fbdedf92b8b1a2,4bdb565c1c9841691252069c87a6c4e1c8f137b43a96fc15a718026d5b26a61d,477fee196153c242d686d57bb9605fedb219ebdcdb8ee09b33660fc52cd8c120,e3615a56acc1840bc9212c03cbc840ef332708ad61aacf7227942c47af6754fd,3049c664dd1b2e517d0ef8b59c0078d485f327951d4603e1bc460e11248013c2
2026-27:75,6,2.565405637638818,2026-10-07T07:04:50Z,2026-10-10T10:00:00Z,Current formula at this deadline. This file does not replace the published Gameweeks 1-5 total of 280.,ffe911b65b5019529f8a7a322ad058e013a0e6146677c35d796f075e2572f09b,8e21d4821be776332f3504f55f85b4277f326f03513b2c7501fbdedf92b8b1a2,4bdb565c1c9841691252069c87a6c4e1c8f137b43a96fc15a718026d5b26a61d,477fee196153c242d686d57bb9605fedb219ebdcdb8ee09b33660fc52cd8c120,e3615a56acc1840bc9212c03cbc840ef332708ad61aacf7227942c47af6754fd,3049c664dd1b2e517d0ef8b59c0078d485f327951d4603e1bc460e11248013c2
2026-27:79,6,2.5683732826154047,2026-10-07T07:04:50Z,2026-10-10T10:00:00Z,Current formula at this deadline. This file does not replace the published Gameweeks 1-5 total of 280.,ffe911b65b5019529f8a7a322ad058e013a0e6146677c35d796f075e2572f09b,8e21d4821be776332f3504f55f85b4277f326f03513b2c7501fbdedf92b8b1a2,4bdb565c1c9841691252069c87a6c4e1c8f137b43a96fc15a718026d5b26a61d,477fee196153c242d686d57bb9605fedb219ebdcdb8ee09b33660fc52cd8c120,e3615a56acc1840bc9212c03cbc840ef332708ad61aacf7227942c47af6754fd,3049c664dd1b2e517d0ef8b59c0078d485f327951d4603e1bc460e11248013c2
2026-27:8,6,5.154584322472606,2026-10-07T07:04:50Z,2026-10-10T10:00:00Z,Current formula at this deadline. This file does not replace the published Gameweeks 1-5 total of 280.,ffe911b65b5019529f8a7a322ad058e013a0e6146677c35d796f075e2572f09b,8e21d4821be776332f3504f55f85b4277f326f03513b2c7501fbdedf92b8b1a2,4bdb565c1c9841691252069c87a6c4e1c8f137b43a96fc15a718026d5b26a61d,477fee196153c242d686d57bb9605fedb219ebdcdb8ee09b33660fc52cd8c120,e3615a56acc1840bc9212c03cbc840ef332708ad61aacf7227942c47af6754fd,3049c664dd1b2e517d0ef8b59c0078d485f327951d4603e1bc460e11248013c2
2026-27:82,6,3.4564065759787734,2026-10-07T07:04:50Z,2026-10-10T10:00:00Z,Current formula at this deadline. This file does not replace the published Gameweeks 1-5 total of 280.,ffe911b65b5019529f8a7a322ad058e013a0e6146677c35d796f075e2572f09b,8e21d4821be776332f3504f55f85b4277f326f03513b2c7501fbdedf92b8b1a2,4bdb565c1c9841691252069c87a6c4e1c8f137b43a96fc15a718026d5b26a61d,477fee196153c242d686d57bb9605fedb219ebdcdb8ee09b33660fc52cd8c120,e3615a56acc1840bc9212c03cbc840ef332708ad61aacf7227942c47af6754fd,3049c664dd1b2e517d0ef8b59c0078d485f327951d4603e1bc460e11248013c2
2026-27:86,6,3.5835172619634728,2026-10-07T07:04:50Z,2026-10-10T10:00:00Z,Current formula at this deadline. This file does not replace the published Gameweeks 1-5 total of 280.,ffe911b65b5019529f8a7a322ad058e013a0e6146677c35d796f075e2572f09b,8e21d4821be776332f3504f55f85b4277f326f03513b2c7501fbdedf92b8b1a2,4bdb565c1c9841691252069c87a6c4e1c8f137b43a96fc15a718026d5b26a61d,477fee196153c242d686d57bb9605fedb219ebdcdb8ee09b33660fc52cd8c120,e3615a56acc1840bc9212c03cbc840ef332708ad61aacf7227942c47af6754fd,3049c664dd1b2e517d0ef8b59c0078d485f327951d4603e1bc460e11248013c2
2026-27:87,6,3.552842433125595,2026-10-07T07:04:50Z,2026-10-10T10:00:00Z,Current formula at this deadline. This file does not replace the published Gameweeks 1-5 total of 280.,ffe911b65b5019529f8a7a322ad058e013a0e6146677c35d796f075e2572f09b,8e21d4821be776332f3504f55f85b4277f326f03513b2c7501fbdedf92b8b1a2,4bdb565c1c9841691252069c87a6c4e1c8f137b43a96fc15a718026d5b26a61d,477fee196153c242d686d57bb9605fedb219ebdcdb8ee09b33660fc52cd8c120,e3615a56acc1840bc9212c03cbc840ef332708ad61aacf7227942c47af6754fd,3049c664dd1b2e517d0ef8b59c0078d485f327951d4603e1bc460e11248013c2
2026-27:88,6,3.372237453335869,2026-10-07T07:04:50Z,2026-10-10T10:00:00Z,Current formula at this deadline. This file does not replace the published Gameweeks 1-5 total of 280.,ffe911b65b5019529f8a7a322ad058e013a0e6146677c35d796f075e2572f09b,8e21d4821be776332f3504f55f85b4277f326f03513b2c7501fbdedf92b8b1a2,4bdb565c1c9841691252069c87a6c4e1c8f137b43a96fc15a718026d5b26a61d,477fee196153c242d686d57bb9605fedb219ebdcdb8ee09b33660fc52cd8c120,e3615a56acc1840bc9212c03cbc840ef332708ad61aacf7227942c47af6754fd,3049c664dd1b2e517d0ef8b59c0078d485f327951d4603e1bc460e11248013c2
2026-27:91,6,3.7198261267589707,2026-10-07T07:04:50Z,2026-10-10T10:00:00Z,Current formula at this deadline. This file does not replace the published Gameweeks 1-5 total of 280.,ffe911b65b5019529f8a7a322ad058e013a0e6146677c35d796f075e2572f09b,8e21d4821be776332f3504f55f85b4277f326f03513b2c7501fbdedf92b8b1a2,4bdb565c1c9841691252069c87a6c4e1c8f137b43a96fc15a718026d5b26a61d,477fee196153c242d686d57bb9605fedb219ebdcdb8ee09b33660fc52cd8c120,e3615a56acc1840bc9212c03cbc840ef332708ad61aacf7227942c47af6754fd,3049c664dd1b2e517d0ef8b59c0078d485f327951d4603e1bc460e11248013c2
2026-27:93,6,4.185725338522021,2026-10-07T07:04:50Z,2026-10-10T10:00:00Z,Current formula at this deadline. This file does not replace the published Gameweeks 1-5 total of 280.,ffe911b65b5019529f8a7a322ad058e013a0e6146677c35d796f075e2572f09b,8e21d4821be776332f3504f55f85b4277f326f03513b2c7501fbdedf92b8b1a2,4bdb565c1c9841691252069c87a6c4e1c8f137b43a96fc15a718026d5b26a61d,477fee196153c242d686d57bb9605fedb219ebdcdb8ee09b33660fc52cd8c120,e3615a56acc1840bc9212c03cbc840ef332708ad61aacf7227942c47af6754fd,3049c664dd1b2e517d0ef8b59c0078d485f327951d4603e1bc460e11248013c2
2026-27:94,6,3.5374127030023486,2026-10-07T07:04:50Z,2026-10-10T10:00:00Z,Current formula at this deadline. This file does not replace the published Gameweeks 1-5 total of 280.,ffe911b65b5019529f8a7a322ad058e013a0e6146677c35d796f075e2572f09b,8e21d4821be776332f3504f55f85b4277f326f03513b2c7501fbdedf92b8b1a2,4bdb565c1c9841691252069c87a6c4e1c8f137b43a96fc15a718026d5b26a61d,477fee196153c242d686d57bb9605fedb219ebdcdb8ee09b33660fc52cd8c120,e3615a56acc1840bc9212c03cbc840ef332708ad61aacf7227942c47af6754fd,3049c664dd1b2e517d0ef8b59c0078d485f327951d4603e1bc460e11248013c2
2026-27:96,6,2.7458747358883437,2026-10-07T07:04:50Z,2026-10-10T10:00:00Z,Current formula at this deadline. This file does not replace the published Gameweeks 1-5 total of 280.,ffe911b65b5019529f8a7a322ad058e013a0e6146677c35d796f075e2572f09b,8e21d4821be776332f3504f55f85b4277f326f03513b2c7501fbdedf92b8b1a2,4bdb565c1c9841691252069c87a6c4e1c8f137b43a96fc15a718026d5b26a61d,477fee196153c242d686d57bb9605fedb219ebdcdb8ee09b33660fc52cd8c120,e3615a56acc1840bc9212c03cbc840ef332708ad61aacf7227942c47af6754fd,3049c664dd1b2e517d0ef8b59c0078d485f327951d4603e1bc460e11248013c2
2026-27:98,6,4.04980666111799,2026-10-07T07:04:50Z,2026-10-10T10:00:00Z,Current formula at this deadline. This file does not replace the published Gameweeks 1-5 total of 280.,ffe911b65b5019529f8a7a322ad058e013a0e6146677c35d796f075e2572f09b,8e21d4821be776332f3504f55f85b4277f326f03513b2c7501fbdedf92b8b1a2,4bdb565c1c9841691252069c87a6c4e1c8f137b43a96fc15a718026d5b26a61d,477fee196153c242d686d57bb9605fedb219ebdcdb8ee09b33660fc52cd8c120,e3615a56acc1840bc9212c03cbc840ef332708ad61aacf7227942c47af6754fd,3049c664dd1b2e517d0ef8b59c0078d485f327951d4603e1bc460e11248013c2
