player_id,gw,score,created_at,deadline,note,logs_hash,odds_hash,exchange_hash,bootstrap_hash,fixtures_hash,minutes_hash,entry_hash
2026-27:1,6,3.7928260805907885,2026-10-10T08:25:09Z,2026-10-10T10:00:00Z,Current formula at this deadline. This file does not replace the published Gameweeks 1-5 total of 280.,ffe911b65b5019529f8a7a322ad058e013a0e6146677c35d796f075e2572f09b,8e21d4821be776332f3504f55f85b4277f326f03513b2c7501fbdedf92b8b1a2,98e5bb4281312953f19a18383d2d6691e34279618c900c736d39c22085bb1b0a,f53c43b2c822d111bca9e3ae615ceb539ff324fbf9fae9a07ded738891b01546,477fee196153c242d686d57bb9605fedb219ebdcdb8ee09b33660fc52cd8c120,c847b88986bee173f0e23c8099aa1acf25c380d96454088ae7330fe4711ac8bc,3049c664dd1b2e517d0ef8b59c0078d485f327951d4603e1bc460e11248013c2
2026-27:102,6,2.3927795415180726,2026-10-10T08:25:09Z,2026-10-10T10:00:00Z,Current formula at this deadline. This file does not replace the published Gameweeks 1-5 total of 280.,ffe911b65b5019529f8a7a322ad058e013a0e6146677c35d796f075e2572f09b,8e21d4821be776332f3504f55f85b4277f326f03513b2c7501fbdedf92b8b1a2,98e5bb4281312953f19a18383d2d6691e34279618c900c736d39c22085bb1b0a,f53c43b2c822d111bca9e3ae615ceb539ff324fbf9fae9a07ded738891b01546,477fee196153c242d686d57bb9605fedb219ebdcdb8ee09b33660fc52cd8c120,c847b88986bee173f0e23c8099aa1acf25c380d96454088ae7330fe4711ac8bc,3049c664dd1b2e517d0ef8b59c0078d485f327951d4603e1bc460e11248013c2
2026-27:104,6,2.2713461689396,2026-10-10T08:25:09Z,2026-10-10T10:00:00Z,Current formula at this deadline. This file does not replace the published Gameweeks 1-5 total of 280.,ffe911b65b5019529f8a7a322ad058e013a0e6146677c35d796f075e2572f09b,8e21d4821be776332f3504f55f85b4277f326f03513b2c7501fbdedf92b8b1a2,98e5bb4281312953f19a18383d2d6691e34279618c900c736d39c22085bb1b0a,f53c43b2c822d111bca9e3ae615ceb539ff324fbf9fae9a07ded738891b01546,477fee196153c242d686d57bb9605fedb219ebdcdb8ee09b33660fc52cd8c120,c847b88986bee173f0e23c8099aa1acf25c380d96454088ae7330fe4711ac8bc,3049c664dd1b2e517d0ef8b59c0078d485f327951d4603e1bc460e11248013c2
2026-27:105,6,3.4844665368364582,2026-10-10T08:25:09Z,2026-10-10T10:00:00Z,Current formula at this deadline. This file does not replace the published Gameweeks 1-5 total of 280.,ffe911b65b5019529f8a7a322ad058e013a0e6146677c35d796f075e2572f09b,8e21d4821be776332f3504f55f85b4277f326f03513b2c7501fbdedf92b8b1a2,98e5bb4281312953f19a18383d2d6691e34279618c900c736d39c22085bb1b0a,f53c43b2c822d111bca9e3ae615ceb539ff324fbf9fae9a07ded738891b01546,477fee196153c242d686d57bb9605fedb219ebdcdb8ee09b33660fc52cd8c120,c847b88986bee173f0e23c8099aa1acf25c380d96454088ae7330fe4711ac8bc,3049c664dd1b2e517d0ef8b59c0078d485f327951d4603e1bc460e11248013c2
2026-27:106,6,3.939197433663541,2026-10-10T08:25:09Z,2026-10-10T10:00:00Z,Current formula at this deadline. This file does not replace the published Gameweeks 1-5 total of 280.,ffe911b65b5019529f8a7a322ad058e013a0e6146677c35d796f075e2572f09b,8e21d4821be776332f3504f55f85b4277f326f03513b2c7501fbdedf92b8b1a2,98e5bb4281312953f19a18383d2d6691e34279618c900c736d39c22085bb1b0a,f53c43b2c822d111bca9e3ae615ceb539ff324fbf9fae9a07ded738891b01546,477fee196153c242d686d57bb9605fedb219ebdcdb8ee09b33660fc52cd8c120,c847b88986bee173f0e23c8099aa1acf25c380d96454088ae7330fe4711ac8bc,3049c664dd1b2e517d0ef8b59c0078d485f327951d4603e1bc460e11248013c2
2026-27:109,6,3.6631816454248,2026-10-10T08:25:09Z,2026-10-10T10:00:00Z,Current formula at this deadline. This file does not replace the published Gameweeks 1-5 total of 280.,ffe911b65b5019529f8a7a322ad058e013a0e6146677c35d796f075e2572f09b,8e21d4821be776332f3504f55f85b4277f326f03513b2c7501fbdedf92b8b1a2,98e5bb4281312953f19a18383d2d6691e34279618c900c736d39c22085bb1b0a,f53c43b2c822d111bca9e3ae615ceb539ff324fbf9fae9a07ded738891b01546,477fee196153c242d686d57bb9605fedb219ebdcdb8ee09b33660fc52cd8c120,c847b88986bee173f0e23c8099aa1acf25c380d96454088ae7330fe4711ac8bc,3049c664dd1b2e517d0ef8b59c0078d485f327951d4603e1bc460e11248013c2
2026-27:110,6,3.433545184593164,2026-10-10T08:25:09Z,2026-10-10T10:00:00Z,Current formula at this deadline. This file does not replace the published Gameweeks 1-5 total of 280.,ffe911b65b5019529f8a7a322ad058e013a0e6146677c35d796f075e2572f09b,8e21d4821be776332f3504f55f85b4277f326f03513b2c7501fbdedf92b8b1a2,98e5bb4281312953f19a18383d2d6691e34279618c900c736d39c22085bb1b0a,f53c43b2c822d111bca9e3ae615ceb539ff324fbf9fae9a07ded738891b01546,477fee196153c242d686d57bb9605fedb219ebdcdb8ee09b33660fc52cd8c120,c847b88986bee173f0e23c8099aa1acf25c380d96454088ae7330fe4711ac8bc,3049c664dd1b2e517d0ef8b59c0078d485f327951d4603e1bc460e11248013c2
2026-27:113,6,2.9888332869650553,2026-10-10T08:25:09Z,2026-10-10T10:00:00Z,Current formula at this deadline. This file does not replace the published Gameweeks 1-5 total of 280.,ffe911b65b5019529f8a7a322ad058e013a0e6146677c35d796f075e2572f09b,8e21d4821be776332f3504f55f85b4277f326f03513b2c7501fbdedf92b8b1a2,98e5bb4281312953f19a18383d2d6691e34279618c900c736d39c22085bb1b0a,f53c43b2c822d111bca9e3ae615ceb539ff324fbf9fae9a07ded738891b01546,477fee196153c242d686d57bb9605fedb219ebdcdb8ee09b33660fc52cd8c120,c847b88986bee173f0e23c8099aa1acf25c380d96454088ae7330fe4711ac8bc,3049c664dd1b2e517d0ef8b59c0078d485f327951d4603e1bc460e11248013c2
2026-27:114,6,3.209757590401245,2026-10-10T08:25:09Z,2026-10-10T10:00:00Z,Current formula at this deadline. This file does not replace the published Gameweeks 1-5 total of 280.,ffe911b65b5019529f8a7a322ad058e013a0e6146677c35d796f075e2572f09b,8e21d4821be776332f3504f55f85b4277f326f03513b2c7501fbdedf92b8b1a2,98e5bb4281312953f19a18383d2d6691e34279618c900c736d39c22085bb1b0a,f53c43b2c822d111bca9e3ae615ceb539ff324fbf9fae9a07ded738891b01546,477fee196153c242d686d57bb9605fedb219ebdcdb8ee09b33660fc52cd8c120,c847b88986bee173f0e23c8099aa1acf25c380d96454088ae7330fe4711ac8bc,3049c664dd1b2e517d0ef8b59c0078d485f327951d4603e1bc460e11248013c2
2026-27:115,6,4.568314442812357,2026-10-10T08:25:09Z,2026-10-10T10:00:00Z,Current formula at this deadline. This file does not replace the published Gameweeks 1-5 total of 280.,ffe911b65b5019529f8a7a322ad058e013a0e6146677c35d796f075e2572f09b,8e21d4821be776332f3504f55f85b4277f326f03513b2c7501fbdedf92b8b1a2,98e5bb4281312953f19a18383d2d6691e34279618c900c736d39c22085bb1b0a,f53c43b2c822d111bca9e3ae615ceb539ff324fbf9fae9a07ded738891b01546,477fee196153c242d686d57bb9605fedb219ebdcdb8ee09b33660fc52cd8c120,c847b88986bee173f0e23c8099aa1acf25c380d96454088ae7330fe4711ac8bc,3049c664dd1b2e517d0ef8b59c0078d485f327951d4603e1bc460e11248013c2
2026-27:116,6,2.1780360287994194,2026-10-10T08:25:09Z,2026-10-10T10:00:00Z,Current formula at this deadline. This file does not replace the published Gameweeks 1-5 total of 280.,ffe911b65b5019529f8a7a322ad058e013a0e6146677c35d796f075e2572f09b,8e21d4821be776332f3504f55f85b4277f326f03513b2c7501fbdedf92b8b1a2,98e5bb4281312953f19a18383d2d6691e34279618c900c736d39c22085bb1b0a,f53c43b2c822d111bca9e3ae615ceb539ff324fbf9fae9a07ded738891b01546,477fee196153c242d686d57bb9605fedb219ebdcdb8ee09b33660fc52cd8c120,c847b88986bee173f0e23c8099aa1acf25c380d96454088ae7330fe4711ac8bc,3049c664dd1b2e517d0ef8b59c0078d485f327951d4603e1bc460e11248013c2
2026-27:12,6,3.3379677228519764,2026-10-10T08:25:09Z,2026-10-10T10:00:00Z,Current formula at this deadline. This file does not replace the published Gameweeks 1-5 total of 280.,ffe911b65b5019529f8a7a322ad058e013a0e6146677c35d796f075e2572f09b,8e21d4821be776332f3504f55f85b4277f326f03513b2c7501fbdedf92b8b1a2,98e5bb4281312953f19a18383d2d6691e34279618c900c736d39c22085bb1b0a,f53c43b2c822d111bca9e3ae615ceb539ff324fbf9fae9a07ded738891b01546,477fee196153c242d686d57bb9605fedb219ebdcdb8ee09b33660fc52cd8c120,c847b88986bee173f0e23c8099aa1acf25c380d96454088ae7330fe4711ac8bc,3049c664dd1b2e517d0ef8b59c0078d485f327951d4603e1bc460e11248013c2
2026-27:124,6,4.065953367053511,2026-10-10T08:25:09Z,2026-10-10T10:00:00Z,Current formula at this deadline. This file does not replace the published Gameweeks 1-5 total of 280.,ffe911b65b5019529f8a7a322ad058e013a0e6146677c35d796f075e2572f09b,8e21d4821be776332f3504f55f85b4277f326f03513b2c7501fbdedf92b8b1a2,98e5bb4281312953f19a18383d2d6691e34279618c900c736d39c22085bb1b0a,f53c43b2c822d111bca9e3ae615ceb539ff324fbf9fae9a07ded738891b01546,477fee196153c242d686d57bb9605fedb219ebdcdb8ee09b33660fc52cd8c120,c847b88986bee173f0e23c8099aa1acf25c380d96454088ae7330fe4711ac8bc,3049c664dd1b2e517d0ef8b59c0078d485f327951d4603e1bc460e11248013c2
2026-27:127,6,3.721404546992688,2026-10-10T08:25:09Z,2026-10-10T10:00:00Z,Current formula at this deadline. This file does not replace the published Gameweeks 1-5 total of 280.,ffe911b65b5019529f8a7a322ad058e013a0e6146677c35d796f075e2572f09b,8e21d4821be776332f3504f55f85b4277f326f03513b2c7501fbdedf92b8b1a2,98e5bb4281312953f19a18383d2d6691e34279618c900c736d39c22085bb1b0a,f53c43b2c822d111bca9e3ae615ceb539ff324fbf9fae9a07ded738891b01546,477fee196153c242d686d57bb9605fedb219ebdcdb8ee09b33660fc52cd8c120,c847b88986bee173f0e23c8099aa1acf25c380d96454088ae7330fe4711ac8bc,3049c664dd1b2e517d0ef8b59c0078d485f327951d4603e1bc460e11248013c2
2026-27:129,6,2.2314815063516273,2026-10-10T08:25:09Z,2026-10-10T10:00:00Z,Current formula at this deadline. This file does not replace the published Gameweeks 1-5 total of 280.,ffe911b65b5019529f8a7a322ad058e013a0e6146677c35d796f075e2572f09b,8e21d4821be776332f3504f55f85b4277f326f03513b2c7501fbdedf92b8b1a2,98e5bb4281312953f19a18383d2d6691e34279618c900c736d39c22085bb1b0a,f53c43b2c822d111bca9e3ae615ceb539ff324fbf9fae9a07ded738891b01546,477fee196153c242d686d57bb9605fedb219ebdcdb8ee09b33660fc52cd8c120,c847b88986bee173f0e23c8099aa1acf25c380d96454088ae7330fe4711ac8bc,3049c664dd1b2e517d0ef8b59c0078d485f327951d4603e1bc460e11248013c2
2026-27:138,6,2.6709469078161137,2026-10-10T08:25:09Z,2026-10-10T10:00:00Z,Current formula at this deadline. This file does not replace the published Gameweeks 1-5 total of 280.,ffe911b65b5019529f8a7a322ad058e013a0e6146677c35d796f075e2572f09b,8e21d4821be776332f3504f55f85b4277f326f03513b2c7501fbdedf92b8b1a2,98e5bb4281312953f19a18383d2d6691e34279618c900c736d39c22085bb1b0a,f53c43b2c822d111bca9e3ae615ceb539ff324fbf9fae9a07ded738891b01546,477fee196153c242d686d57bb9605fedb219ebdcdb8ee09b33660fc52cd8c120,c847b88986bee173f0e23c8099aa1acf25c380d96454088ae7330fe4711ac8bc,3049c664dd1b2e517d0ef8b59c0078d485f327951d4603e1bc460e11248013c2
2026-27:145,6,3.8629941323782484,2026-10-10T08:25:09Z,2026-10-10T10:00:00Z,Current formula at this deadline. This file does not replace the published Gameweeks 1-5 total of 280.,ffe911b65b5019529f8a7a322ad058e013a0e6146677c35d796f075e2572f09b,8e21d4821be776332f3504f55f85b4277f326f03513b2c7501fbdedf92b8b1a2,98e5bb4281312953f19a18383d2d6691e34279618c900c736d39c22085bb1b0a,f53c43b2c822d111bca9e3ae615ceb539ff324fbf9fae9a07ded738891b01546,477fee196153c242d686d57bb9605fedb219ebdcdb8ee09b33660fc52cd8c120,c847b88986bee173f0e23c8099aa1acf25c380d96454088ae7330fe4711ac8bc,3049c664dd1b2e517d0ef8b59c0078d485f327951d4603e1bc460e11248013c2
2026-27:149,6,3.085470288966832,2026-10-10T08:25:09Z,2026-10-10T10:00:00Z,Current formula at this deadline. This file does not replace the published Gameweeks 1-5 total of 280.,ffe911b65b5019529f8a7a322ad058e013a0e6146677c35d796f075e2572f09b,8e21d4821be776332f3504f55f85b4277f326f03513b2c7501fbdedf92b8b1a2,98e5bb4281312953f19a18383d2d6691e34279618c900c736d39c22085bb1b0a,f53c43b2c822d111bca9e3ae615ceb539ff324fbf9fae9a07ded738891b01546,477fee196153c242d686d57bb9605fedb219ebdcdb8ee09b33660fc52cd8c120,c847b88986bee173f0e23c8099aa1acf25c380d96454088ae7330fe4711ac8bc,3049c664dd1b2e517d0ef8b59c0078d485f327951d4603e1bc460e11248013c2
2026-27:15,6,3.5096595382676545,2026-10-10T08:25:09Z,2026-10-10T10:00:00Z,Current formula at this deadline. This file does not replace the published Gameweeks 1-5 total of 280.,ffe911b65b5019529f8a7a322ad058e013a0e6146677c35d796f075e2572f09b,8e21d4821be776332f3504f55f85b4277f326f03513b2c7501fbdedf92b8b1a2,98e5bb4281312953f19a18383d2d6691e34279618c900c736d39c22085bb1b0a,f53c43b2c822d111bca9e3ae615ceb539ff324fbf9fae9a07ded738891b01546,477fee196153c242d686d57bb9605fedb219ebdcdb8ee09b33660fc52cd8c120,c847b88986bee173f0e23c8099aa1acf25c380d96454088ae7330fe4711ac8bc,3049c664dd1b2e517d0ef8b59c0078d485f327951d4603e1bc460e11248013c2
2026-27:152,6,1.9837831592606283,2026-10-10T08:25:09Z,2026-10-10T10:00:00Z,Current formula at this deadline. This file does not replace the published Gameweeks 1-5 total of 280.,ffe911b65b5019529f8a7a322ad058e013a0e6146677c35d796f075e2572f09b,8e21d4821be776332f3504f55f85b4277f326f03513b2c7501fbdedf92b8b1a2,98e5bb4281312953f19a18383d2d6691e34279618c900c736d39c22085bb1b0a,f53c43b2c822d111bca9e3ae615ceb539ff324fbf9fae9a07ded738891b01546,477fee196153c242d686d57bb9605fedb219ebdcdb8ee09b33660fc52cd8c120,c847b88986bee173f0e23c8099aa1acf25c380d96454088ae7330fe4711ac8bc,3049c664dd1b2e517d0ef8b59c0078d485f327951d4603e1bc460e11248013c2
2026-27:154,6,4.277751771455602,2026-10-10T08:25:09Z,2026-10-10T10:00:00Z,Current formula at this deadline. This file does not replace the published Gameweeks 1-5 total of 280.,ffe911b65b5019529f8a7a322ad058e013a0e6146677c35d796f075e2572f09b,8e21d4821be776332f3504f55f85b4277f326f03513b2c7501fbdedf92b8b1a2,98e5bb4281312953f19a18383d2d6691e34279618c900c736d39c22085bb1b0a,f53c43b2c822d111bca9e3ae615ceb539ff324fbf9fae9a07ded738891b01546,477fee196153c242d686d57bb9605fedb219ebdcdb8ee09b33660fc52cd8c120,c847b88986bee173f0e23c8099aa1acf25c380d96454088ae7330fe4711ac8bc,3049c664dd1b2e517d0ef8b59c0078d485f327951d4603e1bc460e11248013c2
2026-27:155,6,2.7458078982462735,2026-10-10T08:25:09Z,2026-10-10T10:00:00Z,Current formula at this deadline. This file does not replace the published Gameweeks 1-5 total of 280.,ffe911b65b5019529f8a7a322ad058e013a0e6146677c35d796f075e2572f09b,8e21d4821be776332f3504f55f85b4277f326f03513b2c7501fbdedf92b8b1a2,98e5bb4281312953f19a18383d2d6691e34279618c900c736d39c22085bb1b0a,f53c43b2c822d111bca9e3ae615ceb539ff324fbf9fae9a07ded738891b01546,477fee196153c242d686d57bb9605fedb219ebdcdb8ee09b33660fc52cd8c120,c847b88986bee173f0e23c8099aa1acf25c380d96454088ae7330fe4711ac8bc,3049c664dd1b2e517d0ef8b59c0078d485f327951d4603e1bc460e11248013c2
2026-27:156,6,3.8078428579827306,2026-10-10T08:25:09Z,2026-10-10T10:00:00Z,Current formula at this deadline. This file does not replace the published Gameweeks 1-5 total of 280.,ffe911b65b5019529f8a7a322ad058e013a0e6146677c35d796f075e2572f09b,8e21d4821be776332f3504f55f85b4277f326f03513b2c7501fbdedf92b8b1a2,98e5bb4281312953f19a18383d2d6691e34279618c900c736d39c22085bb1b0a,f53c43b2c822d111bca9e3ae615ceb539ff324fbf9fae9a07ded738891b01546,477fee196153c242d686d57bb9605fedb219ebdcdb8ee09b33660fc52cd8c120,c847b88986bee173f0e23c8099aa1acf25c380d96454088ae7330fe4711ac8bc,3049c664dd1b2e517d0ef8b59c0078d485f327951d4603e1bc460e11248013c2
2026-27:166,6,3.459876981847943,2026-10-10T08:25:09Z,2026-10-10T10:00:00Z,Current formula at this deadline. This file does not replace the published Gameweeks 1-5 total of 280.,ffe911b65b5019529f8a7a322ad058e013a0e6146677c35d796f075e2572f09b,8e21d4821be776332f3504f55f85b4277f326f03513b2c7501fbdedf92b8b1a2,98e5bb4281312953f19a18383d2d6691e34279618c900c736d39c22085bb1b0a,f53c43b2c822d111bca9e3ae615ceb539ff324fbf9fae9a07ded738891b01546,477fee196153c242d686d57bb9605fedb219ebdcdb8ee09b33660fc52cd8c120,c847b88986bee173f0e23c8099aa1acf25c380d96454088ae7330fe4711ac8bc,3049c664dd1b2e517d0ef8b59c0078d485f327951d4603e1bc460e11248013c2
2026-27:167,6,2.5175638273369856,2026-10-10T08:25:09Z,2026-10-10T10:00:00Z,Current formula at this deadline. This file does not replace the published Gameweeks 1-5 total of 280.,ffe911b65b5019529f8a7a322ad058e013a0e6146677c35d796f075e2572f09b,8e21d4821be776332f3504f55f85b4277f326f03513b2c7501fbdedf92b8b1a2,98e5bb4281312953f19a18383d2d6691e34279618c900c736d39c22085bb1b0a,f53c43b2c822d111bca9e3ae615ceb539ff324fbf9fae9a07ded738891b01546,477fee196153c242d686d57bb9605fedb219ebdcdb8ee09b33660fc52cd8c120,c847b88986bee173f0e23c8099aa1acf25c380d96454088ae7330fe4711ac8bc,3049c664dd1b2e517d0ef8b59c0078d485f327951d4603e1bc460e11248013c2
2026-27:173,6,4.826002069289678,2026-10-10T08:25:09Z,2026-10-10T10:00:00Z,Current formula at this deadline. This file does not replace the published Gameweeks 1-5 total of 280.,ffe911b65b5019529f8a7a322ad058e013a0e6146677c35d796f075e2572f09b,8e21d4821be776332f3504f55f85b4277f326f03513b2c7501fbdedf92b8b1a2,98e5bb4281312953f19a18383d2d6691e34279618c900c736d39c22085bb1b0a,f53c43b2c822d111bca9e3ae615ceb539ff324fbf9fae9a07ded738891b01546,477fee196153c242d686d57bb9605fedb219ebdcdb8ee09b33660fc52cd8c120,c847b88986bee173f0e23c8099aa1acf25c380d96454088ae7330fe4711ac8bc,3049c664dd1b2e517d0ef8b59c0078d485f327951d4603e1bc460e11248013c2
2026-27:175,6,2.2126438045736045,2026-10-10T08:25:09Z,2026-10-10T10:00:00Z,Current formula at this deadline. This file does not replace the published Gameweeks 1-5 total of 280.,ffe911b65b5019529f8a7a322ad058e013a0e6146677c35d796f075e2572f09b,8e21d4821be776332f3504f55f85b4277f326f03513b2c7501fbdedf92b8b1a2,98e5bb4281312953f19a18383d2d6691e34279618c900c736d39c22085bb1b0a,f53c43b2c822d111bca9e3ae615ceb539ff324fbf9fae9a07ded738891b01546,477fee196153c242d686d57bb9605fedb219ebdcdb8ee09b33660fc52cd8c120,c847b88986bee173f0e23c8099aa1acf25c380d96454088ae7330fe4711ac8bc,3049c664dd1b2e517d0ef8b59c0078d485f327951d4603e1bc460e11248013c2
2026-27:176,6,3.840493958461347,2026-10-10T08:25:09Z,2026-10-10T10:00:00Z,Current formula at this deadline. This file does not replace the published Gameweeks 1-5 total of 280.,ffe911b65b5019529f8a7a322ad058e013a0e6146677c35d796f075e2572f09b,8e21d4821be776332f3504f55f85b4277f326f03513b2c7501fbdedf92b8b1a2,98e5bb4281312953f19a18383d2d6691e34279618c900c736d39c22085bb1b0a,f53c43b2c822d111bca9e3ae615ceb539ff324fbf9fae9a07ded738891b01546,477fee196153c242d686d57bb9605fedb219ebdcdb8ee09b33660fc52cd8c120,c847b88986bee173f0e23c8099aa1acf25c380d96454088ae7330fe4711ac8bc,3049c664dd1b2e517d0ef8b59c0078d485f327951d4603e1bc460e11248013c2
2026-27:177,6,1.7487614550446529,2026-10-10T08:25:09Z,2026-10-10T10:00:00Z,Current formula at this deadline. This file does not replace the published Gameweeks 1-5 total of 280.,ffe911b65b5019529f8a7a322ad058e013a0e6146677c35d796f075e2572f09b,8e21d4821be776332f3504f55f85b4277f326f03513b2c7501fbdedf92b8b1a2,98e5bb4281312953f19a18383d2d6691e34279618c900c736d39c22085bb1b0a,f53c43b2c822d111bca9e3ae615ceb539ff324fbf9fae9a07ded738891b01546,477fee196153c242d686d57bb9605fedb219ebdcdb8ee09b33660fc52cd8c120,c847b88986bee173f0e23c8099aa1acf25c380d96454088ae7330fe4711ac8bc,3049c664dd1b2e517d0ef8b59c0078d485f327951d4603e1bc460e11248013c2
2026-27:183,6,4.948221586413327,2026-10-10T08:25:09Z,2026-10-10T10:00:00Z,Current formula at this deadline. This file does not replace the published Gameweeks 1-5 total of 280.,ffe911b65b5019529f8a7a322ad058e013a0e6146677c35d796f075e2572f09b,8e21d4821be776332f3504f55f85b4277f326f03513b2c7501fbdedf92b8b1a2,98e5bb4281312953f19a18383d2d6691e34279618c900c736d39c22085bb1b0a,f53c43b2c822d111bca9e3ae615ceb539ff324fbf9fae9a07ded738891b01546,477fee196153c242d686d57bb9605fedb219ebdcdb8ee09b33660fc52cd8c120,c847b88986bee173f0e23c8099aa1acf25c380d96454088ae7330fe4711ac8bc,3049c664dd1b2e517d0ef8b59c0078d485f327951d4603e1bc460e11248013c2
2026-27:184,6,2.478772610145161,2026-10-10T08:25:09Z,2026-10-10T10:00:00Z,Current formula at this deadline. This file does not replace the published Gameweeks 1-5 total of 280.,ffe911b65b5019529f8a7a322ad058e013a0e6146677c35d796f075e2572f09b,8e21d4821be776332f3504f55f85b4277f326f03513b2c7501fbdedf92b8b1a2,98e5bb4281312953f19a18383d2d6691e34279618c900c736d39c22085bb1b0a,f53c43b2c822d111bca9e3ae615ceb539ff324fbf9fae9a07ded738891b01546,477fee196153c242d686d57bb9605fedb219ebdcdb8ee09b33660fc52cd8c120,c847b88986bee173f0e23c8099aa1acf25c380d96454088ae7330fe4711ac8bc,3049c664dd1b2e517d0ef8b59c0078d485f327951d4603e1bc460e11248013c2
2026-27:186,6,3.003938952269669,2026-10-10T08:25:09Z,2026-10-10T10:00:00Z,Current formula at this deadline. This file does not replace the published Gameweeks 1-5 total of 280.,ffe911b65b5019529f8a7a322ad058e013a0e6146677c35d796f075e2572f09b,8e21d4821be776332f3504f55f85b4277f326f03513b2c7501fbdedf92b8b1a2,98e5bb4281312953f19a18383d2d6691e34279618c900c736d39c22085bb1b0a,f53c43b2c822d111bca9e3ae615ceb539ff324fbf9fae9a07ded738891b01546,477fee196153c242d686d57bb9605fedb219ebdcdb8ee09b33660fc52cd8c120,c847b88986bee173f0e23c8099aa1acf25c380d96454088ae7330fe4711ac8bc,3049c664dd1b2e517d0ef8b59c0078d485f327951d4603e1bc460e11248013c2
2026-27:199,6,3.5351152572604625,2026-10-10T08:25:09Z,2026-10-10T10:00:00Z,Current formula at this deadline. This file does not replace the published Gameweeks 1-5 total of 280.,ffe911b65b5019529f8a7a322ad058e013a0e6146677c35d796f075e2572f09b,8e21d4821be776332f3504f55f85b4277f326f03513b2c7501fbdedf92b8b1a2,98e5bb4281312953f19a18383d2d6691e34279618c900c736d39c22085bb1b0a,f53c43b2c822d111bca9e3ae615ceb539ff324fbf9fae9a07ded738891b01546,477fee196153c242d686d57bb9605fedb219ebdcdb8ee09b33660fc52cd8c120,c847b88986bee173f0e23c8099aa1acf25c380d96454088ae7330fe4711ac8bc,3049c664dd1b2e517d0ef8b59c0078d485f327951d4603e1bc460e11248013c2
2026-27:200,6,4.693708275068994,2026-10-10T08:25:09Z,2026-10-10T10:00:00Z,Current formula at this deadline. This file does not replace the published Gameweeks 1-5 total of 280.,ffe911b65b5019529f8a7a322ad058e013a0e6146677c35d796f075e2572f09b,8e21d4821be776332f3504f55f85b4277f326f03513b2c7501fbdedf92b8b1a2,98e5bb4281312953f19a18383d2d6691e34279618c900c736d39c22085bb1b0a,f53c43b2c822d111bca9e3ae615ceb539ff324fbf9fae9a07ded738891b01546,477fee196153c242d686d57bb9605fedb219ebdcdb8ee09b33660fc52cd8c120,c847b88986bee173f0e23c8099aa1acf25c380d96454088ae7330fe4711ac8bc,3049c664dd1b2e517d0ef8b59c0078d485f327951d4603e1bc460e11248013c2
2026-27:201,6,3.494986069110502,2026-10-10T08:25:09Z,2026-10-10T10:00:00Z,Current formula at this deadline. This file does not replace the published Gameweeks 1-5 total of 280.,ffe911b65b5019529f8a7a322ad058e013a0e6146677c35d796f075e2572f09b,8e21d4821be776332f3504f55f85b4277f326f03513b2c7501fbdedf92b8b1a2,98e5bb4281312953f19a18383d2d6691e34279618c900c736d39c22085bb1b0a,f53c43b2c822d111bca9e3ae615ceb539ff324fbf9fae9a07ded738891b01546,477fee196153c242d686d57bb9605fedb219ebdcdb8ee09b33660fc52cd8c120,c847b88986bee173f0e23c8099aa1acf25c380d96454088ae7330fe4711ac8bc,3049c664dd1b2e517d0ef8b59c0078d485f327951d4603e1bc460e11248013c2
2026-27:202,6,4.0531104072053505,2026-10-10T08:25:09Z,2026-10-10T10:00:00Z,Current formula at this deadline. This file does not replace the published Gameweeks 1-5 total of 280.,ffe911b65b5019529f8a7a322ad058e013a0e6146677c35d796f075e2572f09b,8e21d4821be776332f3504f55f85b4277f326f03513b2c7501fbdedf92b8b1a2,98e5bb4281312953f19a18383d2d6691e34279618c900c736d39c22085bb1b0a,f53c43b2c822d111bca9e3ae615ceb539ff324fbf9fae9a07ded738891b01546,477fee196153c242d686d57bb9605fedb219ebdcdb8ee09b33660fc52cd8c120,c847b88986bee173f0e23c8099aa1acf25c380d96454088ae7330fe4711ac8bc,3049c664dd1b2e517d0ef8b59c0078d485f327951d4603e1bc460e11248013c2
2026-27:203,6,3.3167600792169822,2026-10-10T08:25:09Z,2026-10-10T10:00:00Z,Current formula at this deadline. This file does not replace the published Gameweeks 1-5 total of 280.,ffe911b65b5019529f8a7a322ad058e013a0e6146677c35d796f075e2572f09b,8e21d4821be776332f3504f55f85b4277f326f03513b2c7501fbdedf92b8b1a2,98e5bb4281312953f19a18383d2d6691e34279618c900c736d39c22085bb1b0a,f53c43b2c822d111bca9e3ae615ceb539ff324fbf9fae9a07ded738891b01546,477fee196153c242d686d57bb9605fedb219ebdcdb8ee09b33660fc52cd8c120,c847b88986bee173f0e23c8099aa1acf25c380d96454088ae7330fe4711ac8bc,3049c664dd1b2e517d0ef8b59c0078d485f327951d4603e1bc460e11248013c2
2026-27:204,6,4.012416076903161,2026-10-10T08:25:09Z,2026-10-10T10:00:00Z,Current formula at this deadline. This file does not replace the published Gameweeks 1-5 total of 280.,ffe911b65b5019529f8a7a322ad058e013a0e6146677c35d796f075e2572f09b,8e21d4821be776332f3504f55f85b4277f326f03513b2c7501fbdedf92b8b1a2,98e5bb4281312953f19a18383d2d6691e34279618c900c736d39c22085bb1b0a,f53c43b2c822d111bca9e3ae615ceb539ff324fbf9fae9a07ded738891b01546,477fee196153c242d686d57bb9605fedb219ebdcdb8ee09b33660fc52cd8c120,c847b88986bee173f0e23c8099aa1acf25c380d96454088ae7330fe4711ac8bc,3049c664dd1b2e517d0ef8b59c0078d485f327951d4603e1bc460e11248013c2
2026-27:209,6,3.656484236183483,2026-10-10T08:25:09Z,2026-10-10T10:00:00Z,Current formula at this deadline. This file does not replace the published Gameweeks 1-5 total of 280.,ffe911b65b5019529f8a7a322ad058e013a0e6146677c35d796f075e2572f09b,8e21d4821be776332f3504f55f85b4277f326f03513b2c7501fbdedf92b8b1a2,98e5bb4281312953f19a18383d2d6691e34279618c900c736d39c22085bb1b0a,f53c43b2c822d111bca9e3ae615ceb539ff324fbf9fae9a07ded738891b01546,477fee196153c242d686d57bb9605fedb219ebdcdb8ee09b33660fc52cd8c120,c847b88986bee173f0e23c8099aa1acf25c380d96454088ae7330fe4711ac8bc,3049c664dd1b2e517d0ef8b59c0078d485f327951d4603e1bc460e11248013c2
2026-27:21,6,1.6233627827916952,2026-10-10T08:25:09Z,2026-10-10T10:00:00Z,Current formula at this deadline. This file does not replace the published Gameweeks 1-5 total of 280.,ffe911b65b5019529f8a7a322ad058e013a0e6146677c35d796f075e2572f09b,8e21d4821be776332f3504f55f85b4277f326f03513b2c7501fbdedf92b8b1a2,98e5bb4281312953f19a18383d2d6691e34279618c900c736d39c22085bb1b0a,f53c43b2c822d111bca9e3ae615ceb539ff324fbf9fae9a07ded738891b01546,477fee196153c242d686d57bb9605fedb219ebdcdb8ee09b33660fc52cd8c120,c847b88986bee173f0e23c8099aa1acf25c380d96454088ae7330fe4711ac8bc,3049c664dd1b2e517d0ef8b59c0078d485f327951d4603e1bc460e11248013c2
2026-27:210,6,3.3288723319628106,2026-10-10T08:25:09Z,2026-10-10T10:00:00Z,Current formula at this deadline. This file does not replace the published Gameweeks 1-5 total of 280.,ffe911b65b5019529f8a7a322ad058e013a0e6146677c35d796f075e2572f09b,8e21d4821be776332f3504f55f85b4277f326f03513b2c7501fbdedf92b8b1a2,98e5bb4281312953f19a18383d2d6691e34279618c900c736d39c22085bb1b0a,f53c43b2c822d111bca9e3ae615ceb539ff324fbf9fae9a07ded738891b01546,477fee196153c242d686d57bb9605fedb219ebdcdb8ee09b33660fc52cd8c120,c847b88986bee173f0e23c8099aa1acf25c380d96454088ae7330fe4711ac8bc,3049c664dd1b2e517d0ef8b59c0078d485f327951d4603e1bc460e11248013c2
2026-27:211,6,3.360994989703395,2026-10-10T08:25:09Z,2026-10-10T10:00:00Z,Current formula at this deadline. This file does not replace the published Gameweeks 1-5 total of 280.,ffe911b65b5019529f8a7a322ad058e013a0e6146677c35d796f075e2572f09b,8e21d4821be776332f3504f55f85b4277f326f03513b2c7501fbdedf92b8b1a2,98e5bb4281312953f19a18383d2d6691e34279618c900c736d39c22085bb1b0a,f53c43b2c822d111bca9e3ae615ceb539ff324fbf9fae9a07ded738891b01546,477fee196153c242d686d57bb9605fedb219ebdcdb8ee09b33660fc52cd8c120,c847b88986bee173f0e23c8099aa1acf25c380d96454088ae7330fe4711ac8bc,3049c664dd1b2e517d0ef8b59c0078d485f327951d4603e1bc460e11248013c2
2026-27:214,6,3.5138991477142922,2026-10-10T08:25:09Z,2026-10-10T10:00:00Z,Current formula at this deadline. This file does not replace the published Gameweeks 1-5 total of 280.,ffe911b65b5019529f8a7a322ad058e013a0e6146677c35d796f075e2572f09b,8e21d4821be776332f3504f55f85b4277f326f03513b2c7501fbdedf92b8b1a2,98e5bb4281312953f19a18383d2d6691e34279618c900c736d39c22085bb1b0a,f53c43b2c822d111bca9e3ae615ceb539ff324fbf9fae9a07ded738891b01546,477fee196153c242d686d57bb9605fedb219ebdcdb8ee09b33660fc52cd8c120,c847b88986bee173f0e23c8099aa1acf25c380d96454088ae7330fe4711ac8bc,3049c664dd1b2e517d0ef8b59c0078d485f327951d4603e1bc460e11248013c2
2026-27:222,6,2.4706519161388236,2026-10-10T08:25:09Z,2026-10-10T10:00:00Z,Current formula at this deadline. This file does not replace the published Gameweeks 1-5 total of 280.,ffe911b65b5019529f8a7a322ad058e013a0e6146677c35d796f075e2572f09b,8e21d4821be776332f3504f55f85b4277f326f03513b2c7501fbdedf92b8b1a2,98e5bb4281312953f19a18383d2d6691e34279618c900c736d39c22085bb1b0a,f53c43b2c822d111bca9e3ae615ceb539ff324fbf9fae9a07ded738891b01546,477fee196153c242d686d57bb9605fedb219ebdcdb8ee09b33660fc52cd8c120,c847b88986bee173f0e23c8099aa1acf25c380d96454088ae7330fe4711ac8bc,3049c664dd1b2e517d0ef8b59c0078d485f327951d4603e1bc460e11248013c2
2026-27:226,6,3.616114977976737,2026-10-10T08:25:09Z,2026-10-10T10:00:00Z,Current formula at this deadline. This file does not replace the published Gameweeks 1-5 total of 280.,ffe911b65b5019529f8a7a322ad058e013a0e6146677c35d796f075e2572f09b,8e21d4821be776332f3504f55f85b4277f326f03513b2c7501fbdedf92b8b1a2,98e5bb4281312953f19a18383d2d6691e34279618c900c736d39c22085bb1b0a,f53c43b2c822d111bca9e3ae615ceb539ff324fbf9fae9a07ded738891b01546,477fee196153c242d686d57bb9605fedb219ebdcdb8ee09b33660fc52cd8c120,c847b88986bee173f0e23c8099aa1acf25c380d96454088ae7330fe4711ac8bc,3049c664dd1b2e517d0ef8b59c0078d485f327951d4603e1bc460e11248013c2
2026-27:229,6,4.435487465134698,2026-10-10T08:25:09Z,2026-10-10T10:00:00Z,Current formula at this deadline. This file does not replace the published Gameweeks 1-5 total of 280.,ffe911b65b5019529f8a7a322ad058e013a0e6146677c35d796f075e2572f09b,8e21d4821be776332f3504f55f85b4277f326f03513b2c7501fbdedf92b8b1a2,98e5bb4281312953f19a18383d2d6691e34279618c900c736d39c22085bb1b0a,f53c43b2c822d111bca9e3ae615ceb539ff324fbf9fae9a07ded738891b01546,477fee196153c242d686d57bb9605fedb219ebdcdb8ee09b33660fc52cd8c120,c847b88986bee173f0e23c8099aa1acf25c380d96454088ae7330fe4711ac8bc,3049c664dd1b2e517d0ef8b59c0078d485f327951d4603e1bc460e11248013c2
2026-27:230,6,4.403863018327011,2026-10-10T08:25:09Z,2026-10-10T10:00:00Z,Current formula at this deadline. This file does not replace the published Gameweeks 1-5 total of 280.,ffe911b65b5019529f8a7a322ad058e013a0e6146677c35d796f075e2572f09b,8e21d4821be776332f3504f55f85b4277f326f03513b2c7501fbdedf92b8b1a2,98e5bb4281312953f19a18383d2d6691e34279618c900c736d39c22085bb1b0a,f53c43b2c822d111bca9e3ae615ceb539ff324fbf9fae9a07ded738891b01546,477fee196153c242d686d57bb9605fedb219ebdcdb8ee09b33660fc52cd8c120,c847b88986bee173f0e23c8099aa1acf25c380d96454088ae7330fe4711ac8bc,3049c664dd1b2e517d0ef8b59c0078d485f327951d4603e1bc460e11248013c2
2026-27:233,6,2.574713830351405,2026-10-10T08:25:09Z,2026-10-10T10:00:00Z,Current formula at this deadline. This file does not replace the published Gameweeks 1-5 total of 280.,ffe911b65b5019529f8a7a322ad058e013a0e6146677c35d796f075e2572f09b,8e21d4821be776332f3504f55f85b4277f326f03513b2c7501fbdedf92b8b1a2,98e5bb4281312953f19a18383d2d6691e34279618c900c736d39c22085bb1b0a,f53c43b2c822d111bca9e3ae615ceb539ff324fbf9fae9a07ded738891b01546,477fee196153c242d686d57bb9605fedb219ebdcdb8ee09b33660fc52cd8c120,c847b88986bee173f0e23c8099aa1acf25c380d96454088ae7330fe4711ac8bc,3049c664dd1b2e517d0ef8b59c0078d485f327951d4603e1bc460e11248013c2
2026-27:236,6,4.1208436268240485,2026-10-10T08:25:09Z,2026-10-10T10:00:00Z,Current formula at this deadline. This file does not replace the published Gameweeks 1-5 total of 280.,ffe911b65b5019529f8a7a322ad058e013a0e6146677c35d796f075e2572f09b,8e21d4821be776332f3504f55f85b4277f326f03513b2c7501fbdedf92b8b1a2,98e5bb4281312953f19a18383d2d6691e34279618c900c736d39c22085bb1b0a,f53c43b2c822d111bca9e3ae615ceb539ff324fbf9fae9a07ded738891b01546,477fee196153c242d686d57bb9605fedb219ebdcdb8ee09b33660fc52cd8c120,c847b88986bee173f0e23c8099aa1acf25c380d96454088ae7330fe4711ac8bc,3049c664dd1b2e517d0ef8b59c0078d485f327951d4603e1bc460e11248013c2
2026-27:237,6,3.6156629624762133,2026-10-10T08:25:09Z,2026-10-10T10:00:00Z,Current formula at this deadline. This file does not replace the published Gameweeks 1-5 total of 280.,ffe911b65b5019529f8a7a322ad058e013a0e6146677c35d796f075e2572f09b,8e21d4821be776332f3504f55f85b4277f326f03513b2c7501fbdedf92b8b1a2,98e5bb4281312953f19a18383d2d6691e34279618c900c736d39c22085bb1b0a,f53c43b2c822d111bca9e3ae615ceb539ff324fbf9fae9a07ded738891b01546,477fee196153c242d686d57bb9605fedb219ebdcdb8ee09b33660fc52cd8c120,c847b88986bee173f0e23c8099aa1acf25c380d96454088ae7330fe4711ac8bc,3049c664dd1b2e517d0ef8b59c0078d485f327951d4603e1bc460e11248013c2
2026-27:239,6,3.0351951754434214,2026-10-10T08:25:09Z,2026-10-10T10:00:00Z,Current formula at this deadline. This file does not replace the published Gameweeks 1-5 total of 280.,ffe911b65b5019529f8a7a322ad058e013a0e6146677c35d796f075e2572f09b,8e21d4821be776332f3504f55f85b4277f326f03513b2c7501fbdedf92b8b1a2,98e5bb4281312953f19a18383d2d6691e34279618c900c736d39c22085bb1b0a,f53c43b2c822d111bca9e3ae615ceb539ff324fbf9fae9a07ded738891b01546,477fee196153c242d686d57bb9605fedb219ebdcdb8ee09b33660fc52cd8c120,c847b88986bee173f0e23c8099aa1acf25c380d96454088ae7330fe4711ac8bc,3049c664dd1b2e517d0ef8b59c0078d485f327951d4603e1bc460e11248013c2
2026-27:242,6,2.7586469169051266,2026-10-10T08:25:09Z,2026-10-10T10:00:00Z,Current formula at this deadline. This file does not replace the published Gameweeks 1-5 total of 280.,ffe911b65b5019529f8a7a322ad058e013a0e6146677c35d796f075e2572f09b,8e21d4821be776332f3504f55f85b4277f326f03513b2c7501fbdedf92b8b1a2,98e5bb4281312953f19a18383d2d6691e34279618c900c736d39c22085bb1b0a,f53c43b2c822d111bca9e3ae615ceb539ff324fbf9fae9a07ded738891b01546,477fee196153c242d686d57bb9605fedb219ebdcdb8ee09b33660fc52cd8c120,c847b88986bee173f0e23c8099aa1acf25c380d96454088ae7330fe4711ac8bc,3049c664dd1b2e517d0ef8b59c0078d485f327951d4603e1bc460e11248013c2
2026-27:244,6,3.3256239116143638,2026-10-10T08:25:09Z,2026-10-10T10:00:00Z,Current formula at this deadline. This file does not replace the published Gameweeks 1-5 total of 280.,ffe911b65b5019529f8a7a322ad058e013a0e6146677c35d796f075e2572f09b,8e21d4821be776332f3504f55f85b4277f326f03513b2c7501fbdedf92b8b1a2,98e5bb4281312953f19a18383d2d6691e34279618c900c736d39c22085bb1b0a,f53c43b2c822d111bca9e3ae615ceb539ff324fbf9fae9a07ded738891b01546,477fee196153c242d686d57bb9605fedb219ebdcdb8ee09b33660fc52cd8c120,c847b88986bee173f0e23c8099aa1acf25c380d96454088ae7330fe4711ac8bc,3049c664dd1b2e517d0ef8b59c0078d485f327951d4603e1bc460e11248013c2
2026-27:249,6,5.181119399300901,2026-10-10T08:25:09Z,2026-10-10T10:00:00Z,Current formula at this deadline. This file does not replace the published Gameweeks 1-5 total of 280.,ffe911b65b5019529f8a7a322ad058e013a0e6146677c35d796f075e2572f09b,8e21d4821be776332f3504f55f85b4277f326f03513b2c7501fbdedf92b8b1a2,98e5bb4281312953f19a18383d2d6691e34279618c900c736d39c22085bb1b0a,f53c43b2c822d111bca9e3ae615ceb539ff324fbf9fae9a07ded738891b01546,477fee196153c242d686d57bb9605fedb219ebdcdb8ee09b33660fc52cd8c120,c847b88986bee173f0e23c8099aa1acf25c380d96454088ae7330fe4711ac8bc,3049c664dd1b2e517d0ef8b59c0078d485f327951d4603e1bc460e11248013c2
2026-27:250,6,3.4770764426441625,2026-10-10T08:25:09Z,2026-10-10T10:00:00Z,Current formula at this deadline. This file does not replace the published Gameweeks 1-5 total of 280.,ffe911b65b5019529f8a7a322ad058e013a0e6146677c35d796f075e2572f09b,8e21d4821be776332f3504f55f85b4277f326f03513b2c7501fbdedf92b8b1a2,98e5bb4281312953f19a18383d2d6691e34279618c900c736d39c22085bb1b0a,f53c43b2c822d111bca9e3ae615ceb539ff324fbf9fae9a07ded738891b01546,477fee196153c242d686d57bb9605fedb219ebdcdb8ee09b33660fc52cd8c120,c847b88986bee173f0e23c8099aa1acf25c380d96454088ae7330fe4711ac8bc,3049c664dd1b2e517d0ef8b59c0078d485f327951d4603e1bc460e11248013c2
2026-27:254,6,3.195917474671614,2026-10-10T08:25:09Z,2026-10-10T10:00:00Z,Current formula at this deadline. This file does not replace the published Gameweeks 1-5 total of 280.,ffe911b65b5019529f8a7a322ad058e013a0e6146677c35d796f075e2572f09b,8e21d4821be776332f3504f55f85b4277f326f03513b2c7501fbdedf92b8b1a2,98e5bb4281312953f19a18383d2d6691e34279618c900c736d39c22085bb1b0a,f53c43b2c822d111bca9e3ae615ceb539ff324fbf9fae9a07ded738891b01546,477fee196153c242d686d57bb9605fedb219ebdcdb8ee09b33660fc52cd8c120,c847b88986bee173f0e23c8099aa1acf25c380d96454088ae7330fe4711ac8bc,3049c664dd1b2e517d0ef8b59c0078d485f327951d4603e1bc460e11248013c2
2026-27:257,6,2.8630846882500984,2026-10-10T08:25:09Z,2026-10-10T10:00:00Z,Current formula at this deadline. This file does not replace the published Gameweeks 1-5 total of 280.,ffe911b65b5019529f8a7a322ad058e013a0e6146677c35d796f075e2572f09b,8e21d4821be776332f3504f55f85b4277f326f03513b2c7501fbdedf92b8b1a2,98e5bb4281312953f19a18383d2d6691e34279618c900c736d39c22085bb1b0a,f53c43b2c822d111bca9e3ae615ceb539ff324fbf9fae9a07ded738891b01546,477fee196153c242d686d57bb9605fedb219ebdcdb8ee09b33660fc52cd8c120,c847b88986bee173f0e23c8099aa1acf25c380d96454088ae7330fe4711ac8bc,3049c664dd1b2e517d0ef8b59c0078d485f327951d4603e1bc460e11248013c2
2026-27:258,6,3.7188812045039814,2026-10-10T08:25:09Z,2026-10-10T10:00:00Z,Current formula at this deadline. This file does not replace the published Gameweeks 1-5 total of 280.,ffe911b65b5019529f8a7a322ad058e013a0e6146677c35d796f075e2572f09b,8e21d4821be776332f3504f55f85b4277f326f03513b2c7501fbdedf92b8b1a2,98e5bb4281312953f19a18383d2d6691e34279618c900c736d39c22085bb1b0a,f53c43b2c822d111bca9e3ae615ceb539ff324fbf9fae9a07ded738891b01546,477fee196153c242d686d57bb9605fedb219ebdcdb8ee09b33660fc52cd8c120,c847b88986bee173f0e23c8099aa1acf25c380d96454088ae7330fe4711ac8bc,3049c664dd1b2e517d0ef8b59c0078d485f327951d4603e1bc460e11248013c2
2026-27:259,6,3.919950527021953,2026-10-10T08:25:09Z,2026-10-10T10:00:00Z,Current formula at this deadline. This file does not replace the published Gameweeks 1-5 total of 280.,ffe911b65b5019529f8a7a322ad058e013a0e6146677c35d796f075e2572f09b,8e21d4821be776332f3504f55f85b4277f326f03513b2c7501fbdedf92b8b1a2,98e5bb4281312953f19a18383d2d6691e34279618c900c736d39c22085bb1b0a,f53c43b2c822d111bca9e3ae615ceb539ff324fbf9fae9a07ded738891b01546,477fee196153c242d686d57bb9605fedb219ebdcdb8ee09b33660fc52cd8c120,c847b88986bee173f0e23c8099aa1acf25c380d96454088ae7330fe4711ac8bc,3049c664dd1b2e517d0ef8b59c0078d485f327951d4603e1bc460e11248013c2
2026-27:26,6,2.3418244843639497,2026-10-10T08:25:09Z,2026-10-10T10:00:00Z,Current formula at this deadline. This file does not replace the published Gameweeks 1-5 total of 280.,ffe911b65b5019529f8a7a322ad058e013a0e6146677c35d796f075e2572f09b,8e21d4821be776332f3504f55f85b4277f326f03513b2c7501fbdedf92b8b1a2,98e5bb4281312953f19a18383d2d6691e34279618c900c736d39c22085bb1b0a,f53c43b2c822d111bca9e3ae615ceb539ff324fbf9fae9a07ded738891b01546,477fee196153c242d686d57bb9605fedb219ebdcdb8ee09b33660fc52cd8c120,c847b88986bee173f0e23c8099aa1acf25c380d96454088ae7330fe4711ac8bc,3049c664dd1b2e517d0ef8b59c0078d485f327951d4603e1bc460e11248013c2
2026-27:261,6,3.3549208176297025,2026-10-10T08:25:09Z,2026-10-10T10:00:00Z,Current formula at this deadline. This file does not replace the published Gameweeks 1-5 total of 280.,ffe911b65b5019529f8a7a322ad058e013a0e6146677c35d796f075e2572f09b,8e21d4821be776332f3504f55f85b4277f326f03513b2c7501fbdedf92b8b1a2,98e5bb4281312953f19a18383d2d6691e34279618c900c736d39c22085bb1b0a,f53c43b2c822d111bca9e3ae615ceb539ff324fbf9fae9a07ded738891b01546,477fee196153c242d686d57bb9605fedb219ebdcdb8ee09b33660fc52cd8c120,c847b88986bee173f0e23c8099aa1acf25c380d96454088ae7330fe4711ac8bc,3049c664dd1b2e517d0ef8b59c0078d485f327951d4603e1bc460e11248013c2
2026-27:264,6,3.469912671938281,2026-10-10T08:25:09Z,2026-10-10T10:00:00Z,Current formula at this deadline. This file does not replace the published Gameweeks 1-5 total of 280.,ffe911b65b5019529f8a7a322ad058e013a0e6146677c35d796f075e2572f09b,8e21d4821be776332f3504f55f85b4277f326f03513b2c7501fbdedf92b8b1a2,98e5bb4281312953f19a18383d2d6691e34279618c900c736d39c22085bb1b0a,f53c43b2c822d111bca9e3ae615ceb539ff324fbf9fae9a07ded738891b01546,477fee196153c242d686d57bb9605fedb219ebdcdb8ee09b33660fc52cd8c120,c847b88986bee173f0e23c8099aa1acf25c380d96454088ae7330fe4711ac8bc,3049c664dd1b2e517d0ef8b59c0078d485f327951d4603e1bc460e11248013c2
2026-27:265,6,2.543704462277124,2026-10-10T08:25:09Z,2026-10-10T10:00:00Z,Current formula at this deadline. This file does not replace the published Gameweeks 1-5 total of 280.,ffe911b65b5019529f8a7a322ad058e013a0e6146677c35d796f075e2572f09b,8e21d4821be776332f3504f55f85b4277f326f03513b2c7501fbdedf92b8b1a2,98e5bb4281312953f19a18383d2d6691e34279618c900c736d39c22085bb1b0a,f53c43b2c822d111bca9e3ae615ceb539ff324fbf9fae9a07ded738891b01546,477fee196153c242d686d57bb9605fedb219ebdcdb8ee09b33660fc52cd8c120,c847b88986bee173f0e23c8099aa1acf25c380d96454088ae7330fe4711ac8bc,3049c664dd1b2e517d0ef8b59c0078d485f327951d4603e1bc460e11248013c2
2026-27:267,6,2.5367894139439433,2026-10-10T08:25:09Z,2026-10-10T10:00:00Z,Current formula at this deadline. This file does not replace the published Gameweeks 1-5 total of 280.,ffe911b65b5019529f8a7a322ad058e013a0e6146677c35d796f075e2572f09b,8e21d4821be776332f3504f55f85b4277f326f03513b2c7501fbdedf92b8b1a2,98e5bb4281312953f19a18383d2d6691e34279618c900c736d39c22085bb1b0a,f53c43b2c822d111bca9e3ae615ceb539ff324fbf9fae9a07ded738891b01546,477fee196153c242d686d57bb9605fedb219ebdcdb8ee09b33660fc52cd8c120,c847b88986bee173f0e23c8099aa1acf25c380d96454088ae7330fe4711ac8bc,3049c664dd1b2e517d0ef8b59c0078d485f327951d4603e1bc460e11248013c2
2026-27:268,6,4.062790623088998,2026-10-10T08:25:09Z,2026-10-10T10:00:00Z,Current formula at this deadline. This file does not replace the published Gameweeks 1-5 total of 280.,ffe911b65b5019529f8a7a322ad058e013a0e6146677c35d796f075e2572f09b,8e21d4821be776332f3504f55f85b4277f326f03513b2c7501fbdedf92b8b1a2,98e5bb4281312953f19a18383d2d6691e34279618c900c736d39c22085bb1b0a,f53c43b2c822d111bca9e3ae615ceb539ff324fbf9fae9a07ded738891b01546,477fee196153c242d686d57bb9605fedb219ebdcdb8ee09b33660fc52cd8c120,c847b88986bee173f0e23c8099aa1acf25c380d96454088ae7330fe4711ac8bc,3049c664dd1b2e517d0ef8b59c0078d485f327951d4603e1bc460e11248013c2
2026-27:277,6,3.7055651467903346,2026-10-10T08:25:09Z,2026-10-10T10:00:00Z,Current formula at this deadline. This file does not replace the published Gameweeks 1-5 total of 280.,ffe911b65b5019529f8a7a322ad058e013a0e6146677c35d796f075e2572f09b,8e21d4821be776332f3504f55f85b4277f326f03513b2c7501fbdedf92b8b1a2,98e5bb4281312953f19a18383d2d6691e34279618c900c736d39c22085bb1b0a,f53c43b2c822d111bca9e3ae615ceb539ff324fbf9fae9a07ded738891b01546,477fee196153c242d686d57bb9605fedb219ebdcdb8ee09b33660fc52cd8c120,c847b88986bee173f0e23c8099aa1acf25c380d96454088ae7330fe4711ac8bc,3049c664dd1b2e517d0ef8b59c0078d485f327951d4603e1bc460e11248013c2
2026-27:279,6,3.2896643352331885,2026-10-10T08:25:09Z,2026-10-10T10:00:00Z,Current formula at this deadline. This file does not replace the published Gameweeks 1-5 total of 280.,ffe911b65b5019529f8a7a322ad058e013a0e6146677c35d796f075e2572f09b,8e21d4821be776332f3504f55f85b4277f326f03513b2c7501fbdedf92b8b1a2,98e5bb4281312953f19a18383d2d6691e34279618c900c736d39c22085bb1b0a,f53c43b2c822d111bca9e3ae615ceb539ff324fbf9fae9a07ded738891b01546,477fee196153c242d686d57bb9605fedb219ebdcdb8ee09b33660fc52cd8c120,c847b88986bee173f0e23c8099aa1acf25c380d96454088ae7330fe4711ac8bc,3049c664dd1b2e517d0ef8b59c0078d485f327951d4603e1bc460e11248013c2
2026-27:28,6,3.6000721996041967,2026-10-10T08:25:09Z,2026-10-10T10:00:00Z,Current formula at this deadline. This file does not replace the published Gameweeks 1-5 total of 280.,ffe911b65b5019529f8a7a322ad058e013a0e6146677c35d796f075e2572f09b,8e21d4821be776332f3504f55f85b4277f326f03513b2c7501fbdedf92b8b1a2,98e5bb4281312953f19a18383d2d6691e34279618c900c736d39c22085bb1b0a,f53c43b2c822d111bca9e3ae615ceb539ff324fbf9fae9a07ded738891b01546,477fee196153c242d686d57bb9605fedb219ebdcdb8ee09b33660fc52cd8c120,c847b88986bee173f0e23c8099aa1acf25c380d96454088ae7330fe4711ac8bc,3049c664dd1b2e517d0ef8b59c0078d485f327951d4603e1bc460e11248013c2
2026-27:280,6,2.6916287260278637,2026-10-10T08:25:09Z,2026-10-10T10:00:00Z,Current formula at this deadline. This file does not replace the published Gameweeks 1-5 total of 280.,ffe911b65b5019529f8a7a322ad058e013a0e6146677c35d796f075e2572f09b,8e21d4821be776332f3504f55f85b4277f326f03513b2c7501fbdedf92b8b1a2,98e5bb4281312953f19a18383d2d6691e34279618c900c736d39c22085bb1b0a,f53c43b2c822d111bca9e3ae615ceb539ff324fbf9fae9a07ded738891b01546,477fee196153c242d686d57bb9605fedb219ebdcdb8ee09b33660fc52cd8c120,c847b88986bee173f0e23c8099aa1acf25c380d96454088ae7330fe4711ac8bc,3049c664dd1b2e517d0ef8b59c0078d485f327951d4603e1bc460e11248013c2
2026-27:282,6,2.895040298650579,2026-10-10T08:25:09Z,2026-10-10T10:00:00Z,Current formula at this deadline. This file does not replace the published Gameweeks 1-5 total of 280.,ffe911b65b5019529f8a7a322ad058e013a0e6146677c35d796f075e2572f09b,8e21d4821be776332f3504f55f85b4277f326f03513b2c7501fbdedf92b8b1a2,98e5bb4281312953f19a18383d2d6691e34279618c900c736d39c22085bb1b0a,f53c43b2c822d111bca9e3ae615ceb539ff324fbf9fae9a07ded738891b01546,477fee196153c242d686d57bb9605fedb219ebdcdb8ee09b33660fc52cd8c120,c847b88986bee173f0e23c8099aa1acf25c380d96454088ae7330fe4711ac8bc,3049c664dd1b2e517d0ef8b59c0078d485f327951d4603e1bc460e11248013c2
2026-27:286,6,3.8045227204775016,2026-10-10T08:25:09Z,2026-10-10T10:00:00Z,Current formula at this deadline. This file does not replace the published Gameweeks 1-5 total of 280.,ffe911b65b5019529f8a7a322ad058e013a0e6146677c35d796f075e2572f09b,8e21d4821be776332f3504f55f85b4277f326f03513b2c7501fbdedf92b8b1a2,98e5bb4281312953f19a18383d2d6691e34279618c900c736d39c22085bb1b0a,f53c43b2c822d111bca9e3ae615ceb539ff324fbf9fae9a07ded738891b01546,477fee196153c242d686d57bb9605fedb219ebdcdb8ee09b33660fc52cd8c120,c847b88986bee173f0e23c8099aa1acf25c380d96454088ae7330fe4711ac8bc,3049c664dd1b2e517d0ef8b59c0078d485f327951d4603e1bc460e11248013c2
2026-27:29,6,2.207924771194292,2026-10-10T08:25:09Z,2026-10-10T10:00:00Z,Current formula at this deadline. This file does not replace the published Gameweeks 1-5 total of 280.,ffe911b65b5019529f8a7a322ad058e013a0e6146677c35d796f075e2572f09b,8e21d4821be776332f3504f55f85b4277f326f03513b2c7501fbdedf92b8b1a2,98e5bb4281312953f19a18383d2d6691e34279618c900c736d39c22085bb1b0a,f53c43b2c822d111bca9e3ae615ceb539ff324fbf9fae9a07ded738891b01546,477fee196153c242d686d57bb9605fedb219ebdcdb8ee09b33660fc52cd8c120,c847b88986bee173f0e23c8099aa1acf25c380d96454088ae7330fe4711ac8bc,3049c664dd1b2e517d0ef8b59c0078d485f327951d4603e1bc460e11248013c2
2026-27:290,6,3.002701971853503,2026-10-10T08:25:09Z,2026-10-10T10:00:00Z,Current formula at this deadline. This file does not replace the published Gameweeks 1-5 total of 280.,ffe911b65b5019529f8a7a322ad058e013a0e6146677c35d796f075e2572f09b,8e21d4821be776332f3504f55f85b4277f326f03513b2c7501fbdedf92b8b1a2,98e5bb4281312953f19a18383d2d6691e34279618c900c736d39c22085bb1b0a,f53c43b2c822d111bca9e3ae615ceb539ff324fbf9fae9a07ded738891b01546,477fee196153c242d686d57bb9605fedb219ebdcdb8ee09b33660fc52cd8c120,c847b88986bee173f0e23c8099aa1acf25c380d96454088ae7330fe4711ac8bc,3049c664dd1b2e517d0ef8b59c0078d485f327951d4603e1bc460e11248013c2
2026-27:295,6,3.0366879900965844,2026-10-10T08:25:09Z,2026-10-10T10:00:00Z,Current formula at this deadline. This file does not replace the published Gameweeks 1-5 total of 280.,ffe911b65b5019529f8a7a322ad058e013a0e6146677c35d796f075e2572f09b,8e21d4821be776332f3504f55f85b4277f326f03513b2c7501fbdedf92b8b1a2,98e5bb4281312953f19a18383d2d6691e34279618c900c736d39c22085bb1b0a,f53c43b2c822d111bca9e3ae615ceb539ff324fbf9fae9a07ded738891b01546,477fee196153c242d686d57bb9605fedb219ebdcdb8ee09b33660fc52cd8c120,c847b88986bee173f0e23c8099aa1acf25c380d96454088ae7330fe4711ac8bc,3049c664dd1b2e517d0ef8b59c0078d485f327951d4603e1bc460e11248013c2
2026-27:304,6,3.607230516592723,2026-10-10T08:25:09Z,2026-10-10T10:00:00Z,Current formula at this deadline. This file does not replace the published Gameweeks 1-5 total of 280.,ffe911b65b5019529f8a7a322ad058e013a0e6146677c35d796f075e2572f09b,8e21d4821be776332f3504f55f85b4277f326f03513b2c7501fbdedf92b8b1a2,98e5bb4281312953f19a18383d2d6691e34279618c900c736d39c22085bb1b0a,f53c43b2c822d111bca9e3ae615ceb539ff324fbf9fae9a07ded738891b01546,477fee196153c242d686d57bb9605fedb219ebdcdb8ee09b33660fc52cd8c120,c847b88986bee173f0e23c8099aa1acf25c380d96454088ae7330fe4711ac8bc,3049c664dd1b2e517d0ef8b59c0078d485f327951d4603e1bc460e11248013c2
2026-27:305,6,4.668693464025673,2026-10-10T08:25:09Z,2026-10-10T10:00:00Z,Current formula at this deadline. This file does not replace the published Gameweeks 1-5 total of 280.,ffe911b65b5019529f8a7a322ad058e013a0e6146677c35d796f075e2572f09b,8e21d4821be776332f3504f55f85b4277f326f03513b2c7501fbdedf92b8b1a2,98e5bb4281312953f19a18383d2d6691e34279618c900c736d39c22085bb1b0a,f53c43b2c822d111bca9e3ae615ceb539ff324fbf9fae9a07ded738891b01546,477fee196153c242d686d57bb9605fedb219ebdcdb8ee09b33660fc52cd8c120,c847b88986bee173f0e23c8099aa1acf25c380d96454088ae7330fe4711ac8bc,3049c664dd1b2e517d0ef8b59c0078d485f327951d4603e1bc460e11248013c2
2026-27:306,6,2.958746436620175,2026-10-10T08:25:09Z,2026-10-10T10:00:00Z,Current formula at this deadline. This file does not replace the published Gameweeks 1-5 total of 280.,ffe911b65b5019529f8a7a322ad058e013a0e6146677c35d796f075e2572f09b,8e21d4821be776332f3504f55f85b4277f326f03513b2c7501fbdedf92b8b1a2,98e5bb4281312953f19a18383d2d6691e34279618c900c736d39c22085bb1b0a,f53c43b2c822d111bca9e3ae615ceb539ff324fbf9fae9a07ded738891b01546,477fee196153c242d686d57bb9605fedb219ebdcdb8ee09b33660fc52cd8c120,c847b88986bee173f0e23c8099aa1acf25c380d96454088ae7330fe4711ac8bc,3049c664dd1b2e517d0ef8b59c0078d485f327951d4603e1bc460e11248013c2
2026-27:31,6,2.8172875044513943,2026-10-10T08:25:09Z,2026-10-10T10:00:00Z,Current formula at this deadline. This file does not replace the published Gameweeks 1-5 total of 280.,ffe911b65b5019529f8a7a322ad058e013a0e6146677c35d796f075e2572f09b,8e21d4821be776332f3504f55f85b4277f326f03513b2c7501fbdedf92b8b1a2,98e5bb4281312953f19a18383d2d6691e34279618c900c736d39c22085bb1b0a,f53c43b2c822d111bca9e3ae615ceb539ff324fbf9fae9a07ded738891b01546,477fee196153c242d686d57bb9605fedb219ebdcdb8ee09b33660fc52cd8c120,c847b88986bee173f0e23c8099aa1acf25c380d96454088ae7330fe4711ac8bc,3049c664dd1b2e517d0ef8b59c0078d485f327951d4603e1bc460e11248013c2
2026-27:312,6,1.5942644968724782,2026-10-10T08:25:09Z,2026-10-10T10:00:00Z,Current formula at this deadline. This file does not replace the published Gameweeks 1-5 total of 280.,ffe911b65b5019529f8a7a322ad058e013a0e6146677c35d796f075e2572f09b,8e21d4821be776332f3504f55f85b4277f326f03513b2c7501fbdedf92b8b1a2,98e5bb4281312953f19a18383d2d6691e34279618c900c736d39c22085bb1b0a,f53c43b2c822d111bca9e3ae615ceb539ff324fbf9fae9a07ded738891b01546,477fee196153c242d686d57bb9605fedb219ebdcdb8ee09b33660fc52cd8c120,c847b88986bee173f0e23c8099aa1acf25c380d96454088ae7330fe4711ac8bc,3049c664dd1b2e517d0ef8b59c0078d485f327951d4603e1bc460e11248013c2
2026-27:313,6,2.385812500891923,2026-10-10T08:25:09Z,2026-10-10T10:00:00Z,Current formula at this deadline. This file does not replace the published Gameweeks 1-5 total of 280.,ffe911b65b5019529f8a7a322ad058e013a0e6146677c35d796f075e2572f09b,8e21d4821be776332f3504f55f85b4277f326f03513b2c7501fbdedf92b8b1a2,98e5bb4281312953f19a18383d2d6691e34279618c900c736d39c22085bb1b0a,f53c43b2c822d111bca9e3ae615ceb539ff324fbf9fae9a07ded738891b01546,477fee196153c242d686d57bb9605fedb219ebdcdb8ee09b33660fc52cd8c120,c847b88986bee173f0e23c8099aa1acf25c380d96454088ae7330fe4711ac8bc,3049c664dd1b2e517d0ef8b59c0078d485f327951d4603e1bc460e11248013c2
2026-27:316,6,3.1833135543826674,2026-10-10T08:25:09Z,2026-10-10T10:00:00Z,Current formula at this deadline. This file does not replace the published Gameweeks 1-5 total of 280.,ffe911b65b5019529f8a7a322ad058e013a0e6146677c35d796f075e2572f09b,8e21d4821be776332f3504f55f85b4277f326f03513b2c7501fbdedf92b8b1a2,98e5bb4281312953f19a18383d2d6691e34279618c900c736d39c22085bb1b0a,f53c43b2c822d111bca9e3ae615ceb539ff324fbf9fae9a07ded738891b01546,477fee196153c242d686d57bb9605fedb219ebdcdb8ee09b33660fc52cd8c120,c847b88986bee173f0e23c8099aa1acf25c380d96454088ae7330fe4711ac8bc,3049c664dd1b2e517d0ef8b59c0078d485f327951d4603e1bc460e11248013c2
2026-27:325,6,2.299987509872608,2026-10-10T08:25:09Z,2026-10-10T10:00:00Z,Current formula at this deadline. This file does not replace the published Gameweeks 1-5 total of 280.,ffe911b65b5019529f8a7a322ad058e013a0e6146677c35d796f075e2572f09b,8e21d4821be776332f3504f55f85b4277f326f03513b2c7501fbdedf92b8b1a2,98e5bb4281312953f19a18383d2d6691e34279618c900c736d39c22085bb1b0a,f53c43b2c822d111bca9e3ae615ceb539ff324fbf9fae9a07ded738891b01546,477fee196153c242d686d57bb9605fedb219ebdcdb8ee09b33660fc52cd8c120,c847b88986bee173f0e23c8099aa1acf25c380d96454088ae7330fe4711ac8bc,3049c664dd1b2e517d0ef8b59c0078d485f327951d4603e1bc460e11248013c2
2026-27:33,6,3.323990883514056,2026-10-10T08:25:09Z,2026-10-10T10:00:00Z,Current formula at this deadline. This file does not replace the published Gameweeks 1-5 total of 280.,ffe911b65b5019529f8a7a322ad058e013a0e6146677c35d796f075e2572f09b,8e21d4821be776332f3504f55f85b4277f326f03513b2c7501fbdedf92b8b1a2,98e5bb4281312953f19a18383d2d6691e34279618c900c736d39c22085bb1b0a,f53c43b2c822d111bca9e3ae615ceb539ff324fbf9fae9a07ded738891b01546,477fee196153c242d686d57bb9605fedb219ebdcdb8ee09b33660fc52cd8c120,c847b88986bee173f0e23c8099aa1acf25c380d96454088ae7330fe4711ac8bc,3049c664dd1b2e517d0ef8b59c0078d485f327951d4603e1bc460e11248013c2
2026-27:330,6,2.528829181539771,2026-10-10T08:25:09Z,2026-10-10T10:00:00Z,Current formula at this deadline. This file does not replace the published Gameweeks 1-5 total of 280.,ffe911b65b5019529f8a7a322ad058e013a0e6146677c35d796f075e2572f09b,8e21d4821be776332f3504f55f85b4277f326f03513b2c7501fbdedf92b8b1a2,98e5bb4281312953f19a18383d2d6691e34279618c900c736d39c22085bb1b0a,f53c43b2c822d111bca9e3ae615ceb539ff324fbf9fae9a07ded738891b01546,477fee196153c242d686d57bb9605fedb219ebdcdb8ee09b33660fc52cd8c120,c847b88986bee173f0e23c8099aa1acf25c380d96454088ae7330fe4711ac8bc,3049c664dd1b2e517d0ef8b59c0078d485f327951d4603e1bc460e11248013c2
2026-27:331,6,1.92682050854102,2026-10-10T08:25:09Z,2026-10-10T10:00:00Z,Current formula at this deadline. This file does not replace the published Gameweeks 1-5 total of 280.,ffe911b65b5019529f8a7a322ad058e013a0e6146677c35d796f075e2572f09b,8e21d4821be776332f3504f55f85b4277f326f03513b2c7501fbdedf92b8b1a2,98e5bb4281312953f19a18383d2d6691e34279618c900c736d39c22085bb1b0a,f53c43b2c822d111bca9e3ae615ceb539ff324fbf9fae9a07ded738891b01546,477fee196153c242d686d57bb9605fedb219ebdcdb8ee09b33660fc52cd8c120,c847b88986bee173f0e23c8099aa1acf25c380d96454088ae7330fe4711ac8bc,3049c664dd1b2e517d0ef8b59c0078d485f327951d4603e1bc460e11248013c2
2026-27:332,6,2.923860468790101,2026-10-10T08:25:09Z,2026-10-10T10:00:00Z,Current formula at this deadline. This file does not replace the published Gameweeks 1-5 total of 280.,ffe911b65b5019529f8a7a322ad058e013a0e6146677c35d796f075e2572f09b,8e21d4821be776332f3504f55f85b4277f326f03513b2c7501fbdedf92b8b1a2,98e5bb4281312953f19a18383d2d6691e34279618c900c736d39c22085bb1b0a,f53c43b2c822d111bca9e3ae615ceb539ff324fbf9fae9a07ded738891b01546,477fee196153c242d686d57bb9605fedb219ebdcdb8ee09b33660fc52cd8c120,c847b88986bee173f0e23c8099aa1acf25c380d96454088ae7330fe4711ac8bc,3049c664dd1b2e517d0ef8b59c0078d485f327951d4603e1bc460e11248013c2
2026-27:334,6,3.265173656179899,2026-10-10T08:25:09Z,2026-10-10T10:00:00Z,Current formula at this deadline. This file does not replace the published Gameweeks 1-5 total of 280.,ffe911b65b5019529f8a7a322ad058e013a0e6146677c35d796f075e2572f09b,8e21d4821be776332f3504f55f85b4277f326f03513b2c7501fbdedf92b8b1a2,98e5bb4281312953f19a18383d2d6691e34279618c900c736d39c22085bb1b0a,f53c43b2c822d111bca9e3ae615ceb539ff324fbf9fae9a07ded738891b01546,477fee196153c242d686d57bb9605fedb219ebdcdb8ee09b33660fc52cd8c120,c847b88986bee173f0e23c8099aa1acf25c380d96454088ae7330fe4711ac8bc,3049c664dd1b2e517d0ef8b59c0078d485f327951d4603e1bc460e11248013c2
2026-27:335,6,3.613066012805567,2026-10-10T08:25:09Z,2026-10-10T10:00:00Z,Current formula at this deadline. This file does not replace the published Gameweeks 1-5 total of 280.,ffe911b65b5019529f8a7a322ad058e013a0e6146677c35d796f075e2572f09b,8e21d4821be776332f3504f55f85b4277f326f03513b2c7501fbdedf92b8b1a2,98e5bb4281312953f19a18383d2d6691e34279618c900c736d39c22085bb1b0a,f53c43b2c822d111bca9e3ae615ceb539ff324fbf9fae9a07ded738891b01546,477fee196153c242d686d57bb9605fedb219ebdcdb8ee09b33660fc52cd8c120,c847b88986bee173f0e23c8099aa1acf25c380d96454088ae7330fe4711ac8bc,3049c664dd1b2e517d0ef8b59c0078d485f327951d4603e1bc460e11248013c2
2026-27:336,6,2.3259068472632274,2026-10-10T08:25:09Z,2026-10-10T10:00:00Z,Current formula at this deadline. This file does not replace the published Gameweeks 1-5 total of 280.,ffe911b65b5019529f8a7a322ad058e013a0e6146677c35d796f075e2572f09b,8e21d4821be776332f3504f55f85b4277f326f03513b2c7501fbdedf92b8b1a2,98e5bb4281312953f19a18383d2d6691e34279618c900c736d39c22085bb1b0a,f53c43b2c822d111bca9e3ae615ceb539ff324fbf9fae9a07ded738891b01546,477fee196153c242d686d57bb9605fedb219ebdcdb8ee09b33660fc52cd8c120,c847b88986bee173f0e23c8099aa1acf25c380d96454088ae7330fe4711ac8bc,3049c664dd1b2e517d0ef8b59c0078d485f327951d4603e1bc460e11248013c2
2026-27:338,6,3.451014302160285,2026-10-10T08:25:09Z,2026-10-10T10:00:00Z,Current formula at this deadline. This file does not replace the published Gameweeks 1-5 total of 280.,ffe911b65b5019529f8a7a322ad058e013a0e6146677c35d796f075e2572f09b,8e21d4821be776332f3504f55f85b4277f326f03513b2c7501fbdedf92b8b1a2,98e5bb4281312953f19a18383d2d6691e34279618c900c736d39c22085bb1b0a,f53c43b2c822d111bca9e3ae615ceb539ff324fbf9fae9a07ded738891b01546,477fee196153c242d686d57bb9605fedb219ebdcdb8ee09b33660fc52cd8c120,c847b88986bee173f0e23c8099aa1acf25c380d96454088ae7330fe4711ac8bc,3049c664dd1b2e517d0ef8b59c0078d485f327951d4603e1bc460e11248013c2
2026-27:345,6,2.431835957555858,2026-10-10T08:25:09Z,2026-10-10T10:00:00Z,Current formula at this deadline. This file does not replace the published Gameweeks 1-5 total of 280.,ffe911b65b5019529f8a7a322ad058e013a0e6146677c35d796f075e2572f09b,8e21d4821be776332f3504f55f85b4277f326f03513b2c7501fbdedf92b8b1a2,98e5bb4281312953f19a18383d2d6691e34279618c900c736d39c22085bb1b0a,f53c43b2c822d111bca9e3ae615ceb539ff324fbf9fae9a07ded738891b01546,477fee196153c242d686d57bb9605fedb219ebdcdb8ee09b33660fc52cd8c120,c847b88986bee173f0e23c8099aa1acf25c380d96454088ae7330fe4711ac8bc,3049c664dd1b2e517d0ef8b59c0078d485f327951d4603e1bc460e11248013c2
2026-27:346,6,2.2458825456005083,2026-10-10T08:25:09Z,2026-10-10T10:00:00Z,Current formula at this deadline. This file does not replace the published Gameweeks 1-5 total of 280.,ffe911b65b5019529f8a7a322ad058e013a0e6146677c35d796f075e2572f09b,8e21d4821be776332f3504f55f85b4277f326f03513b2c7501fbdedf92b8b1a2,98e5bb4281312953f19a18383d2d6691e34279618c900c736d39c22085bb1b0a,f53c43b2c822d111bca9e3ae615ceb539ff324fbf9fae9a07ded738891b01546,477fee196153c242d686d57bb9605fedb219ebdcdb8ee09b33660fc52cd8c120,c847b88986bee173f0e23c8099aa1acf25c380d96454088ae7330fe4711ac8bc,3049c664dd1b2e517d0ef8b59c0078d485f327951d4603e1bc460e11248013c2
2026-27:350,6,3.377542375177302,2026-10-10T08:25:09Z,2026-10-10T10:00:00Z,Current formula at this deadline. This file does not replace the published Gameweeks 1-5 total of 280.,ffe911b65b5019529f8a7a322ad058e013a0e6146677c35d796f075e2572f09b,8e21d4821be776332f3504f55f85b4277f326f03513b2c7501fbdedf92b8b1a2,98e5bb4281312953f19a18383d2d6691e34279618c900c736d39c22085bb1b0a,f53c43b2c822d111bca9e3ae615ceb539ff324fbf9fae9a07ded738891b01546,477fee196153c242d686d57bb9605fedb219ebdcdb8ee09b33660fc52cd8c120,c847b88986bee173f0e23c8099aa1acf25c380d96454088ae7330fe4711ac8bc,3049c664dd1b2e517d0ef8b59c0078d485f327951d4603e1bc460e11248013c2
2026-27:356,6,3.9030874860893685,2026-10-10T08:25:09Z,2026-10-10T10:00:00Z,Current formula at this deadline. This file does not replace the published Gameweeks 1-5 total of 280.,ffe911b65b5019529f8a7a322ad058e013a0e6146677c35d796f075e2572f09b,8e21d4821be776332f3504f55f85b4277f326f03513b2c7501fbdedf92b8b1a2,98e5bb4281312953f19a18383d2d6691e34279618c900c736d39c22085bb1b0a,f53c43b2c822d111bca9e3ae615ceb539ff324fbf9fae9a07ded738891b01546,477fee196153c242d686d57bb9605fedb219ebdcdb8ee09b33660fc52cd8c120,c847b88986bee173f0e23c8099aa1acf25c380d96454088ae7330fe4711ac8bc,3049c664dd1b2e517d0ef8b59c0078d485f327951d4603e1bc460e11248013c2
2026-27:358,6,2.5432242488745778,2026-10-10T08:25:09Z,2026-10-10T10:00:00Z,Current formula at this deadline. This file does not replace the published Gameweeks 1-5 total of 280.,ffe911b65b5019529f8a7a322ad058e013a0e6146677c35d796f075e2572f09b,8e21d4821be776332f3504f55f85b4277f326f03513b2c7501fbdedf92b8b1a2,98e5bb4281312953f19a18383d2d6691e34279618c900c736d39c22085bb1b0a,f53c43b2c822d111bca9e3ae615ceb539ff324fbf9fae9a07ded738891b01546,477fee196153c242d686d57bb9605fedb219ebdcdb8ee09b33660fc52cd8c120,c847b88986bee173f0e23c8099aa1acf25c380d96454088ae7330fe4711ac8bc,3049c664dd1b2e517d0ef8b59c0078d485f327951d4603e1bc460e11248013c2
2026-27:362,6,1.9886215959918208,2026-10-10T08:25:09Z,2026-10-10T10:00:00Z,Current formula at this deadline. This file does not replace the published Gameweeks 1-5 total of 280.,ffe911b65b5019529f8a7a322ad058e013a0e6146677c35d796f075e2572f09b,8e21d4821be776332f3504f55f85b4277f326f03513b2c7501fbdedf92b8b1a2,98e5bb4281312953f19a18383d2d6691e34279618c900c736d39c22085bb1b0a,f53c43b2c822d111bca9e3ae615ceb539ff324fbf9fae9a07ded738891b01546,477fee196153c242d686d57bb9605fedb219ebdcdb8ee09b33660fc52cd8c120,c847b88986bee173f0e23c8099aa1acf25c380d96454088ae7330fe4711ac8bc,3049c664dd1b2e517d0ef8b59c0078d485f327951d4603e1bc460e11248013c2
2026-27:366,6,3.2991920877692595,2026-10-10T08:25:09Z,2026-10-10T10:00:00Z,Current formula at this deadline. This file does not replace the published Gameweeks 1-5 total of 280.,ffe911b65b5019529f8a7a322ad058e013a0e6146677c35d796f075e2572f09b,8e21d4821be776332f3504f55f85b4277f326f03513b2c7501fbdedf92b8b1a2,98e5bb4281312953f19a18383d2d6691e34279618c900c736d39c22085bb1b0a,f53c43b2c822d111bca9e3ae615ceb539ff324fbf9fae9a07ded738891b01546,477fee196153c242d686d57bb9605fedb219ebdcdb8ee09b33660fc52cd8c120,c847b88986bee173f0e23c8099aa1acf25c380d96454088ae7330fe4711ac8bc,3049c664dd1b2e517d0ef8b59c0078d485f327951d4603e1bc460e11248013c2
2026-27:368,6,4.328004251052463,2026-10-10T08:25:09Z,2026-10-10T10:00:00Z,Current formula at this deadline. This file does not replace the published Gameweeks 1-5 total of 280.,ffe911b65b5019529f8a7a322ad058e013a0e6146677c35d796f075e2572f09b,8e21d4821be776332f3504f55f85b4277f326f03513b2c7501fbdedf92b8b1a2,98e5bb4281312953f19a18383d2d6691e34279618c900c736d39c22085bb1b0a,f53c43b2c822d111bca9e3ae615ceb539ff324fbf9fae9a07ded738891b01546,477fee196153c242d686d57bb9605fedb219ebdcdb8ee09b33660fc52cd8c120,c847b88986bee173f0e23c8099aa1acf25c380d96454088ae7330fe4711ac8bc,3049c664dd1b2e517d0ef8b59c0078d485f327951d4603e1bc460e11248013c2
2026-27:37,6,3.5521156116961285,2026-10-10T08:25:09Z,2026-10-10T10:00:00Z,Current formula at this deadline. This file does not replace the published Gameweeks 1-5 total of 280.,ffe911b65b5019529f8a7a322ad058e013a0e6146677c35d796f075e2572f09b,8e21d4821be776332f3504f55f85b4277f326f03513b2c7501fbdedf92b8b1a2,98e5bb4281312953f19a18383d2d6691e34279618c900c736d39c22085bb1b0a,f53c43b2c822d111bca9e3ae615ceb539ff324fbf9fae9a07ded738891b01546,477fee196153c242d686d57bb9605fedb219ebdcdb8ee09b33660fc52cd8c120,c847b88986bee173f0e23c8099aa1acf25c380d96454088ae7330fe4711ac8bc,3049c664dd1b2e517d0ef8b59c0078d485f327951d4603e1bc460e11248013c2
2026-27:370,6,1.5852061260837267,2026-10-10T08:25:09Z,2026-10-10T10:00:00Z,Current formula at this deadline. This file does not replace the published Gameweeks 1-5 total of 280.,ffe911b65b5019529f8a7a322ad058e013a0e6146677c35d796f075e2572f09b,8e21d4821be776332f3504f55f85b4277f326f03513b2c7501fbdedf92b8b1a2,98e5bb4281312953f19a18383d2d6691e34279618c900c736d39c22085bb1b0a,f53c43b2c822d111bca9e3ae615ceb539ff324fbf9fae9a07ded738891b01546,477fee196153c242d686d57bb9605fedb219ebdcdb8ee09b33660fc52cd8c120,c847b88986bee173f0e23c8099aa1acf25c380d96454088ae7330fe4711ac8bc,3049c664dd1b2e517d0ef8b59c0078d485f327951d4603e1bc460e11248013c2
2026-27:372,6,3.013949301397078,2026-10-10T08:25:09Z,2026-10-10T10:00:00Z,Current formula at this deadline. This file does not replace the published Gameweeks 1-5 total of 280.,ffe911b65b5019529f8a7a322ad058e013a0e6146677c35d796f075e2572f09b,8e21d4821be776332f3504f55f85b4277f326f03513b2c7501fbdedf92b8b1a2,98e5bb4281312953f19a18383d2d6691e34279618c900c736d39c22085bb1b0a,f53c43b2c822d111bca9e3ae615ceb539ff324fbf9fae9a07ded738891b01546,477fee196153c242d686d57bb9605fedb219ebdcdb8ee09b33660fc52cd8c120,c847b88986bee173f0e23c8099aa1acf25c380d96454088ae7330fe4711ac8bc,3049c664dd1b2e517d0ef8b59c0078d485f327951d4603e1bc460e11248013c2
2026-27:377,6,2.3037365243058576,2026-10-10T08:25:09Z,2026-10-10T10:00:00Z,Current formula at this deadline. This file does not replace the published Gameweeks 1-5 total of 280.,ffe911b65b5019529f8a7a322ad058e013a0e6146677c35d796f075e2572f09b,8e21d4821be776332f3504f55f85b4277f326f03513b2c7501fbdedf92b8b1a2,98e5bb4281312953f19a18383d2d6691e34279618c900c736d39c22085bb1b0a,f53c43b2c822d111bca9e3ae615ceb539ff324fbf9fae9a07ded738891b01546,477fee196153c242d686d57bb9605fedb219ebdcdb8ee09b33660fc52cd8c120,c847b88986bee173f0e23c8099aa1acf25c380d96454088ae7330fe4711ac8bc,3049c664dd1b2e517d0ef8b59c0078d485f327951d4603e1bc460e11248013c2
2026-27:384,6,3.4802057534872177,2026-10-10T08:25:09Z,2026-10-10T10:00:00Z,Current formula at this deadline. This file does not replace the published Gameweeks 1-5 total of 280.,ffe911b65b5019529f8a7a322ad058e013a0e6146677c35d796f075e2572f09b,8e21d4821be776332f3504f55f85b4277f326f03513b2c7501fbdedf92b8b1a2,98e5bb4281312953f19a18383d2d6691e34279618c900c736d39c22085bb1b0a,f53c43b2c822d111bca9e3ae615ceb539ff324fbf9fae9a07ded738891b01546,477fee196153c242d686d57bb9605fedb219ebdcdb8ee09b33660fc52cd8c120,c847b88986bee173f0e23c8099aa1acf25c380d96454088ae7330fe4711ac8bc,3049c664dd1b2e517d0ef8b59c0078d485f327951d4603e1bc460e11248013c2
2026-27:385,6,3.1449080548064736,2026-10-10T08:25:09Z,2026-10-10T10:00:00Z,Current formula at this deadline. This file does not replace the published Gameweeks 1-5 total of 280.,ffe911b65b5019529f8a7a322ad058e013a0e6146677c35d796f075e2572f09b,8e21d4821be776332f3504f55f85b4277f326f03513b2c7501fbdedf92b8b1a2,98e5bb4281312953f19a18383d2d6691e34279618c900c736d39c22085bb1b0a,f53c43b2c822d111bca9e3ae615ceb539ff324fbf9fae9a07ded738891b01546,477fee196153c242d686d57bb9605fedb219ebdcdb8ee09b33660fc52cd8c120,c847b88986bee173f0e23c8099aa1acf25c380d96454088ae7330fe4711ac8bc,3049c664dd1b2e517d0ef8b59c0078d485f327951d4603e1bc460e11248013c2
2026-27:388,6,3.7888129006050177,2026-10-10T08:25:09Z,2026-10-10T10:00:00Z,Current formula at this deadline. This file does not replace the published Gameweeks 1-5 total of 280.,ffe911b65b5019529f8a7a322ad058e013a0e6146677c35d796f075e2572f09b,8e21d4821be776332f3504f55f85b4277f326f03513b2c7501fbdedf92b8b1a2,98e5bb4281312953f19a18383d2d6691e34279618c900c736d39c22085bb1b0a,f53c43b2c822d111bca9e3ae615ceb539ff324fbf9fae9a07ded738891b01546,477fee196153c242d686d57bb9605fedb219ebdcdb8ee09b33660fc52cd8c120,c847b88986bee173f0e23c8099aa1acf25c380d96454088ae7330fe4711ac8bc,3049c664dd1b2e517d0ef8b59c0078d485f327951d4603e1bc460e11248013c2
2026-27:389,6,3.14642912896718,2026-10-10T08:25:09Z,2026-10-10T10:00:00Z,Current formula at this deadline. This file does not replace the published Gameweeks 1-5 total of 280.,ffe911b65b5019529f8a7a322ad058e013a0e6146677c35d796f075e2572f09b,8e21d4821be776332f3504f55f85b4277f326f03513b2c7501fbdedf92b8b1a2,98e5bb4281312953f19a18383d2d6691e34279618c900c736d39c22085bb1b0a,f53c43b2c822d111bca9e3ae615ceb539ff324fbf9fae9a07ded738891b01546,477fee196153c242d686d57bb9605fedb219ebdcdb8ee09b33660fc52cd8c120,c847b88986bee173f0e23c8099aa1acf25c380d96454088ae7330fe4711ac8bc,3049c664dd1b2e517d0ef8b59c0078d485f327951d4603e1bc460e11248013c2
2026-27:390,6,3.2868920921654,2026-10-10T08:25:09Z,2026-10-10T10:00:00Z,Current formula at this deadline. This file does not replace the published Gameweeks 1-5 total of 280.,ffe911b65b5019529f8a7a322ad058e013a0e6146677c35d796f075e2572f09b,8e21d4821be776332f3504f55f85b4277f326f03513b2c7501fbdedf92b8b1a2,98e5bb4281312953f19a18383d2d6691e34279618c900c736d39c22085bb1b0a,f53c43b2c822d111bca9e3ae615ceb539ff324fbf9fae9a07ded738891b01546,477fee196153c242d686d57bb9605fedb219ebdcdb8ee09b33660fc52cd8c120,c847b88986bee173f0e23c8099aa1acf25c380d96454088ae7330fe4711ac8bc,3049c664dd1b2e517d0ef8b59c0078d485f327951d4603e1bc460e11248013c2
2026-27:391,6,3.2171887065937446,2026-10-10T08:25:09Z,2026-10-10T10:00:00Z,Current formula at this deadline. This file does not replace the published Gameweeks 1-5 total of 280.,ffe911b65b5019529f8a7a322ad058e013a0e6146677c35d796f075e2572f09b,8e21d4821be776332f3504f55f85b4277f326f03513b2c7501fbdedf92b8b1a2,98e5bb4281312953f19a18383d2d6691e34279618c900c736d39c22085bb1b0a,f53c43b2c822d111bca9e3ae615ceb539ff324fbf9fae9a07ded738891b01546,477fee196153c242d686d57bb9605fedb219ebdcdb8ee09b33660fc52cd8c120,c847b88986bee173f0e23c8099aa1acf25c380d96454088ae7330fe4711ac8bc,3049c664dd1b2e517d0ef8b59c0078d485f327951d4603e1bc460e11248013c2
2026-27:397,6,2.391936266040973,2026-10-10T08:25:09Z,2026-10-10T10:00:00Z,Current formula at this deadline. This file does not replace the published Gameweeks 1-5 total of 280.,ffe911b65b5019529f8a7a322ad058e013a0e6146677c35d796f075e2572f09b,8e21d4821be776332f3504f55f85b4277f326f03513b2c7501fbdedf92b8b1a2,98e5bb4281312953f19a18383d2d6691e34279618c900c736d39c22085bb1b0a,f53c43b2c822d111bca9e3ae615ceb539ff324fbf9fae9a07ded738891b01546,477fee196153c242d686d57bb9605fedb219ebdcdb8ee09b33660fc52cd8c120,c847b88986bee173f0e23c8099aa1acf25c380d96454088ae7330fe4711ac8bc,3049c664dd1b2e517d0ef8b59c0078d485f327951d4603e1bc460e11248013c2
2026-27:399,6,3.5298246521008494,2026-10-10T08:25:09Z,2026-10-10T10:00:00Z,Current formula at this deadline. This file does not replace the published Gameweeks 1-5 total of 280.,ffe911b65b5019529f8a7a322ad058e013a0e6146677c35d796f075e2572f09b,8e21d4821be776332f3504f55f85b4277f326f03513b2c7501fbdedf92b8b1a2,98e5bb4281312953f19a18383d2d6691e34279618c900c736d39c22085bb1b0a,f53c43b2c822d111bca9e3ae615ceb539ff324fbf9fae9a07ded738891b01546,477fee196153c242d686d57bb9605fedb219ebdcdb8ee09b33660fc52cd8c120,c847b88986bee173f0e23c8099aa1acf25c380d96454088ae7330fe4711ac8bc,3049c664dd1b2e517d0ef8b59c0078d485f327951d4603e1bc460e11248013c2
2026-27:4,6,4.469185679001,2026-10-10T08:25:09Z,2026-10-10T10:00:00Z,Current formula at this deadline. This file does not replace the published Gameweeks 1-5 total of 280.,ffe911b65b5019529f8a7a322ad058e013a0e6146677c35d796f075e2572f09b,8e21d4821be776332f3504f55f85b4277f326f03513b2c7501fbdedf92b8b1a2,98e5bb4281312953f19a18383d2d6691e34279618c900c736d39c22085bb1b0a,f53c43b2c822d111bca9e3ae615ceb539ff324fbf9fae9a07ded738891b01546,477fee196153c242d686d57bb9605fedb219ebdcdb8ee09b33660fc52cd8c120,c847b88986bee173f0e23c8099aa1acf25c380d96454088ae7330fe4711ac8bc,3049c664dd1b2e517d0ef8b59c0078d485f327951d4603e1bc460e11248013c2
2026-27:40,6,5.930332292859592,2026-10-10T08:25:09Z,2026-10-10T10:00:00Z,Current formula at this deadline. This file does not replace the published Gameweeks 1-5 total of 280.,ffe911b65b5019529f8a7a322ad058e013a0e6146677c35d796f075e2572f09b,8e21d4821be776332f3504f55f85b4277f326f03513b2c7501fbdedf92b8b1a2,98e5bb4281312953f19a18383d2d6691e34279618c900c736d39c22085bb1b0a,f53c43b2c822d111bca9e3ae615ceb539ff324fbf9fae9a07ded738891b01546,477fee196153c242d686d57bb9605fedb219ebdcdb8ee09b33660fc52cd8c120,c847b88986bee173f0e23c8099aa1acf25c380d96454088ae7330fe4711ac8bc,3049c664dd1b2e517d0ef8b59c0078d485f327951d4603e1bc460e11248013c2
2026-27:401,6,2.258220834543549,2026-10-10T08:25:09Z,2026-10-10T10:00:00Z,Current formula at this deadline. This file does not replace the published Gameweeks 1-5 total of 280.,ffe911b65b5019529f8a7a322ad058e013a0e6146677c35d796f075e2572f09b,8e21d4821be776332f3504f55f85b4277f326f03513b2c7501fbdedf92b8b1a2,98e5bb4281312953f19a18383d2d6691e34279618c900c736d39c22085bb1b0a,f53c43b2c822d111bca9e3ae615ceb539ff324fbf9fae9a07ded738891b01546,477fee196153c242d686d57bb9605fedb219ebdcdb8ee09b33660fc52cd8c120,c847b88986bee173f0e23c8099aa1acf25c380d96454088ae7330fe4711ac8bc,3049c664dd1b2e517d0ef8b59c0078d485f327951d4603e1bc460e11248013c2
2026-27:403,6,2.926244720621818,2026-10-10T08:25:09Z,2026-10-10T10:00:00Z,Current formula at this deadline. This file does not replace the published Gameweeks 1-5 total of 280.,ffe911b65b5019529f8a7a322ad058e013a0e6146677c35d796f075e2572f09b,8e21d4821be776332f3504f55f85b4277f326f03513b2c7501fbdedf92b8b1a2,98e5bb4281312953f19a18383d2d6691e34279618c900c736d39c22085bb1b0a,f53c43b2c822d111bca9e3ae615ceb539ff324fbf9fae9a07ded738891b01546,477fee196153c242d686d57bb9605fedb219ebdcdb8ee09b33660fc52cd8c120,c847b88986bee173f0e23c8099aa1acf25c380d96454088ae7330fe4711ac8bc,3049c664dd1b2e517d0ef8b59c0078d485f327951d4603e1bc460e11248013c2
2026-27:41,6,4.382024652937537,2026-10-10T08:25:09Z,2026-10-10T10:00:00Z,Current formula at this deadline. This file does not replace the published Gameweeks 1-5 total of 280.,ffe911b65b5019529f8a7a322ad058e013a0e6146677c35d796f075e2572f09b,8e21d4821be776332f3504f55f85b4277f326f03513b2c7501fbdedf92b8b1a2,98e5bb4281312953f19a18383d2d6691e34279618c900c736d39c22085bb1b0a,f53c43b2c822d111bca9e3ae615ceb539ff324fbf9fae9a07ded738891b01546,477fee196153c242d686d57bb9605fedb219ebdcdb8ee09b33660fc52cd8c120,c847b88986bee173f0e23c8099aa1acf25c380d96454088ae7330fe4711ac8bc,3049c664dd1b2e517d0ef8b59c0078d485f327951d4603e1bc460e11248013c2
2026-27:411,6,4.594322745554686,2026-10-10T08:25:09Z,2026-10-10T10:00:00Z,Current formula at this deadline. This file does not replace the published Gameweeks 1-5 total of 280.,ffe911b65b5019529f8a7a322ad058e013a0e6146677c35d796f075e2572f09b,8e21d4821be776332f3504f55f85b4277f326f03513b2c7501fbdedf92b8b1a2,98e5bb4281312953f19a18383d2d6691e34279618c900c736d39c22085bb1b0a,f53c43b2c822d111bca9e3ae615ceb539ff324fbf9fae9a07ded738891b01546,477fee196153c242d686d57bb9605fedb219ebdcdb8ee09b33660fc52cd8c120,c847b88986bee173f0e23c8099aa1acf25c380d96454088ae7330fe4711ac8bc,3049c664dd1b2e517d0ef8b59c0078d485f327951d4603e1bc460e11248013c2
2026-27:412,6,3.5999750197452167,2026-10-10T08:25:09Z,2026-10-10T10:00:00Z,Current formula at this deadline. This file does not replace the published Gameweeks 1-5 total of 280.,ffe911b65b5019529f8a7a322ad058e013a0e6146677c35d796f075e2572f09b,8e21d4821be776332f3504f55f85b4277f326f03513b2c7501fbdedf92b8b1a2,98e5bb4281312953f19a18383d2d6691e34279618c900c736d39c22085bb1b0a,f53c43b2c822d111bca9e3ae615ceb539ff324fbf9fae9a07ded738891b01546,477fee196153c242d686d57bb9605fedb219ebdcdb8ee09b33660fc52cd8c120,c847b88986bee173f0e23c8099aa1acf25c380d96454088ae7330fe4711ac8bc,3049c664dd1b2e517d0ef8b59c0078d485f327951d4603e1bc460e11248013c2
2026-27:417,6,3.490082140312116,2026-10-10T08:25:09Z,2026-10-10T10:00:00Z,Current formula at this deadline. This file does not replace the published Gameweeks 1-5 total of 280.,ffe911b65b5019529f8a7a322ad058e013a0e6146677c35d796f075e2572f09b,8e21d4821be776332f3504f55f85b4277f326f03513b2c7501fbdedf92b8b1a2,98e5bb4281312953f19a18383d2d6691e34279618c900c736d39c22085bb1b0a,f53c43b2c822d111bca9e3ae615ceb539ff324fbf9fae9a07ded738891b01546,477fee196153c242d686d57bb9605fedb219ebdcdb8ee09b33660fc52cd8c120,c847b88986bee173f0e23c8099aa1acf25c380d96454088ae7330fe4711ac8bc,3049c664dd1b2e517d0ef8b59c0078d485f327951d4603e1bc460e11248013c2
2026-27:418,6,4.005910304867694,2026-10-10T08:25:09Z,2026-10-10T10:00:00Z,Current formula at this deadline. This file does not replace the published Gameweeks 1-5 total of 280.,ffe911b65b5019529f8a7a322ad058e013a0e6146677c35d796f075e2572f09b,8e21d4821be776332f3504f55f85b4277f326f03513b2c7501fbdedf92b8b1a2,98e5bb4281312953f19a18383d2d6691e34279618c900c736d39c22085bb1b0a,f53c43b2c822d111bca9e3ae615ceb539ff324fbf9fae9a07ded738891b01546,477fee196153c242d686d57bb9605fedb219ebdcdb8ee09b33660fc52cd8c120,c847b88986bee173f0e23c8099aa1acf25c380d96454088ae7330fe4711ac8bc,3049c664dd1b2e517d0ef8b59c0078d485f327951d4603e1bc460e11248013c2
2026-27:419,6,3.795362414169751,2026-10-10T08:25:09Z,2026-10-10T10:00:00Z,Current formula at this deadline. This file does not replace the published Gameweeks 1-5 total of 280.,ffe911b65b5019529f8a7a322ad058e013a0e6146677c35d796f075e2572f09b,8e21d4821be776332f3504f55f85b4277f326f03513b2c7501fbdedf92b8b1a2,98e5bb4281312953f19a18383d2d6691e34279618c900c736d39c22085bb1b0a,f53c43b2c822d111bca9e3ae615ceb539ff324fbf9fae9a07ded738891b01546,477fee196153c242d686d57bb9605fedb219ebdcdb8ee09b33660fc52cd8c120,c847b88986bee173f0e23c8099aa1acf25c380d96454088ae7330fe4711ac8bc,3049c664dd1b2e517d0ef8b59c0078d485f327951d4603e1bc460e11248013c2
2026-27:423,6,3.3622769976650346,2026-10-10T08:25:09Z,2026-10-10T10:00:00Z,Current formula at this deadline. This file does not replace the published Gameweeks 1-5 total of 280.,ffe911b65b5019529f8a7a322ad058e013a0e6146677c35d796f075e2572f09b,8e21d4821be776332f3504f55f85b4277f326f03513b2c7501fbdedf92b8b1a2,98e5bb4281312953f19a18383d2d6691e34279618c900c736d39c22085bb1b0a,f53c43b2c822d111bca9e3ae615ceb539ff324fbf9fae9a07ded738891b01546,477fee196153c242d686d57bb9605fedb219ebdcdb8ee09b33660fc52cd8c120,c847b88986bee173f0e23c8099aa1acf25c380d96454088ae7330fe4711ac8bc,3049c664dd1b2e517d0ef8b59c0078d485f327951d4603e1bc460e11248013c2
2026-27:426,6,5.985027943720986,2026-10-10T08:25:09Z,2026-10-10T10:00:00Z,Current formula at this deadline. This file does not replace the published Gameweeks 1-5 total of 280.,ffe911b65b5019529f8a7a322ad058e013a0e6146677c35d796f075e2572f09b,8e21d4821be776332f3504f55f85b4277f326f03513b2c7501fbdedf92b8b1a2,98e5bb4281312953f19a18383d2d6691e34279618c900c736d39c22085bb1b0a,f53c43b2c822d111bca9e3ae615ceb539ff324fbf9fae9a07ded738891b01546,477fee196153c242d686d57bb9605fedb219ebdcdb8ee09b33660fc52cd8c120,c847b88986bee173f0e23c8099aa1acf25c380d96454088ae7330fe4711ac8bc,3049c664dd1b2e517d0ef8b59c0078d485f327951d4603e1bc460e11248013c2
2026-27:427,6,6.145879959488864,2026-10-10T08:25:09Z,2026-10-10T10:00:00Z,Current formula at this deadline. This file does not replace the published Gameweeks 1-5 total of 280.,ffe911b65b5019529f8a7a322ad058e013a0e6146677c35d796f075e2572f09b,8e21d4821be776332f3504f55f85b4277f326f03513b2c7501fbdedf92b8b1a2,98e5bb4281312953f19a18383d2d6691e34279618c900c736d39c22085bb1b0a,f53c43b2c822d111bca9e3ae615ceb539ff324fbf9fae9a07ded738891b01546,477fee196153c242d686d57bb9605fedb219ebdcdb8ee09b33660fc52cd8c120,c847b88986bee173f0e23c8099aa1acf25c380d96454088ae7330fe4711ac8bc,3049c664dd1b2e517d0ef8b59c0078d485f327951d4603e1bc460e11248013c2
2026-27:428,6,3.557331650642566,2026-10-10T08:25:09Z,2026-10-10T10:00:00Z,Current formula at this deadline. This file does not replace the published Gameweeks 1-5 total of 280.,ffe911b65b5019529f8a7a322ad058e013a0e6146677c35d796f075e2572f09b,8e21d4821be776332f3504f55f85b4277f326f03513b2c7501fbdedf92b8b1a2,98e5bb4281312953f19a18383d2d6691e34279618c900c736d39c22085bb1b0a,f53c43b2c822d111bca9e3ae615ceb539ff324fbf9fae9a07ded738891b01546,477fee196153c242d686d57bb9605fedb219ebdcdb8ee09b33660fc52cd8c120,c847b88986bee173f0e23c8099aa1acf25c380d96454088ae7330fe4711ac8bc,3049c664dd1b2e517d0ef8b59c0078d485f327951d4603e1bc460e11248013c2
2026-27:43,6,4.14960079168825,2026-10-10T08:25:09Z,2026-10-10T10:00:00Z,Current formula at this deadline. This file does not replace the published Gameweeks 1-5 total of 280.,ffe911b65b5019529f8a7a322ad058e013a0e6146677c35d796f075e2572f09b,8e21d4821be776332f3504f55f85b4277f326f03513b2c7501fbdedf92b8b1a2,98e5bb4281312953f19a18383d2d6691e34279618c900c736d39c22085bb1b0a,f53c43b2c822d111bca9e3ae615ceb539ff324fbf9fae9a07ded738891b01546,477fee196153c242d686d57bb9605fedb219ebdcdb8ee09b33660fc52cd8c120,c847b88986bee173f0e23c8099aa1acf25c380d96454088ae7330fe4711ac8bc,3049c664dd1b2e517d0ef8b59c0078d485f327951d4603e1bc460e11248013c2
2026-27:445,6,3.9384865182293196,2026-10-10T08:25:09Z,2026-10-10T10:00:00Z,Current formula at this deadline. This file does not replace the published Gameweeks 1-5 total of 280.,ffe911b65b5019529f8a7a322ad058e013a0e6146677c35d796f075e2572f09b,8e21d4821be776332f3504f55f85b4277f326f03513b2c7501fbdedf92b8b1a2,98e5bb4281312953f19a18383d2d6691e34279618c900c736d39c22085bb1b0a,f53c43b2c822d111bca9e3ae615ceb539ff324fbf9fae9a07ded738891b01546,477fee196153c242d686d57bb9605fedb219ebdcdb8ee09b33660fc52cd8c120,c847b88986bee173f0e23c8099aa1acf25c380d96454088ae7330fe4711ac8bc,3049c664dd1b2e517d0ef8b59c0078d485f327951d4603e1bc460e11248013c2
2026-27:447,6,4.138741338742109,2026-10-10T08:25:09Z,2026-10-10T10:00:00Z,Current formula at this deadline. This file does not replace the published Gameweeks 1-5 total of 280.,ffe911b65b5019529f8a7a322ad058e013a0e6146677c35d796f075e2572f09b,8e21d4821be776332f3504f55f85b4277f326f03513b2c7501fbdedf92b8b1a2,98e5bb4281312953f19a18383d2d6691e34279618c900c736d39c22085bb1b0a,f53c43b2c822d111bca9e3ae615ceb539ff324fbf9fae9a07ded738891b01546,477fee196153c242d686d57bb9605fedb219ebdcdb8ee09b33660fc52cd8c120,c847b88986bee173f0e23c8099aa1acf25c380d96454088ae7330fe4711ac8bc,3049c664dd1b2e517d0ef8b59c0078d485f327951d4603e1bc460e11248013c2
2026-27:449,6,5.10859798296002,2026-10-10T08:25:09Z,2026-10-10T10:00:00Z,Current formula at this deadline. This file does not replace the published Gameweeks 1-5 total of 280.,ffe911b65b5019529f8a7a322ad058e013a0e6146677c35d796f075e2572f09b,8e21d4821be776332f3504f55f85b4277f326f03513b2c7501fbdedf92b8b1a2,98e5bb4281312953f19a18383d2d6691e34279618c900c736d39c22085bb1b0a,f53c43b2c822d111bca9e3ae615ceb539ff324fbf9fae9a07ded738891b01546,477fee196153c242d686d57bb9605fedb219ebdcdb8ee09b33660fc52cd8c120,c847b88986bee173f0e23c8099aa1acf25c380d96454088ae7330fe4711ac8bc,3049c664dd1b2e517d0ef8b59c0078d485f327951d4603e1bc460e11248013c2
2026-27:45,6,3.7176753096099664,2026-10-10T08:25:09Z,2026-10-10T10:00:00Z,Current formula at this deadline. This file does not replace the published Gameweeks 1-5 total of 280.,ffe911b65b5019529f8a7a322ad058e013a0e6146677c35d796f075e2572f09b,8e21d4821be776332f3504f55f85b4277f326f03513b2c7501fbdedf92b8b1a2,98e5bb4281312953f19a18383d2d6691e34279618c900c736d39c22085bb1b0a,f53c43b2c822d111bca9e3ae615ceb539ff324fbf9fae9a07ded738891b01546,477fee196153c242d686d57bb9605fedb219ebdcdb8ee09b33660fc52cd8c120,c847b88986bee173f0e23c8099aa1acf25c380d96454088ae7330fe4711ac8bc,3049c664dd1b2e517d0ef8b59c0078d485f327951d4603e1bc460e11248013c2
2026-27:453,6,3.634969237070285,2026-10-10T08:25:09Z,2026-10-10T10:00:00Z,Current formula at this deadline. This file does not replace the published Gameweeks 1-5 total of 280.,ffe911b65b5019529f8a7a322ad058e013a0e6146677c35d796f075e2572f09b,8e21d4821be776332f3504f55f85b4277f326f03513b2c7501fbdedf92b8b1a2,98e5bb4281312953f19a18383d2d6691e34279618c900c736d39c22085bb1b0a,f53c43b2c822d111bca9e3ae615ceb539ff324fbf9fae9a07ded738891b01546,477fee196153c242d686d57bb9605fedb219ebdcdb8ee09b33660fc52cd8c120,c847b88986bee173f0e23c8099aa1acf25c380d96454088ae7330fe4711ac8bc,3049c664dd1b2e517d0ef8b59c0078d485f327951d4603e1bc460e11248013c2
2026-27:455,6,3.0885335641707106,2026-10-10T08:25:09Z,2026-10-10T10:00:00Z,Current formula at this deadline. This file does not replace the published Gameweeks 1-5 total of 280.,ffe911b65b5019529f8a7a322ad058e013a0e6146677c35d796f075e2572f09b,8e21d4821be776332f3504f55f85b4277f326f03513b2c7501fbdedf92b8b1a2,98e5bb4281312953f19a18383d2d6691e34279618c900c736d39c22085bb1b0a,f53c43b2c822d111bca9e3ae615ceb539ff324fbf9fae9a07ded738891b01546,477fee196153c242d686d57bb9605fedb219ebdcdb8ee09b33660fc52cd8c120,c847b88986bee173f0e23c8099aa1acf25c380d96454088ae7330fe4711ac8bc,3049c664dd1b2e517d0ef8b59c0078d485f327951d4603e1bc460e11248013c2
2026-27:457,6,2.407150668352299,2026-10-10T08:25:09Z,2026-10-10T10:00:00Z,Current formula at this deadline. This file does not replace the published Gameweeks 1-5 total of 280.,ffe911b65b5019529f8a7a322ad058e013a0e6146677c35d796f075e2572f09b,8e21d4821be776332f3504f55f85b4277f326f03513b2c7501fbdedf92b8b1a2,98e5bb4281312953f19a18383d2d6691e34279618c900c736d39c22085bb1b0a,f53c43b2c822d111bca9e3ae615ceb539ff324fbf9fae9a07ded738891b01546,477fee196153c242d686d57bb9605fedb219ebdcdb8ee09b33660fc52cd8c120,c847b88986bee173f0e23c8099aa1acf25c380d96454088ae7330fe4711ac8bc,3049c664dd1b2e517d0ef8b59c0078d485f327951d4603e1bc460e11248013c2
2026-27:458,6,1.6028471739868801,2026-10-10T08:25:09Z,2026-10-10T10:00:00Z,Current formula at this deadline. This file does not replace the published Gameweeks 1-5 total of 280.,ffe911b65b5019529f8a7a322ad058e013a0e6146677c35d796f075e2572f09b,8e21d4821be776332f3504f55f85b4277f326f03513b2c7501fbdedf92b8b1a2,98e5bb4281312953f19a18383d2d6691e34279618c900c736d39c22085bb1b0a,f53c43b2c822d111bca9e3ae615ceb539ff324fbf9fae9a07ded738891b01546,477fee196153c242d686d57bb9605fedb219ebdcdb8ee09b33660fc52cd8c120,c847b88986bee173f0e23c8099aa1acf25c380d96454088ae7330fe4711ac8bc,3049c664dd1b2e517d0ef8b59c0078d485f327951d4603e1bc460e11248013c2
2026-27:46,6,2.700096918495856,2026-10-10T08:25:09Z,2026-10-10T10:00:00Z,Current formula at this deadline. This file does not replace the published Gameweeks 1-5 total of 280.,ffe911b65b5019529f8a7a322ad058e013a0e6146677c35d796f075e2572f09b,8e21d4821be776332f3504f55f85b4277f326f03513b2c7501fbdedf92b8b1a2,98e5bb4281312953f19a18383d2d6691e34279618c900c736d39c22085bb1b0a,f53c43b2c822d111bca9e3ae615ceb539ff324fbf9fae9a07ded738891b01546,477fee196153c242d686d57bb9605fedb219ebdcdb8ee09b33660fc52cd8c120,c847b88986bee173f0e23c8099aa1acf25c380d96454088ae7330fe4711ac8bc,3049c664dd1b2e517d0ef8b59c0078d485f327951d4603e1bc460e11248013c2
2026-27:460,6,3.7957190283248905,2026-10-10T08:25:09Z,2026-10-10T10:00:00Z,Current formula at this deadline. This file does not replace the published Gameweeks 1-5 total of 280.,ffe911b65b5019529f8a7a322ad058e013a0e6146677c35d796f075e2572f09b,8e21d4821be776332f3504f55f85b4277f326f03513b2c7501fbdedf92b8b1a2,98e5bb4281312953f19a18383d2d6691e34279618c900c736d39c22085bb1b0a,f53c43b2c822d111bca9e3ae615ceb539ff324fbf9fae9a07ded738891b01546,477fee196153c242d686d57bb9605fedb219ebdcdb8ee09b33660fc52cd8c120,c847b88986bee173f0e23c8099aa1acf25c380d96454088ae7330fe4711ac8bc,3049c664dd1b2e517d0ef8b59c0078d485f327951d4603e1bc460e11248013c2
2026-27:464,6,4.787776506900638,2026-10-10T08:25:09Z,2026-10-10T10:00:00Z,Current formula at this deadline. This file does not replace the published Gameweeks 1-5 total of 280.,ffe911b65b5019529f8a7a322ad058e013a0e6146677c35d796f075e2572f09b,8e21d4821be776332f3504f55f85b4277f326f03513b2c7501fbdedf92b8b1a2,98e5bb4281312953f19a18383d2d6691e34279618c900c736d39c22085bb1b0a,f53c43b2c822d111bca9e3ae615ceb539ff324fbf9fae9a07ded738891b01546,477fee196153c242d686d57bb9605fedb219ebdcdb8ee09b33660fc52cd8c120,c847b88986bee173f0e23c8099aa1acf25c380d96454088ae7330fe4711ac8bc,3049c664dd1b2e517d0ef8b59c0078d485f327951d4603e1bc460e11248013c2
2026-27:467,6,3.4751128016907153,2026-10-10T08:25:09Z,2026-10-10T10:00:00Z,Current formula at this deadline. This file does not replace the published Gameweeks 1-5 total of 280.,ffe911b65b5019529f8a7a322ad058e013a0e6146677c35d796f075e2572f09b,8e21d4821be776332f3504f55f85b4277f326f03513b2c7501fbdedf92b8b1a2,98e5bb4281312953f19a18383d2d6691e34279618c900c736d39c22085bb1b0a,f53c43b2c822d111bca9e3ae615ceb539ff324fbf9fae9a07ded738891b01546,477fee196153c242d686d57bb9605fedb219ebdcdb8ee09b33660fc52cd8c120,c847b88986bee173f0e23c8099aa1acf25c380d96454088ae7330fe4711ac8bc,3049c664dd1b2e517d0ef8b59c0078d485f327951d4603e1bc460e11248013c2
2026-27:469,6,3.846266171397676,2026-10-10T08:25:09Z,2026-10-10T10:00:00Z,Current formula at this deadline. This file does not replace the published Gameweeks 1-5 total of 280.,ffe911b65b5019529f8a7a322ad058e013a0e6146677c35d796f075e2572f09b,8e21d4821be776332f3504f55f85b4277f326f03513b2c7501fbdedf92b8b1a2,98e5bb4281312953f19a18383d2d6691e34279618c900c736d39c22085bb1b0a,f53c43b2c822d111bca9e3ae615ceb539ff324fbf9fae9a07ded738891b01546,477fee196153c242d686d57bb9605fedb219ebdcdb8ee09b33660fc52cd8c120,c847b88986bee173f0e23c8099aa1acf25c380d96454088ae7330fe4711ac8bc,3049c664dd1b2e517d0ef8b59c0078d485f327951d4603e1bc460e11248013c2
2026-27:47,6,2.568473138838598,2026-10-10T08:25:09Z,2026-10-10T10:00:00Z,Current formula at this deadline. This file does not replace the published Gameweeks 1-5 total of 280.,ffe911b65b5019529f8a7a322ad058e013a0e6146677c35d796f075e2572f09b,8e21d4821be776332f3504f55f85b4277f326f03513b2c7501fbdedf92b8b1a2,98e5bb4281312953f19a18383d2d6691e34279618c900c736d39c22085bb1b0a,f53c43b2c822d111bca9e3ae615ceb539ff324fbf9fae9a07ded738891b01546,477fee196153c242d686d57bb9605fedb219ebdcdb8ee09b33660fc52cd8c120,c847b88986bee173f0e23c8099aa1acf25c380d96454088ae7330fe4711ac8bc,3049c664dd1b2e517d0ef8b59c0078d485f327951d4603e1bc460e11248013c2
2026-27:472,6,4.930997298921462,2026-10-10T08:25:09Z,2026-10-10T10:00:00Z,Current formula at this deadline. This file does not replace the published Gameweeks 1-5 total of 280.,ffe911b65b5019529f8a7a322ad058e013a0e6146677c35d796f075e2572f09b,8e21d4821be776332f3504f55f85b4277f326f03513b2c7501fbdedf92b8b1a2,98e5bb4281312953f19a18383d2d6691e34279618c900c736d39c22085bb1b0a,f53c43b2c822d111bca9e3ae615ceb539ff324fbf9fae9a07ded738891b01546,477fee196153c242d686d57bb9605fedb219ebdcdb8ee09b33660fc52cd8c120,c847b88986bee173f0e23c8099aa1acf25c380d96454088ae7330fe4711ac8bc,3049c664dd1b2e517d0ef8b59c0078d485f327951d4603e1bc460e11248013c2
2026-27:473,6,2.399131684854964,2026-10-10T08:25:09Z,2026-10-10T10:00:00Z,Current formula at this deadline. This file does not replace the published Gameweeks 1-5 total of 280.,ffe911b65b5019529f8a7a322ad058e013a0e6146677c35d796f075e2572f09b,8e21d4821be776332f3504f55f85b4277f326f03513b2c7501fbdedf92b8b1a2,98e5bb4281312953f19a18383d2d6691e34279618c900c736d39c22085bb1b0a,f53c43b2c822d111bca9e3ae615ceb539ff324fbf9fae9a07ded738891b01546,477fee196153c242d686d57bb9605fedb219ebdcdb8ee09b33660fc52cd8c120,c847b88986bee173f0e23c8099aa1acf25c380d96454088ae7330fe4711ac8bc,3049c664dd1b2e517d0ef8b59c0078d485f327951d4603e1bc460e11248013c2
2026-27:474,6,3.1577115688323203,2026-10-10T08:25:09Z,2026-10-10T10:00:00Z,Current formula at this deadline. This file does not replace the published Gameweeks 1-5 total of 280.,ffe911b65b5019529f8a7a322ad058e013a0e6146677c35d796f075e2572f09b,8e21d4821be776332f3504f55f85b4277f326f03513b2c7501fbdedf92b8b1a2,98e5bb4281312953f19a18383d2d6691e34279618c900c736d39c22085bb1b0a,f53c43b2c822d111bca9e3ae615ceb539ff324fbf9fae9a07ded738891b01546,477fee196153c242d686d57bb9605fedb219ebdcdb8ee09b33660fc52cd8c120,c847b88986bee173f0e23c8099aa1acf25c380d96454088ae7330fe4711ac8bc,3049c664dd1b2e517d0ef8b59c0078d485f327951d4603e1bc460e11248013c2
2026-27:480,6,4.4921170934739685,2026-10-10T08:25:09Z,2026-10-10T10:00:00Z,Current formula at this deadline. This file does not replace the published Gameweeks 1-5 total of 280.,ffe911b65b5019529f8a7a322ad058e013a0e6146677c35d796f075e2572f09b,8e21d4821be776332f3504f55f85b4277f326f03513b2c7501fbdedf92b8b1a2,98e5bb4281312953f19a18383d2d6691e34279618c900c736d39c22085bb1b0a,f53c43b2c822d111bca9e3ae615ceb539ff324fbf9fae9a07ded738891b01546,477fee196153c242d686d57bb9605fedb219ebdcdb8ee09b33660fc52cd8c120,c847b88986bee173f0e23c8099aa1acf25c380d96454088ae7330fe4711ac8bc,3049c664dd1b2e517d0ef8b59c0078d485f327951d4603e1bc460e11248013c2
2026-27:481,6,3.395435051202607,2026-10-10T08:25:09Z,2026-10-10T10:00:00Z,Current formula at this deadline. This file does not replace the published Gameweeks 1-5 total of 280.,ffe911b65b5019529f8a7a322ad058e013a0e6146677c35d796f075e2572f09b,8e21d4821be776332f3504f55f85b4277f326f03513b2c7501fbdedf92b8b1a2,98e5bb4281312953f19a18383d2d6691e34279618c900c736d39c22085bb1b0a,f53c43b2c822d111bca9e3ae615ceb539ff324fbf9fae9a07ded738891b01546,477fee196153c242d686d57bb9605fedb219ebdcdb8ee09b33660fc52cd8c120,c847b88986bee173f0e23c8099aa1acf25c380d96454088ae7330fe4711ac8bc,3049c664dd1b2e517d0ef8b59c0078d485f327951d4603e1bc460e11248013c2
2026-27:483,6,3.9711535338311887,2026-10-10T08:25:09Z,2026-10-10T10:00:00Z,Current formula at this deadline. This file does not replace the published Gameweeks 1-5 total of 280.,ffe911b65b5019529f8a7a322ad058e013a0e6146677c35d796f075e2572f09b,8e21d4821be776332f3504f55f85b4277f326f03513b2c7501fbdedf92b8b1a2,98e5bb4281312953f19a18383d2d6691e34279618c900c736d39c22085bb1b0a,f53c43b2c822d111bca9e3ae615ceb539ff324fbf9fae9a07ded738891b01546,477fee196153c242d686d57bb9605fedb219ebdcdb8ee09b33660fc52cd8c120,c847b88986bee173f0e23c8099aa1acf25c380d96454088ae7330fe4711ac8bc,3049c664dd1b2e517d0ef8b59c0078d485f327951d4603e1bc460e11248013c2
2026-27:486,6,3.4867519016219664,2026-10-10T08:25:09Z,2026-10-10T10:00:00Z,Current formula at this deadline. This file does not replace the published Gameweeks 1-5 total of 280.,ffe911b65b5019529f8a7a322ad058e013a0e6146677c35d796f075e2572f09b,8e21d4821be776332f3504f55f85b4277f326f03513b2c7501fbdedf92b8b1a2,98e5bb4281312953f19a18383d2d6691e34279618c900c736d39c22085bb1b0a,f53c43b2c822d111bca9e3ae615ceb539ff324fbf9fae9a07ded738891b01546,477fee196153c242d686d57bb9605fedb219ebdcdb8ee09b33660fc52cd8c120,c847b88986bee173f0e23c8099aa1acf25c380d96454088ae7330fe4711ac8bc,3049c664dd1b2e517d0ef8b59c0078d485f327951d4603e1bc460e11248013c2
2026-27:496,6,3.227393658375959,2026-10-10T08:25:09Z,2026-10-10T10:00:00Z,Current formula at this deadline. This file does not replace the published Gameweeks 1-5 total of 280.,ffe911b65b5019529f8a7a322ad058e013a0e6146677c35d796f075e2572f09b,8e21d4821be776332f3504f55f85b4277f326f03513b2c7501fbdedf92b8b1a2,98e5bb4281312953f19a18383d2d6691e34279618c900c736d39c22085bb1b0a,f53c43b2c822d111bca9e3ae615ceb539ff324fbf9fae9a07ded738891b01546,477fee196153c242d686d57bb9605fedb219ebdcdb8ee09b33660fc52cd8c120,c847b88986bee173f0e23c8099aa1acf25c380d96454088ae7330fe4711ac8bc,3049c664dd1b2e517d0ef8b59c0078d485f327951d4603e1bc460e11248013c2
2026-27:501,6,2.628450196220545,2026-10-10T08:25:09Z,2026-10-10T10:00:00Z,Current formula at this deadline. This file does not replace the published Gameweeks 1-5 total of 280.,ffe911b65b5019529f8a7a322ad058e013a0e6146677c35d796f075e2572f09b,8e21d4821be776332f3504f55f85b4277f326f03513b2c7501fbdedf92b8b1a2,98e5bb4281312953f19a18383d2d6691e34279618c900c736d39c22085bb1b0a,f53c43b2c822d111bca9e3ae615ceb539ff324fbf9fae9a07ded738891b01546,477fee196153c242d686d57bb9605fedb219ebdcdb8ee09b33660fc52cd8c120,c847b88986bee173f0e23c8099aa1acf25c380d96454088ae7330fe4711ac8bc,3049c664dd1b2e517d0ef8b59c0078d485f327951d4603e1bc460e11248013c2
2026-27:502,6,2.8007593980597085,2026-10-10T08:25:09Z,2026-10-10T10:00:00Z,Current formula at this deadline. This file does not replace the published Gameweeks 1-5 total of 280.,ffe911b65b5019529f8a7a322ad058e013a0e6146677c35d796f075e2572f09b,8e21d4821be776332f3504f55f85b4277f326f03513b2c7501fbdedf92b8b1a2,98e5bb4281312953f19a18383d2d6691e34279618c900c736d39c22085bb1b0a,f53c43b2c822d111bca9e3ae615ceb539ff324fbf9fae9a07ded738891b01546,477fee196153c242d686d57bb9605fedb219ebdcdb8ee09b33660fc52cd8c120,c847b88986bee173f0e23c8099aa1acf25c380d96454088ae7330fe4711ac8bc,3049c664dd1b2e517d0ef8b59c0078d485f327951d4603e1bc460e11248013c2
2026-27:503,6,2.2582219044144267,2026-10-10T08:25:09Z,2026-10-10T10:00:00Z,Current formula at this deadline. This file does not replace the published Gameweeks 1-5 total of 280.,ffe911b65b5019529f8a7a322ad058e013a0e6146677c35d796f075e2572f09b,8e21d4821be776332f3504f55f85b4277f326f03513b2c7501fbdedf92b8b1a2,98e5bb4281312953f19a18383d2d6691e34279618c900c736d39c22085bb1b0a,f53c43b2c822d111bca9e3ae615ceb539ff324fbf9fae9a07ded738891b01546,477fee196153c242d686d57bb9605fedb219ebdcdb8ee09b33660fc52cd8c120,c847b88986bee173f0e23c8099aa1acf25c380d96454088ae7330fe4711ac8bc,3049c664dd1b2e517d0ef8b59c0078d485f327951d4603e1bc460e11248013c2
2026-27:504,6,4.02982120709821,2026-10-10T08:25:09Z,2026-10-10T10:00:00Z,Current formula at this deadline. This file does not replace the published Gameweeks 1-5 total of 280.,ffe911b65b5019529f8a7a322ad058e013a0e6146677c35d796f075e2572f09b,8e21d4821be776332f3504f55f85b4277f326f03513b2c7501fbdedf92b8b1a2,98e5bb4281312953f19a18383d2d6691e34279618c900c736d39c22085bb1b0a,f53c43b2c822d111bca9e3ae615ceb539ff324fbf9fae9a07ded738891b01546,477fee196153c242d686d57bb9605fedb219ebdcdb8ee09b33660fc52cd8c120,c847b88986bee173f0e23c8099aa1acf25c380d96454088ae7330fe4711ac8bc,3049c664dd1b2e517d0ef8b59c0078d485f327951d4603e1bc460e11248013c2
2026-27:51,6,1.9198413428570351,2026-10-10T08:25:09Z,2026-10-10T10:00:00Z,Current formula at this deadline. This file does not replace the published Gameweeks 1-5 total of 280.,ffe911b65b5019529f8a7a322ad058e013a0e6146677c35d796f075e2572f09b,8e21d4821be776332f3504f55f85b4277f326f03513b2c7501fbdedf92b8b1a2,98e5bb4281312953f19a18383d2d6691e34279618c900c736d39c22085bb1b0a,f53c43b2c822d111bca9e3ae615ceb539ff324fbf9fae9a07ded738891b01546,477fee196153c242d686d57bb9605fedb219ebdcdb8ee09b33660fc52cd8c120,c847b88986bee173f0e23c8099aa1acf25c380d96454088ae7330fe4711ac8bc,3049c664dd1b2e517d0ef8b59c0078d485f327951d4603e1bc460e11248013c2
2026-27:516,6,3.0190972214589396,2026-10-10T08:25:09Z,2026-10-10T10:00:00Z,Current formula at this deadline. This file does not replace the published Gameweeks 1-5 total of 280.,ffe911b65b5019529f8a7a322ad058e013a0e6146677c35d796f075e2572f09b,8e21d4821be776332f3504f55f85b4277f326f03513b2c7501fbdedf92b8b1a2,98e5bb4281312953f19a18383d2d6691e34279618c900c736d39c22085bb1b0a,f53c43b2c822d111bca9e3ae615ceb539ff324fbf9fae9a07ded738891b01546,477fee196153c242d686d57bb9605fedb219ebdcdb8ee09b33660fc52cd8c120,c847b88986bee173f0e23c8099aa1acf25c380d96454088ae7330fe4711ac8bc,3049c664dd1b2e517d0ef8b59c0078d485f327951d4603e1bc460e11248013c2
2026-27:522,6,2.095574603396344,2026-10-10T08:25:09Z,2026-10-10T10:00:00Z,Current formula at this deadline. This file does not replace the published Gameweeks 1-5 total of 280.,ffe911b65b5019529f8a7a322ad058e013a0e6146677c35d796f075e2572f09b,8e21d4821be776332f3504f55f85b4277f326f03513b2c7501fbdedf92b8b1a2,98e5bb4281312953f19a18383d2d6691e34279618c900c736d39c22085bb1b0a,f53c43b2c822d111bca9e3ae615ceb539ff324fbf9fae9a07ded738891b01546,477fee196153c242d686d57bb9605fedb219ebdcdb8ee09b33660fc52cd8c120,c847b88986bee173f0e23c8099aa1acf25c380d96454088ae7330fe4711ac8bc,3049c664dd1b2e517d0ef8b59c0078d485f327951d4603e1bc460e11248013c2
2026-27:528,6,0.0,2026-10-10T08:25:09Z,2026-10-10T10:00:00Z,Current formula at this deadline. This file does not replace the published Gameweeks 1-5 total of 280.,ffe911b65b5019529f8a7a322ad058e013a0e6146677c35d796f075e2572f09b,8e21d4821be776332f3504f55f85b4277f326f03513b2c7501fbdedf92b8b1a2,98e5bb4281312953f19a18383d2d6691e34279618c900c736d39c22085bb1b0a,f53c43b2c822d111bca9e3ae615ceb539ff324fbf9fae9a07ded738891b01546,477fee196153c242d686d57bb9605fedb219ebdcdb8ee09b33660fc52cd8c120,c847b88986bee173f0e23c8099aa1acf25c380d96454088ae7330fe4711ac8bc,3049c664dd1b2e517d0ef8b59c0078d485f327951d4603e1bc460e11248013c2
2026-27:529,6,3.412827833040724,2026-10-10T08:25:09Z,2026-10-10T10:00:00Z,Current formula at this deadline. This file does not replace the published Gameweeks 1-5 total of 280.,ffe911b65b5019529f8a7a322ad058e013a0e6146677c35d796f075e2572f09b,8e21d4821be776332f3504f55f85b4277f326f03513b2c7501fbdedf92b8b1a2,98e5bb4281312953f19a18383d2d6691e34279618c900c736d39c22085bb1b0a,f53c43b2c822d111bca9e3ae615ceb539ff324fbf9fae9a07ded738891b01546,477fee196153c242d686d57bb9605fedb219ebdcdb8ee09b33660fc52cd8c120,c847b88986bee173f0e23c8099aa1acf25c380d96454088ae7330fe4711ac8bc,3049c664dd1b2e517d0ef8b59c0078d485f327951d4603e1bc460e11248013c2
2026-27:533,6,4.035559894663715,2026-10-10T08:25:09Z,2026-10-10T10:00:00Z,Current formula at this deadline. This file does not replace the published Gameweeks 1-5 total of 280.,ffe911b65b5019529f8a7a322ad058e013a0e6146677c35d796f075e2572f09b,8e21d4821be776332f3504f55f85b4277f326f03513b2c7501fbdedf92b8b1a2,98e5bb4281312953f19a18383d2d6691e34279618c900c736d39c22085bb1b0a,f53c43b2c822d111bca9e3ae615ceb539ff324fbf9fae9a07ded738891b01546,477fee196153c242d686d57bb9605fedb219ebdcdb8ee09b33660fc52cd8c120,c847b88986bee173f0e23c8099aa1acf25c380d96454088ae7330fe4711ac8bc,3049c664dd1b2e517d0ef8b59c0078d485f327951d4603e1bc460e11248013c2
2026-27:541,6,3.099353649895834,2026-10-10T08:25:09Z,2026-10-10T10:00:00Z,Current formula at this deadline. This file does not replace the published Gameweeks 1-5 total of 280.,ffe911b65b5019529f8a7a322ad058e013a0e6146677c35d796f075e2572f09b,8e21d4821be776332f3504f55f85b4277f326f03513b2c7501fbdedf92b8b1a2,98e5bb4281312953f19a18383d2d6691e34279618c900c736d39c22085bb1b0a,f53c43b2c822d111bca9e3ae615ceb539ff324fbf9fae9a07ded738891b01546,477fee196153c242d686d57bb9605fedb219ebdcdb8ee09b33660fc52cd8c120,c847b88986bee173f0e23c8099aa1acf25c380d96454088ae7330fe4711ac8bc,3049c664dd1b2e517d0ef8b59c0078d485f327951d4603e1bc460e11248013c2
2026-27:542,6,4.2935308455304,2026-10-10T08:25:09Z,2026-10-10T10:00:00Z,Current formula at this deadline. This file does not replace the published Gameweeks 1-5 total of 280.,ffe911b65b5019529f8a7a322ad058e013a0e6146677c35d796f075e2572f09b,8e21d4821be776332f3504f55f85b4277f326f03513b2c7501fbdedf92b8b1a2,98e5bb4281312953f19a18383d2d6691e34279618c900c736d39c22085bb1b0a,f53c43b2c822d111bca9e3ae615ceb539ff324fbf9fae9a07ded738891b01546,477fee196153c242d686d57bb9605fedb219ebdcdb8ee09b33660fc52cd8c120,c847b88986bee173f0e23c8099aa1acf25c380d96454088ae7330fe4711ac8bc,3049c664dd1b2e517d0ef8b59c0078d485f327951d4603e1bc460e11248013c2
2026-27:544,6,3.7416886588821163,2026-10-10T08:25:09Z,2026-10-10T10:00:00Z,Current formula at this deadline. This file does not replace the published Gameweeks 1-5 total of 280.,ffe911b65b5019529f8a7a322ad058e013a0e6146677c35d796f075e2572f09b,8e21d4821be776332f3504f55f85b4277f326f03513b2c7501fbdedf92b8b1a2,98e5bb4281312953f19a18383d2d6691e34279618c900c736d39c22085bb1b0a,f53c43b2c822d111bca9e3ae615ceb539ff324fbf9fae9a07ded738891b01546,477fee196153c242d686d57bb9605fedb219ebdcdb8ee09b33660fc52cd8c120,c847b88986bee173f0e23c8099aa1acf25c380d96454088ae7330fe4711ac8bc,3049c664dd1b2e517d0ef8b59c0078d485f327951d4603e1bc460e11248013c2
2026-27:545,6,2.6295015296995983,2026-10-10T08:25:09Z,2026-10-10T10:00:00Z,Current formula at this deadline. This file does not replace the published Gameweeks 1-5 total of 280.,ffe911b65b5019529f8a7a322ad058e013a0e6146677c35d796f075e2572f09b,8e21d4821be776332f3504f55f85b4277f326f03513b2c7501fbdedf92b8b1a2,98e5bb4281312953f19a18383d2d6691e34279618c900c736d39c22085bb1b0a,f53c43b2c822d111bca9e3ae615ceb539ff324fbf9fae9a07ded738891b01546,477fee196153c242d686d57bb9605fedb219ebdcdb8ee09b33660fc52cd8c120,c847b88986bee173f0e23c8099aa1acf25c380d96454088ae7330fe4711ac8bc,3049c664dd1b2e517d0ef8b59c0078d485f327951d4603e1bc460e11248013c2
2026-27:551,6,2.698432986556976,2026-10-10T08:25:09Z,2026-10-10T10:00:00Z,Current formula at this deadline. This file does not replace the published Gameweeks 1-5 total of 280.,ffe911b65b5019529f8a7a322ad058e013a0e6146677c35d796f075e2572f09b,8e21d4821be776332f3504f55f85b4277f326f03513b2c7501fbdedf92b8b1a2,98e5bb4281312953f19a18383d2d6691e34279618c900c736d39c22085bb1b0a,f53c43b2c822d111bca9e3ae615ceb539ff324fbf9fae9a07ded738891b01546,477fee196153c242d686d57bb9605fedb219ebdcdb8ee09b33660fc52cd8c120,c847b88986bee173f0e23c8099aa1acf25c380d96454088ae7330fe4711ac8bc,3049c664dd1b2e517d0ef8b59c0078d485f327951d4603e1bc460e11248013c2
2026-27:558,6,3.2855227431702456,2026-10-10T08:25:09Z,2026-10-10T10:00:00Z,Current formula at this deadline. This file does not replace the published Gameweeks 1-5 total of 280.,ffe911b65b5019529f8a7a322ad058e013a0e6146677c35d796f075e2572f09b,8e21d4821be776332f3504f55f85b4277f326f03513b2c7501fbdedf92b8b1a2,98e5bb4281312953f19a18383d2d6691e34279618c900c736d39c22085bb1b0a,f53c43b2c822d111bca9e3ae615ceb539ff324fbf9fae9a07ded738891b01546,477fee196153c242d686d57bb9605fedb219ebdcdb8ee09b33660fc52cd8c120,c847b88986bee173f0e23c8099aa1acf25c380d96454088ae7330fe4711ac8bc,3049c664dd1b2e517d0ef8b59c0078d485f327951d4603e1bc460e11248013c2
2026-27:560,6,2.294939916991592,2026-10-10T08:25:09Z,2026-10-10T10:00:00Z,Current formula at this deadline. This file does not replace the published Gameweeks 1-5 total of 280.,ffe911b65b5019529f8a7a322ad058e013a0e6146677c35d796f075e2572f09b,8e21d4821be776332f3504f55f85b4277f326f03513b2c7501fbdedf92b8b1a2,98e5bb4281312953f19a18383d2d6691e34279618c900c736d39c22085bb1b0a,f53c43b2c822d111bca9e3ae615ceb539ff324fbf9fae9a07ded738891b01546,477fee196153c242d686d57bb9605fedb219ebdcdb8ee09b33660fc52cd8c120,c847b88986bee173f0e23c8099aa1acf25c380d96454088ae7330fe4711ac8bc,3049c664dd1b2e517d0ef8b59c0078d485f327951d4603e1bc460e11248013c2
2026-27:564,6,3.4861513447383685,2026-10-10T08:25:09Z,2026-10-10T10:00:00Z,Current formula at this deadline. This file does not replace the published Gameweeks 1-5 total of 280.,ffe911b65b5019529f8a7a322ad058e013a0e6146677c35d796f075e2572f09b,8e21d4821be776332f3504f55f85b4277f326f03513b2c7501fbdedf92b8b1a2,98e5bb4281312953f19a18383d2d6691e34279618c900c736d39c22085bb1b0a,f53c43b2c822d111bca9e3ae615ceb539ff324fbf9fae9a07ded738891b01546,477fee196153c242d686d57bb9605fedb219ebdcdb8ee09b33660fc52cd8c120,c847b88986bee173f0e23c8099aa1acf25c380d96454088ae7330fe4711ac8bc,3049c664dd1b2e517d0ef8b59c0078d485f327951d4603e1bc460e11248013c2
2026-27:565,6,3.4951086894450736,2026-10-10T08:25:09Z,2026-10-10T10:00:00Z,Current formula at this deadline. This file does not replace the published Gameweeks 1-5 total of 280.,ffe911b65b5019529f8a7a322ad058e013a0e6146677c35d796f075e2572f09b,8e21d4821be776332f3504f55f85b4277f326f03513b2c7501fbdedf92b8b1a2,98e5bb4281312953f19a18383d2d6691e34279618c900c736d39c22085bb1b0a,f53c43b2c822d111bca9e3ae615ceb539ff324fbf9fae9a07ded738891b01546,477fee196153c242d686d57bb9605fedb219ebdcdb8ee09b33660fc52cd8c120,c847b88986bee173f0e23c8099aa1acf25c380d96454088ae7330fe4711ac8bc,3049c664dd1b2e517d0ef8b59c0078d485f327951d4603e1bc460e11248013c2
2026-27:566,6,4.667833502410412,2026-10-10T08:25:09Z,2026-10-10T10:00:00Z,Current formula at this deadline. This file does not replace the published Gameweeks 1-5 total of 280.,ffe911b65b5019529f8a7a322ad058e013a0e6146677c35d796f075e2572f09b,8e21d4821be776332f3504f55f85b4277f326f03513b2c7501fbdedf92b8b1a2,98e5bb4281312953f19a18383d2d6691e34279618c900c736d39c22085bb1b0a,f53c43b2c822d111bca9e3ae615ceb539ff324fbf9fae9a07ded738891b01546,477fee196153c242d686d57bb9605fedb219ebdcdb8ee09b33660fc52cd8c120,c847b88986bee173f0e23c8099aa1acf25c380d96454088ae7330fe4711ac8bc,3049c664dd1b2e517d0ef8b59c0078d485f327951d4603e1bc460e11248013c2
2026-27:567,6,3.477553818337261,2026-10-10T08:25:09Z,2026-10-10T10:00:00Z,Current formula at this deadline. This file does not replace the published Gameweeks 1-5 total of 280.,ffe911b65b5019529f8a7a322ad058e013a0e6146677c35d796f075e2572f09b,8e21d4821be776332f3504f55f85b4277f326f03513b2c7501fbdedf92b8b1a2,98e5bb4281312953f19a18383d2d6691e34279618c900c736d39c22085bb1b0a,f53c43b2c822d111bca9e3ae615ceb539ff324fbf9fae9a07ded738891b01546,477fee196153c242d686d57bb9605fedb219ebdcdb8ee09b33660fc52cd8c120,c847b88986bee173f0e23c8099aa1acf25c380d96454088ae7330fe4711ac8bc,3049c664dd1b2e517d0ef8b59c0078d485f327951d4603e1bc460e11248013c2
2026-27:569,6,4.109024644536865,2026-10-10T08:25:09Z,2026-10-10T10:00:00Z,Current formula at this deadline. This file does not replace the published Gameweeks 1-5 total of 280.,ffe911b65b5019529f8a7a322ad058e013a0e6146677c35d796f075e2572f09b,8e21d4821be776332f3504f55f85b4277f326f03513b2c7501fbdedf92b8b1a2,98e5bb4281312953f19a18383d2d6691e34279618c900c736d39c22085bb1b0a,f53c43b2c822d111bca9e3ae615ceb539ff324fbf9fae9a07ded738891b01546,477fee196153c242d686d57bb9605fedb219ebdcdb8ee09b33660fc52cd8c120,c847b88986bee173f0e23c8099aa1acf25c380d96454088ae7330fe4711ac8bc,3049c664dd1b2e517d0ef8b59c0078d485f327951d4603e1bc460e11248013c2
2026-27:57,6,3.2602265786042834,2026-10-10T08:25:09Z,2026-10-10T10:00:00Z,Current formula at this deadline. This file does not replace the published Gameweeks 1-5 total of 280.,ffe911b65b5019529f8a7a322ad058e013a0e6146677c35d796f075e2572f09b,8e21d4821be776332f3504f55f85b4277f326f03513b2c7501fbdedf92b8b1a2,98e5bb4281312953f19a18383d2d6691e34279618c900c736d39c22085bb1b0a,f53c43b2c822d111bca9e3ae615ceb539ff324fbf9fae9a07ded738891b01546,477fee196153c242d686d57bb9605fedb219ebdcdb8ee09b33660fc52cd8c120,c847b88986bee173f0e23c8099aa1acf25c380d96454088ae7330fe4711ac8bc,3049c664dd1b2e517d0ef8b59c0078d485f327951d4603e1bc460e11248013c2
2026-27:572,6,3.385059775727582,2026-10-10T08:25:09Z,2026-10-10T10:00:00Z,Current formula at this deadline. This file does not replace the published Gameweeks 1-5 total of 280.,ffe911b65b5019529f8a7a322ad058e013a0e6146677c35d796f075e2572f09b,8e21d4821be776332f3504f55f85b4277f326f03513b2c7501fbdedf92b8b1a2,98e5bb4281312953f19a18383d2d6691e34279618c900c736d39c22085bb1b0a,f53c43b2c822d111bca9e3ae615ceb539ff324fbf9fae9a07ded738891b01546,477fee196153c242d686d57bb9605fedb219ebdcdb8ee09b33660fc52cd8c120,c847b88986bee173f0e23c8099aa1acf25c380d96454088ae7330fe4711ac8bc,3049c664dd1b2e517d0ef8b59c0078d485f327951d4603e1bc460e11248013c2
2026-27:579,6,2.843797525310678,2026-10-10T08:25:09Z,2026-10-10T10:00:00Z,Current formula at this deadline. This file does not replace the published Gameweeks 1-5 total of 280.,ffe911b65b5019529f8a7a322ad058e013a0e6146677c35d796f075e2572f09b,8e21d4821be776332f3504f55f85b4277f326f03513b2c7501fbdedf92b8b1a2,98e5bb4281312953f19a18383d2d6691e34279618c900c736d39c22085bb1b0a,f53c43b2c822d111bca9e3ae615ceb539ff324fbf9fae9a07ded738891b01546,477fee196153c242d686d57bb9605fedb219ebdcdb8ee09b33660fc52cd8c120,c847b88986bee173f0e23c8099aa1acf25c380d96454088ae7330fe4711ac8bc,3049c664dd1b2e517d0ef8b59c0078d485f327951d4603e1bc460e11248013c2
2026-27:58,6,0.0,2026-10-10T08:25:09Z,2026-10-10T10:00:00Z,Current formula at this deadline. This file does not replace the published Gameweeks 1-5 total of 280.,ffe911b65b5019529f8a7a322ad058e013a0e6146677c35d796f075e2572f09b,8e21d4821be776332f3504f55f85b4277f326f03513b2c7501fbdedf92b8b1a2,98e5bb4281312953f19a18383d2d6691e34279618c900c736d39c22085bb1b0a,f53c43b2c822d111bca9e3ae615ceb539ff324fbf9fae9a07ded738891b01546,477fee196153c242d686d57bb9605fedb219ebdcdb8ee09b33660fc52cd8c120,c847b88986bee173f0e23c8099aa1acf25c380d96454088ae7330fe4711ac8bc,3049c664dd1b2e517d0ef8b59c0078d485f327951d4603e1bc460e11248013c2
2026-27:580,6,3.199403903139004,2026-10-10T08:25:09Z,2026-10-10T10:00:00Z,Current formula at this deadline. This file does not replace the published Gameweeks 1-5 total of 280.,ffe911b65b5019529f8a7a322ad058e013a0e6146677c35d796f075e2572f09b,8e21d4821be776332f3504f55f85b4277f326f03513b2c7501fbdedf92b8b1a2,98e5bb4281312953f19a18383d2d6691e34279618c900c736d39c22085bb1b0a,f53c43b2c822d111bca9e3ae615ceb539ff324fbf9fae9a07ded738891b01546,477fee196153c242d686d57bb9605fedb219ebdcdb8ee09b33660fc52cd8c120,c847b88986bee173f0e23c8099aa1acf25c380d96454088ae7330fe4711ac8bc,3049c664dd1b2e517d0ef8b59c0078d485f327951d4603e1bc460e11248013c2
2026-27:581,6,2.8783385228117067,2026-10-10T08:25:09Z,2026-10-10T10:00:00Z,Current formula at this deadline. This file does not replace the published Gameweeks 1-5 total of 280.,ffe911b65b5019529f8a7a322ad058e013a0e6146677c35d796f075e2572f09b,8e21d4821be776332f3504f55f85b4277f326f03513b2c7501fbdedf92b8b1a2,98e5bb4281312953f19a18383d2d6691e34279618c900c736d39c22085bb1b0a,f53c43b2c822d111bca9e3ae615ceb539ff324fbf9fae9a07ded738891b01546,477fee196153c242d686d57bb9605fedb219ebdcdb8ee09b33660fc52cd8c120,c847b88986bee173f0e23c8099aa1acf25c380d96454088ae7330fe4711ac8bc,3049c664dd1b2e517d0ef8b59c0078d485f327951d4603e1bc460e11248013c2
2026-27:582,6,1.425,2026-10-10T08:25:09Z,2026-10-10T10:00:00Z,Current formula at this deadline. This file does not replace the published Gameweeks 1-5 total of 280.,ffe911b65b5019529f8a7a322ad058e013a0e6146677c35d796f075e2572f09b,8e21d4821be776332f3504f55f85b4277f326f03513b2c7501fbdedf92b8b1a2,98e5bb4281312953f19a18383d2d6691e34279618c900c736d39c22085bb1b0a,f53c43b2c822d111bca9e3ae615ceb539ff324fbf9fae9a07ded738891b01546,477fee196153c242d686d57bb9605fedb219ebdcdb8ee09b33660fc52cd8c120,c847b88986bee173f0e23c8099aa1acf25c380d96454088ae7330fe4711ac8bc,3049c664dd1b2e517d0ef8b59c0078d485f327951d4603e1bc460e11248013c2
2026-27:583,6,2.812087060810185,2026-10-10T08:25:09Z,2026-10-10T10:00:00Z,Current formula at this deadline. This file does not replace the published Gameweeks 1-5 total of 280.,ffe911b65b5019529f8a7a322ad058e013a0e6146677c35d796f075e2572f09b,8e21d4821be776332f3504f55f85b4277f326f03513b2c7501fbdedf92b8b1a2,98e5bb4281312953f19a18383d2d6691e34279618c900c736d39c22085bb1b0a,f53c43b2c822d111bca9e3ae615ceb539ff324fbf9fae9a07ded738891b01546,477fee196153c242d686d57bb9605fedb219ebdcdb8ee09b33660fc52cd8c120,c847b88986bee173f0e23c8099aa1acf25c380d96454088ae7330fe4711ac8bc,3049c664dd1b2e517d0ef8b59c0078d485f327951d4603e1bc460e11248013c2
2026-27:585,6,1.868483620310765,2026-10-10T08:25:09Z,2026-10-10T10:00:00Z,Current formula at this deadline. This file does not replace the published Gameweeks 1-5 total of 280.,ffe911b65b5019529f8a7a322ad058e013a0e6146677c35d796f075e2572f09b,8e21d4821be776332f3504f55f85b4277f326f03513b2c7501fbdedf92b8b1a2,98e5bb4281312953f19a18383d2d6691e34279618c900c736d39c22085bb1b0a,f53c43b2c822d111bca9e3ae615ceb539ff324fbf9fae9a07ded738891b01546,477fee196153c242d686d57bb9605fedb219ebdcdb8ee09b33660fc52cd8c120,c847b88986bee173f0e23c8099aa1acf25c380d96454088ae7330fe4711ac8bc,3049c664dd1b2e517d0ef8b59c0078d485f327951d4603e1bc460e11248013c2
2026-27:588,6,3.8879750099964303,2026-10-10T08:25:09Z,2026-10-10T10:00:00Z,Current formula at this deadline. This file does not replace the published Gameweeks 1-5 total of 280.,ffe911b65b5019529f8a7a322ad058e013a0e6146677c35d796f075e2572f09b,8e21d4821be776332f3504f55f85b4277f326f03513b2c7501fbdedf92b8b1a2,98e5bb4281312953f19a18383d2d6691e34279618c900c736d39c22085bb1b0a,f53c43b2c822d111bca9e3ae615ceb539ff324fbf9fae9a07ded738891b01546,477fee196153c242d686d57bb9605fedb219ebdcdb8ee09b33660fc52cd8c120,c847b88986bee173f0e23c8099aa1acf25c380d96454088ae7330fe4711ac8bc,3049c664dd1b2e517d0ef8b59c0078d485f327951d4603e1bc460e11248013c2
2026-27:591,6,4.05550784705462,2026-10-10T08:25:09Z,2026-10-10T10:00:00Z,Current formula at this deadline. This file does not replace the published Gameweeks 1-5 total of 280.,ffe911b65b5019529f8a7a322ad058e013a0e6146677c35d796f075e2572f09b,8e21d4821be776332f3504f55f85b4277f326f03513b2c7501fbdedf92b8b1a2,98e5bb4281312953f19a18383d2d6691e34279618c900c736d39c22085bb1b0a,f53c43b2c822d111bca9e3ae615ceb539ff324fbf9fae9a07ded738891b01546,477fee196153c242d686d57bb9605fedb219ebdcdb8ee09b33660fc52cd8c120,c847b88986bee173f0e23c8099aa1acf25c380d96454088ae7330fe4711ac8bc,3049c664dd1b2e517d0ef8b59c0078d485f327951d4603e1bc460e11248013c2
2026-27:597,6,3.427444845358498,2026-10-10T08:25:09Z,2026-10-10T10:00:00Z,Current formula at this deadline. This file does not replace the published Gameweeks 1-5 total of 280.,ffe911b65b5019529f8a7a322ad058e013a0e6146677c35d796f075e2572f09b,8e21d4821be776332f3504f55f85b4277f326f03513b2c7501fbdedf92b8b1a2,98e5bb4281312953f19a18383d2d6691e34279618c900c736d39c22085bb1b0a,f53c43b2c822d111bca9e3ae615ceb539ff324fbf9fae9a07ded738891b01546,477fee196153c242d686d57bb9605fedb219ebdcdb8ee09b33660fc52cd8c120,c847b88986bee173f0e23c8099aa1acf25c380d96454088ae7330fe4711ac8bc,3049c664dd1b2e517d0ef8b59c0078d485f327951d4603e1bc460e11248013c2
2026-27:598,6,2.557038214063365,2026-10-10T08:25:09Z,2026-10-10T10:00:00Z,Current formula at this deadline. This file does not replace the published Gameweeks 1-5 total of 280.,ffe911b65b5019529f8a7a322ad058e013a0e6146677c35d796f075e2572f09b,8e21d4821be776332f3504f55f85b4277f326f03513b2c7501fbdedf92b8b1a2,98e5bb4281312953f19a18383d2d6691e34279618c900c736d39c22085bb1b0a,f53c43b2c822d111bca9e3ae615ceb539ff324fbf9fae9a07ded738891b01546,477fee196153c242d686d57bb9605fedb219ebdcdb8ee09b33660fc52cd8c120,c847b88986bee173f0e23c8099aa1acf25c380d96454088ae7330fe4711ac8bc,3049c664dd1b2e517d0ef8b59c0078d485f327951d4603e1bc460e11248013c2
2026-27:60,6,3.723229421972665,2026-10-10T08:25:09Z,2026-10-10T10:00:00Z,Current formula at this deadline. This file does not replace the published Gameweeks 1-5 total of 280.,ffe911b65b5019529f8a7a322ad058e013a0e6146677c35d796f075e2572f09b,8e21d4821be776332f3504f55f85b4277f326f03513b2c7501fbdedf92b8b1a2,98e5bb4281312953f19a18383d2d6691e34279618c900c736d39c22085bb1b0a,f53c43b2c822d111bca9e3ae615ceb539ff324fbf9fae9a07ded738891b01546,477fee196153c242d686d57bb9605fedb219ebdcdb8ee09b33660fc52cd8c120,c847b88986bee173f0e23c8099aa1acf25c380d96454088ae7330fe4711ac8bc,3049c664dd1b2e517d0ef8b59c0078d485f327951d4603e1bc460e11248013c2
2026-27:605,6,3.308164101791805,2026-10-10T08:25:09Z,2026-10-10T10:00:00Z,Current formula at this deadline. This file does not replace the published Gameweeks 1-5 total of 280.,ffe911b65b5019529f8a7a322ad058e013a0e6146677c35d796f075e2572f09b,8e21d4821be776332f3504f55f85b4277f326f03513b2c7501fbdedf92b8b1a2,98e5bb4281312953f19a18383d2d6691e34279618c900c736d39c22085bb1b0a,f53c43b2c822d111bca9e3ae615ceb539ff324fbf9fae9a07ded738891b01546,477fee196153c242d686d57bb9605fedb219ebdcdb8ee09b33660fc52cd8c120,c847b88986bee173f0e23c8099aa1acf25c380d96454088ae7330fe4711ac8bc,3049c664dd1b2e517d0ef8b59c0078d485f327951d4603e1bc460e11248013c2
2026-27:61,6,2.747562890435125,2026-10-10T08:25:09Z,2026-10-10T10:00:00Z,Current formula at this deadline. This file does not replace the published Gameweeks 1-5 total of 280.,ffe911b65b5019529f8a7a322ad058e013a0e6146677c35d796f075e2572f09b,8e21d4821be776332f3504f55f85b4277f326f03513b2c7501fbdedf92b8b1a2,98e5bb4281312953f19a18383d2d6691e34279618c900c736d39c22085bb1b0a,f53c43b2c822d111bca9e3ae615ceb539ff324fbf9fae9a07ded738891b01546,477fee196153c242d686d57bb9605fedb219ebdcdb8ee09b33660fc52cd8c120,c847b88986bee173f0e23c8099aa1acf25c380d96454088ae7330fe4711ac8bc,3049c664dd1b2e517d0ef8b59c0078d485f327951d4603e1bc460e11248013c2
2026-27:611,6,2.2163707500145793,2026-10-10T08:25:09Z,2026-10-10T10:00:00Z,Current formula at this deadline. This file does not replace the published Gameweeks 1-5 total of 280.,ffe911b65b5019529f8a7a322ad058e013a0e6146677c35d796f075e2572f09b,8e21d4821be776332f3504f55f85b4277f326f03513b2c7501fbdedf92b8b1a2,98e5bb4281312953f19a18383d2d6691e34279618c900c736d39c22085bb1b0a,f53c43b2c822d111bca9e3ae615ceb539ff324fbf9fae9a07ded738891b01546,477fee196153c242d686d57bb9605fedb219ebdcdb8ee09b33660fc52cd8c120,c847b88986bee173f0e23c8099aa1acf25c380d96454088ae7330fe4711ac8bc,3049c664dd1b2e517d0ef8b59c0078d485f327951d4603e1bc460e11248013c2
2026-27:619,6,3.286844987527665,2026-10-10T08:25:09Z,2026-10-10T10:00:00Z,Current formula at this deadline. This file does not replace the published Gameweeks 1-5 total of 280.,ffe911b65b5019529f8a7a322ad058e013a0e6146677c35d796f075e2572f09b,8e21d4821be776332f3504f55f85b4277f326f03513b2c7501fbdedf92b8b1a2,98e5bb4281312953f19a18383d2d6691e34279618c900c736d39c22085bb1b0a,f53c43b2c822d111bca9e3ae615ceb539ff324fbf9fae9a07ded738891b01546,477fee196153c242d686d57bb9605fedb219ebdcdb8ee09b33660fc52cd8c120,c847b88986bee173f0e23c8099aa1acf25c380d96454088ae7330fe4711ac8bc,3049c664dd1b2e517d0ef8b59c0078d485f327951d4603e1bc460e11248013c2
2026-27:627,6,2.563710942930044,2026-10-10T08:25:09Z,2026-10-10T10:00:00Z,Current formula at this deadline. This file does not replace the published Gameweeks 1-5 total of 280.,ffe911b65b5019529f8a7a322ad058e013a0e6146677c35d796f075e2572f09b,8e21d4821be776332f3504f55f85b4277f326f03513b2c7501fbdedf92b8b1a2,98e5bb4281312953f19a18383d2d6691e34279618c900c736d39c22085bb1b0a,f53c43b2c822d111bca9e3ae615ceb539ff324fbf9fae9a07ded738891b01546,477fee196153c242d686d57bb9605fedb219ebdcdb8ee09b33660fc52cd8c120,c847b88986bee173f0e23c8099aa1acf25c380d96454088ae7330fe4711ac8bc,3049c664dd1b2e517d0ef8b59c0078d485f327951d4603e1bc460e11248013c2
2026-27:634,6,1.7759446809425399,2026-10-10T08:25:09Z,2026-10-10T10:00:00Z,Current formula at this deadline. This file does not replace the published Gameweeks 1-5 total of 280.,ffe911b65b5019529f8a7a322ad058e013a0e6146677c35d796f075e2572f09b,8e21d4821be776332f3504f55f85b4277f326f03513b2c7501fbdedf92b8b1a2,98e5bb4281312953f19a18383d2d6691e34279618c900c736d39c22085bb1b0a,f53c43b2c822d111bca9e3ae615ceb539ff324fbf9fae9a07ded738891b01546,477fee196153c242d686d57bb9605fedb219ebdcdb8ee09b33660fc52cd8c120,c847b88986bee173f0e23c8099aa1acf25c380d96454088ae7330fe4711ac8bc,3049c664dd1b2e517d0ef8b59c0078d485f327951d4603e1bc460e11248013c2
2026-27:64,6,2.1460243989732666,2026-10-10T08:25:09Z,2026-10-10T10:00:00Z,Current formula at this deadline. This file does not replace the published Gameweeks 1-5 total of 280.,ffe911b65b5019529f8a7a322ad058e013a0e6146677c35d796f075e2572f09b,8e21d4821be776332f3504f55f85b4277f326f03513b2c7501fbdedf92b8b1a2,98e5bb4281312953f19a18383d2d6691e34279618c900c736d39c22085bb1b0a,f53c43b2c822d111bca9e3ae615ceb539ff324fbf9fae9a07ded738891b01546,477fee196153c242d686d57bb9605fedb219ebdcdb8ee09b33660fc52cd8c120,c847b88986bee173f0e23c8099aa1acf25c380d96454088ae7330fe4711ac8bc,3049c664dd1b2e517d0ef8b59c0078d485f327951d4603e1bc460e11248013c2
2026-27:644,6,3.4436806241585014,2026-10-10T08:25:09Z,2026-10-10T10:00:00Z,Current formula at this deadline. This file does not replace the published Gameweeks 1-5 total of 280.,ffe911b65b5019529f8a7a322ad058e013a0e6146677c35d796f075e2572f09b,8e21d4821be776332f3504f55f85b4277f326f03513b2c7501fbdedf92b8b1a2,98e5bb4281312953f19a18383d2d6691e34279618c900c736d39c22085bb1b0a,f53c43b2c822d111bca9e3ae615ceb539ff324fbf9fae9a07ded738891b01546,477fee196153c242d686d57bb9605fedb219ebdcdb8ee09b33660fc52cd8c120,c847b88986bee173f0e23c8099aa1acf25c380d96454088ae7330fe4711ac8bc,3049c664dd1b2e517d0ef8b59c0078d485f327951d4603e1bc460e11248013c2
2026-27:649,6,3.4450276704976175,2026-10-10T08:25:09Z,2026-10-10T10:00:00Z,Current formula at this deadline. This file does not replace the published Gameweeks 1-5 total of 280.,ffe911b65b5019529f8a7a322ad058e013a0e6146677c35d796f075e2572f09b,8e21d4821be776332f3504f55f85b4277f326f03513b2c7501fbdedf92b8b1a2,98e5bb4281312953f19a18383d2d6691e34279618c900c736d39c22085bb1b0a,f53c43b2c822d111bca9e3ae615ceb539ff324fbf9fae9a07ded738891b01546,477fee196153c242d686d57bb9605fedb219ebdcdb8ee09b33660fc52cd8c120,c847b88986bee173f0e23c8099aa1acf25c380d96454088ae7330fe4711ac8bc,3049c664dd1b2e517d0ef8b59c0078d485f327951d4603e1bc460e11248013c2
2026-27:650,6,4.059640044010981,2026-10-10T08:25:09Z,2026-10-10T10:00:00Z,Current formula at this deadline. This file does not replace the published Gameweeks 1-5 total of 280.,ffe911b65b5019529f8a7a322ad058e013a0e6146677c35d796f075e2572f09b,8e21d4821be776332f3504f55f85b4277f326f03513b2c7501fbdedf92b8b1a2,98e5bb4281312953f19a18383d2d6691e34279618c900c736d39c22085bb1b0a,f53c43b2c822d111bca9e3ae615ceb539ff324fbf9fae9a07ded738891b01546,477fee196153c242d686d57bb9605fedb219ebdcdb8ee09b33660fc52cd8c120,c847b88986bee173f0e23c8099aa1acf25c380d96454088ae7330fe4711ac8bc,3049c664dd1b2e517d0ef8b59c0078d485f327951d4603e1bc460e11248013c2
2026-27:67,6,3.0851737257214635,2026-10-10T08:25:09Z,2026-10-10T10:00:00Z,Current formula at this deadline. This file does not replace the published Gameweeks 1-5 total of 280.,ffe911b65b5019529f8a7a322ad058e013a0e6146677c35d796f075e2572f09b,8e21d4821be776332f3504f55f85b4277f326f03513b2c7501fbdedf92b8b1a2,98e5bb4281312953f19a18383d2d6691e34279618c900c736d39c22085bb1b0a,f53c43b2c822d111bca9e3ae615ceb539ff324fbf9fae9a07ded738891b01546,477fee196153c242d686d57bb9605fedb219ebdcdb8ee09b33660fc52cd8c120,c847b88986bee173f0e23c8099aa1acf25c380d96454088ae7330fe4711ac8bc,3049c664dd1b2e517d0ef8b59c0078d485f327951d4603e1bc460e11248013c2
2026-27:68,6,4.042145411205517,2026-10-10T08:25:09Z,2026-10-10T10:00:00Z,Current formula at this deadline. This file does not replace the published Gameweeks 1-5 total of 280.,ffe911b65b5019529f8a7a322ad058e013a0e6146677c35d796f075e2572f09b,8e21d4821be776332f3504f55f85b4277f326f03513b2c7501fbdedf92b8b1a2,98e5bb4281312953f19a18383d2d6691e34279618c900c736d39c22085bb1b0a,f53c43b2c822d111bca9e3ae615ceb539ff324fbf9fae9a07ded738891b01546,477fee196153c242d686d57bb9605fedb219ebdcdb8ee09b33660fc52cd8c120,c847b88986bee173f0e23c8099aa1acf25c380d96454088ae7330fe4711ac8bc,3049c664dd1b2e517d0ef8b59c0078d485f327951d4603e1bc460e11248013c2
2026-27:73,6,3.0074905575999775,2026-10-10T08:25:09Z,2026-10-10T10:00:00Z,Current formula at this deadline. This file does not replace the published Gameweeks 1-5 total of 280.,ffe911b65b5019529f8a7a322ad058e013a0e6146677c35d796f075e2572f09b,8e21d4821be776332f3504f55f85b4277f326f03513b2c7501fbdedf92b8b1a2,98e5bb4281312953f19a18383d2d6691e34279618c900c736d39c22085bb1b0a,f53c43b2c822d111bca9e3ae615ceb539ff324fbf9fae9a07ded738891b01546,477fee196153c242d686d57bb9605fedb219ebdcdb8ee09b33660fc52cd8c120,c847b88986bee173f0e23c8099aa1acf25c380d96454088ae7330fe4711ac8bc,3049c664dd1b2e517d0ef8b59c0078d485f327951d4603e1bc460e11248013c2
2026-27:79,6,2.708579561658013,2026-10-10T08:25:09Z,2026-10-10T10:00:00Z,Current formula at this deadline. This file does not replace the published Gameweeks 1-5 total of 280.,ffe911b65b5019529f8a7a322ad058e013a0e6146677c35d796f075e2572f09b,8e21d4821be776332f3504f55f85b4277f326f03513b2c7501fbdedf92b8b1a2,98e5bb4281312953f19a18383d2d6691e34279618c900c736d39c22085bb1b0a,f53c43b2c822d111bca9e3ae615ceb539ff324fbf9fae9a07ded738891b01546,477fee196153c242d686d57bb9605fedb219ebdcdb8ee09b33660fc52cd8c120,c847b88986bee173f0e23c8099aa1acf25c380d96454088ae7330fe4711ac8bc,3049c664dd1b2e517d0ef8b59c0078d485f327951d4603e1bc460e11248013c2
2026-27:8,6,4.019782711128383,2026-10-10T08:25:09Z,2026-10-10T10:00:00Z,Current formula at this deadline. This file does not replace the published Gameweeks 1-5 total of 280.,ffe911b65b5019529f8a7a322ad058e013a0e6146677c35d796f075e2572f09b,8e21d4821be776332f3504f55f85b4277f326f03513b2c7501fbdedf92b8b1a2,98e5bb4281312953f19a18383d2d6691e34279618c900c736d39c22085bb1b0a,f53c43b2c822d111bca9e3ae615ceb539ff324fbf9fae9a07ded738891b01546,477fee196153c242d686d57bb9605fedb219ebdcdb8ee09b33660fc52cd8c120,c847b88986bee173f0e23c8099aa1acf25c380d96454088ae7330fe4711ac8bc,3049c664dd1b2e517d0ef8b59c0078d485f327951d4603e1bc460e11248013c2
2026-27:82,6,3.4715825556594893,2026-10-10T08:25:09Z,2026-10-10T10:00:00Z,Current formula at this deadline. This file does not replace the published Gameweeks 1-5 total of 280.,ffe911b65b5019529f8a7a322ad058e013a0e6146677c35d796f075e2572f09b,8e21d4821be776332f3504f55f85b4277f326f03513b2c7501fbdedf92b8b1a2,98e5bb4281312953f19a18383d2d6691e34279618c900c736d39c22085bb1b0a,f53c43b2c822d111bca9e3ae615ceb539ff324fbf9fae9a07ded738891b01546,477fee196153c242d686d57bb9605fedb219ebdcdb8ee09b33660fc52cd8c120,c847b88986bee173f0e23c8099aa1acf25c380d96454088ae7330fe4711ac8bc,3049c664dd1b2e517d0ef8b59c0078d485f327951d4603e1bc460e11248013c2
2026-27:86,6,3.654959913520391,2026-10-10T08:25:09Z,2026-10-10T10:00:00Z,Current formula at this deadline. This file does not replace the published Gameweeks 1-5 total of 280.,ffe911b65b5019529f8a7a322ad058e013a0e6146677c35d796f075e2572f09b,8e21d4821be776332f3504f55f85b4277f326f03513b2c7501fbdedf92b8b1a2,98e5bb4281312953f19a18383d2d6691e34279618c900c736d39c22085bb1b0a,f53c43b2c822d111bca9e3ae615ceb539ff324fbf9fae9a07ded738891b01546,477fee196153c242d686d57bb9605fedb219ebdcdb8ee09b33660fc52cd8c120,c847b88986bee173f0e23c8099aa1acf25c380d96454088ae7330fe4711ac8bc,3049c664dd1b2e517d0ef8b59c0078d485f327951d4603e1bc460e11248013c2
2026-27:87,6,3.599768010224764,2026-10-10T08:25:09Z,2026-10-10T10:00:00Z,Current formula at this deadline. This file does not replace the published Gameweeks 1-5 total of 280.,ffe911b65b5019529f8a7a322ad058e013a0e6146677c35d796f075e2572f09b,8e21d4821be776332f3504f55f85b4277f326f03513b2c7501fbdedf92b8b1a2,98e5bb4281312953f19a18383d2d6691e34279618c900c736d39c22085bb1b0a,f53c43b2c822d111bca9e3ae615ceb539ff324fbf9fae9a07ded738891b01546,477fee196153c242d686d57bb9605fedb219ebdcdb8ee09b33660fc52cd8c120,c847b88986bee173f0e23c8099aa1acf25c380d96454088ae7330fe4711ac8bc,3049c664dd1b2e517d0ef8b59c0078d485f327951d4603e1bc460e11248013c2
2026-27:90,6,1.8974455087300997,2026-10-10T08:25:09Z,2026-10-10T10:00:00Z,Current formula at this deadline. This file does not replace the published Gameweeks 1-5 total of 280.,ffe911b65b5019529f8a7a322ad058e013a0e6146677c35d796f075e2572f09b,8e21d4821be776332f3504f55f85b4277f326f03513b2c7501fbdedf92b8b1a2,98e5bb4281312953f19a18383d2d6691e34279618c900c736d39c22085bb1b0a,f53c43b2c822d111bca9e3ae615ceb539ff324fbf9fae9a07ded738891b01546,477fee196153c242d686d57bb9605fedb219ebdcdb8ee09b33660fc52cd8c120,c847b88986bee173f0e23c8099aa1acf25c380d96454088ae7330fe4711ac8bc,3049c664dd1b2e517d0ef8b59c0078d485f327951d4603e1bc460e11248013c2
2026-27:91,6,3.9092609042945514,2026-10-10T08:25:09Z,2026-10-10T10:00:00Z,Current formula at this deadline. This file does not replace the published Gameweeks 1-5 total of 280.,ffe911b65b5019529f8a7a322ad058e013a0e6146677c35d796f075e2572f09b,8e21d4821be776332f3504f55f85b4277f326f03513b2c7501fbdedf92b8b1a2,98e5bb4281312953f19a18383d2d6691e34279618c900c736d39c22085bb1b0a,f53c43b2c822d111bca9e3ae615ceb539ff324fbf9fae9a07ded738891b01546,477fee196153c242d686d57bb9605fedb219ebdcdb8ee09b33660fc52cd8c120,c847b88986bee173f0e23c8099aa1acf25c380d96454088ae7330fe4711ac8bc,3049c664dd1b2e517d0ef8b59c0078d485f327951d4603e1bc460e11248013c2
2026-27:93,6,4.252298935488863,2026-10-10T08:25:09Z,2026-10-10T10:00:00Z,Current formula at this deadline. This file does not replace the published Gameweeks 1-5 total of 280.,ffe911b65b5019529f8a7a322ad058e013a0e6146677c35d796f075e2572f09b,8e21d4821be776332f3504f55f85b4277f326f03513b2c7501fbdedf92b8b1a2,98e5bb4281312953f19a18383d2d6691e34279618c900c736d39c22085bb1b0a,f53c43b2c822d111bca9e3ae615ceb539ff324fbf9fae9a07ded738891b01546,477fee196153c242d686d57bb9605fedb219ebdcdb8ee09b33660fc52cd8c120,c847b88986bee173f0e23c8099aa1acf25c380d96454088ae7330fe4711ac8bc,3049c664dd1b2e517d0ef8b59c0078d485f327951d4603e1bc460e11248013c2
2026-27:94,6,3.6014544460977835,2026-10-10T08:25:09Z,2026-10-10T10:00:00Z,Current formula at this deadline. This file does not replace the published Gameweeks 1-5 total of 280.,ffe911b65b5019529f8a7a322ad058e013a0e6146677c35d796f075e2572f09b,8e21d4821be776332f3504f55f85b4277f326f03513b2c7501fbdedf92b8b1a2,98e5bb4281312953f19a18383d2d6691e34279618c900c736d39c22085bb1b0a,f53c43b2c822d111bca9e3ae615ceb539ff324fbf9fae9a07ded738891b01546,477fee196153c242d686d57bb9605fedb219ebdcdb8ee09b33660fc52cd8c120,c847b88986bee173f0e23c8099aa1acf25c380d96454088ae7330fe4711ac8bc,3049c664dd1b2e517d0ef8b59c0078d485f327951d4603e1bc460e11248013c2
2026-27:96,6,2.395264029885902,2026-10-10T08:25:09Z,2026-10-10T10:00:00Z,Current formula at this deadline. This file does not replace the published Gameweeks 1-5 total of 280.,ffe911b65b5019529f8a7a322ad058e013a0e6146677c35d796f075e2572f09b,8e21d4821be776332f3504f55f85b4277f326f03513b2c7501fbdedf92b8b1a2,98e5bb4281312953f19a18383d2d6691e34279618c900c736d39c22085bb1b0a,f53c43b2c822d111bca9e3ae615ceb539ff324fbf9fae9a07ded738891b01546,477fee196153c242d686d57bb9605fedb219ebdcdb8ee09b33660fc52cd8c120,c847b88986bee173f0e23c8099aa1acf25c380d96454088ae7330fe4711ac8bc,3049c664dd1b2e517d0ef8b59c0078d485f327951d4603e1bc460e11248013c2
2026-27:98,6,4.0837215037529075,2026-10-10T08:25:09Z,2026-10-10T10:00:00Z,Current formula at this deadline. This file does not replace the published Gameweeks 1-5 total of 280.,ffe911b65b5019529f8a7a322ad058e013a0e6146677c35d796f075e2572f09b,8e21d4821be776332f3504f55f85b4277f326f03513b2c7501fbdedf92b8b1a2,98e5bb4281312953f19a18383d2d6691e34279618c900c736d39c22085bb1b0a,f53c43b2c822d111bca9e3ae615ceb539ff324fbf9fae9a07ded738891b01546,477fee196153c242d686d57bb9605fedb219ebdcdb8ee09b33660fc52cd8c120,c847b88986bee173f0e23c8099aa1acf25c380d96454088ae7330fe4711ac8bc,3049c664dd1b2e517d0ef8b59c0078d485f327951d4603e1bc460e11248013c2
